/*--------------------------------*- C++ -*----------------------------------*\
| =========                 |                                                 |
| \\      /  F ield         | OpenFOAM: The Open Source CFD Toolbox           |
|  \\    /   O peration     | Version:  1.7.1                                 |
|   \\  /    A nd           | Web:      www.OpenFOAM.com                      |
|    \\/     M anipulation  |                                                 |
\*---------------------------------------------------------------------------*/
FoamFile
{
    version     2.0;
    format      ascii;
    class       labelList;
    location    "constant/polyMesh";
    object      neighbour;
}
// * * * * * * * * * * * * * * * * * * * * * * * * * * * * * * * * * * * * * /


116413
(
30
66
36429
36428
31
69
36432
36431
32
70
36433
36432
33
71
36434
36433
34
72
36435
36434
35
73
36437
36436
36
74
36438
36437
37
75
36440
36439
38
76
36439
36435
39
77
36441
36440
40
78
36442
36441
41
81
36443
36429
42
84
36446
36445
43
85
36436
36446
44
86
36428
36447
45
87
36447
36448
46
88
36449
36438
47
89
36448
36450
48
90
36451
36449
49
91
36450
36452
50
92
36453
36451
51
93
36452
36454
52
96
36454
36456
53
97
36457
36453
54
2947
36430
36425
56
2657
26
36455
55
4997
36456
57
720
36420
36443
59
1156
29
36444
58
5794
36445
98
36459
36458
101
36460
36462
102
36462
36463
103
36463
36464
104
36464
36465
105
36467
36466
106
36466
36468
107
36470
36469
108
36465
36470
109
36469
36471
110
36471
36472
112
36458
36473
115
36476
36475
117
36475
36467
118
36477
36459
119
36478
36477
120
36468
36479
121
36480
36478
122
36479
36481
123
36482
36480
124
36481
36483
125
36484
36482
127
36487
36484
129
36483
36486
2115
36426
36461
934
56
36487
2618
36485
6491
36473
36423
2140
59
36476
2402
36474
37551
130
36500
36498
37154
131
36501
36502
37140
132
36503
36504
37858
133
36505
36506
37148
134
36508
36509
37210
135
36510
36497
136
36514
36513
37150
137
68
36495
36430
138
36515
139
36516
36515
140
36517
36516
141
36518
36517
142
36519
36518
143
36521
36520
144
36522
36521
145
36524
36523
146
36523
36519
147
36525
36524
148
36526
36525
36443
149
80
81
37139
150
36512
151
36514
36444
152
83
36526
36445
153
84
154
36527
155
36520
36527
156
36513
36528
157
36528
36529
158
36530
36522
159
36529
36531
160
36532
36530
161
36531
36533
162
36534
36532
163
36533
36535
36455
164
95
36536
36456
165
96
166
36535
167
36536
36534
168
36539
36538
37209
169
36496
100
36461
170
36540
171
36540
36541
172
36541
36542
173
36542
36543
174
36543
36544
175
36546
36545
176
36545
36547
177
36549
36548
178
36544
36549
179
36548
36550
180
36550
36551
36473
181
112
113
182
36538
37149
183
36537
36474
184
36551
116
185
116
36552
36476
186
187
36552
36546
188
36553
36539
189
36554
36553
190
36547
36555
191
36556
36554
192
36555
36557
193
36558
36556
194
36557
36559
195
36560
36558
36485
196
36561
128
197
128
36560
36487
198
199
36559
36561
200
36572
36570
201
36573
36574
202
36575
36576
203
36577
36578
204
36580
36581
205
36582
36569
206
36586
36585
207
138
36567
208
36587
209
36588
36587
210
36589
36588
211
36590
36589
212
36591
36590
213
36593
36592
214
36594
36593
215
36596
36595
216
36595
36591
217
36597
36596
218
36598
36597
219
150
151
220
36584
221
36586
222
153
36598
223
154
224
36599
225
36592
36599
226
36585
36600
227
36600
36601
228
36602
36594
229
36601
36603
230
36604
36602
231
36603
36605
232
36606
36604
233
36605
36607
234
165
36608
235
166
236
36607
237
36608
36606
238
36611
36610
239
36568
170
240
36612
241
36612
36613
242
36613
36614
243
36614
36615
244
36615
36616
245
36618
36617
246
36617
36619
247
36621
36620
248
36616
36621
249
36620
36622
250
36622
36623
251
182
183
252
36610
253
36609
254
36623
186
255
186
36624
256
257
36624
36618
258
36625
36611
259
36626
36625
260
36619
36627
261
36628
36626
262
36627
36629
263
36630
36628
264
36629
36631
265
36632
36630
266
36633
198
267
198
36632
268
269
36631
36633
270
36644
36642
271
36645
36646
272
36647
36648
273
36649
36650
274
36652
36653
275
36654
36641
276
36658
36657
277
208
36639
278
36659
279
36660
36659
280
36661
36660
281
36662
36661
282
36663
36662
283
36665
36664
284
36666
36665
285
36668
36667
286
36667
36663
287
36669
36668
288
36670
36669
289
220
221
290
36656
291
36658
292
223
36670
293
224
294
36671
295
36664
36671
296
36657
36672
297
36672
36673
298
36674
36666
299
36673
36675
300
36676
36674
301
36675
36677
302
36678
36676
303
36677
36679
304
235
36680
305
236
306
36679
307
36680
36678
308
36683
36682
309
36640
240
310
36684
311
36684
36685
312
36685
36686
313
36686
36687
314
36687
36688
315
36690
36689
316
36689
36691
317
36693
36692
318
36688
36693
319
36692
36694
320
36694
36695
321
252
253
322
36682
323
36681
324
36695
256
325
256
36696
326
327
36696
36690
328
36697
36683
329
36698
36697
330
36691
36699
331
36700
36698
332
36699
36701
333
36702
36700
334
36701
36703
335
36704
36702
336
36705
268
337
268
36704
338
339
36703
36705
340
36716
36714
341
36717
36718
342
36719
36720
343
36721
36722
344
36724
36725
345
36726
36713
346
36730
36729
347
278
36711
348
36731
349
36732
36731
350
36733
36732
351
36734
36733
352
36735
36734
353
36737
36736
354
36738
36737
355
36740
36739
356
36739
36735
357
36741
36740
358
36742
36741
359
290
291
360
36728
361
36730
362
293
36742
363
294
364
36743
365
36736
36743
366
36729
36744
367
36744
36745
368
36746
36738
369
36745
36747
370
36748
36746
371
36747
36749
372
36750
36748
373
36749
36751
374
305
36752
375
306
376
36751
377
36752
36750
378
36755
36754
379
36712
310
380
36756
381
36756
36757
382
36757
36758
383
36758
36759
384
36759
36760
385
36762
36761
386
36761
36763
387
36765
36764
388
36760
36765
389
36764
36766
390
36766
36767
391
322
323
392
36754
393
36753
394
36767
326
395
326
36768
396
397
36768
36762
398
36769
36755
399
36770
36769
400
36763
36771
401
36772
36770
402
36771
36773
403
36774
36772
404
36773
36775
405
36776
36774
406
36777
338
407
338
36776
408
409
36775
36777
410
36788
36786
411
36789
36790
412
36791
36792
413
36793
36794
414
36796
36797
415
36798
36785
416
36802
36801
417
348
36783
418
36803
419
36804
36803
420
36805
36804
421
36806
36805
422
36807
36806
423
36809
36808
424
36810
36809
425
36812
36811
426
36811
36807
427
36813
36812
428
36814
36813
429
360
361
430
36800
431
36802
432
363
36814
433
364
434
36815
435
36808
36815
436
36801
36816
437
36816
36817
438
36818
36810
439
36817
36819
440
36820
36818
441
36819
36821
442
36822
36820
443
36821
36823
444
375
36824
445
376
446
36823
447
36824
36822
448
36827
36826
449
36784
380
450
36828
451
36828
36829
452
36829
36830
453
36830
36831
454
36831
36832
455
36834
36833
456
36833
36835
457
36837
36836
458
36832
36837
459
36836
36838
460
36838
36839
461
392
393
462
36826
463
36825
464
36839
396
465
396
36840
466
467
36840
36834
468
36841
36827
469
36842
36841
470
36835
36843
471
36844
36842
472
36843
36845
473
36846
36844
474
36845
36847
475
36848
36846
476
36849
408
477
408
36848
478
479
36847
36849
480
36860
36858
481
36861
36862
482
36863
36864
483
36865
36866
484
36868
36869
485
36870
36857
486
36874
36873
487
418
36855
488
36875
489
36876
36875
490
36877
36876
491
36878
36877
492
36879
36878
493
36881
36880
494
36882
36881
495
36884
36883
496
36883
36879
497
36885
36884
498
36886
36885
499
430
431
500
36872
501
36874
502
433
36886
503
434
504
36887
505
36880
36887
506
36873
36888
507
36888
36889
508
36890
36882
509
36889
36891
510
36892
36890
511
36891
36893
512
36894
36892
513
36893
36895
514
445
36896
515
446
516
36895
517
36896
36894
518
36899
36898
519
36856
450
520
36900
521
36900
36901
522
36901
36902
523
36902
36903
524
36903
36904
525
36906
36905
526
36905
36907
527
36909
36908
528
36904
36909
529
36908
36910
530
36910
36911
531
462
463
532
36898
533
36897
534
36911
466
535
466
36912
536
537
36912
36906
538
36913
36899
539
36914
36913
540
36907
36915
541
36916
36914
542
36915
36917
543
36918
36916
544
36917
36919
545
36920
36918
546
36921
478
547
478
36920
548
549
36919
36921
550
36932
36930
551
36933
36934
552
36935
36936
553
36937
36938
554
36940
36941
555
36942
36929
556
36946
36945
557
488
36927
558
36947
559
36948
36947
560
36949
36948
561
36950
36949
562
36951
36950
563
36953
36952
564
36954
36953
565
36956
36955
566
36955
36951
567
36957
36956
568
36958
36957
569
500
501
570
36944
571
36946
572
503
36958
573
504
574
36959
575
36952
36959
576
36945
36960
577
36960
36961
578
36962
36954
579
36961
36963
580
36964
36962
581
36963
36965
582
36966
36964
583
36965
36967
584
515
36968
585
516
586
36967
587
36968
36966
588
36971
36970
589
36928
520
590
36972
591
36972
36973
592
36973
36974
593
36974
36975
594
36975
36976
595
36978
36977
596
36977
36979
597
36981
36980
598
36976
36981
599
36980
36982
600
36982
36983
601
532
533
602
36970
603
36969
604
36983
536
605
536
36984
606
607
36984
36978
608
36985
36971
609
36986
36985
610
36979
36987
611
36988
36986
612
36987
36989
613
36990
36988
614
36989
36991
615
36992
36990
616
36993
548
617
548
36992
618
619
36991
36993
620
37004
37002
621
37005
37006
622
37007
37008
623
37009
37010
624
37012
37013
625
37014
37001
626
37018
37017
627
558
36999
628
37019
629
37020
37019
630
37021
37020
631
37022
37021
632
37023
37022
633
37025
37024
634
37026
37025
635
37028
37027
636
37027
37023
637
37029
37028
638
37030
37029
639
570
571
640
37016
641
37018
642
573
37030
643
574
644
37031
645
37024
37031
646
37017
37032
647
37032
37033
648
37034
37026
649
37033
37035
650
37036
37034
651
37035
37037
652
37038
37036
653
37037
37039
654
585
37040
655
586
656
37039
657
37040
37038
658
37043
37042
659
37000
590
660
37044
661
37044
37045
662
37045
37046
663
37046
37047
664
37047
37048
665
37050
37049
666
37049
37051
667
37053
37052
668
37048
37053
669
37052
37054
670
37054
37055
671
602
603
672
37042
673
37041
674
37055
606
675
606
37056
676
677
37056
37050
678
37057
37043
679
37058
37057
680
37051
37059
681
37060
37058
682
37059
37061
683
37062
37060
684
37061
37063
685
37064
37062
686
37065
618
687
618
37064
688
689
37063
37065
741
37076
37074
1070
37077
37078
2466
37079
37080
2887
37081
37082
6556
37084
37085
755
37086
37073
1399
37090
37089
2050
628
37071
1652
37091
2984
37092
37091
2946
37093
37092
2053
37094
37093
3823
37095
37094
2954
37097
37096
2955
37098
37097
881
37100
37099
6559
37099
37095
854
37101
37100
3258
37102
37101
1167
640
641
1475
37088
1914
37090
3187
643
37102
2991
644
3146
37103
5130
37096
37103
3479
37089
37104
2130
37104
37105
3568
37106
37098
926
37105
37107
4013
37108
37106
1488
37107
37109
1298
37110
37108
1175
37109
37111
1207
655
37112
4138
656
2108
37111
2691
37112
37110
9527
37115
37114
1366
37072
660
2415
37116
1213
37116
37117
3777
37117
37118
5432
37118
37119
1530
37119
37120
3685
37122
37121
2010
37121
37123
2361
37125
37124
3267
37120
37125
6499
37124
37126
3560
37126
37127
5107
672
673
799
37114
6414
37113
708
37127
676
3075
676
37128
2854
2333
37128
37122
1956
37129
37115
2135
37130
37129
2060
37123
37131
1573
37132
37130
1575
37131
37133
2935
37134
37132
1414
37133
37135
5223
37136
37134
2617
37137
688
814
688
37136
2838
1541
37135
37137
5152
53366
1269
3752
4185
52242
3405
3528
2698
1725
2899
6106
52404
5781
727
5318
10216
3510
10910
925
5382
1086
6406
824
3767
2900
53083
4343
52454
3666
1688
1714
53049
2697
1701
3428
4713
714
5784
960
2876
53264
1256
1148
2258
2874
35599
6857
1785
2278
3409
1144
917
2796
12361
3510
5262
52471
1194
2326
1520
3451
2146
3331
10535
1660
1353
4818
822
53110
1067
874
1012
3507
2402
5967
1180
53278
2883
5573
2764
1210
1263
2937
53015
963
3428
6210
52159
3600
2070
2345
52977
1084
6410
1136
3139
5390
2975
11940
5503
3070
1168
6987
1284
2642
2136
1716
3292
6032
2125
8084
1666
2017
36336
9189
1435
1032
6623
1167
2886
1957
52460
850
3334
2868
52346
6280
2000
10826
842
3360
3485
53106
1938
1955
2350
3014
3013
8439
840
51835
2241
1313
897
52405
3382
4068
52314
2945
902
2361
8400
1797
3547
2065
53067
2577
4395
35053
1170
1183
2059
3063
6894
6081
2226
3426
1473
5662
6675
37101
3258
1514
3257
53380
2843
3092
1040
4406
52057
3478
3294
14035
3040
13764
5957
10513
15852
18535
16271
2058
2826
34562
1310
52924
3504
6256
3024
3062
949
1716
3109
53339
794
4316
2692
1220
1761
6345
3390
34705
3241
2320
3457
36195
3570
7612
1705
1165
2181
815
3192
2052
5605
1900
2068
1087
3468
944
53230
1296
2367
7848
795
2080
1049
3826
3256
3236
2379
53103
2900
2841
767
3477
1416
3771
967
9754
4505
3459
2436
1366
1383
3665
3309
1973
8822
2491
2489
1229
9561
1507
1268
52448
3018
934
4236
2618
2730
2286
815
2531
3854
971
3143
3554
1735
4065
1885
1948
2904
36155
1829
3590
3017
2350
2073
3031
3017
52352
4794
5761
776
2808
2640
4580
925
3986
8671
5171
1434
2514
783
1065
53324
993
1161
2819
3203
1766
2612
10296
36192
828
2601
1756
53289
4417
6578
1178
3019
3018
1955
971
1865
5206
14841
3497
6233
2031
3937
1330
1772
53403
2863
3595
856
52434
1085
1819
6129
53377
1917
6692
2332
35033
838
5731
6673
2449
3484
5642
1199
52873
3583
2351
2871
7497
3542
1919
3122
1605
3395
1366
6082
2415
1383
2055
52556
2462
1361
2533
1441
3662
2257
8850
51898
3198
3332
5592
2819
1766
9376
1977
3060
1737
2432
1963
1651
1059
9359
3261
2555
2025
5123
1235
5823
6633
1495
1122
1778
1164
3167
2761
1583
6076
6643
36337
3185
3539
1054
3271
6471
34455
2783
2800
35006
9133
1489
6602
1202
53293
1048
2508
6198
4005
10519
11568
9048
1558
2835
1458
2335
3041
2208
1509
36337
4611
4999
4269
2140
5630
2402
1012
36222
2989
3130
35278
1035
3577
2080
3190
4107
12313
3254
2949
2950
36338
5882
2956
1721
1017
53043
1419
53250
1814
3915
3317
2683
1487
2922
52898
3103
2234
3652
2142
36339
12068
891
5614
53137
4148
1096
35325
9596
10425
11468
2841
53122
1108
1443
2565
3386
3579
1467
2627
2890
1617
3636
2893
5692
2628
1436
2600
1191
1918
3178
3436
1072
2938
1633
1669
2163
52445
2775
1304
8034
1087
1900
1091
1429
945
2952
2943
3431
3663
1638
8097
11956
2948
36148
1365
1692
3705
980
3170
4749
10943
3256
2360
1876
1648
12592
3072
1912
1838
3942
1209
1364
985
1700
1704
3622
52537
1608
1116
3002
872
1146
52524
3375
3372
1305
53431
5663
3267
2361
5769
37125
3686
1516
973
2195
4766
3311
1605
2004
35599
2043
3118
52321
36159
2606
6454
1857
2741
1344
2561
2439
3471
2737
1048
53365
5152
3325
53038
4195
2695
858
2694
52782
6146
4574
904
52322
2606
2945
52480
2339
34764
1011
34483
1403
2526
3038
53299
2655
1139
2509
7688
1393
3257
3955
1020
1151
3569
1392
1295
933
52431
2636
4474
3681
52162
36158
2196
51875
1082
960
2937
35051
3428
5772
1447
2237
1323
1874
2187
7591
7898
3546
3543
1287
3638
1914
1167
6522
6537
1061
53383
3021
36160
1341
2291
2022
7809
1049
3577
2082
2517
51945
2521
2651
1815
1411
7404
1965
1251
5139
1597
8929
7737
3102
1916
1633
1243
3221
1788
35937
2793
18101
34405
3359
1077
2608
2554
35788
1191
3513
3514
1390
36189
36142
10941
1426
3457
3463
2712
4879
2206
5682
1202
53292
5321
2914
8094
2225
3279
1664
4518
1020
12396
12831
8352
7018
7709
2381
2804
6472
9268
3585
6402
1537
8780
1472
2339
2081
52790
3584
1818
34377
6812
3077
2644
6373
3608
1633
1916
1272
2833
1372
6059
4354
2294
1228
8415
2123
3147
1237
2059
2525
2158
5729
2632
3487
6305
3638
53283
1405
1754
3557
52634
1739
1095
2378
5069
24868
2341
2642
52427
1168
8664
2993
3049
3480
4279
3054
1487
3515
2110
3517
2047
3371
5884
6355
2745
1806
5089
4966
2510
3000
2500
1851
3336
2016
4849
1587
3263
1790
8409
3757
5842
8179
3289
8473
3285
36151
1098
1605
6407
5949
3980
1588
1953
2198
2902
2271
4457
5662
2622
970
3349
2630
1076
1909
52686
34223
2963
52872
3584
2351
1848
2679
1259
2631
1588
1980
1764
6442
1926
1848
2633
2631
5167
3076
922
4577
2636
2157
933
2381
3220
5622
1165
2625
3133
1362
3523
2722
1711
6419
3203
2974
2965
1759
1117
2839
1970
1172
5144
10459
6589
1023
2543
6649
2250
3541
2408
9209
3506
2079
8217
1959
2343
1535
2806
1790
53201
2370
4721
7794
9290
8067
36146
6842
1861
2232
1160
5577
7314
2838
2000
51826
5000
1689
1080
3291
5114
3683
1001
2334
3367
2487
1904
52570
3376
6482
4744
52568
3536
3265
5865
2017
3148
950
5365
3836
2493
1468
2923
4698
1617
3865
2450
1918
1072
2372
53192
2302
8727
51993
3102
3794
3568
6461
2088
2999
3057
3167
11920
5249
4182
1420
3123
3411
2983
3044
2967
9468
36156
5771
1453
1666
3078
1165
3193
1208
4099
3585
7582
2466
36421
2067
2886
5418
53350
3327
4233
1028
52973
5309
3918
1203
53427
9211
2599
1418
51871
3035
1757
5504
4382
4801
3678
2697
3139
13653
3011
3212
1042
1665
1675
3008
9720
2087
53008
1808
1180
53269
1419
5308
1396
1610
2514
2183
5685
1822
53235
2739
3401
1122
2269
3561
52058
3559
3294
3050
1431
3460
2090
1461
1469
8156
4089
3485
5086
52618
3555
3778
1971
2068
2562
5473
3225
5176
6569
3648
1037
4419
1192
53072
3226
1597
6837
52249
3671
7709
2930
1028
6353
53031
5854
1748
53030
6494
53320
2203
1985
6231
3129
3471
2561
5313
6415
13363
8850
4210
52142
3620
2353
1243
7073
1788
8980
3248
1698
9220
53245
6451
1807
5948
3308
2642
1688
52428
35903
29104
35269
35337
52794
3338
2680
3074
1210
3322
1432
1263
3342
52078
2754
1853
1006
2458
2422
2802
1315
7457
1231
5904
52597
2768
6398
35228
52613
3555
2389
20930
9867
13325
10901
2043
1867
2772
2004
2360
1648
2382
6713
7560
36147
7512
14696
3340
3169
3609
3870
2987
53065
2551
2894
1058
52417
2086
1211
52479
34764
1673
4314
5269
4596
3475
2266
2851
1569
6084
9994
2304
8502
3392
52499
2888
6542
2284
1331
5536
5474
2239
2918
1408
1827
6023
53205
1807
4071
1981
5742
3501
5996
2854
3211
53087
3340
5527
11484
1896
3322
1432
1124
3504
3762
1942
6150
52516
2393
2392
53089
1257
3683
5054
52961
2755
5793
2296
2078
1953
3853
3505
37100
2825
12431
3200
1614
2904
3597
3598
6123
11336
2583
1086
51999
2710
2220
1844
53313
5232
36190
2127
52297
2748
5747
2638
52868
3618
2218
6607
52972
1154
52041
3486
6346
3994
53436
2441
6699
1444
1352
2575
7833
52798
7101
2323
1987
1327
5102
2966
1404
3557
1438
2352
2635
3128
5340
6118
2424
2435
52166
3088
4057
2942
2167
1195
8997
2149
3209
52477
3643
1315
2365
1231
53069
1077
3164
1155
2815
12337
2208
7379
13935
6651
36145
2308
52692
2568
1724
6637
52986
2607
4451
2574
52363
5202
5941
2315
2953
5436
2153
53364
3112
3553
3249
5589
53204
11655
1604
2089
4493
6756
3568
1773
1133
53048
2653
3262
52061
1302
1128
6743
52975
1084
2148
53098
1649
3172
6338
53428
36143
1772
1064
3421
3529
2103
1211
52421
3965
1739
5754
1095
10368
7106
6370
7408
12349
2610
3141
1126
4937
8223
2414
5500
4321
8435
7516
3528
2915
52243
1479
53322
6028
3296
3433
2132
1902
53109
2687
2210
3601
52442
3663
2515
1304
3089
7989
2356
1141
6598
6049
1099
12468
1370
3490
1376
5976
5896
37083
2018
1342
4699
2244
52406
5953
8656
2375
2014
36150
52707
2297
1424
2065
53068
6584
3365
1134
1154
1630
4380
2153
6148
1257
2688
4767
4711
2319
3425
5002
1760
4308
2603
2186
51867
5543
1314
52976
3722
4061
52433
1168
2938
2952
52341
3469
1467
2347
2627
2675
1639
2706
2767
2136
3149
53316
2232
4765
52435
1456
2469
1565
52420
2356
4018
3610
3313
52338
2178
2898
52388
2369
6308
2462
2342
53135
6634
3462
1656
53384
1582
26445
3866
3311
3971
3576
3491
6056
1602
3192
3191
1146
52525
3562
3914
2266
2780
1566
5541
5851
3507
3560
8785
5830
53181
3150
2204
3643
6248
52498
2192
4947
1682
2986
3186
52437
3545
2612
34926
53121
2455
1529
5251
5779
34923
1390
3513
3204
5476
21203
4234
36239
3519
4704
1610
1677
1396
5826
2905
3387
1185
3477
2170
4505
1416
3786
52561
6251
3843
2801
16821
3383
3039
1325
1175
37111
2108
1824
14813
2782
2058
2357
52521
3374
1951
4842
53438
1871
8767
3109
4078
1873
15195
1721
8276
3502
52915
3583
2796
3203
3488
52375
2582
7335
1479
37129
2135
1956
3466
1309
6048
5189
2877
2757
6017
2368
3552
52457
8742
8890
1164
2321
36339
3739
3074
3337
5917
1531
5746
52995
3111
1427
5551
6917
52490
3530
6236
1357
53081
2816
9074
2000
36148
1518
3715
37117
3777
6423
3036
51849
1232
1764
53212
1954
3260
2437
36424
3084
3512
8662
3354
2660
1820
2300
4960
10160
13894
1312
6773
34657
51845
7718
6457
2594
2255
16071
3380
6193
10130
53233
9317
1983
5278
3618
8685
5132
52116
3535
4504
5043
2957
6588
2155
3504
2403
2530
2295
2423
2488
2443
5332
2144
3291
53088
3637
5794
3757
3187
10412
2922
2234
1984
3798
2434
6550
4810
2242
2544
3664
52390
2674
5032
53325
7447
5409
2394
5951
3189
2896
1330
2467
2417
4717
4973
2939
1336
5574
2325
4832
1824
1475
5320
2520
3092
6971
6804
3208
6013
5427
4065
8287
5060
1557
2827
2264
4853
5915
5064
4906
1784
4822
2551
2790
4847
6379
3832
52453
2584
2095
2150
5993
3119
3958
2348
52475
2149
4371
51948
6449
1375
53279
1265
1240
1331
3264
8814
2172
2742
3675
4006
3270
2525
4190
1387
3416
2494
1886
2549
2245
3188
3326
1872
1622
4125
1771
1999
4984
4155
51907
1661
3324
5567
3567
3460
2300
1208
2313
3123
4383
1808
53009
1459
4895
2072
1380
3596
2124
52470
2865
51985
3680
6816
3515
1650
4991
2771
1547
1424
5416
2478
3651
1497
6175
3645
4865
2799
1812
5145
2634
3273
3439
1446
52378
2584
5014
4868
3702
4120
53426
2113
7248
2544
4268
3332
1609
1763
6222
4790
8675
8632
1230
2657
2078
4843
2181
2672
52828
3587
3248
2699
3307
34430
1865
53059
2334
1735
8292
3715
3065
2654
53141
2390
3197
7594
2280
5677
3366
1993
3347
1881
1879
1261
3582
1770
1687
8047
3059
6981
3716
2546
2981
4605
5633
2932
3831
3662
3685
2257
2077
8449
2081
3055
2239
1928
2918
4320
2815
1319
9462
2310
1700
3587
1726
1962
2874
3314
9117
3161
1930
52486
6236
4826
3624
1386
1695
1328
3454
7948
6561
8104
5870
51848
4329
2597
12838
2261
2871
2575
5635
2054
1300
6465
2661
1496
4541
12246
2769
1556
3245
2444
3128
6292
3125
52101
1720
5184
52664
3626
1877
7673
2268
2037
2797
3383
4948
1410
2038
3049
1779
8399
3201
4938
52508
3376
1878
3453
1789
4854
53026
5072
3165
2484
35633
2056
1260
1767
1768
3019
2519
1268
3209
1295
2309
2373
3532
2129
1334
2592
3570
3845
1316
1701
1600
2614
4026
1457
10928
11930
2663
2564
1883
1625
7114
6439
3455
10051
1998
9358
53263
1721
1773
1618
3379
4052
1521
5408
2634
5578
52170
2566
2786
3213
3131
2991
3146
5227
4798
2034
5763
2310
1278
1534
1726
1606
1973
3309
1472
52488
4771
3482
1662
3327
53372
4726
52451
1841
4951
53405
2884
2597
51852
3034
3389
5392
52333
11568
4913
8561
7831
4425
5876
53004
2013
1276
5817
5214
53284
1568
5008
1459
1544
1750
1459
53007
4289
4416
4877
7831
5039
52858
2214
1979
1903
1905
8127
6564
1590
2171
3930
3417
1742
1512
5470
3440
2504
1949
3518
37072
37073
2603
1366
1819
13745
3308
2270
1815
6639
53221
2006
3674
1941
3692
6113
1817
2042
6436
3367
1498
2334
3671
1508
9194
2742
5376
2549
2366
3138
4498
2650
34310
2116
1723
3323
4429
1849
5041
52709
3602
3266
3168
4042
1537
6660
9550
1608
53244
1898
4688
6099
1686
1562
6117
4646
3525
3526
3330
2463
1723
1860
1845
3614
2057
6890
1625
1945
1761
2159
52062
2386
3632
3657
1882
5163
1565
1940
53424
2047
2189
3420
6366
8250
2651
6250
2233
3090
7294
14229
1995
2006
6068
2159
3438
4066
3833
2117
2403
1756
4638
2602
2579
1867
3362
1785
51836
2009
1314
3686
4884
53341
1492
6404
53112
1990
52351
3990
2901
3564
7404
7897
8337
8973
10910
10459
3801
2483
2151
2131
8013
1875
53102
2379
3477
3595
5684
2863
52700
3626
2206
37132
2935
4857
2064
2797
5783
2965
5619
52355
2222
4723
2966
1438
2273
3081
8737
2146
35088
1796
16176
12103
37080
2466
2354
3567
34562
1759
1476
2805
3421
2537
2104
6432
3457
3269
1382
1653
2115
5640
1705
3455
2794
7390
1411
1707
1569
3408
2851
2523
3668
2976
4959
2667
1616
5671
1795
1775
3242
2885
6520
3838
4483
2032
2010
7716
2743
52272
4625
2103
2366
3405
3138
2770
3370
1899
5257
1729
52185
3405
2285
1632
52830
1801
6474
3967
1504
1931
1825
4514
1914
6092
3023
15912
34680
20014
34263
1630
2860
1800
3004
1888
3304
51919
3326
2235
2719
9145
9284
6405
52382
2674
2157
1510
53093
2283
3436
2591
2650
3541
4163
52124
3091
2233
12003
2407
5030
4607
3611
1845
8855
1831
1889
1552
6273
3505
3257
52825
2970
2176
15002
1985
1862
3038
53298
2579
4660
2353
52135
3580
3981
3624
1977
4167
2432
2433
36162
3549
1436
53045
2956
6181
2842
1458
34453
33119
35871
34798
5021
3934
7368
5954
1463
6617
5333
2592
1758
2962
1957
3166
2469
3908
5038
52112
2470
34364
3111
52044
2472
1427
52017
3465
1600
3136
2480
13596
5326
9330
3065
2336
2358
2485
2480
8899
2305
2412
1908
3277
3451
2489
2490
3450
2357
2594
9928
3374
1692
51858
2027
2598
5190
3443
3440
3445
2510
2475
52535
3622
7967
3520
7156
4581
1769
1514
3682
2500
3442
2510
5983
5646
2100
52957
4471
1784
51869
3037
2602
2324
6322
6411
3023
1634
52563
3633
2474
2003
2525
2523
34218
3590
6798
36155
3501
2528
52935
1739
2308
3772
6581
53282
5967
2247
1486
7602
3534
1478
53100
2338
5253
52767
3435
1907
3456
52544
3901
3623
2281
3415
2270
3921
7875
7302
12351
12641
2963
2351
5556
2693
3875
2542
3509
2516
2544
2705
3459
53359
2721
6960
2322
2638
3489
3389
2231
5601
1973
3356
2040
6653
6144
2153
5753
11225
2221
2546
5637
3266
52708
2752
2478
3630
35112
2611
53021
4326
4561
2260
2307
9245
2305
2412
4179
52894
3119
36343
1828
9144
7576
2629
1469
8156
5443
3070
3069
4060
3254
6823
2211
3290
2319
2871
3644
2183
3337
52792
3338
53070
1668
1853
3983
9055
3342
2568
52690
2975
3070
1682
5653
10673
2659
1662
53306
3390
3639
1482
2577
53042
3211
1938
2105
5363
2261
9887
11910
4027
4290
1636
2954
5149
4652
5288
1978
52711
3602
5937
7437
4814
6488
1990
53113
5791
5872
2202
1923
2589
2639
5995
51894
2596
4628
2598
51860
3140
2496
37085
21203
6620
10821
1466
2609
2608
2559
52478
1585
2888
2515
52441
3166
3640
2613
2026
1694
5284
5799
6203
3353
3839
2614
8007
51942
2814
6389
52860
2750
2176
51944
3352
2517
2630
2628
3351
3636
2675
51963
3350
3808
1823
52989
3272
1839
5867
2890
2623
3636
52014
3349
3273
3341
3348
2633
3437
52083
2159
2634
1957
4149
2271
2724
53011
5580
52315
2398
4068
2886
2417
5586
3518
2965
1784
4173
2790
2572
4710
1740
6302
34910
6525
2645
3068
4538
2427
52900
2658
5255
1529
2479
34923
5296
52604
2669
5987
2158
2678
6416
3117
2898
2459
6453
3152
2362
5196
4950
3319
8379
6253
2543
1697
37114
8559
1578
52982
6091
2569
1495
52865
2707
5091
2098
53340
2306
1997
53270
9552
3667
1753
2875
3877
2848
2427
2661
52806
2708
3589
1592
3275
8443
4160
2572
52970
6376
52628
2711
3635
6242
2169
2720
2717
7642
2317
2723
6336
3101
52024
2940
2220
34492
3543
3402
2883
52064
3559
3783
2007
51980
3461
1603
2539
2829
4112
1966
3336
1595
2016
4775
52277
2740
10910
2811
2878
36149
6070
3753
52831
3533
6474
52274
2743
6459
2751
2702
3641
6676
1552
3206
1860
2463
3262
1765
6455
51864
2005
2685
1853
4569
1703
51843
6773
7821
1737
3253
4488
2492
5963
5305
2386
6435
2159
2344
2845
2263
6947
2581
1737
12227
1555
3251
4405
3145
3249
16279
4421
16289
2861
34634
35471
35958
35006
10070
3246
4044
53040
2457
5736
4497
3174
2690
4171
3272
35289
2782
2773
9454
3234
9001
5919
1607
5399
4270
2788
1536
2399
2810
3233
3482
3673
3313
7971
3571
52343
36167
7625
2509
1929
36147
52191
3396
5203
3292
2706
5081
9386
3064
2516
3500
52768
2062
2587
2013
22002
2724
2210
53125
2174
2024
34672
3222
1594
2008
2207
5050
2796
2811
3510
6539
3218
3010
3135
2809
2820
6758
4509
1629
36254
2933
3969
4153
6586
53168
2823
2822
36142
3205
12227
12544
4715
3205
35088
3200
6247
1694
2844
2836
7572
2842
2833
9290
4622
2845
4709
7375
3208
2895
3196
4946
1792
3080
3081
2646
3179
4714
2856
35460
52450
2126
2850
6631
2583
2507
10925
2910
1697
53288
1856
2852
2052
3075
4627
3073
9443
5926
2856
34724
3117
52389
2898
2901
2160
2064
4292
2160
2135
4169
36064
2134
2542
6258
1790
53178
2866
1587
2498
52641
3616
6021
1591
5138
5773
5676
2858
7288
1753
52464
1943
2039
1638
3087
4757
52462
1917
2714
4014
2860
2080
36143
10046
2863
10344
52474
5383
2124
2229
52940
2755
4237
1624
6075
5281
2325
3654
2662
4330
2194
52573
2867
5821
52981
2807
5219
3649
2870
2869
8987
2701
7669
36346
2066
2567
5517
3774
1841
3117
2876
3546
11707
1817
1701
1752
3094
37092
3197
2946
3812
52903
3498
3250
3640
3596
1703
52074
3127
2685
2882
3147
2316
8771
3202
4682
2185
53176
8097
5098
35520
2883
1813
2224
2903
4351
2373
6330
3330
51970
3333
3046
5475
2717
3287
2212
3167
1659
2761
16279
5618
52220
2911
3931
2538
2915
52240
4294
51934
3680
5429
51954
3113
6043
6061
2924
6912
3436
2926
3589
52805
2253
4341
3141
53302
2203
6249
1623
53156
3110
3741
3960
2426
2235
3613
5178
2700
3956
53157
3110
2932
6342
52138
3216
4449
36154
8057
2070
1891
3407
3245
9879
3229
2934
2352
2251
3291
4741
2210
3637
5620
3898
6358
5631
6678
2101
2473
1985
53326
2376
1861
6611
37097
2955
2863
2170
53399
2849
52461
2612
3109
53336
3175
2290
52620
3001
3556
3814
52949
2964
7461
6666
52715
4645
2913
1856
3696
1697
7652
2157
52432
3552
2095
2453
52996
2927
4382
5263
2972
2771
2977
2971
3067
2977
52611
3550
53097
6517
2987
3066
2977
1964
4998
3566
2050
2092
2947
2947
3941
3084
6656
2906
2161
3130
6452
2199
1913
4930
3047
53390
6420
53127
3284
2024
2732
4898
2030
2026
3642
1800
3057
3004
2855
11734
51906
3015
3009
35422
2180
10370
3026
3043
3017
1829
2299
10680
3025
6516
4831
2489
3229
5433
6572
3123
5777
53071
51885
3608
5201
3425
52931
3606
2319
5680
52283
2738
1816
7311
3008
3043
52484
3173
2348
3414
52504
4174
5265
5373
3163
3029
1810
52133
3580
4864
3045
4414
4799
52139
3418
2288
5023
5175
4265
5668
52979
3271
3549
2993
2995
3049
3565
2545
3052
3223
5496
2285
1729
8563
2858
4992
11989
2980
6632
9302
6802
2459
52429
51827
6142
3124
3664
3064
5474
3460
3069
2873
3033
51859
7365
3201
2264
2529
2836
2264
2973
3081
1819
2636
2368
9712
9677
3410
2970
3818
5719
3086
2969
4045
2176
5812
53078
3491
3180
7004
2754
5458
4393
9013
6330
7661
3491
4757
52481
6475
2864
3634
1965
53256
7373
1812
8275
3055
2775
3610
52337
6691
5126
2020
4587
2178
9457
2371
7531
4199
53000
2927
3093
4084
52721
3458
3948
2154
3308
1930
2548
53116
6246
3169
2321
1910
2390
53143
3689
4519
2676
3499
2682
2405
2426
3104
52000
2215
2442
1847
5546
2653
2062
52874
2423
2908
52030
2916
3395
2880
1919
52397
2512
6856
6072
5058
36152
52154
3125
9651
4083
52187
3132
11374
3134
1886
2791
52410
3142
6362
2165
1772
1880
2098
2728
4444
2027
4036
2986
3231
7094
3175
53331
36186
2897
5854
53060
2236
53387
2659
10403
5456
3563
52559
3562
5209
1967
1990
53099
4378
5131
5455
9190
3374
52228
3418
2505
5523
53150
4116
3268
2039
52502
3392
5095
9096
8710
7216
4225
3029
2857
4424
2174
53094
3637
5535
8492
53028
3659
5415
5287
3266
2478
3226
2724
6177
4095
9463
3268
2448
5846
1808
3428
3874
3087
3768
3667
3259
2105
3927
2379
3485
53294
3325
2324
36320
2231
3176
12449
2826
2602
4477
2196
3805
35118
36337
52602
2831
3185
51973
3198
4081
53208
4325
5782
3199
4295
2034
3322
52169
2795
3646
6189
3646
5849
4570
2137
3258
4099
1793
2786
52302
2720
6284
53404
53046
2688
52130
3574
3575
6354
1792
2291
6238
52962
2457
2479
11427
3069
11940
3360
2939
53337
2641
9246
5757
2281
5141
2643
53444
4559
3753
52832
3587
2076
5859
52740
4238
1986
3586
5233
2082
52964
2781
4948
2571
2028
2784
3221
4562
3215
2784
3659
3703
36340
2834
7923
7750
9302
2778
3892
3585
3582
3082
2041
2111
11195
7380
3217
2646
2769
6565
3058
5666
4118
3335
4478
2764
6486
11568
52439
3186
6198
3407
12245
52827
2765
3248
4829
53301
4374
2094
1952
2746
52317
3802
4910
52180
3391
2905
4856
53207
2367
1807
2023
4662
2606
53206
6690
2425
2118
1826
5557
4705
3216
4472
4674
1920
52377
7289
2351
7057
1898
53247
3492
3665
53249
2416
2448
53228
2737
1922
6484
1998
5739
2963
1924
3472
3676
3096
3494
3490
1873
5566
52984
3271
2001
3641
3966
2690
3164
2608
2481
5028
4272
3483
2075
52784
3283
2420
7111
1907
3115
2168
2944
2943
3030
6057
52587
3293
2272
9252
2395
3590
2073
8063
3761
52622
2096
3556
2318
52640
3295
4597
4427
3392
3414
2959
6328
52637
3300
3299
2318
52668
3301
3303
52842
3286
4801
3261
2685
5871
3369
3126
1932
4637
2519
3666
34733
53160
2227
6319
3332
51897
3333
3199
3335
53309
2662
2055
12471
2649
2092
4349
2654
52100
3315
3318
52087
3348
2386
6145
1860
10381
3332
3199
9008
2606
4752
3564
6301
51961
2667
9446
2558
3032
5142
3035
34993
2097
51926
2664
5688
8587
2331
2127
2744
6074
3101
2220
8336
34758
2027
51863
3149
4232
5411
3149
1862
2027
5377
34908
36023
2074
35592
5303
52332
4130
2020
3172
2487
51876
1961
2072
5966
6058
3217
9606
52781
2694
3154
6289
52541
3364
3363
2450
34796
2625
51914
3189
2252
3366
51904
2928
3841
2653
34464
8414
7780
53107
3485
3554
6178
52610
2595
2770
2615
5291
4092
3619
6515
2435
52038
2464
3595
3298
5564
52016
3465
4835
5683
2081
3472
4718
2563
3108
2067
2925
4085
3838
3400
2907
5034
3138
9653
36219
3196
2895
2535
4465
34350
2625
5562
6096
3408
6095
8095
3603
14656
53063
3912
2551
4257
2278
2524
4485
2111
2522
3413
2744
3427
2743
3417
3252
12161
6188
52215
3423
5271
35602
2372
52677
3429
4033
4309
1971
4923
52584
2768
4251
52933
2528
3495
2298
3434
4965
36156
52517
2967
7091
2476
1909
3468
51841
3469
2501
4069
2587
52089
3437
3439
52687
3441
37137
3292
2617
2840
52526
3484
1950
52841
2792
2184
52552
3456
3844
5607
3347
52072
2464
5807
51882
2441
53379
3654
2926
52682
2570
9253
3605
52368
12782
15462
36209
36216
52289
2452
3464
2223
52850
3481
52836
2434
3718
4810
3496
3474
2693
6149
52076
2754
2949
52026
3478
3476
2202
52847
3481
3224
2216
52467
3530
52075
3486
3483
2025
52033
3306
3893
52917
2406
3815
2530
3493
34483
2155
2405
3499
3498
5331
4738
52922
3606
1939
5155
6378
3458
3631
3297
53131
1981
2404
5019
2848
2126
3900
2742
2002
3675
3502
2155
8680
52465
2126
2559
6180
52237
3661
6590
2388
3985
34218
2384
3511
4147
3377
2580
4023
5060
3400
2915
2377
2785
3572
5954
3532
52560
3619
5840
6088
5537
2885
2481
53189
53185
2198
2204
3182
3172
8915
6753
52458
2247
52114
3534
2470
2191
3218
2471
53272
8973
3634
3596
2036
5819
4278
2975
3964
4267
1964
2673
3364
52547
8973
53255
3578
3579
2308
52661
3566
3324
51908
3326
6386
4000
4657
10643
3381
2263
6651
2344
3629
4524
6535
52807
2253
2162
6694
3599
52205
6593
2907
4263
52716
2752
1978
2880
52710
2568
2323
4211
3922
6105
3266
5526
2298
3444
2314
53187
2325
4220
3425
3816
52741
3533
4238
7101
3119
52869
8565
2430
3250
6348
3627
52833
2076
35112
2273
3630
5420
3341
2726
3273
4158
3633
4952
4441
53114
2869
3649
2753
4502
2319
52908
2707
2427
2435
7167
5611
5511
4265
6281
9412
5524
52268
3661
4165
52854
3100
4560
5384
53267
2121
2578
6985
52306
3669
6434
51847
53234
2751
4501
52288
3672
3671
12554
2540
2158
3362
52328
5218
2562
52269
3672
5813
4682
5677
52718
2752
2913
51837
2495
3862
2147
9212
4995
3664
2242
5789
3236
3213
6052
4567
53005
4723
7273
35784
3337
52797
2133
5917
6696
6015
3078
2887
37082
3148
2887
2335
3041
4397
6384
52331
6102
53408
5468
3371
6628
3219
3517
36159
2745
2249
3827
36329
2616
3369
2410
4935
3592
9444
6894
2077
52748
3658
3923
52007
3640
2036
2925
5237
6418
37123
2060
6568
6294
52168
3648
3646
2974
5712
15327
13086
13893
5061
51881
5234
2777
2986
3565
2995
7424
3048
4306
2569
53076
5439
3080
3238
2646
3259
2578
3638
11208
11623
3152
2909
5446
2442
3545
52444
2163
2875
5744
2977
4549
2971
4618
53425
2884
3371
4777
53406
8845
52543
3622
3623
6049
2437
6783
2920
5900
2586
2531
2201
2486
6383
7208
3614
3295
2359
3615
2342
3388
3207
2560
52577
3612
5245
34862
14035
2166
5885
7213
3650
3508
2384
7364
2425
3115
4059
2821
2788
6803
6895
5085
34691
5698
5691
2801
17992
6671
6623
52334
2241
36154
52173
3600
3743
5765
3604
2763
4334
11952
11831
51932
4763
3063
9318
3617
2714
6009
5025
6481
36168
6072
7585
9596
37112
2671
2804
7863
2352
3657
3553
2265
35432
4336
5431
3575
6281
3045
4265
2363
52701
2536
2179
5121
52347
2868
4143
51862
2728
3858
8885
5629
37098
4385
2955
3567
3264
3303
52633
3557
3558
37091
2985
2359
3558
3303
9492
4754
53297
2246
5288
5909
52617
3550
3778
5334
3158
4706
53397
3573
2149
3173
7557
3643
7105
52956
6399
52562
3536
3843
3038
3036
2231
3037
3528
4212
52285
3529
2735
5215
2841
3525
37110
6216
2691
5988
52046
2472
2215
6000
5519
2819
6928
3233
4991
4609
3238
11623
4671
51920
2776
5561
3160
3573
53398
2128
52758
2396
36173
2415
2358
2591
4631
5569
52932
2418
3495
6304
52870
2423
6101
3668
3270
5301
37126
3560
3910
6419
4503
2739
3096
3497
2260
3494
3128
4164
2265
2837
5743
2887
6671
36489
2138
6483
2741
6595
52753
3181
4481
2625
3269
4054
2583
2552
52583
3293
4796
4470
2676
3501
52799
3677
5598
3997
9522
3650
4299
5480
3109
3187
37102
3682
2559
4017
5710
3737
53305
3390
2573
5127
2854
3223
2524
2979
2939
37136
5223
7373
7505
2639
9348
52039
2596
3365
3072
3344
2184
4328
7151
2972
37121
2573
3685
53120
3182
3328
3019
5016
2658
52883
9558
2476
2718
3009
3188
8055
3324
2575
2519
3161
7683
5869
3464
52296
3669
4285
4643
3933
6320
37130
2990
52189
2989
3593
3589
6859
2848
5716
3274
52625
2711
6311
3573
5457
6791
4391
3208
51991
2944
3476
5300
3476
2949
2912
52281
2723
53400
4353
52574
2733
3274
52305
2740
5857
7709
52257
3672
14086
3544
53124
5454
6543
5188
6498
3917
6477
52336
6571
6691
52339
4982
52702
4263
6286
3241
36181
53374
3576
6813
12072
2356
36157
7989
12205
4774
52785
4025
6066
53165
2948
6514
53145
3993
9046
2793
3220
3193
7331
5944
53414
30142
14765
52246
3661
4586
3028
5916
2806
3173
3673
52495
4476
52705
2570
2880
36190
12295
36180
3122
6155
52656
36320
2324
6207
2850
3953
53186
5827
52551
3633
5895
52838
6287
5163
3631
2852
3192
2590
3822
53321
2610
3260
6157
4921
52651
3566
2311
52675
6152
2323
52713
3630
10495
10910
3095
52855
3098
3670
36329
3120
3606
5664
34546
52264
2911
4687
52204
2917
4926
52857
3627
3621
4891
3111
4667
2934
36167
5920
52146
3620
3898
3338
36336
2322
2389
52612
3616
6534
2952
2275
11990
7050
52360
2992
35784
2803
2639
2802
6285
2750
52906
3278
2299
4142
3591
2571
3039
6241
53159
3505
35839
52942
11372
2774
11906
5066
2774
2518
2333
3073
6034
4591
8905
8941
5431
3574
5489
3100
3104
2921
7727
53416
4248
3625
2527
4804
5286
6197
52774
13581
2304
7374
10075
9078
10420
36176
51834
3397
5947
2383
2371
2702
53224
3522
2791
52409
2541
52184
3134
2905
2914
5623
4916
4955
3535
8606
53190
3492
2372
34965
8284
6003
6785
3176
3099
2635
3053
3015
7451
52804
3594
5157
3702
4105
3112
3972
9461
6214
12873
3588
12938
6786
6154
2573
13913
3362
9070
3214
2784
7928
3463
12219
10017
4644
2978
2861
5478
3586
5213
5831
5979
2316
2779
9193
6806
8792
7344
8494
2777
3588
12938
3175
53362
4734
2872
3355
53016
4193
3289
2709
3299
52688
3301
5205
52223
3315
4564
3415
3049
12998
11354
15542
5493
7087
3512
3030
2660
3219
5641
2789
8105
36335
52126
2394
2896
3368
3214
6760
5448
5293
4972
5191
2736
36149
34926
3064
2354
8546
5394
3132
4101
2444
7971
2795
7131
7538
5472
3580
5181
5479
52229
3423
2505
2482
3555
34238
3230
3517
4728
52691
3730
4208
6390
3581
4000
8455
3581
2421
52910
2418
5499
5044
3756
52706
3441
2478
52667
3448
3031
3576
2696
52546
3456
2475
3679
6235
8259
2424
3680
52027
2435
2422
3435
3438
4339
3298
53342
8100
3497
35644
3394
52534
3572
3569
2750
52859
3394
3122
6151
5997
37070
37071
3475
3578
2672
5295
4433
53183
2454
2575
3542
2839
4073
4022
52256
3597
6622
2359
36194
36162
6910
2730
7391
2680
3850
51870
2481
4240
52472
2534
5943
52505
3645
5186
5071
2329
3669
3656
5906
52295
3674
2983
3681
3062
4181
53287
2387
6374
5700
2599
53430
6669
3662
53058
3010
2813
37086
5168
5368
3267
5801
3174
5699
53101
3356
2554
34743
3673
6116
52824
3628
5892
2451
2490
4509
3558
5565
3540
3538
2844
36145
4610
2807
5099
9280
2514
6493
52036
3306
3261
52483
2401
6310
51969
3306
2675
6029
3063
7260
6120
5182
3588
4547
53437
4287
3487
52308
5778
3562
2436
5640
8140
3372
7464
7104
52149
3535
5299
52673
5112
36346
14076
2683
2976
3573
2843
7121
52245
3529
6536
4021
2689
7456
52395
2459
2698
2931
7637
53223
3641
2722
9200
52533
3524
3008
6213
3163
4545
52358
2998
5100
53353
3419
3520
3516
4509
4072
10123
7452
9833
52991
3272
2453
6352
3455
52608
3375
5732
3514
4103
3512
3511
2677
8495
3323
6709
53355
8873
3506
3655
6566
5786
5031
6545
3829
37103
3146
6586
8779
2725
4876
53447
5992
5549
51910
3461
2832
9284
53439
4161
8945
4332
53441
2447
6438
5351
52414
4904
2819
13185
3488
4970
52263
3943
34546
5161
52482
3307
10366
8919
3495
52921
3501
3499
2922
6252
52918
3496
3493
4498
2408
2650
7433
4576
11504
12221
3369
2588
2613
35595
52042
2951
3101
52047
3486
5616
53033
2920
3970
52372
6645
5014
2445
2465
53252
5690
37088
3462
52913
4909
6548
52891
3103
4839
3755
3114
4352
2443
3432
3296
52760
3481
52875
2942
3478
3500
5067
4746
2928
4401
6617
2622
2624
2630
2676
2682
3433
5559
3670
3095
8341
3882
2953
5440
2581
3494
3463
52880
3474
36427
36426
36425
2947
2560
2561
3391
3388
3387
52232
3391
3946
52731
3098
6635
51996
7263
4651
3318
4934
8898
2635
37116
3065
5510
4640
53448
4418
3484
51952
5659
3420
7449
53225
6433
52530
2511
2592
3443
2933
3204
52287
3471
5520
4655
8488
53184
3975
6201
2747
53123
5806
36156
52518
2867
6401
52963
3085
52755
2620
2619
2460
9141
3382
2642
4166
3542
35628
52555
2673
52029
3333
52071
6064
4850
3470
2468
2925
3725
37066
37067
3260
6558
7883
3334
8034
52113
6191
3667
7897
3259
52045
3466
8827
2474
3265
2716
2734
2957
3623
52665
3434
5959
52053
3465
3347
6440
3373
4703
53188
4298
3778
3556
6080
52599
3434
2485
4739
9309
5911
5481
2891
35060
4845
2987
2908
5989
4762
3452
2494
3452
2494
3082
5656
3358
2647
3331
4192
6487
6293
3397
51832
3399
51855
4323
3033
53443
4665
3447
6796
6372
3370
3863
4733
3446
3000
3446
3204
36169
8096
8195
3000
3445
2797
5525
3440
2510
7967
2965
3445
3940
3417
6417
52225
3418
4692
53175
5120
3679
4868
4284
6071
3227
52529
5117
2513
4393
6659
52402
3363
52542
9228
3431
3629
3664
9299
2621
6366
2533
5899
6040
5955
8873
53357
9225
51946
7979
3346
3416
3412
3270
9841
3409
52930
5933
3425
3430
4399
3602
52936
2530
2827
3191
52928
3408
3263
3613
5137
3522
5207
3639
2889
8637
6624
3407
3406
52703
6666
3276
52278
3240
2538
3421
3598
5530
3579
6470
3317
2678
53440
4303
5289
37133
2897
37107
6045
4693
4361
2994
2547
6541
10775
3544
53129
6467
52233
2738
7519
8308
9523
7452
53064
5485
37104
2910
52199
6212
6988
3400
53111
2732
2704
2616
3839
6885
52954
2964
5413
10992
10012
53344
36190
52079
2665
2704
3048
9032
6274
11263
52335
3601
5079
3386
3386
8089
2818
3193
7783
52209
3129
3388
3385
3384
52696
53022
2902
52681
3393
3383
5649
52965
5451
6031
3605
5194
8092
53216
2961
6299
53041
3373
53274
3634
3037
53295
53155
2700
3378
4654
52365
4053
4315
37105
52411
2889
53199
3150
3470
4244
53035
3453
8106
52764
4943
52009
3126
3642
52852
2799
2590
4108
52890
3379
6524
2615
3375
5291
5644
3372
52523
3780
3372
51982
2604
51853
4936
51861
2728
6323
5111
2956
5558
3683
2602
51874
2603
6082
3304
51918
6103
2655
53303
3021
3141
3849
52993
6098
4228
52937
35839
3359
53382
4275
3139
53020
3022
2875
3353
52050
5248
5959
52643
3370
52051
3353
2730
2618
4589
10636
52756
4246
3422
2802
3006
3830
2814
3346
3352
52013
2923
3351
52011
6450
52012
3351
2924
3350
51959
6184
52035
3350
52054
3349
6615
52034
2916
4573
4515
4669
5158
52157
3151
5774
3342
3348
3552
52723
2721
4201
3344
3731
52877
6661
3510
3076
3819
53338
3401
4062
52137
3216
8839
52945
7105
6605
2647
3358
7581
4817
5241
3679
53173
2910
2985
7118
2988
6187
4226
51953
2656
12321
10886
10673
53044
53139
4175
6492
35272
10403
4248
11682
3987
6733
52882
2661
3607
36181
5844
5738
52866
53311
3776
36179
10927
3660
51927
6526
9451
3835
3983
3839
52093
3345
3342
3341
51955
3339
4661
3071
5961
52601
3185
3449
3449
5153
6097
3448
7921
2691
3756
2818
9493
6682
52548
52383
5412
5939
6480
2705
3321
2982
52069
3323
6163
3344
3343
3582
5839
5483
52919
3103
3314
2949
52043
2940
36338
2892
4601
3487
52153
36152
53090
3683
3291
3164
2690
52469
3676
3530
4129
5595
5727
5460
3502
6574
52780
4310
34993
35014
3032
2957
3311
3971
53051
5709
3382
52394
2859
4367
2703
53154
52670
2870
3275
53198
2703
3613
6232
52068
2892
7880
12943
37135
3509
52907
3290
52809
3593
4542
52592
3300
36151
51887
5693
3288
52627
2713
6387
52660
2753
3651
52671
3275
26445
11363
5522
52588
3295
4412
3635
4952
5998
5544
2912
3299
52638
3293
6941
2729
8895
52303
3287
52724
4613
2739
53238
52279
2727
53010
6334
52515
3285
52090
3281
3439
3240
6437
7642
2847
5403
3280
2838
3278
3016
2829
5015
35788
52565
3265
2734
3635
52566
3527
6432
5376
6955
3424
8947
3387
10110
52234
3387
53261
52292
2741
52293
5515
52273
2749
4929
52319
2746
52318
8284
36149
3887
3531
52262
4369
2749
5035
3427
52861
3906
53196
52717
52630
3563
52077
52968
4582
10941
3256
6027
52728
3255
5828
10068
2759
3253
5634
3251
36189
4512
52844
3255
6331
3249
35359
3247
4271
10285
3247
10072
2974
52826
6358
3410
12815
10134
22001
3027
3509
2897
6540
52598
3239
3243
3625
5590
6167
3230
3217
3238
35937
2793
8414
52941
4858
52342
3089
7040
51976
3237
3231
3230
3228
2853
2780
7748
3221
3219
3242
35471
3235
35281
12343
35281
3235
3518
35460
6245
2997
3234
8129
3540
3233
2879
8615
7294
4135
3367
4463
4615
53442
7343
6646
8181
53257
2961
52208
3207
3135
6530
3001
53446
4616
6361
7373
52851
3222
3002
3222
4834
9348
52749
3007
3220
3235
35958
5513
3042
5011
52980
10459
3071
8391
6984
9927
3218
3488
3010
51902
3202
4305
3199
6539
35696
5538
51937
3352
12179
3212
6655
5390
3424
3385
3212
5116
5722
3579
14237
4113
3540
3210
12456
6533
3378
4283
53167
3682
3206
12224
11154
36142
12544
3406
3205
3040
2882
3591
3040
3013
5400
8090
52615
7632
7775
52607
5487
3184
34484
34350
34550
7831
6381
3891
5797
6059
4277
3201
6263
6650
2865
36339
2882
3586
3532
3524
3727
8947
7137
2844
3160
6971
8067
7245
3196
6652
4531
3140
2937
3773
10344
5678
53402
2851
4707
2853
3191
3075
11918
3183
3177
3163
3162
3190
3190
3254
2999
3165
4076
3251
4764
3166
3908
4653
8163
3310
53177
5629
6381
52519
3148
4821
9074
9264
4508
52669
4630
4828
4390
53220
2961
3412
11427
6314
3157
3087
53265
12499
52729
3155
4781
4522
53091
3531
52097
3090
2929
5888
3534
52150
3153
3758
53276
6468
5715
2925
37079
36420
3048
4737
52413
7413
52037
3127
34395
37093
2946
3261
52067
52055
3127
4719
6024
52416
3307
15464
7429
4159
3053
7006
4379
3382
7484
5508
8947
53104
52348
3336
6600
53017
52905
6228
3120
3599
5879
5581
52193
3132
6006
52200
5552
3116
3115
6809
52103
3125
7909
52265
2912
4154
5050
4900
4003
53296
52241
52028
3121
52121
6654
2919
52848
3116
4437
52122
6531
53034
5173
5423
3365
3304
3498
4337
3113
4443
3113
9614
52997
6174
52001
4445
6186
52098
4912
36340
5905
3659
3263
53222
3522
3108
3442
6603
6561
9491
3282
7542
53053
34702
3022
51884
3102
4649
52023
2943
3090
52096
3091
5195
3476
9570
51992
51988
8797
52323
5788
4758
3124
5216
3561
7768
3294
52059
3561
36338
8093
5375
3377
4527
6740
15195
6169
3519
53006
4567
21203
5315
3168
6925
4742
4825
3088
3684
53258
36193
12449
3570
3474
52950
5088
5647
3303
3078
3687
6606
3071
34879
52817
6672
4206
52821
3086
3068
3358
3228
3067
3082
3080
4533
3157
14995
9841
5042
3059
3225
15114
3051
3896
3058
3066
4991
9456
3319
3320
6161
4773
2985
3094
7110
4426
4093
4180
3094
4008
3197
52195
3061
4743
3396
9667
5794
3187
53435
4636
7408
3052
4693
6060
3695
3695
4948
9444
6530
3889
11831
5003
52357
3106
4215
9887
5591
52623
8325
35006
14202
12436
16279
11546
3057
6658
3045
4579
52754
3007
3181
52750
4216
3053
3368
3041
5447
3248
3753
9204
6474
13764
5985
3031
51915
9021
3279
4348
7283
3764
52449
6824
34965
34535
35031
34567
53369
5863
53014
3140
37090
3837
36488
5640
3084
3029
3028
3027
9974
14889
13959
4670
5972
3279
3282
53037
51856
4172
5243
53003
3489
3551
53001
51850
3389
51868
35272
35680
3040
10680
11230
3538
7177
11462
37076
5051
3834
5023
3660
5302
53391
3924
8048
3264
3070
4536
3223
4361
5935
4276
5858
7923
3320
3584
7585
15677
15206
4218
3244
5593
3754
3253
3904
53449
9498
37074
4209
3591
5285
4702
3331
6552
3343
4430
37128
3860
3343
3286
8025
4464
9625
3548
52946
37081
15010
8466
14130
12693
3228
3416
3713
53013
5651
3519
3411
3473
52952
35222
52822
5449
52463
52210
4384
52313
3537
6560
52127
6648
53356
5007
3998
3447
5755
6599
3100
4727
5033
7555
12348
10723
10644
13860
52739
5859
6093
4101
4380
52856
36338
51883
52897
52002
3105
3365
52040
3111
4723
52356
5941
52773
4907
5286
3114
6190
53158
3263
53370
4951
51958
5514
52772
5465
52876
4735
3666
3564
5834
52350
52884
52909
3290
6618
51971
3330
52683
3356
51846
36148
52102
6171
52008
52056
3577
52254
4745
11374
12648
3236
5224
6007
52188
7898
3269
52183
5389
3488
35993
7530
3321
8347
4331
6257
4526
6625
8244
53050
5749
4513
52400
5062
3144
9304
5854
3766
3976
52399
5934
10967
9879
9699
3192
3787
53315
53182
6381
52109
5134
7682
3153
52104
52105
3318
7832
52775
13581
52730
7868
6573
7490
10100
11376
8097
10826
51925
4990
3159
7040
51977
6874
9211
53394
4772
3209
5643
8061
9254
53047
6575
52459
8893
3414
3482
53117
3328
3896
3171
3244
11154
53096
34743
6644
37120
53335
3178
9387
6518
3541
3213
4961
35059
36194
12468
3422
4041
3297
3770
9646
4098
4204
52606
7775
5419
5721
36192
5785
3366
51909
5421
5055
7671
4924
6193
3195
18130
5208
5031
51979
3361
3245
3406
9426
51901
5471
53163
3969
5398
52177
52476
15401
6758
5282
35324
3215
7280
52132
3242
7186
4038
4075
6538
15327
3881
53073
7967
3442
36254
4509
3452
3515
5492
9247
3234
5003
6501
53434
7306
11069
3707
3658
5366
52280
6485
53347
30499
4214
5212
12103
12815
15677
6532
3738
3621
5221
3254
52737
4784
6344
7896
4300
3470
52031
4333
3565
4860
4392
53151
3357
6782
35365
52974
52988
5279
3930
3635
7669
4439
52694
5112
3439
3483
4496
6237
5597
17993
8004
52088
3483
6481
53052
7225
52769
3500
6412
6195
53126
4510
52514
5459
52795
3678
52301
5964
34909
51888
6839
5372
4523
5337
4844
52582
5026
52595
8596
3495
53130
4530
3305
7150
9497
52635
5811
52689
3302
34223
52685
6327
6351
3595
53361
3771
52032
3729
3676
53253
3492
6768
52473
5461
52654
4880
3594
3677
6490
7003
3329
6642
52217
3316
5445
52218
9153
12554
3319
4792
5924
8486
3508
52060
34886
4808
4284
51903
53373
10673
6380
3609
5024
3610
3537
5410
51978
52436
4962
5362
3547
52349
9189
52793
8445
51956
6688
53084
5675
52092
5913
52786
5969
52086
5316
5991
51938
4678
52091
52015
51962
52010
51943
52049
4576
5395
4675
4942
4186
53082
5730
4095
4892
34689
52938
5713
3413
5862
3612
6415
8505
4956
52540
5571
3368
4604
51905
8299
52642
53407
52969
6240
3780
52609
52507
6577
5130
37096
5200
53169
5576
6214
3381
16071
18131
5691
12993
6683
13833
52176
51851
53304
52175
52501
5949
52680
5441
3395
6426
6290
52190
5603
51833
3468
8195
51838
8339
3399
3468
9023
52201
3459
53358
53277
3546
5148
5060
3528
4185
5427
9156
14092
7319
7182
52244
6185
15417
52820
6111
4187
3803
6487
11623
11427
52503
12324
5070
52227
36146
7123
53352
51947
4371
3825
36173
4761
52230
3427
7506
4343
5651
53012
5657
52261
52678
4728
3430
3625
52679
9235
4653
52911
4340
3433
52934
52666
52761
6513
5802
52084
3438
3466
3520
52699
3444
3450
4255
52697
3513
6343
52999
52646
3848
52600
5843
4192
5670
53025
4012
4537
5223
4649
52545
52720
5652
5171
4398
51911
4555
5706
3952
36195
6502
3656
52018
52073
4091
6133
8496
6191
52340
4732
53213
52255
8701
3718
4572
5124
6218
52881
37077
6049
14442
52025
5485
4189
8099
4608
4276
7050
52849
52496
52531
52048
52156
4815
3551
35007
3576
53248
6255
52929
3502
52914
52912
52920
4479
7858
35031
5834
6003
52925
4117
7341
37127
5681
9516
3511
5275
8838
4103
5365
34982
6579
35661
10432
7637
53239
3523
7568
9457
4617
53237
52532
4077
4356
4695
4010
37108
4595
5680
52282
5980
52284
52466
53119
4145
5379
52834
6226
5606
52115
52567
8228
3571
6759
12456
11983
6743
4525
4466
5956
5967
5971
3781
6477
52438
53280
6499
37124
52947
5696
5324
15195
4949
52616
8470
4249
53002
52430
6010
14161
53079
7577
52621
8190
52632
3615
52063
6009
8434
7370
52520
6127
6396
3701
52652
5129
52536
5921
5946
52312
9513
3934
52527
36335
52125
52129
4449
3763
52134
5240
52887
5183
52791
52829
4914
8063
7550
7237
52808
52803
4198
4079
52239
3599
6131
7642
5118
52174
4183
3629
4188
52712
13966
52171
3604
52158
7757
52369
5397
52923
34441
5198
7257
51886
4111
5109
6517
5238
4029
52557
3612
52578
9432
52576
3615
52575
52648
5610
35056
36180
12492
52867
5584
4954
52509
52141
6269
3670
52885
52538
8293
5172
3626
52676
6072
3913
53451
6208
5226
5650
52714
52840
5256
6018
5366
8381
52564
53275
3982
4253
53281
4684
5502
52019
4516
52006
5883
5914
12205
12219
52629
3649
6447
6276
52213
3648
4866
52167
52631
6124
37131
52663
6311
4133
6000
4869
5441
5174
4571
5949
53345
36180
5874
7099
5833
5347
52789
3658
52788
53027
12205
52267
37122
5037
52443
9691
53254
52452
53271
13086
52294
3913
52276
52270
52494
52290
3675
52291
52468
52800
5694
52796
5917
53174
51984
52164
3684
5227
52211
4291
3861
6983
6455
5771
8769
6482
5897
52801
5694
7833
4942
6545
5187
5354
5507
5211
4539
5818
6815
5056
5387
6068
4049
5906
4041
4761
10390
8221
11137
9994
10854
10636
9696
4693
9624
4422
8958
5587
4286
8203
6507
5857
52307
5452
6434
5726
4831
4363
8084
4106
52207
5387
3743
4338
4623
3990
9351
4003
4222
4874
4012
4910
52179
5602
6554
6249
13654
4172
5261
51830
4585
4143
5027
6335
5501
34583
4021
4933
8582
6116
52818
5449
4407
5227
4318
5022
5290
7819
4217
8183
5294
9453
11571
8193
36164
7337
4234
6482
4012
53024
6597
4222
5122
9819
4702
6968
6541
5931
52658
5723
5174
4039
6287
5701
53330
5140
7811
4962
34430
8109
3965
11398
5495
36182
6283
11578
5099
6178
3773
3900
6788
7786
5228
52354
6679
5761
4717
4162
6364
5590
7791
4804
5359
7033
5328
4640
5775
6730
8770
4965
4882
6640
5161
4255
52698
5041
5584
52878
5169
7713
5775
6073
7564
3783
52005
34745
5336
6078
4004
5313
5625
3948
4205
11902
4201
13584
5242
4436
3935
34705
5451
4229
3812
8267
5039
8757
5048
8631
7372
4106
9270
3785
6611
5178
6408
5110
4804
4399
7299
9396
3785
5640
5368
6425
35344
9400
34350
5562
9595
3776
53310
5143
5769
6350
52863
4740
6285
5966
4760
4770
4007
4763
51929
5267
6446
5304
5495
8995
4196
4665
8962
7729
5766
4266
5715
6051
36168
4211
6317
5634
5514
8781
6412
8663
6239
4570
11113
6038
5606
4792
6139
4475
5082
5815
51917
6225
6103
7095
8190
6098
6256
7418
5183
3979
5295
4112
5247
6578
6015
4627
3902
6716
6604
9210
5164
6259
5273
34702
53054
5384
9415
6581
7717
3791
3842
4452
6662
4530
6380
53360
3986
12691
5754
4612
7893
8260
5529
6453
4905
6464
12466
4450
7753
4118
4330
6464
5434
4473
3872
4163
6417
12411
52522
5131
5535
6246
9482
4909
52899
4953
4735
3967
7370
6051
4104
4660
4266
8310
4183
6112
5834
9191
5896
5821
4683
5128
4066
4339
8296
7258
8938
5931
4439
4256
4458
8788
52493
5370
5790
10629
5429
4311
4294
6205
5018
8723
4401
5629
37106
4013
4829
4297
8170
6644
6405
4666
6339
6332
5637
3879
4276
3893
52886
4454
5160
5029
5660
4925
8374
5737
5686
5892
9181
4796
6080
4546
5089
6088
3957
5367
3941
9393
4847
7394
6379
3985
5460
35035
5123
3839
5348
8214
6593
5981
6654
13386
4708
6184
3852
6556
37084
5876
4402
5570
5502
10301
9641
4788
4889
9319
9367
5331
6497
5643
8364
4424
4239
9521
7145
4986
52916
6255
5119
5936
4893
5065
4322
6095
5787
8147
6111
5449
3991
4649
3905
36164
52424
6183
5968
6002
52994
6657
4136
4320
4108
8568
4131
4988
4151
9186
9100
3825
6432
5758
4922
4749
5401
6007
5971
4510
4680
4659
5565
12269
12471
4368
12440
5130
8007
5991
14141
3861
12172
5498
5909
6624
5615
4909
10900
6256
11625
5444
4187
6203
52082
6369
5567
4398
6209
5614
4514
8412
6970
6671
5350
6328
5811
7305
5746
7539
5566
5262
4260
4240
6678
6112
5723
4930
3971
5709
14615
5872
5665
5942
35376
4067
6227
7936
5412
5032
4208
52644
6158
4663
6343
6427
5050
5888
8806
9347
8667
12500
9022
51964
6385
9590
6230
5044
5028
4101
6095
8934
4495
51987
8749
7774
6638
51940
4096
4436
4229
53308
6568
4252
6075
7764
4493
4591
4815
6271
9233
5950
4627
5899
8642
4527
4884
7872
5252
5257
5610
4126
5650
11924
4188
7241
9621
9591
34796
5949
52653
5723
6404
53074
3881
6430
11637
4145
4522
5012
4074
5976
36193
8123
7396
6246
5527
6241
4600
36341
6217
34664
9853
10318
4434
4920
5898
7817
4757
4432
4306
4646
5275
6340
4729
5399
4351
8848
9258
7893
4432
6594
5458
5838
6005
4609
4485
5206
4845
4824
5512
5139
6177
4322
5375
4203
10997
4419
7643
6479
5612
5119
5104
36343
4661
6500
4464
5558
11160
5866
5114
5806
7226
4974
4775
52275
4568
4625
4346
4268
5308
5601
6725
4592
4244
9087
4721
6402
16811
12841
4810
5119
5891
52725
6391
6573
5657
5960
4938
7523
4213
7460
4926
4687
10316
4210
5880
5361
10827
5374
7166
9091
4017
7827
6452
5800
6041
8036
7730
4271
10072
8091
4044
6265
4636
35278
53333
4537
5661
6677
4501
6676
6347
5728
4410
9563
4149
5374
9338
8378
5537
4918
5851
5532
5268
4926
8749
5414
6359
6266
4180
7265
5859
6563
6457
6396
5601
4850
6629
5086
52619
5732
6021
4045
6389
8027
6186
4388
6700
4477
4638
6735
4971
6220
53409
4777
5944
9506
11543
5393
4031
5335
5057
6547
9596
6335
5588
4983
6820
12631
10684
53423
4248
4606
52528
3934
5117
8308
5215
4070
6496
51892
9036
5693
5096
6071
4284
4417
6394
8294
4969
34546
4345
4117
4518
6948
5283
5885
10861
6416
5921
5862
4081
8815
4168
5776
52734
5477
5875
4748
4717
3990
52386
4420
7216
4412
4004
4067
52591
5479
5147
4799
7315
4426
9131
6942
4801
4888
52266
4564
4793
5053
7670
8734
6634
4491
6888
4805
5005
6229
5004
4600
53193
4736
4501
5094
6037
4571
8577
4439
6666
8616
4755
12706
7987
6610
4512
9257
6331
5614
6125
6522
3954
4707
6272
9301
6207
7769
10211
6344
6262
6408
6075
4385
11449
6161
6736
5016
9447
8590
4505
4734
4353
10587
4780
5785
7678
7203
6276
7276
4866
6163
52065
6615
5125
6509
5905
8044
8857
6642
5162
4947
6944
6318
6030
5349
5685
6346
8101
4921
52650
3989
4606
6217
6241
5796
6686
5816
9632
6193
5013
6126
4588
8435
4321
4887
11767
5062
5934
6227
6079
4642
6442
4981
4594
4463
6338
53429
4120
6136
5736
4297
7826
4469
6237
5040
5827
4602
5499
5182
4472
5180
4987
4573
5881
8787
5316
6469
6162
5734
5903
5874
4475
8651
5701
4997
9229
4843
5397
6031
9242
4215
5921
52649
6155
4379
5661
5171
9012
6438
7741
5357
6333
4492
34255
5994
6373
8681
6268
6301
51960
6385
6184
8475
4274
7976
5328
6258
7292
7213
7583
4199
11081
5805
5524
6590
9560
18131
16188
4573
6617
5707
5220
5277
6390
4862
5623
4105
52594
5245
4603
4913
8725
5856
5857
5071
9236
7030
5585
8483
6004
8950
7215
5799
5008
4963
4695
5830
4694
4263
6286
6105
8667
5900
4595
4980
6692
12011
5302
4061
52398
6458
5934
35032
9256
26445
4786
8883
5667
5710
36157
5673
6430
53077
5439
4378
34699
5586
7324
6592
6235
4856
5118
6336
6147
6616
4290
5178
5432
37119
5736
4469
4328
5756
4217
5248
5893
4935
4527
9692
9471
5894
6552
4538
8133
6674
4607
5521
5382
7430
6406
11814
7676
5456
9514
4581
7287
8212
4153
5257
6194
6375
4756
6329
4264
5358
8738
9274
6646
5898
5377
4584
6027
5752
4488
4485
6422
4276
6192
9300
6550
6277
6429
4043
6595
4216
7926
4634
6585
4271
4044
7481
8075
6672
10590
4410
5728
5135
4651
7664
5546
9500
5128
9562
5145
5408
4312
4730
5748
6383
35060
8124
4194
5494
5838
5792
7918
4480
4109
9430
6583
4937
4415
6528
6202
4299
5473
4778
6060
5620
6226
5076
5880
4419
5848
5583
4562
4191
5725
8346
4270
8504
10802
5763
10801
5320
5577
4472
4878
5180
5920
52145
5306
6680
5691
17223
5814
12993
8981
4447
9237
6435
6377
5625
5428
6698
4943
8053
6513
6130
4089
6523
5908
4491
5948
6159
8329
35950
6054
6056
4372
9366
5803
8999
9150
4667
5965
4405
5292
4487
5328
4274
5999
9754
4307
4975
5958
4783
5893
6030
4503
7180
6834
4436
6222
5154
12319
4783
6278
5496
36182
6257
5155
8090
6037
9515
6537
4364
9668
6056
10263
5605
5582
52960
4572
5793
5237
4364
8553
6125
5206
5164
11133
10765
15525
11351
4807
6543
5188
9942
5840
4938
6737
7094
4947
6594
5780
6164
8538
6639
9639
6618
51941
8007
7613
6418
5374
5237
7934
4818
5724
34724
5572
52095
5818
5195
5787
5029
53285
4765
5817
4859
4733
5863
8382
35468
53371
6462
6353
6392
12225
5676
5221
4865
4953
6658
4579
7465
6445
12560
5641
5860
4558
6146
6035
35683
6237
6062
6914
11228
5594
9402
7397
5798
6634
53134
4805
4162
4892
34413
4988
4823
5217
5760
5769
5572
6648
5195
9797
5457
5111
5685
53236
5314
8350
5100
53381
4275
4540
8066
8038
6588
5043
6122
52235
4599
4586
4285
7778
6284
4347
9533
6156
4630
52674
6286
6152
5495
4526
6257
6519
4767
6663
4228
4587
9816
4866
4194
37094
6383
4935
5154
4898
9616
4790
6591
12629
4477
9999
4308
10408
7296
4386
6368
4451
52985
5566
8603
4969
6814
5450
5519
4997
4843
5288
5909
9470
12562
5063
6057
4796
7072
5253
53128
6195
6466
9361
5985
6237
6690
4444
5329
4776
5852
6466
4974
12060
4995
5789
4816
6533
7184
4368
34258
9162
5355
4771
8762
35938
4942
8440
4675
6016
4152
4497
5658
4957
7142
7828
6273
6336
9670
5618
9021
12460
6546
5555
4641
4352
4907
7199
4528
5059
4795
5931
52657
6065
7500
5858
4731
4521
6436
6132
6504
4243
5549
6142
51824
5431
5804
34601
5979
6828
5424
4727
4250
5436
35081
6429
5172
5057
4654
4482
8401
4840
4299
7171
4700
5356
52762
4614
6513
6663
5746
4655
4323
4902
4471
5649
4386
7143
4427
5370
4964
5466
4207
35647
8111
8560
4222
5351
52415
6679
6024
4489
9413
34815
6159
5993
5104
5453
4376
5795
5192
4474
5718
4787
5338
10197
18319
4854
4433
37109
6253
6379
6261
5394
4519
5236
6639
6598
5367
5037
5218
37089
8474
6411
6487
5047
4192
4410
6631
5190
6177
4457
6430
4892
5730
5796
4308
34845
6283
5101
4230
5670
4819
6603
4858
4880
4768
4382
4801
5770
4515
5764
5774
4328
5094
6516
36422
6556
4365
4408
8692
5852
5419
7270
5575
4613
10771
5652
6303
52816
8374
5940
6011
53140
6388
5526
35344
37075
5192
34406
6358
5335
4826
4922
5427
8016
6117
4749
6115
6565
6012
4261
5968
4494
6596
6166
52787
5094
6277
8761
7481
5689
9581
6032
5480
8069
8245
5002
4736
5314
53194
34733
8492
16245
5983
7376
4704
13435
5531
5749
4531
52396
4420
6856
6433
8250
9697
4703
4800
6371
7706
11030
4726
53307
5619
52361
5202
9196
4540
7746
9178
5261
4444
4765
10785
4726
4252
5771
8600
4752
8314
9276
4662
8022
4886
9640
5066
5054
6128
4893
36168
5608
5115
4908
6624
4452
4466
6471
15691
8892
8969
5373
5972
13667
4830
10059
6595
4850
4833
4617
5810
53266
5384
52757
36173
4554
36264
5876
6620
8457
11118
5142
4815
5273
10346
4560
6349
5063
5904
4796
53328
5090
5698
5535
6505
5561
51922
5603
5903
5287
5526
6478
5116
4822
6266
6621
5747
4369
8253
5568
8009
6362
12547
5062
9414
15356
5229
5151
6632
4460
5433
4872
9642
4900
4484
4414
4704
6220
53367
6682
11908
6289
8141
5947
5366
6018
6398
4939
13949
35307
4889
8101
5025
5535
53095
4395
5505
5733
6330
6348
4435
8507
5239
7459
5006
5162
8319
4950
6357
4875
5430
4348
5593
6889
4800
7983
53226
5314
6168
10948
6217
5200
9629
6502
5980
5299
5132
9152
6305
9188
6699
11779
5390
5531
5784
6110
5799
4585
6611
8688
4773
4742
6667
4700
6895
6649
7228
8716
5497
5956
4495
8189
4305
7566
4333
5667
7382
7498
6104
8254
4754
4672
9073
7837
7086
9034
11696
12352
6655
53036
5243
4326
10187
5805
5520
6231
6042
4615
4332
4568
52250
7476
5572
5509
4682
9007
5095
5689
5480
8192
5264
4524
9700
6746
5824
13581
6067
5267
9136
5075
6068
13012
9105
5303
52326
6047
5444
6049
5542
4349
4494
8193
5968
5272
5633
8226
7525
8160
11466
12313
8410
4581
8760
6266
5251
5779
5506
4735
7703
4344
6554
5852
4413
5749
5961
4819
4817
6619
6442
6558
5482
5390
4811
5352
5633
12571
4902
4936
6492
9531
6129
5389
5496
7947
5853
5357
6048
5509
8618
6532
6360
6954
4841
8143
5992
5804
52128
4864
6043
4941
6450
8028
9440
5834
4788
5551
5559
4934
5371
4914
6490
5897
5104
9392
4863
5119
5273
6655
7181
7538
5398
52219
4888
5450
4733
5591
4859
5257
8756
5590
5597
5400
4964
7059
5231
52119
6147
4528
6285
5337
8220
5557
5678
5554
4826
9316
5890
5464
4813
4739
4646
9286
5595
6137
5661
5140
9489
6600
53018
5657
5177
5568
7211
4984
5964
12067
53401
6367
5678
11432
5473
6639
53147
5730
6165
4626
6623
4755
6522
8702
36423
6414
6491
5120
53179
5150
7064
6681
5055
5573
5103
8051
6498
5454
6328
52684
6327
6107
5333
5339
8392
5144
8331
4972
4806
5191
4906
5623
4853
4916
5321
8522
5695
5092
4845
7731
4622
4979
5233
6302
6404
5380
6308
8550
5375
4870
5928
5359
6108
11870
34642
5558
5338
6180
52236
6122
4493
6219
9349
9369
4674
5397
8601
5307
6353
6392
8012
4545
4494
4415
8604
4942
5187
6299
14273
15464
5645
5822
5801
6787
5733
7853
5276
52143
4958
5479
5698
5282
6577
52506
5711
5943
5447
35696
6008
10023
6314
4728
5041
6166
5628
14675
6596
4711
5255
5660
37068
4925
5832
8279
6182
9234
6506
53422
5317
6820
7820
4715
5340
5026
5020
8627
52819
6111
5329
7402
5440
5013
6089
6126
6553
4648
5324
4944
8629
5624
6465
5942
4936
51854
4561
5646
6658
9390
6086
7962
8819
6850
53290
5510
6438
5642
6333
5849
52387
6308
6010
7340
10967
7652
6710
9057
5407
4534
5501
9015
5972
5115
6456
5962
7223
8982
7895
8345
6542
5059
52151
5311
7330
6163
5792
6615
8968
5913
10314
8038
9632
6407
9769
8607
7019
4832
5516
12948
5846
35051
12349
23870
12567
51972
4697
8749
4926
36165
10645
4734
36186
5174
8585
6584
5423
4917
4930
7912
5931
7535
5423
6953
6351
4959
6184
9662
4584
5677
4746
5813
5671
6688
6288
8963
9658
6121
5879
6577
36156
9099
6401
6297
35432
5432
5434
5695
4525
6427
52485
5615
8150
5642
6673
10165
52879
5169
5250
5846
6690
4920
4963
5256
8358
6018
4999
9047
5439
6538
7690
8612
6436
4462
4604
7749
4667
4802
4798
8252
8925
6400
5512
8778
6259
5953
9674
4580
5167
4890
4818
6185
7471
7349
4690
5926
6693
18149
13833
12778
12993
4754
5695
6614
6480
8196
6296
7109
8686
6713
4672
5086
5260
5717
5460
4645
52704
5441
7300
5894
4551
5573
5280
8460
4943
7882
4756
5946
6085
9227
6229
7838
5477
8608
6568
5451
4867
6493
5641
15200
6416
6402
6549
5724
5456
11220
7233
4966
5471
6094
6526
5334
6668
5923
34258
6011
5543
8724
9423
7046
5414
51935
4889
4788
5145
5835
6576
5569
6553
8801
7901
6154
7679
5453
52926
4863
5933
5349
6127
5186
4779
7894
5685
6270
5073
4955
12114
6168
53162
5078
5523
5648
52259
6664
6498
5682
8335
4630
4789
6325
35222
9427
5088
6218
5825
5550
11627
6249
6492
6522
8821
6393
5838
6030
7531
6424
6299
53215
5187
5994
9886
5345
6165
35127
5550
5824
6067
5490
6494
52971
6607
6070
5704
9278
5850
7254
7132
6206
5566
8509
4887
4588
6140
52118
8603
6223
52081
6009
6481
6687
5363
35051
5898
5887
5987
5296
6731
9626
6486
5167
4923
52585
6083
6596
52759
4830
6595
5503
12177
8786
6561
37134
6500
6605
52327
4603
4927
53396
5952
4914
5016
4686
6022
8289
6633
5518
12289
6573
8311
9675
7823
7666
7167
8656
6221
4794
52316
5580
5518
9243
6557
6681
5539
4992
6552
9218
4702
6290
5888
9208
4897
5907
6681
5109
5669
6380
4978
5364
52549
5521
6682
9021
7499
10636
7619
5951
5193
6062
6347
6797
6722
6045
6253
5516
7224
6373
4873
4928
6208
4878
6199
5489
5749
5482
12491
5541
4566
6605
4817
8285
5297
5445
4592
53268
5810
5308
8073
4661
5961
22002
8457
4725
52251
5871
9223
6594
8433
7428
4645
4897
5413
52955
9362
6067
6036
6413
6186
11339
6392
4912
11418
36185
6196
10532
4855
4924
6527
6281
4932
5576
5009
4661
7275
6535
4583
5604
5793
9063
5582
12427
4920
51831
4925
13972
5579
4982
9436
7733
9702
8861
4886
11407
6156
8698
4870
6524
34240
35347
5600
7795
5296
52645
6375
6158
5934
7474
4712
4694
36166
4964
5211
5997
6107
6622
5341
8425
6742
10404
4836
4996
15093
7757
6677
53195
34697
5729
5609
7710
8368
7221
5211
5269
4845
6368
6033
5637
5636
5571
52539
10111
6682
9481
8000
8664
6033
6628
5138
6830
6410
12105
6076
11862
9370
5647
8128
4750
6960
52766
8841
4871
8078
6362
5358
9383
6646
34707
7795
5317
5146
6355
9095
5287
5110
5415
8689
6140
6669
5130
5250
52839
4750
6192
5213
5486
4752
6341
9465
5462
6852
6397
6377
6459
6454
4831
6055
6685
5996
5068
8431
5332
5267
4770
5075
51930
9022
5576
6527
4932
5553
5869
9472
8680
5088
52951
8420
5165
6660
12201
10834
7448
4724
5084
12481
6370
5101
6171
8459
6310
4660
4808
5845
36340
9428
7739
6309
5289
52871
5371
6304
7243
6201
9495
4855
5288
4652
6575
9125
5593
5888
5735
4953
52888
6256
5183
6207
6631
7570
6170
10391
6774
6232
5381
8529
9690
6332
6405
8334
4757
6139
7475
6174
6300
5263
6706
6167
9004
5448
7845
5240
8805
5238
7547
5024
10611
6822
10078
35468
5361
9607
4665
6913
6098
13605
5028
5519
6230
6361
7978
6551
5412
6603
8544
7647
16527
5770
5838
6163
6149
14814
5972
6008
7462
5734
4681
9067
7455
6688
51950
6288
4812
5986
5417
5393
5236
8808
5969
5316
5325
5896
52572
4685
5821
5959
7823
5807
5925
52581
5665
6090
7069
5106
6224
6395
6162
51921
35411
7862
5865
11731
53319
5974
10337
4744
52571
7218
8673
12643
5823
5981
6382
6536
35456
5945
6226
5076
5073
5936
16252
18486
6630
8527
5300
7576
7297
12411
5470
6567
10830
6998
5230
9408
6216
5679
53433
5663
6506
6531
15223
7469
4941
6061
5881
5999
5902
5077
9275
6528
6449
51957
6043
6450
6295
15131
5911
5023
35432
8625
4864
12638
8146
5688
4827
6096
8959
5939
7191
7889
5151
5486
5791
9901
5253
6205
5933
5781
7002
5320
6070
6014
5709
8116
4961
9312
4890
6185
6867
5224
8316
6501
5706
5079
9973
5901
5125
5692
5458
5912
5960
7870
7600
6892
4833
36171
52746
6547
5628
4809
5298
8933
5597
6648
52226
6567
35422
6635
12285
6194
7802
5714
8027
5855
5515
7052
9460
5951
7242
5596
8096
8132
5554
5989
36341
5349
5743
6542
9040
5664
5019
6497
35633
9735
5091
52864
6022
5866
5114
6505
10102
6569
9657
6656
5203
8902
4860
6231
5578
5847
8318
4891
5675
6359
35324
5795
5741
8764
5706
9542
5652
52719
5995
51895
5425
4940
6696
7690
6478
6579
4916
5607
6537
6658
6599
5481
6464
12645
7644
5753
8020
5267
4763
8388
6695
9437
11393
5465
6961
4895
6317
5292
5634
8905
5043
6155
4797
36177
5702
5604
7842
6535
5589
53202
5908
5948
51931
9636
5315
6475
5621
35075
5914
5051
6267
8500
4828
5983
6454
9547
6272
7024
5715
5884
5962
6456
8900
8018
5087
5423
6789
4917
5776
5189
8519
6377
52580
4968
5665
7005
5819
6349
4852
5113
6573
6017
7965
5891
8860
34478
6420
9588
5249
14239
5128
6687
53132
6467
5223
4847
8658
7208
8039
7887
5205
9123
6640
4882
7421
6418
9494
6654
6531
10443
8038
5098
6421
5022
5842
5276
5181
6575
9185
9375
12263
5648
52260
5046
4970
6063
5036
5877
5030
6126
6191
52214
5046
6512
8122
5941
8789
5619
5613
5672
4813
5659
51951
5560
34634
7952
5797
7411
5243
8832
6260
6931
5963
8493
5965
7754
5752
4961
6280
8077
6024
6399
6728
9128
7116
6273
5092
10881
4978
6122
10721
4996
4848
8512
6084
7559
35159
7081
6582
4919
6334
12829
7546
6379
6243
53200
6629
6695
7615
6661
4895
6446
5611
6365
6964
8797
7172
5368
5168
5816
6366
8520
14702
5386
5371
5703
5559
5587
52733
5004
6504
5549
10061
5992
4931
8418
6230
11407
10949
5438
5318
52403
5999
6659
6591
5277
6317
5797
5484
6312
7007
10717
5362
11380
5666
9419
5189
5477
6511
6835
8549
5845
7736
7885
5342
6023
6137
5085
5140
10333
11906
5947
6776
6564
11835
6509
8111
4874
9112
6549
8589
6255
34989
5472
5183
9250
6294
6532
6329
6613
8343
8173
36339
10617
5291
5590
4943
52765
4885
11531
6572
9793
6134
9530
6268
8857
9320
5079
5400
5549
8142
6334
6521
6013
8490
9118
6387
8510
5184
13977
6019
11560
5123
7252
5871
4904
5053
5643
5814
4908
6514
8735
5343
8580
52771
8021
9507
9410
5602
5445
52231
8266
5724
6724
5988
10874
11290
5005
8349
5226
5892
8817
5958
6503
10193
7864
12560
9409
6407
5883
6278
5350
52636
5925
5811
6829
6666
6697
5507
51865
5889
6249
51857
7155
7663
9089
7827
5428
5246
12919
5955
5762
53375
6462
52845
5254
5617
5989
6274
5581
15201
4946
15687
36219
5387
5056
9539
5639
7818
15361
15001
8307
15002
7639
8503
8377
10814
5301
5362
7467
6129
6511
12366
4998
6151
7222
6121
5501
5063
5511
5013
6110
52329
5982
5218
9504
5141
7782
6315
5070
9108
8175
6053
5421
9663
9502
6281
7356
6235
8614
6304
8743
7466
5975
6645
6864
5396
9160
5513
13036
51983
8239
5815
6935
5220
5767
5696
8554
9574
5207
6154
8081
5204
6117
6529
6143
5777
5668
9262
6642
5152
5157
6376
5422
52889
5778
6515
5170
5038
11399
5117
8923
5571
6559
4988
5708
52144
6680
5930
9326
6301
5295
5040
5033
6052
8132
6318
9564
11469
7194
6080
6097
5525
9180
6939
6683
13650
9295
52579
6397
6443
5618
7849
34381
5297
7759
34892
34240
5156
5406
4975
8890
6170
11267
6325
6039
9313
6094
6171
5883
8534
9511
6074
8782
6483
8904
6662
5212
10967
6461
36166
6258
5953
52407
5781
6294
8691
7035
5302
5745
9043
6434
6645
6476
6100
52373
52943
6026
8517
5692
9273
6005
37095
5435
5764
12553
9223
7806
5334
6562
6033
10774
5055
36342
9084
12541
8132
6291
5311
8383
7682
6209
5365
36158
13880
7122
5571
8010
5487
10384
6641
6142
6364
6608
5761
5351
9494
6823
8324
6360
52732
5065
5859
10239
5503
8720
7790
5322
5809
5870
19180
6448
8705
6589
9037
12258
12002
10608
12003
5131
5099
8972
5791
5872
9272
7386
6718
5149
5253
9525
6195
5897
8753
36151
5811
6090
10860
5823
7548
5331
8245
6064
52070
6223
6673
5117
8526
9479
9501
10927
12636
6893
7303
8427
6009
7298
7446
5366
8424
5402
51828
5261
5406
6553
35127
6004
6458
5577
6233
7935
6909
5552
7028
5454
6748
6188
53166
5908
6066
5982
12369
34522
6270
5687
5919
6587
5287
8047
5478
6693
5921
9132
6739
9283
11145
18630
11607
52252
6038
12015
6293
12064
9448
5913
8700
5226
5385
9546
7551
7814
8966
6667
6363
5186
5943
7023
5351
6024
6238
5360
8160
6560
8056
7507
9360
5714
5399
34896
52123
6531
6212
8876
6101
5176
5548
7361
8548
6102
5745
52742
6507
11079
11227
9325
5465
8264
5336
51893
7048
6159
5471
36251
5266
5147
6434
34968
6723
6575
5911
5132
9241
7961
8927
8309
8327
5268
5414
9199
9016
5328
7360
5289
5391
53161
6319
6470
6680
6269
11554
5920
5595
5438
5275
5172
5874
7630
8755
8399
8980
6470
5530
11460
6320
8052
6566
5594
6853
6127
8635
5361
6698
12425
53327
6124
6633
5337
5488
7932
12100
5630
6604
10421
52722
6475
5315
5510
5285
5442
6869
5948
6451
5927
6407
6290
7200
7746
6348
8265
5619
8508
5647
8501
6586
6533
5290
7485
22760
6967
6254
9532
5669
5971
6020
6491
6414
6460
6998
8258
36166
8633
5488
6707
7494
5259
12601
35033
52672
8938
52735
5477
5424
5702
6008
36172
6683
12748
6593
8804
11055
6944
9074
9605
6423
5285
9321
8299
7627
6238
5360
52066
6149
6384
8807
5238
7268
5632
6400
14792
6845
6461
7213
6178
6507
6046
52286
5906
5520
6444
52110
9490
5221
5725
8623
6633
5823
8375
6312
7719
8739
6091
7603
6404
9288
7720
5767
5624
34723
9682
6582
53312
6129
5831
8279
5279
5663
11108
6506
5918
7597
36040
12637
5945
6119
7092
53180
6045
6201
6652
6512
5296
6158
7534
8535
5893
5256
9279
5864
6670
6717
6468
6305
7685
8584
11080
11261
7151
5305
5214
5817
7829
6578
5246
8255
22911
52837
6018
5512
6130
35222
52953
5506
9015
5628
6911
5407
8705
5264
5796
7450
5612
5209
52510
5186
8901
5837
5829
5816
7641
52693
10256
5208
5353
6647
5219
53023
5960
9329
5258
52392
5548
6227
52136
7378
6120
5910
34406
6601
6108
6563
35104
35061
8970
11959
53214
9314
5648
12170
12652
5365
6214
5717
34741
51912
5346
6852
5304
8622
9253
6560
5446
8481
5299
6171
51974
6665
5225
7617
6176
5653
5868
5402
7332
7062
6232
6677
6496
5382
6035
5304
52362
5547
7277
15201
6115
5297
6038
6662
8745
6040
15841
5511
6127
5778
7756
6454
6074
6702
9584
6012
11453
8654
5233
7440
6570
7699
5463
6066
34792
5877
6319
5391
8174
6409
5912
5773
5881
9368
12142
15201
36219
14273
6215
9512
6526
6094
9459
8916
6586
5875
6641
6364
6650
5743
8366
6488
7611
5629
6593
52120
6654
5362
10055
5532
6010
6162
5819
6278
5330
52966
5309
5649
8985
8911
5741
6691
5962
6060
9659
8085
5293
5342
9166
6235
7684
5521
6674
5975
12315
5944
30142
6431
6465
6078
52447
5247
52446
5788
6761
5348
5777
6091
6550
7450
6359
53066
53149
6806
5327
5540
5286
5555
5453
5993
5487
9609
52393
5426
9017
6063
5534
36158
8446
5765
51829
5790
5743
7151
5744
6082
5442
5751
6660
8648
10091
7756
5470
7470
9088
52324
5639
8733
5519
18728
6000
5930
5479
35041
9002
7359
5672
34723
6167
6033
5861
5636
8592
6269
52140
5890
5977
36343
5584
5612
7074
5720
5343
6412
35190
7710
5868
5878
5527
9473
5391
5345
5708
8008
6181
5832
7545
5493
6337
11371
8404
6108
9634
5977
6316
7176
8090
6037
8469
10031
5599
8816
8909
5587
5882
9568
8229
6499
5915
12062
7398
6519
12457
34689
6270
52148
6226
6153
6183
6403
5497
6700
6307
6311
6175
8294
5711
52107
8019
5607
6092
5768
7987
6977
7804
53229
9789
6369
53421
5588
5508
5808
7779
7134
9626
5712
7698
5434
6613
6028
53323
5437
11225
10426
6144
9947
6342
8906
6064
5807
7985
10811
9378
6425
53148
7344
6514
6277
8761
6296
52967
8105
9583
5841
6346
6366
5386
11021
8317
8295
6346
52003
9277
14064
12505
10883
5659
6288
6064
8784
5350
9673
5522
6627
53172
11789
6326
7800
9853
6250
5431
37099
6559
6397
51913
5421
5906
5750
5520
8677
7466
8042
6107
5740
5464
6101
6521
6409
6697
7162
53138
6627
6023
6841
6546
11137
6042
9255
5766
8201
6886
7405
5793
9082
7701
5463
5806
9526
52550
6289
10537
8880
5829
5395
36185
5740
6138
52491
9344
52893
5850
5459
6057
7182
5405
6088
6093
7687
5680
12525
6842
5504
5598
7323
11870
5954
7866
8979
6453
8231
6341
8754
6676
6424
5693
6263
5710
5673
34707
53445
5767
6026
11096
5707
52099
8338
9208
6426
12691
6625
5581
35341
6264
6780
6571
8717
8594
6006
6321
5430
9803
6482
7337
6183
6274
6554
6114
6470
6115
5483
8820
5574
8895
17939
5814
8547
6435
6145
5494
9394
9254
7747
12003
11573
6547
6335
6435
6393
34910
7205
6320
9680
6222
6618
6145
6135
8184
5426
6218
8579
51936
5534
5416
7573
7702
36157
7289
8125
10886
10262
6367
5987
6810
6481
7590
5969
5951
10804
5998
7146
52736
6635
51896
8657
12384
6551
52384
6321
5788
8137
6446
5611
6138
5844
9011
5670
6603
37118
9055
5774
8811
13845
5440
6374
53286
8328
10003
9540
6653
6429
52695
9524
11327
9221
5692
6615
37078
6598
8480
6809
7187
5608
14862
6214
9267
5719
8480
9600
7679
5568
52304
5747
52901
9147
8731
5840
7600
8149
6338
11405
6149
6313
6855
9661
6403
6263
6153
5625
7804
9399
6523
9623
11504
9611
7338
6545
6011
6672
52814
8098
6350
5745
6355
5588
6173
53317
5532
5681
6459
5476
5873
6417
6647
6209
5567
5964
35205
8365
10828
9528
12991
6630
6540
7229
6741
5975
5531
13155
6007
8370
6075
8636
6202
6721
6012
7426
7680
5795
7103
11523
6548
5828
52727
6413
5492
6371
6889
7438
14800
12796
14117
6393
9593
8112
8422
5967
6581
6140
10870
6669
6239
8368
9513
9079
10428
8152
6345
10864
11618
5917
9337
6246
53108
5527
53061
6621
51872
5997
6659
9610
52021
6636
6082
7662
8674
7319
13928
12796
5978
9612
5856
6201
8956
34672
6683
7139
7587
6391
52558
5942
5925
34413
6204
6068
6046
35573
34815
9328
6213
8874
7970
6696
6341
5762
35683
5533
12828
53314
8452
5722
11042
6105
7070
6770
8844
6260
6520
6752
10495
35910
35110
6541
6295
5825
52846
6610
9341
6631
8752
6598
6047
5889
6697
7249
6747
7660
5681
5996
9615
6173
7526
6292
52192
6006
6261
52401
7138
5828
9586
7060
6584
5981
6382
7387
10955
11612
53363
5922
5970
7384
8121
6574
11006
6304
8597
13219
7658
5853
6362
36187
6715
5734
7522
6085
6590
52238
5847
5583
7735
5684
9382
7640
5754
6664
6089
7649
6345
5626
8558
6684
6243
5868
5987
52605
6534
6196
5583
5849
6180
7168
6122
9494
6698
6211
7843
6882
52165
52896
5966
6469
6441
5783
35661
8401
53412
5927
6066
9379
6530
13185
7624
5712
8682
6396
7865
6979
6318
52345
7807
5844
6019
10817
5844
5738
6887
53260
6629
7568
9183
52181
6625
8741
7512
11906
7933
12068
6084
6191
7869
6602
12778
5617
52155
6444
6292
5887
6375
9187
9045
8641
6574
7214
6851
8074
52455
5900
6686
6597
12993
6147
6474
9171
6236
5751
9350
7291
10725
7117
8411
6342
7401
10410
6176
9569
35592
9291
6465
5635
9620
52752
10038
5632
6406
7113
11163
8684
10555
6190
8566
7310
10611
7681
9165
7050
9795
5728
6062
52325
6047
6628
6433
7316
7876
5798
10963
5885
14500
15200
6493
8297
7742
35205
6307
7112
6206
6675
7523
6378
7483
7695
9417
7647
8818
20492
5668
52978
5932
6410
12278
6254
8591
53019
5835
8157
5822
5853
37069
6570
5701
6600
8198
34757
6228
7956
9111
5760
7789
6862
5710
6471
7107
6849
5963
7502
6043
6324
35768
52418
5986
6053
5992
11411
6150
6517
53085
7940
5725
8545
10753
12631
53432
6136
6484
5851
6152
6727
8449
7217
8064
9176
15194
8835
5886
8562
6228
52902
6497
6298
8917
9075
6039
6619
6558
7090
9579
6490
7357
12129
6812
6026
6601
5910
6120
11622
8300
6644
9042
5769
5952
36191
6323
53334
9054
9728
6548
9416
5970
53092
5709
5872
5839
14273
15200
6634
15092
7377
35341
9357
6401
52569
9271
6128
34405
11079
7998
5812
9684
6691
8260
6477
52161
6463
9567
6161
9093
5737
6495
5770
5774
6868
12501
6477
6264
8791
7065
52655
8668
10084
12706
6689
7359
7981
6444
53146
36191
30142
10485
6713
6524
12275
6659
6781
36166
6340
8633
6576
6116
5886
9307
8837
7638
6113
7317
6190
6125
8843
6614
12389
8069
11080
8135
8630
6657
6483
6878
5750
5855
5833
12660
52497
6248
6052
9000
6148
7124
7951
6174
6002
6646
8853
7819
9068
7903
6755
6121
6131
8924
7642
13600
8079
6131
9633
7830
5875
8385
9110
6684
9271
20492
6594
9124
6210
6361
6863
9546
9683
7255
6602
9562
9215
6105
6063
6152
6600
7220
6097
7534
8430
52738
5932
9060
35222
12310
12543
5871
5867
5808
6135
10450
9643
36290
36052
6014
35051
6050
7665
35727
8268
6534
6093
6015
19307
15370
52500
6542
6466
7198
6145
5842
6517
53039
9665
5928
6457
6690
52553
6251
8362
5835
8272
5803
7160
5976
7992
6187
6417
52131
6046
5847
6687
6369
5902
8824
6804
6374
9169
53273
6581
8027
9538
6636
52022
5990
8178
8875
6847
52094
7770
6469
6096
6095
8436
5852
6564
12428
6559
52779
6197
6197
52843
6211
8525
10002
6157
6216
6017
35344
37087
6157
6488
9669
5832
23241
8107
34968
9308
9262
5924
14003
22631
9080
6819
5874
12841
13155
5960
8005
6584
9367
6400
6643
6097
6555
7372
12594
9565
52253
6180
6590
7574
6479
9604
8298
7169
8661
6508
34855
7195
9511
34855
6483
11876
9476
8939
6628
5861
9154
9381
6141
6674
6220
6431
6439
12003
8729
8497
35474
35231
8948
6061
8376
7120
7777
7532
6028
9168
5910
10318
9050
6110
6142
7443
8232
7409
6442
6131
12939
5920
8573
6164
7588
8155
6668
8599
5944
6861
7098
6495
8234
6534
5940
51866
6390
7846
6413
6134
6473
7163
7031
6486
6452
6678
6251
6087
52802
15415
6041
5974
7479
6190
9195
6138
5953
7715
51879
6441
6555
6643
6607
6494
6295
6552
53203
7508
5918
12527
8972
8463
9109
6883
6248
6692
53376
6539
13928
14814
6777
12296
6114
6228
53349
6367
36165
35292
6869
35945
9842
7012
52589
18486
35076
11346
9217
7939
6996
9026
7417
6029
6801
34364
52147
52983
6091
34989
6422
9843
12117
8759
6507
6157
7221
8823
9263
7657
9107
9538
6310
7102
5997
51873
6031
9433
6175
53243
6510
11959
6172
19121
6173
53318
5974
53415
23870
6673
9038
7683
6244
9850
35923
15165
15167
8321
7202
6203
6606
6059
8240
6664
6606
51877
52364
6223
8291
6610
6467
8484
8470
7504
6637
10356
6271
7174
6549
7327
52777
6069
9573
13187
6054
52299
6200
6854
52440
6198
7011
30484
8564
36290
8572
9537
6587
6403
52419
6048
6636
12033
7025
6103
5995
15541
6638
9146
53144
6011
7766
6604
9014
8306
52408
6591
8937
6424
8897
8045
6343
6427
36159
8228
8216
6626
6164
8552
6656
9512
36217
6876
35053
8819
13941
7463
6612
7887
7142
8658
10602
10333
7751
9482
7107
9167
6372
6566
52810
8098
34258
9688
6029
6081
18291
52948
12223
6501
6525
9113
9041
7185
6836
10949
8744
6669
9619
7655
9580
7307
6146
6134
6732
52222
7077
7943
6041
9655
12320
8621
6337
36153
11369
6354
8906
12077
52271
9539
8918
7594
8693
7284
9143
6512
6501
9334
6397
7674
10471
6491
6282
6516
8301
6083
11208
9622
6503
9411
6974
6376
52662
8938
7596
10042
52783
6326
9545
53291
6423
36033
6076
6643
7318
6315
6810
16076
36264
6110
7829
8914
6415
7282
53209
6619
6555
9695
35680
6313
52586
8511
11379
7856
6583
6221
9222
6520
6933
9556
6418
6527
52512
9111
6322
13208
9303
6272
7504
6632
6652
7726
6356
9480
6160
35365
6468
6462
6351
7301
6650
6263
6308
9458
6856
52639
6457
7534
7801
6388
9335
9566
6712
7858
6244
12352
9485
7264
8197
9397
8359
7740
8784
6332
9503
6356
6269
9044
6649
7501
6528
6568
8984
6818
52939
6240
11077
6838
6307
8450
6607
6188
35041
8233
7350
6799
8646
34757
10755
8169
6561
11798
8478
12074
10599
6415
7193
14395
14239
15691
6766
15253
9139
52221
8935
7260
7571
6443
6421
6155
9483
36164
10218
6372
7325
6388
9976
7834
52381
6339
6267
51880
8403
53142
34395
7431
7902
8371
35266
6204
6588
8476
9632
11867
6879
36193
9429
13955
10677
6657
7738
8120
7839
6448
9919
7373
6952
52744
7585
8952
6182
8134
7379
52423
21041
8615
7873
34310
6543
7204
7813
6479
6287
6378
6388
7565
6325
9592
9557
52778
12369
6275
52853
6331
6485
52298
6284
8191
9509
52052
8913
8283
8324
7541
7964
9548
6347
7840
8197
6260
16162
6463
8912
7066
6261
8302
9254
6962
7563
6245
9535
6239
8049
7230
6611
8840
6408
53368
52367
6298
8943
52080
35231
7922
35474
6386
51916
8523
6458
6635
10466
9289
11440
6676
9120
6587
36347
12423
13998
10606
52489
6440
7975
6440
34691
53164
6437
6284
8327
8887
6958
9127
7412
17985
16760
19922
11050
11974
6660
11607
11067
52554
11098
8542
6480
9393
6293
16721
52927
52186
6340
6508
6509
10904
52196
6499
7154
8154
11568
12354
9363
7693
6370
8796
7346
12108
6391
7714
52117
10330
6544
8489
8713
6610
52892
6548
6667
6569
6395
10216
6589
18832
35333
6679
6641
6685
36264
6460
35278
36222
6389
9022
52835
6449
8326
6426
35066
8270
9536
34697
24868
6447
8679
52958
6342
9161
6354
8461
8879
34255
6663
8574
9529
9452
11463
6653
7164
7353
6969
8586
23870
53413
36160
30142
9092
9587
6333
6337
6665
52626
9970
9216
9015
52593
12174
6487
7756
8722
6670
8530
52422
35266
36064
8145
7489
9637
8862
9178
12545
6428
7359
8187
52770
6412
8726
6622
7179
6360
8355
6349
8054
7157
7745
35325
13026
7781
11017
52380
6580
7051
8714
52992
8323
9053
30499
8307
9666
52862
6389
6386
11074
6439
6472
7739
8581
7247
6645
9025
6529
7722
8647
53086
8246
8190
9028
6515
6577
51825
51995
9310
6790
53351
7161
7286
52085
8695
13598
6524
9103
7652
52647
9346
52590
7785
6467
6488
52203
6609
7887
6780
6571
51965
7886
35125
6563
6396
16188
53450
8998
9562
11636
11892
8306
6562
7806
36337
52603
6621
8286
8406
8294
34750
52426
52379
7950
7358
6455
7231
6471
8803
8030
52726
6570
34750
6834
34707
53420
6820
6426
15071
8000
6445
6613
7197
9364
7959
7097
16009
6518
53075
36160
9839
6485
8416
6508
8927
6485
8250
12258
10074
51878
9541
52511
9111
8320
9449
9763
51933
9628
7131
7272
8940
51949
6617
6536
6510
8831
7239
6697
6647
6521
52391
6567
9133
7440
8977
53378
52160
7053
8014
53118
8215
7527
8243
6670
52823
7593
8374
52487
6583
52374
9222
34450
11521
6763
7281
6502
6500
6784
9134
10572
8014
13703
6544
7803
6508
7569
8147
8639
51998
52904
52258
8107
10160
10339
8218
7472
7482
7473
7108
9051
53242
9937
6692
12467
6833
12180
35983
9135
6620
9388
16174
52370
9469
6970
8537
6662
7957
7369
51928
10866
6642
30326
7879
9739
7009
7524
6623
7625
9163
35110
7854
7930
10548
52216
35347
11736
7944
52763
10636
52747
7938
9645
6580
9081
9648
52178
52596
6620
7659
36152
7189
9681
10028
6668
51924
52659
10137
18578
6632
8248
52224
10088
37113
52330
6940
10123
8680
6711
9151
8429
35391
7156
12727
52385
6644
53300
52366
8780
10906
7836
7491
10905
16221
15167
34862
6738
52751
53032
8560
9373
9134
15648
7860
7605
7595
7575
9006
7083
9094
7670
52202
8113
7620
6696
7549
8903
9520
9987
8543
11165
7367
7184
8707
53210
53062
9431
9030
52182
6902
35710
35127
53136
7988
53251
16865
16289
52020
52987
6743
51939
12935
7762
8751
8332
9101
12411
9292
6978
8279
9577
7313
12591
53080
7913
52998
7505
8932
7334
52300
7692
51966
52212
51923
8084
6969
8942
10432
11410
53197
7914
52353
34522
8389
8477
7605
8464
34845
7636
53133
36187
8274
9661
7055
6950
9772
7262
7945
8931
7960
8271
9405
9617
7755
9647
11193
8963
7502
9039
9322
9547
9475
7981
11927
8992
7348
11347
7075
12625
12586
7188
8481
9152
10341
9165
23137
8135
7396
7103
6858
8279
6989
8704
8331
8941
9487
8587
10015
9169
8261
7826
11631
9308
7732
7633
7068
36170
8655
8178
15769
11530
7306
8741
8029
7235
7730
10857
7773
8215
6833
7092
7413
8223
8430
8519
9693
8877
9036
12204
9579
8907
7909
7251
10732
10903
9398
9129
11579
9125
11308
7060
8318
8918
8696
9183
7049
7094
7438
7175
7924
8335
6974
8510
7296
8796
8249
8890
11879
10490
7792
7801
9441
8127
9090
7278
9149
8991
7176
6884
7079
9229
8861
9702
7733
12878
11419
14196
9989
8122
10374
11991
7346
7673
7787
8255
11647
34944
7772
10689
9407
9289
6756
9212
9471
7753
9442
7208
7954
9767
6865
8484
6807
15657
7639
13320
12573
9480
12111
9025
11857
9023
9240
8365
9854
9488
9108
8233
7486
8125
7382
11954
6862
8773
11863
9208
9409
9331
8073
7697
9006
6933
7871
8284
7086
8099
8863
8534
6757
9230
9303
12167
10196
8664
6845
10172
10601
9231
9597
15205
8391
6893
9513
7877
7875
9068
9070
7823
7963
7163
8667
7056
7070
8872
12442
8540
7658
12831
13202
7063
14656
7044
7012
9870
14003
9000
8225
14855
8381
8424
11775
35040
36164
52425
9453
7046
8604
8605
8795
8041
34317
8814
7819
10707
8853
7176
10031
9123
9944
7406
36148
51842
7910
10173
8045
8609
8496
9703
12340
9528
9379
19209
7597
9834
10988
8330
8630
8548
11491
9259
10899
8272
9308
8115
7398
8024
8029
6930
9245
34464
9227
8106
7641
11591
9819
8292
10810
35238
7433
8118
8546
15709
9418
7104
7884
11758
7017
9091
13695
10713
7535
7665
6964
9202
9197
7121
11405
7735
6957
7762
13289
8751
10105
12295
9953
9531
7966
8903
7610
9172
10871
8201
8738
14632
7729
7583
7343
9301
8353
6914
7041
8063
7183
8547
14399
9935
11951
7916
11221
10838
14559
9664
7363
9404
8046
8391
8346
6928
6959
8873
6943
7562
15396
8816
53152
8798
8886
15378
8768
35710
14537
8950
7855
8877
8430
11111
7278
8219
7015
10751
8229
8517
8236
14662
7612
9493
8649
10397
7849
9396
8428
8241
8166
8997
8189
11697
7317
12352
18682
9251
9798
7076
7672
7099
8415
8860
9253
8177
9403
8949
8868
7310
7640
7956
9277
8429
7557
9038
7221
8205
11183
7710
8931
11244
8884
7505
10792
8791
8452
7586
8513
34867
7260
8872
9056
8667
7200
9508
8892
35647
53057
8164
7577
7908
34956
8809
8049
9049
9143
7244
7531
8411
8453
9478
7077
8928
6910
7018
7476
9194
9523
8308
10255
9579
7128
7556
11960
53171
8683
7490
8841
15644
12175
12427
11005
8888
34636
8235
6875
8813
12268
11565
10896
9148
7147
35030
7662
15238
7386
8280
8905
8587
36239
9649
21420
19946
8904
11019
8006
7375
7794
9162
7076
8412
51981
7085
7397
9060
7601
15593
13576
6909
7518
8298
7745
9096
9117
15175
6937
11471
7107
8595
7009
8849
7237
7890
8653
17966
8541
10419
35630
9836
9091
36157
9077
10447
8871
7651
9390
8891
7400
7250
7330
7928
9245
16367
8970
10242
7029
11487
16527
8811
7074
7524
9217
14847
8916
8817
7891
9369
16950
7628
10605
7587
10564
15437
7810
7825
11184
34758
8336
8146
6877
8946
9238
9001
17354
12249
8882
17745
7439
7040
35276
9105
11246
10803
9313
8398
9012
12530
35671
8217
11003
8518
9012
8398
9489
8579
10418
7857
11843
7557
10834
11916
14605
9279
7444
7461
8579
6996
7136
12379
9305
11798
8242
8764
35292
7443
9450
7994
7341
7114
8045
10824
8937
11436
7568
8676
7637
7037
11100
9695
8063
6896
9895
10808
12378
11532
7082
10901
7793
10435
8373
11636
11486
7738
12769
7765
13412
10200
9663
9334
11203
11359
7408
9727
35784
8312
8911
7441
8441
10325
7716
12656
8608
8395
7882
9247
13962
15440
16059
18079
10342
11906
7933
10353
8828
7277
14269
7130
7495
7398
11422
7013
8981
9339
9640
7689
14675
36066
7385
9430
7160
8921
9266
7888
7097
15013
10251
9172
11490
10284
9276
7771
10334
8715
9249
7456
9350
8342
34377
8236
10841
8836
12096
7878
9067
8698
9395
7499
9437
36173
12022
7474
7002
9978
8060
11575
12287
7856
8204
7111
8053
7616
7623
9690
15560
9703
11634
8345
7926
18605
7298
15045
8784
8038
8168
11415
13996
6984
9376
9621
34860
9238
8015
7527
10129
12256
10150
13537
12176
9254
8369
7238
8061
8556
7218
7039
8415
9316
8200
9411
7407
7502
8833
8525
9907
11880
11616
9157
8072
8742
52456
8342
8074
7931
12597
36172
6967
9561
9889
9284
8653
8541
7496
8209
8968
7788
11423
8282
7807
8719
9367
8263
8344
8384
9069
10367
7309
14455
8303
7475
8149
9128
12551
9438
8670
8104
8514
7121
9404
8047
8532
12583
8476
11057
7663
9348
36171
52745
8585
7025
8387
8418
7472
9435
7506
7699
8273
11149
8719
8109
8672
34451
7557
8110
8956
12882
8376
9169
8117
8551
7450
9698
8898
10265
8799
8119
7311
8874
7160
7174
14008
8867
34581
9144
7580
9383
34247
10252
9110
15176
8385
7610
9932
8591
9424
9218
9165
7388
7892
8953
8728
9602
9306
9546
8222
8554
7232
12609
7957
7532
8456
9226
7405
8589
7938
18129
17546
15021
8361
34348
11680
8850
51899
7201
9414
10935
8163
8826
7921
9540
9153
9490
7900
52111
11555
8682
9302
9100
9186
8171
8050
8735
7231
7132
12613
7390
9358
13090
21188
19257
8151
7760
7698
7084
13745
7383
8302
7028
9577
13552
9996
9098
9496
8274
8182
35075
9389
10195
13179
11251
34256
12915
12152
8539
34550
34894
9595
9000
10101
14517
8225
7165
11703
8428
8356
10132
9402
8401
7256
8203
9693
11900
9408
8812
8916
15425
7859
18654
7892
7552
12473
8037
8587
9624
8280
7088
7698
7971
11759
8691
8118
7661
35059
7527
7202
10409
9522
7930
11517
9087
9183
9571
11474
7932
7103
12415
7843
8834
8044
10768
8758
7333
8281
8297
7995
8830
12697
11347
7937
8115
9372
8421
12288
7145
7133
12332
9650
8472
11547
8060
10351
10244
8805
7037
8865
8322
9258
10543
8334
10836
8795
8390
7336
8620
9616
12336
7466
9519
10167
18327
12472
8018
7219
9028
9301
8761
8353
7290
8655
8012
8758
7739
10429
8598
36336
7391
34644
9339
7620
7899
12083
11249
7527
8206
8388
7308
8133
8389
9385
8635
9427
9052
8475
7866
8448
8092
35983
7734
7344
10405
7691
7520
9507
9640
12280
8928
7877
12465
7073
24243
8978
8980
9804
9287
12626
7462
9239
8838
8495
7811
53329
7447
8100
7960
9437
11699
12433
9578
8830
9269
9468
8769
12528
8136
7351
7336
9343
9354
15620
8707
7128
8431
7556
7795
8676
7234
9481
9024
15141
8592
8465
15441
8665
35023
8106
16416
9207
10298
13165
7065
8478
8351
7708
11141
10780
9250
8121
8275
7935
14483
7362
8469
7118
8752
8783
8296
8377
7225
53055
8164
8560
9132
7710
9142
8095
8241
8352
8804
9495
8711
9206
7783
11796
7190
8713
9505
7142
9357
7453
9811
9089
9191
7922
11019
8187
7702
7708
7097
7951
11540
8040
9072
9181
9604
7572
7280
7590
8266
9083
8725
7495
9298
12496
7689
9058
12502
9063
9082
8087
9114
7921
8023
10469
7715
10095
9674
7497
9282
7995
8977
7686
8885
9494
7613
8271
9141
7088
12700
7201
7804
7619
12587
9509
36155
8837
34218
10093
8824
7415
11747
7454
9333
7282
12582
9691
9558
8444
35039
8531
12562
11739
7209
8020
8893
7722
8470
10669
7504
36223
7906
12084
10014
9175
9333
7844
7728
8217
8936
9226
10740
7136
10912
8685
9447
8948
7191
9597
35237
8400
10664
8286
36144
11038
8695
11659
8006
8856
12424
8860
8679
9369
36144
8292
7895
9134
9611
7374
7279
10731
9235
9103
12035
9352
9207
8089
9179
9125
12611
11901
12627
7982
8174
12399
7186
9206
8483
8982
8148
13060
9213
7911
35867
9472
10954
9602
7314
9059
8733
9225
9158
7746
12269
13852
9359
9459
9303
8011
9231
7175
13868
8319
9269
10542
8169
12787
9489
51889
8907
10733
11342
10765
8461
12091
9265
9657
8691
8278
9548
7675
9608
8434
8785
36215
35099
7480
8152
10524
7518
11044
9694
7405
36145
9290
7379
8009
9609
8445
18631
12606
9295
8747
9321
9819
14474
9504
34311
7401
8994
8708
9344
8648
11710
8494
53218
7743
9355
7551
7461
11047
8211
7912
7213
7716
8645
7734
8717
9506
14453
9391
8753
7305
34487
8100
9382
8651
8043
7836
34451
7650
8780
7964
15000
9700
7321
9053
8219
8229
8293
8476
9422
34789
7688
10165
9587
11556
13113
14528
11014
9678
9620
10986
10762
9425
21293
7296
13333
7731
9584
8724
7423
12463
7666
8374
7509
8777
9439
11898
14466
9338
10996
9607
9187
7740
13882
7574
9813
11824
9205
9078
9800
8574
7334
8040
11093
9275
34555
9524
8875
9364
14459
7332
8376
13586
8123
9591
9822
7787
10630
7311
9069
10073
8130
12432
9073
7837
8726
9672
9497
11348
7445
9601
8763
8713
11866
12008
7309
7799
8499
9239
11064
13104
9159
8380
9242
7331
9209
8529
8481
12439
12749
8001
12076
7329
10034
10126
9671
8912
18664
8666
8878
7707
10607
7776
10633
8942
10843
9425
9584
7338
8783
11727
11488
8465
7536
8410
7275
15274
11470
8754
9041
7918
8032
9221
8019
10104
8603
7604
7852
51900
9426
13560
8388
8966
8521
11010
10568
10923
9628
7667
7447
7720
10660
9368
8403
10494
8748
7465
9430
7677
9011
12042
7644
9599
8093
7576
7297
8859
8354
8253
8365
8744
12661
7235
7958
11006
11090
9645
16076
19090
12046
9440
8471
35040
36322
8381
8284
8902
7738
7540
9582
9676
8463
7603
12470
9544
7986
8016
9101
36015
8561
8765
8576
7655
9549
7542
9623
8273
11136
8787
8808
8524
8811
7412
9477
9415
9373
7855
9442
7627
12270
9427
7423
7241
10145
8812
14289
9528
20019
9180
7767
12419
8696
10089
9443
9542
17747
16128
9397
8971
8289
9198
7747
9164
8237
8231
9141
13493
12513
9682
34679
11939
9548
9663
34742
11876
8956
12143
7409
12186
9601
7942
7794
7429
7313
7778
8107
8309
35996
8630
11018
8599
7880
8141
7550
14446
12316
9670
9464
7774
11433
8715
8474
15668
11907
8214
9223
8834
8849
13704
17628
8473
7614
9391
9637
9311
8559
7838
11639
12518
7727
7617
35032
8577
12024
8367
12397
11785
15851
9679
8619
9029
7468
12497
10404
7436
8822
9831
9617
7737
8578
34348
8361
8267
8341
10674
35886
11402
7272
8940
11206
7765
8563
8422
7395
8025
36199
8252
9204
36168
8988
11388
35727
11674
7775
34583
10013
7356
9249
9564
9288
9138
8789
12423
7925
35630
9173
11306
8433
7287
9628
8521
10567
8302
36147
10722
7564
9752
7964
9384
9246
7723
7687
11551
9401
7724
9495
7417
36155
7798
8732
10628
7500
10293
11973
8232
7409
8612
13112
9349
8489
12130
7940
12351
7302
12072
8177
7953
7766
7432
9707
8467
7612
11315
9024
8645
13350
9633
7830
7558
11996
36335
8222
8421
8236
15837
10440
8155
17902
7768
8427
7791
7494
7565
34240
36320
34305
10935
7382
9483
9070
7590
9170
8266
7370
7825
9201
8165
7841
9673
9498
11854
8829
9019
7350
8035
7529
9626
9394
9156
7917
8140
8288
8782
7486
14668
9147
7889
8462
8173
8022
9330
11449
7895
9164
8061
8895
15060
13090
7361
11862
12657
9160
11230
7558
9863
8170
7467
9563
7650
36342
9441
8444
15583
8498
11611
7751
8640
34466
7772
12241
7878
9533
8248
7607
7451
7824
11876
8870
9332
7861
7749
9375
9342
11964
34697
8407
9500
7469
8270
7783
7425
9142
14058
9092
7755
7628
36177
7539
8193
8223
9297
8193
11198
7523
15019
8724
7944
10303
9199
11743
9241
14202
36217
12247
7425
9209
7529
7575
8285
12283
9274
9131
9355
8380
8605
15530
7351
8966
12140
8702
10192
8821
15371
10077
7503
8586
8509
10846
8910
9018
7629
11198
9242
11935
8575
12089
10896
7444
52815
7579
12312
8629
7401
10990
7515
13589
16800
7899
7771
11304
7833
14406
9189
9005
9329
8636
8274
9086
7949
7715
8152
9072
11585
7493
36174
8282
9638
12575
8033
9516
8662
8399
9669
7671
8128
9810
9421
11663
9329
9967
7910
8066
8979
8746
8328
10064
8915
35595
10715
8081
13148
9943
7739
15572
7997
7703
8819
7429
10800
16877
8500
9368
13872
12364
35026
8490
8627
9293
7809
7581
9622
8238
8934
8512
12068
10708
8772
52198
7620
8291
7704
11354
8419
7518
13415
9461
9648
8680
7418
8121
8098
7579
8289
9618
12335
7670
12300
9506
8181
9109
9698
12984
13147
12814
12481
9021
7451
8423
9847
8887
7744
12619
8525
8912
13711
8595
9473
12121
10963
9539
15140
7853
9013
8710
8425
51990
8166
9161
8438
12058
15055
7863
8530
8936
7449
10299
8510
8894
9690
13209
9368
11840
9039
11069
8376
11681
11210
9503
8054
11643
7437
8370
12039
10619
8637
9297
14615
8929
13897
8062
8197
8490
8627
9083
8752
10559
7495
8282
7799
9250
10657
9838
8265
8695
11812
9110
8714
10511
12353
7554
7670
8137
18762
7677
16482
11451
10411
34834
8315
9246
9696
8089
8654
8847
8882
9536
8383
9977
8992
7896
8402
9608
9966
7655
9998
9352
9348
8884
36171
18567
11287
8655
7873
12002
7946
12365
8501
8508
12885
8139
8344
11794
8776
12435
10691
12107
7611
9450
9822
8312
11856
11069
7829
9677
11027
35710
11174
34834
8735
9711
34558
8332
35364
7857
7509
7894
10204
11732
11862
8152
13591
7457
8933
34431
10361
9463
8790
7618
8767
8013
35453
8708
11886
11566
7844
8986
9878
9678
7878
8248
12119
8742
9598
8100
28790
18247
29126
36031
9157
10820
9117
8113
12054
7470
7593
8024
7806
11779
9806
9545
7876
36170
11066
9177
8227
8299
12467
10819
11319
8997
9570
9464
11949
9636
8794
8602
9116
8484
8945
15659
8300
9054
9192
9674
9519
9652
8478
8558
9547
8610
8626
12086
11700
11778
9431
7917
9673
11552
7636
9320
8705
9626
9033
20927
15677
9167
9192
9482
15095
8120
35801
9141
9610
9458
8151
9146
9045
8722
12798
9056
10679
8872
8773
16910
9801
14588
10241
10200
8563
8016
7718
8687
8066
7561
9550
12420
9285
8527
9029
7974
8102
10498
8800
13429
9539
9337
12550
9214
35628
9280
8883
10170
8528
8423
10854
9460
7594
9213
11197
10866
9326
11630
7685
9536
9266
8678
11779
15152
18817
7676
9652
8742
8074
8304
12485
7593
37115
8328
9527
8915
10287
9559
7569
7657
9541
8161
34376
9364
18477
36224
8023
11428
9229
9289
9512
7563
15377
52311
9603
9513
11653
10605
9794
10622
9015
35453
34679
10254
8630
12495
12259
12056
8738
10807
8853
7890
11379
8855
7870
8582
11151
10801
8477
13682
9153
9518
8320
8388
9136
10297
12825
9033
10982
12943
11772
7797
8897
7606
8104
9281
8241
8088
13202
9090
8652
35125
12252
8409
8433
9053
8323
9714
8402
10036
9079
8509
8276
8373
8983
15852
7760
15520
21188
35453
9232
8993
7980
19170
9137
10892
7661
7612
13070
9378
9321
9524
9215
8464
11366
12494
9031
8807
10175
8324
8375
9276
8137
9172
8495
8349
9372
8623
8289
8849
9652
8149
7676
8479
9172
12335
7966
35140
7928
8305
34909
10056
10819
15020
8432
11792
7769
7711
8772
9541
7990
11887
8476
8126
11495
13750
12552
18723
15252
9090
9335
8756
9643
8918
36020
8988
7998
9538
9107
7795
8075
9635
7769
12302
8082
8779
9353
11528
7723
9048
8846
7626
34961
9560
7643
34863
8133
9285
9304
8013
8964
9567
10338
8446
52812
8971
12484
8201
8130
7907
11189
9268
9404
8532
9131
9979
7866
11689
10165
8448
52743
13969
9493
8469
7714
9243
7768
18605
7927
8028
11524
9440
10479
8808
8855
7780
9046
9001
8395
9238
8349
8545
12605
8036
9615
9586
8829
10201
9108
36001
9590
51968
8357
8413
9666
9257
10670
11331
8031
8972
12236
8018
15714
12520
8001
9703
9508
9588
8059
8972
10710
9133
35371
9169
8551
10520
11454
9847
11787
8895
15994
8709
9164
9511
8515
11455
34293
12242
11497
8885
11900
10827
7763
9630
9940
11201
7955
7960
8502
9611
8264
11035
8131
8485
9698
9315
35947
11494
8771
7711
11360
10597
8943
8815
9192
15010
8595
8774
12599
8529
8001
9517
10437
9376
7688
8487
7946
11875
7702
10292
8766
18368
9349
7965
10360
9336
10040
10109
8194
7761
8674
14820
8778
35228
52614
8183
9726
7914
8712
15197
11757
16688
14681
7654
9699
9126
12440
8957
11323
9457
9127
15060
9791
8411
8393
9370
9492
35556
17327
12311
11894
11225
17563
12380
10233
10253
9347
8613
10957
9173
36332
36229
9945
18893
21186
12389
21188
8617
35991
8120
12951
9084
7694
8390
8795
8989
12218
8911
10929
8985
8689
8744
13307
11783
8326
11908
10896
9294
8348
10591
8743
9416
9651
8311
12133
8327
9488
7961
10051
9412
14002
8831
8852
9518
8894
10898
8055
8732
11716
8321
8456
14112
35703
36212
8656
8604
9138
9346
10233
8301
7748
12530
9080
8200
9869
8814
13942
20713
8331
8735
9240
9785
11482
12009
10182
8318
8377
8693
35991
7904
7775
11480
8090
8176
9154
8659
52108
35066
8533
35075
13877
13584
9526
9224
35066
11586
8258
11900
8833
9186
7690
7792
8890
8860
9256
11022
8413
9459
8959
9498
11854
12786
9705
9261
8891
12321
8485
35284
8146
13417
8946
8879
9037
10905
10205
9557
9623
13773
9499
8443
36196
9264
10827
8271
9276
7814
8568
11790
8644
9914
8220
8696
9035
11640
7945
10331
11652
9529
8154
11350
8219
9017
11786
52248
8113
10114
9327
9202
9922
10164
8770
12657
10007
7810
8681
9085
9212
11502
8074
9344
8097
53170
8333
9216
9432
7811
9380
34240
8083
34305
9233
7924
8315
9691
53211
8711
11353
10163
9016
9199
16632
14588
9397
8856
34478
8835
10454
7891
7977
9274
17943
8017
7932
8796
14170
7858
8256
12368
8112
15692
34558
12235
8670
9470
12217
10304
11163
8727
8443
10190
9675
8736
12482
8730
9492
9510
9370
8181
53259
9358
9733
8802
11522
8536
8419
11569
8969
8144
8194
8399
9331
9150
9450
7924
14923
12291
7905
15454
8756
9533
9011
12149
8116
8303
8149
11858
8012
9106
52163
36158
8823
7952
11301
9571
15511
8083
13364
19408
8723
9686
11437
10671
7966
8429
9094
8843
11070
7793
8370
8885
11375
13711
8431
8657
7942
11670
9477
9201
10468
8241
8322
8352
9166
10924
11040
35588
9478
9351
9627
8189
8166
7884
8400
7789
8919
11947
11217
8327
9043
9271
11836
8035
10147
9893
9631
8070
9086
7859
16030
8812
8089
8471
10461
9440
9191
12021
7920
8864
9420
11075
7893
24110
9997
7798
8816
8933
11864
8750
8786
8255
35780
12483
8756
11512
10001
8825
9423
12018
10829
9311
8068
9418
14344
13596
8094
8282
9026
15576
9749
9716
8516
9328
9555
7996
9689
9219
7879
9280
9066
14015
18756
18700
21056
15784
10030
9605
8096
35979
11874
9479
8925
8371
8939
9585
10501
8651
10307
9215
8769
11260
9032
11412
11795
8872
8213
10516
8995
8112
11084
7907
9062
8207
8737
15321
15042
11587
8849
15413
8673
9383
21171
11296
9634
9605
51844
36169
51975
36345
8413
9451
7985
8418
9435
9663
8858
11713
8247
14062
8362
8293
7982
8212
8049
8199
10467
9531
7962
8976
9606
13555
9447
12727
9480
8357
8131
12489
9256
11800
8110
13285
8871
10290
10970
9644
8131
11200
8593
8916
8703
7859
9391
9672
10319
8834
9064
8842
8971
7857
8706
34343
8624
10275
9287
11610
8870
9316
15416
9255
8621
10640
8619
15208
8893
12139
9670
7961
8866
11180
8079
8614
9949
8776
8259
9116
11578
14709
9096
10219
9581
10236
8592
9071
35571
9429
9400
10442
8228
11865
8686
12511
9168
9634
21172
12805
9556
9880
8397
8243
8217
9622
8065
8939
8510
9694
8900
8230
11518
7976
8475
11809
9651
8519
8311
9123
8496
9703
11299
15292
10383
9338
34965
9023
8798
9240
9366
10022
10004
8793
8177
9403
12324
11677
10317
7939
7989
9365
13261
8417
35359
8495
13192
11468
35040
36184
34856
8246
7915
9681
8823
9571
13771
8386
8054
9592
11564
12727
14407
7999
7993
12239
8962
12529
14190
8067
9595
10386
8703
11993
8777
9155
36198
9552
8350
14655
8434
9053
11696
9552
34464
9542
9512
9600
52106
8019
8081
8617
10715
8884
15536
8221
9246
8978
11119
18531
8608
8801
10688
9572
9149
9195
8162
11798
8482
12277
7982
34872
11082
11362
9166
9432
8333
9398
9899
10139
8175
12024
9657
12648
8145
8775
8827
8921
16482
9430
8417
9066
10796
11604
9291
8552
10787
8759
10394
8203
12518
9279
36322
11916
8663
8277
9260
9182
8319
8319
8643
8819
10417
12377
11597
9201
8858
10604
35061
7972
14821
11479
8704
11458
9009
9342
12305
8103
11441
9064
9063
7938
9646
29944
8305
8102
9592
7978
12472
9807
14776
11917
9332
12085
8698
12491
10609
11535
7943
9075
12461
9415
34707
9058
10795
8216
35938
9183
12328
8213
18151
8912
8422
8257
8632
9474
9704
7976
11318
11384
8859
12570
8093
12222
8574
9665
10309
12215
8431
8005
8270
9310
11538
8932
12974
7997
8245
9485
35703
11539
10945
8017
9619
34806
10879
9656
12131
11434
8643
9290
8677
8955
10393
12049
10149
10270
17063
34842
8540
8743
8898
8799
8230
8355
8372
8475
34636
8369
9079
8810
9985
8331
11782
8361
9485
9543
9638
9537
9664
10178
11212
9408
10243
10672
8962
11877
8054
11851
9697
12733
9228
10606
8265
8789
8586
8407
15227
8350
8283
8790
8108
7985
9675
8784
8186
8468
9736
9044
13213
13208
8715
9162
8474
9091
8355
8372
9422
11723
8269
9167
11660
11008
19616
21293
9071
9505
8124
35118
10155
9207
12087
9066
12370
8348
8491
8502
8204
9219
34896
9452
13456
9244
12214
9323
8481
9128
8489
14037
10865
8706
11868
10025
9559
18266
8653
9594
8585
8384
12267
10793
8707
9048
35704
24240
11962
12309
15703
8923
9359
8917
11133
10765
10476
9232
10534
9819
8395
9614
8244
9655
16305
9582
8383
13423
8619
10565
11215
8861
11023
10565
10730
9407
11209
14986
9699
9443
10483
11406
15635
10479
8348
35031
9465
11139
12498
8862
8099
10274
11191
8731
14563
8184
9354
13762
8899
12221
8132
36342
8389
11357
11332
13287
8117
11355
8261
9071
12537
9442
9175
11144
12120
10950
8786
8754
34956
9041
8737
9889
9062
8450
9051
8333
9268
8486
10556
8883
9340
9007
10000
8309
9401
13685
12440
14681
9654
8990
8169
11532
11714
8460
34886
9476
9283
8428
10438
9124
9439
13881
9027
35307
8091
13848
9747
9508
8463
9429
15329
9145
12534
21121
36204
8701
8570
11485
10063
9184
34219
8168
36145
9057
8989
10237
18893
8159
11150
9587
12649
13145
11414
9321
9520
10339
21940
11229
8285
9037
9155
8348
8666
9411
8948
10704
8734
9119
8167
9674
11241
9467
8924
8927
11021
9303
12610
11133
8745
9787
9341
8432
14067
10764
8668
9287
8455
8530
9347
9589
10253
8367
9809
8437
10353
8322
9796
8865
11534
21480
9355
8181
8336
9361
8933
52172
36154
10358
52813
9509
9367
8165
9120
15911
10415
9295
12109
9598
9647
11653
8549
9401
15045
8186
13430
9084
34997
10834
14315
8363
9210
11398
9636
9846
9529
8574
12264
8807
12354
8479
9387
9487
10445
10051
9069
9394
35049
11302
11110
9629
9049
9429
8472
12106
35571
8601
8793
15286
8909
11797
8444
9328
8508
12691
12189
9454
8669
9077
10127
11343
18247
9293
9968
8960
28793
9218
11889
11029
8497
8271
8921
9621
8867
18632
9576
8503
11761
9431
9492
21322
9444
9630
10835
8536
10983
11039
12079
10569
10853
9912
13869
9265
11510
9559
8706
9121
34336
8802
8569
11275
8262
11946
9392
17261
9319
16139
10893
11895
8400
8336
8858
8707
9343
8708
9725
10213
9003
9496
11061
9002
8543
14555
9543
8477
9873
14226
11083
8741
11457
10224
8242
8637
9453
53056
9232
9371
8263
51986
8719
9074
11956
10720
8746
9474
9042
8254
15482
8468
9097
12375
8378
14279
9338
9713
8733
12294
34534
8831
11057
35717
9323
9481
9365
8523
8239
10614
11122
8406
8571
10767
8694
15154
9885
9388
8479
52624
8325
8646
9680
8783
8483
8216
11834
8808
8955
11740
9525
21261
8227
11008
8748
10158
8871
9575
10395
9486
9009
9010
11975
9193
8697
8687
34657
8540
9987
8596
9333
11473
9676
9047
9122
8280
16214
9613
10914
9077
12390
8647
11603
11475
11620
9786
9761
12210
8823
8232
10297
11464
9236
10987
11320
8591
8721
9250
8568
9744
10294
9131
10754
16732
8828
9455
9339
9014
11997
8775
12490
8760
8806
8773
8611
8787
9684
8548
8441
11373
10116
14301
11576
8781
8597
12207
8931
11430
9372
8390
8708
11185
8658
11016
9884
11527
35734
8634
9195
9502
17774
8902
8434
8979
13523
11409
9458
9681
36001
8609
9533
8268
9149
34761
8874
9454
8554
13264
12919
12700
34623
35475
11608
12454
8580
12457
8285
9642
8909
11325
35240
8530
8833
9653
9543
9247
17292
9259
8254
12475
8268
10440
8286
9385
8736
10667
8542
11098
9660
9699
35940
8782
9147
9863
13004
17217
8926
11890
14114
9702
9671
12429
8977
9200
8804
12501
8805
11506
9624
8416
10797
8575
10006
12430
8851
8460
8995
17261
9660
8565
9678
10168
35474
9260
9858
8650
8386
9545
36149
9388
10784
8678
36177
36218
9525
34642
11279
12048
11168
9628
10922
11729
16245
18086
9463
10162
8420
9455
9265
8828
8669
8954
12508
9676
11816
11968
12469
9416
9330
8845
11636
8922
15064
8566
13946
9237
9177
9066
11250
9940
8620
8774
35129
8392
8697
8828
8351
9470
10161
10897
15931
13039
12206
9782
12567
11645
13334
15072
8356
16327
9270
11642
14620
8946
10074
34708
10509
8466
34567
12493
9465
8507
9312
10739
9535
9316
14159
9613
9685
9490
8992
13788
9187
8558
8489
9951
15520
9383
34238
12832
8505
8989
34842
36254
9185
9684
8599
9445
9119
9050
12522
9235
9384
12500
9264
8790
53241
9534
12886
15143
15071
9023
8687
8683
10891
10885
8992
9518
8565
10221
52492
9344
8426
8768
9629
9319
16139
9040
10029
13756
9517
9516
8899
11235
11073
9534
9387
52206
15206
9488
9043
8557
9550
9439
9396
14407
9954
8381
9279
10019
18403
10647
9570
12681
13363
14625
10599
9660
8471
9191
10254
11609
9523
8969
9164
12738
35685
8528
14831
9040
12306
9056
9132
9916
9145
9020
9076
9381
8482
11305
14676
11130
11386
12126
9277
8690
8953
8553
9121
9292
9491
8789
9137
8694
9839
9554
9490
11804
11761
8903
9038
13908
8750
8652
8655
11060
16993
8531
13234
12061
9669
15657
8453
9863
11039
9435
11203
10658
11026
9278
9604
8498
8729
10496
9115
11158
11513
8430
8433
10675
8538
12414
9479
10858
9654
11211
9500
10665
8529
9961
8684
12132
9827
9188
8586
10033
10862
9501
11254
11395
9501
9351
8803
8930
51967
9805
35664
8455
9228
9697
8618
9027
8767
13132
12829
8839
8635
9052
9521
11760
9395
12141
14786
34856
8797
8997
8886
10662
9520
9371
9170
9281
8903
8511
10152
12345
8949
8512
8934
8692
10875
9082
11227
8692
8951
10492
9113
13670
9537
35769
8717
34417
34362
11024
11883
12787
8990
13886
11963
8555
9446
11962
9124
13880
12193
10338
9567
10822
9587
11849
11669
11468
9092
8612
9098
35035
9496
17288
11770
34843
12467
12568
9171
10369
9016
10392
8936
9598
14105
21203
21420
18128
14923
16304
16659
8620
9597
8534
35913
8917
36345
14588
14190
10241
12944
9649
10267
10321
10226
8774
9890
9206
12539
8791
9544
10525
34843
12012
8710
8999
10446
8779
8753
8803
16955
9661
9356
9153
9104
9004
9184
14044
11578
10058
11271
9456
9182
34789
9377
9185
12187
9529
12655
12596
9732
11135
9155
53029
35647
20642
28037
12231
9317
53219
8506
11054
9468
9558
9181
9688
36246
9695
10343
10066
34961
9510
11715
8690
12095
12367
9160
15043
9294
9228
9314
10980
9944
9659
9048
8806
9175
9193
9668
11004
8619
12376
14306
8551
14899
9602
8782
14790
8557
9161
8994
35432
9521
8839
14574
9551
9380
11733
10133
12452
8736
12093
10385
15625
13320
9520
8841
12272
8955
14637
8611
9653
8923
15068
8569
17208
9568
9340
12127
9261
9982
35076
17986
12867
12919
13179
9616
11505
8896
11929
12334
9940
8904
12152
11251
11146
20492
9020
9198
8541
14477
8709
8543
9583
11007
9562
35176
13094
35411
9685
8844
9386
12038
12444
9478
11728
17317
8935
8692
8934
14489
9273
12422
8702
11753
8660
35370
9775
8846
10217
8718
8926
10592
35204
11724
9527
8989
9549
8974
8952
12240
8777
9635
9653
9180
35573
27015
10412
9634
12595
9088
12512
10258
9464
8932
10763
8575
16166
36322
8864
15511
15276
9554
9379
30326
35349
15656
9199
10700
9294
9530
10653
12000
9056
9409
8584
51997
9197
12128
11789
8841
11053
36335
11369
11498
35413
24579
19847
28508
35152
9202
9617
11761
12437
12479
14730
10743
16188
36226
12643
8889
9146
9561
10003
9569
11226
10451
12053
8985
12487
9482
8919
8898
9325
8644
10666
9448
9109
12315
12953
36239
9296
9242
9483
11928
8910
9266
9600
9390
9138
13830
9200
8822
8711
11808
9420
9007
10455
10916
11837
9327
9405
11028
8677
10966
8778
9101
13491
8876
12615
11668
12447
9647
15128
9515
15371
9641
10931
11952
16900
11467
9631
9467
9403
8993
9159
8673
11687
13963
9267
11542
9168
8994
8686
10234
9103
8681
9566
8836
9992
8906
8629
8660
14411
9448
9189
12629
15281
11448
9286
36223
9003
9002
9521
9216
9076
9030
35371
9683
12018
9374
9580
9606
9918
15577
9337
11810
9472
9392
11114
9212
10533
9471
9293
8974
8743
9248
12656
11167
13554
10676
35026
9566
9350
10222
9104
10291
10049
8961
9259
9042
9551
10527
11896
9252
9577
15142
8879
10273
8907
9151
35717
9165
15473
11341
8836
10883
11774
14231
9307
11418
10178
9407
12229
9612
8865
12154
11459
9662
8729
9115
11533
8967
12059
13029
8901
9551
8734
8751
18229
9755
9730
9877
15281
9121
9491
9087
10143
12045
8721
11204
11653
36153
9405
9179
9450
53153
8798
11726
11277
9130
36336
9118
10585
9692
15197
9466
12440
11757
15718
9065
10563
9685
11957
9445
9143
8869
8716
10554
9668
36170
8863
8862
12299
9637
14695
9214
8968
11006
9300
9515
9333
10831
9234
11477
35333
8986
9198
15871
8845
53191
12234
8852
9089
9032
8908
11409
9166
9477
9035
10994
11706
15728
9556
10444
9729
12849
9157
15497
8932
14734
9108
10860
9146
35985
12625
9584
9687
35039
9197
9144
9115
9556
9553
11897
17267
11452
9255
12662
9190
9476
9773
10493
12300
35510
9561
8854
8897
9457
10737
12328
9571
9930
10781
9667
9443
10486
9641
14532
14978
12892
9378
10810
21293
19991
9464
8961
17480
34997
8880
9353
8809
9669
25018
11574
9214
13224
9337
9428
11721
10183
9016
11078
11558
10166
8780
9563
10575
12347
10036
11412
8843
9050
9352
12134
9103
10526
9082
12150
8945
9627
9351
9803
9181
9441
9426
9952
52197
36147
12790
9473
8831
8852
10202
9200
16693
9051
9630
35078
15132
9083
12194
9078
8814
9055
12577
9163
36172
53227
9493
9484
14125
9317
9159
10154
10297
12853
9088
13067
11476
51989
9484
9248
10148
9555
9095
13233
16390
12459
9398
9393
13418
11349
9031
9208
11917
11255
10097
12618
21407
20713
11776
9546
11888
8942
11632
13798
12716
8837
8835
12402
15872
12414
10086
13730
8887
14191
11893
8930
9691
9085
9610
9005
9076
9867
9286
10178
16121
9753
9014
10460
9336
9456
35852
8844
15370
11489
9544
12532
12202
10348
9849
34218
9958
52944
9423
9466
9005
13977
13704
18128
9251
34963
9013
9095
10245
14190
15007
8975
9485
9277
9689
9008
35220
9325
10433
10223
11852
11646
9274
10754
9252
11118
11271
36340
9428
12020
11624
14843
9114
12488
8915
11580
9300
9701
14661
14446
13600
10663
9591
15554
12659
11051
9421
10573
9363
36349
11224
13266
10510
9487
8954
36224
8957
12116
34436
9651
10571
8959
15031
9231
11855
11239
8982
12247
8882
15142
15211
15007
9420
10425
13320
15661
14095
34360
34220
18280
10584
9447
9130
9025
12005
9116
11589
12436
13194
11046
9230
11572
9616
11967
9309
9264
9499
9012
12506
8926
12198
12427
9625
51890
9742
9852
9465
15722
9175
11582
34362
34925
10162
12533
9620
9425
10805
9451
9237
12190
35553
28167
29053
34477
9614
11031
9514
12158
9294
9100
9097
9961
35940
12443
9100
10712
10185
9288
9565
9993
12698
11793
35475
8951
12281
11282
9589
9381
10770
9047
53354
36146
12622
11178
9680
15494
13138
14210
9575
9395
36150
34926
10790
9410
9603
15108
9373
9000
13641
8960
35704
9553
9515
9454
13631
9129
10655
17025
9122
10747
9677
9590
10849
8974
9633
11827
9910
10883
11774
12900
12266
11115
11817
10029
15086
14831
10985
9382
15310
9598
10991
12932
12563
9227
52811
53262
9173
9577
13068
13935
9918
52776
9573
9148
35439
11265
9550
35715
9658
9455
14351
9099
9028
10513
9781
12566
9522
9639
12390
9566
9022
36346
9347
12406
36033
12279
34555
12584
11902
11852
8995
10378
11811
16419
10922
16214
12046
9751
9270
11781
35045
9902
9247
10065
35258
13220
9062
23847
9911
9150
34879
10839
9426
12602
12363
11822
11312
9075
11048
9151
9422
10423
14197
9226
9530
9933
10238
13922
11179
9139
34550
9284
13499
11932
9503
24207
9688
11435
10838
10576
34581
12580
9414
12562
17127
11416
11356
9037
11766
10619
9415
9799
10552
11978
51891
9918
11843
10598
36075
9340
11943
9633
35996
11426
9097
34589
9130
9594
16615
11816
15153
9627
9094
9686
15983
9969
12030
10702
9223
10266
10010
10528
10277
10565
9229
9960
9928
9760
9646
18129
12391
11537
10418
11041
18070
10388
15521
11957
12564
36170
11677
35439
15190
12343
10818
12657
12341
34247
12036
10048
11056
12006
11086
12344
35002
9360
9609
10975
9244
11834
11123
10478
11818
11318
10529
9665
9136
15399
9572
9349
34741
10822
11994
9618
9328
11406
11068
9652
9661
11386
9468
12113
11278
12586
11024
11834
9518
11046
14635
9560
9475
13010
10889
13160
12614
10942
13873
9353
9324
11626
9686
9664
16074
11999
12548
14663
11059
12866
9504
17602
11496
35364
13808
9537
9393
9624
16913
9690
9203
13757
35979
35641
35940
15216
11092
12232
11238
10259
34577
11708
9677
13007
9760
9942
10576
10406
13122
9159
14160
9580
9606
9820
12176
10950
11748
12171
10625
9684
9285
9314
10612
12147
11014
9163
12016
9241
10546
12017
9449
9635
11684
12007
12327
9487
36146
10080
21365
9848
9298
9342
35474
10888
15045
18729
11603
9204
11058
13068
10582
15007
10651
10046
13389
10627
18086
10182
11690
9306
11555
9822
9379
9269
9302
9381
10112
36167
9544
11321
9405
9243
10972
12388
12521
9341
9612
9547
11188
9306
53392
9225
51994
9912
9371
9224
16888
16162
10939
9220
13602
9615
10075
14187
10506
11003
9304
9523
9306
53395
9292
15640
9957
9296
10937
16060
11009
36227
10362
11396
9538
9263
9343
9273
36345
9406
11102
9310
53393
10780
10147
12610
11520
10228
53105
9682
14157
13181
12542
10296
9636
9541
12038
34710
12226
36205
10439
12081
10773
11307
12727
35182
9325
14119
13760
9298
11166
34936
9594
9469
15622
11421
9586
12469
12598
10296
11303
10678
9845
9503
12209
22911
13868
9559
9741
12057
10989
9461
11573
35198
11555
13945
11925
10282
10472
36204
9362
12378
11882
9672
9497
35552
12707
11065
9947
12720
12578
10028
11065
11624
9408
35257
12383
14011
9433
10981
9895
14966
15056
9649
10379
52412
9453
34773
12943
9386
15370
9645
11970
35647
12517
9307
11599
11773
11711
12298
11326
35066
9683
12538
16021
9356
12506
10656
35685
12185
9701
9645
9358
12492
9569
9864
14383
9324
11791
11977
9511
9612
11461
9449
11559
10745
11503
9662
9617
10693
9432
10811
10365
9642
11744
28718
9399
10615
9555
9572
10777
10458
12455
11590
12416
9377
9362
9926
12263
23516
35981
12549
9589
9389
11619
34487
9680
11429
53217
11676
10882
12257
9438
11908
9613
17652
34431
9638
36216
12883
10220
9378
9603
12072
34277
11958
9679
9421
12504
11765
13817
11938
14638
10267
11143
9377
12556
11330
9489
13077
13390
9563
10631
18783
10842
9418
9388
12290
10373
10845
9724
35731
10853
13263
36154
9801
10791
13640
12503
14252
9591
12195
9694
11529
12115
11252
9480
9954
11071
10482
9469
52376
9662
9502
18082
21344
24595
9976
12898
10613
11297
9945
17509
14797
11270
9644
10186
11926
12381
10760
12565
10264
17730
36325
14426
11472
12301
9434
35376
9673
10815
9687
9510
12628
11917
11147
10744
12721
12624
12356
10939
14539
9721
28005
12071
12065
9609
9452
12196
11965
9459
10844
11545
35198
12604
34641
10449
15213
36197
12577
12179
11638
9722
11340
11389
14666
52371
11194
12588
12197
35237
10103
10295
11976
11903
15737
9929
11262
10457
10698
11571
12393
11000
9509
11129
15524
12138
9895
12192
11944
9558
9667
9582
14260
10136
9768
34566
18113
10562
14723
13988
11117
11912
12387
10752
12385
9723
11509
11615
13949
11767
11241
9948
11955
9748
12935
12832
9637
10877
9585
10819
10850
9941
19761
53240
9552
17934
15120
12620
12548
10328
12314
9583
10313
10711
35014
10254
14443
14663
12371
11656
10156
12679
12271
12486
11881
9565
11403
13897
9784
9570
18403
12165
12766
13925
11922
12098
16773
9655
10092
10866
35445
12248
11762
35541
16257
11756
10422
11998
12654
12292
14952
9660
12326
11442
12398
11833
12508
36346
14407
12145
10787
12444
35176
13044
36171
9790
10069
18813
10735
52152
9799
11001
10169
52310
11665
52344
34965
34567
11500
10659
12585
10424
11314
9621
10235
11496
10375
10756
9655
10044
9897
10798
34377
36153
14475
10352
11420
10094
11815
11057
10650
34935
11742
12137
12441
11094
11417
10978
9935
10566
11240
11390
9794
35678
11573
11011
11086
10751
11885
15269
35979
35556
9765
34376
9956
14498
11873
36015
9696
10371
12135
10186
10346
10909
11678
15218
15967
11866
11424
16758
13362
12036
36144
10440
9930
35065
11802
36020
12640
9856
35370
22325
10491
10782
10427
12074
11878
11691
15288
30339
10859
35510
10553
10157
36342
10181
10570
11866
12199
10103
11867
10389
11666
10357
10778
11342
12952
11869
10892
10725
23246
10937
9970
10135
10174
10008
14753
10230
14266
11969
10981
10560
11604
15649
15575
9785
10532
12004
12119
9851
13408
10617
9986
10499
11576
10412
10816
11523
11651
13647
10402
11811
9972
11283
14980
11106
14689
11934
14519
12141
9858
12255
11538
11199
10680
11462
12008
15233
11601
10545
9911
16066
10960
10242
11031
11220
11201
10561
10027
12323
11566
12428
11890
14687
9753
11659
14205
12423
12160
11160
10549
11618
15850
11616
10881
14851
12536
9873
11466
12351
35639
12473
10782
10872
13275
15097
10791
15483
10105
15908
10769
12298
10600
11504
10200
10121
10489
12427
10922
11737
12366
10791
10139
15487
13782
11064
11371
10948
10496
9880
15550
11243
15667
11603
10025
10479
10514
10483
11218
14135
9762
10595
10657
14106
11790
11668
10202
13452
9971
10324
10952
12165
12163
14281
13547
10868
9901
11279
12146
12032
15645
11067
11926
11808
13321
14587
9936
11339
11703
12049
14686
13134
10423
11835
10697
12506
11499
10757
10743
10894
13339
12163
10486
10069
14077
16589
12231
14392
15247
12111
12573
11156
11000
10206
12393
12236
10026
11715
10635
11714
11501
12206
11892
12560
12117
10759
14286
9845
11279
11752
12400
13879
17023
11318
11385
10742
10401
12069
12451
10404
10457
11860
11937
36183
11415
10482
11848
12344
11759
14059
12239
15551
10087
10540
35520
10691
10552
10593
17846
10628
10485
11148
12357
36191
10108
9856
15583
12186
12589
11967
11945
10305
11823
10499
14319
35227
10293
11973
9874
10043
11141
13700
12153
14983
12048
10563
9962
12425
13221
11517
11247
10804
11486
9826
11560
10646
11907
15890
12266
12108
11807
10278
11035
15026
14690
18408
34659
12416
11236
10555
12100
15684
11634
10575
10839
9972
11467
10790
12581
10206
11707
12780
10062
10578
11596
11261
11417
15237
10644
11858
9802
10590
11228
11724
14082
11065
11724
10028
12151
12496
11120
11753
9900
11732
10541
10184
10340
15687
16128
12161
12613
14999
12417
34605
18681
10914
9893
17873
10639
10313
12914
15039
11422
11147
11381
12101
35195
10546
10341
11717
9823
21533
12365
13217
12381
12793
15320
10461
12557
11143
11330
23815
14881
11894
10721
10294
9979
10288
15109
12392
9992
18993
10990
12062
11010
11147
10583
14068
11912
12280
10016
12751
11161
11390
12881
14107
12120
11792
10468
11222
14507
10124
15079
11507
13562
10195
12997
11032
11043
34231
12804
12196
11310
12450
11146
15414
10136
12855
11927
10106
10022
11621
34277
35302
12399
10725
35671
12187
12655
12331
10817
12582
12328
12435
14342
10573
14377
13593
11372
10821
12187
12262
12066
14734
10885
15314
13920
10891
36236
35136
10861
36163
19970
24386
34732
11084
10573
10837
12071
11049
20312
19945
11666
21196
12554
10863
11333
36231
11675
11432
12214
13740
10377
11001
13176
9900
10099
12183
10184
10431
10141
10887
11219
11053
10990
12032
11773
9958
13669
34492
10552
11092
14551
11023
12546
14871
12493
12353
10249
10402
12869
35634
12316
10025
12181
10832
15018
10815
11424
12333
11021
10030
10315
12620
11949
34560
10410
12515
12029
10730
11428
18393
15075
9887
11213
11910
11834
11751
15380
14288
10550
11363
9953
10451
34205
11567
15291
11018
11185
14503
11886
10209
10964
11847
13615
35886
10674
12090
9997
34317
14494
11756
13736
13906
14882
10849
14989
11058
11351
34946
11510
13377
10774
10264
10781
11826
15217
10413
11803
10746
12388
12828
15681
13660
10919
11649
11437
11077
11747
11329
11286
12245
12246
11731
11706
10658
12628
14133
14538
10588
11871
14104
15375
14183
11042
12814
11770
11045
10426
18080
15810
11944
10882
12428
12551
12396
11920
11872
11128
15029
11933
12050
11261
35129
12514
10074
11882
12378
13855
17399
11027
11174
14389
36333
14249
12759
11474
11441
16678
11175
10808
11068
11426
15103
15600
12124
34219
11189
10895
10301
34490
11196
11446
10903
11197
16687
12579
10282
11463
12144
12265
19616
13911
10662
11294
15661
11187
35582
12333
14986
11036
12294
34947
11846
13098
12110
12112
17499
13316
10329
10525
11185
11016
13428
14365
11420
11131
10983
13079
11205
10050
10447
11847
9967
34894
18625
14622
15347
16159
11278
14886
15542
11354
12266
10102
10721
11583
12470
11478
11212
15388
10552
11978
14876
11002
12034
10972
12592
10528
12847
10795
11216
11608
13641
14326
10492
11316
34581
12297
12013
10894
12817
10324
18453
10224
11325
14879
11979
12163
15567
10931
14511
11143
23519
12304
12613
11228
12388
10963
10115
12039
10377
12582
10293
12082
11778
11604
11750
12050
10850
11320
10360
11142
12326
14300
10001
14859
11512
11344
12038
11781
13204
10723
10416
11346
12637
12335
10284
13511
10375
10833
12079
13629
10911
11644
18388
10434
12837
12662
12417
16773
15491
34954
35634
13438
17924
12540
15475
12480
15348
11309
35159
10705
11447
12566
11315
11984
12615
11349
10931
10715
13842
11987
10499
10211
10865
11494
12602
34981
11317
15483
36345
10733
12013
11380
10055
11829
10462
12091
10909
16835
15302
13168
11509
12226
11741
36188
11413
14717
11181
10322
11428
11777
10727
11953
10744
12842
14572
12480
15475
21011
18704
10667
11007
13900
11798
12517
36185
12084
10241
10417
15203
12338
11324
12542
10849
13929
12288
14917
12270
10737
12135
11151
10215
35456
11980
10601
11188
11460
10506
12458
10073
10134
12854
12242
16479
17063
22221
12261
10104
10891
11701
10167
10382
12486
11081
10672
10959
10092
20854
12673
12019
16091
10034
10126
11536
12073
12653
11678
17603
12047
10554
11255
11470
10654
12308
13211
12047
12061
10675
17606
11387
11947
11171
10175
12126
10441
12479
10352
13986
9999
18625
10569
18052
11519
14888
13549
10980
13438
12646
10622
12496
10192
13751
12180
11715
11951
10119
14714
10194
12576
11477
13068
34619
10124
10503
11266
11124
10588
11327
10948
11078
10097
12546
12441
11796
10110
11880
12654
13980
10463
10008
12465
11235
11326
33586
11830
11713
11804
10400
13725
14173
10523
10154
13572
34343
10603
11329
12181
11257
15621
10015
11999
11913
13542
11215
10337
11196
34490
15248
11309
13244
10224
18453
18073
11526
10520
10908
11919
12474
12838
10823
12042
35204
15072
12558
11662
14605
10384
12445
10655
15688
11323
10588
15811
10515
10036
10484
10788
12002
12177
10904
12174
35057
36025
15580
12629
12390
12662
12388
13982
19537
11750
10319
11607
12377
11710
11209
12319
11046
34570
14538
10833
14301
14436
12253
15318
11028
11211
12133
10247
12433
11934
10635
11168
10761
14954
12659
11969
10366
11277
11335
10926
14150
14033
11871
10554
17962
11574
14103
10956
11408
16419
12384
11922
10772
14046
17709
14857
11972
12515
10981
11227
10453
11981
11079
12373
11541
12267
12956
10793
14840
12292
15406
11400
11046
13308
12139
15289
15535
12529
10248
12304
11228
11735
10251
13616
11991
11449
11186
11722
15067
12166
10208
12092
10677
11184
10422
12215
13177
10875
10122
21533
34267
11112
11343
10390
14149
11373
35821
12337
20581
18970
12079
10116
10835
10569
14957
12213
10921
10193
34732
10237
11539
11580
16568
11613
34584
10800
12474
36179
10708
15145
11954
14679
12595
36189
11220
10535
11739
10134
10072
10380
35774
34431
10361
34935
11534
11533
15198
10292
12605
34953
13686
10427
12761
12074
11630
13406
12253
11051
12166
12273
36240
34732
22898
34219
11005
11569
12632
13994
10528
10277
12959
10279
11333
20355
10863
11658
20956
36251
22221
11598
11897
11366
12029
35328
11528
11904
11921
36229
18616
13813
12529
14263
10567
10102
10997
11236
15331
36199
13464
15106
13125
11813
12296
10889
34664
11438
10395
12022
11818
11692
12649
15488
15416
12022
12078
11818
35270
35065
11788
12513
11134
10391
35512
36325
10698
10264
12758
10168
15717
12251
10585
12634
17350
12767
12645
12108
10542
14973
10806
10397
10467
11829
14771
10788
12001
12448
21718
12576
14564
10749
16812
10245
12416
34612
16386
11263
11551
12471
10984
12622
10921
12017
24530
11525
53231
11655
10416
12054
15385
12455
11978
13142
13166
10833
13057
11852
16709
12056
12612
10856
11161
17058
15440
10838
13887
16951
18801
11966
10475
18003
10525
14410
13412
13468
20906
11377
10976
22760
14561
12611
11980
12336
10646
11467
12132
10773
12784
12432
12760
10895
11829
12092
12295
11464
13718
12498
11000
12499
11525
10186
11240
13115
34739
12418
12085
10610
17267
11096
16444
14241
10824
11282
14349
11694
10898
11731
11501
11892
10407
12045
10393
13681
10959
13337
12095
14751
10388
10593
11652
14577
11550
11749
12174
11427
16368
10737
12419
12135
13264
11409
16670
10511
15571
14789
11430
10297
18004
13566
11464
11379
11693
12088
14152
14434
10777
13047
10602
12060
19335
12438
11684
12669
14455
21251
17963
12094
11678
16137
11741
11600
16857
13829
11954
11705
14429
11003
34892
11736
15511
12541
11857
13698
11319
10629
11433
10936
12791
10329
13028
12560
13341
12162
11821
11502
11638
10204
11338
10812
14460
11102
24349
11316
10616
12058
11172
10260
12145
16650
11698
11160
10618
13754
11690
10719
12127
11431
10579
11466
14078
35639
10612
12588
12565
11064
10391
12623
13035
12574
12293
12437
13118
10433
15432
11035
11820
11169
11074
12258
11755
10637
11931
12070
14370
12078
15548
11587
15299
10920
12021
11966
10553
10668
10796
11290
15665
10392
17624
12220
10949
11117
11256
11331
11440
11881
12660
11968
11088
10547
12508
11541
12722
10587
10488
16862
11321
10647
14472
10730
11071
17737
11753
17155
11313
19970
12578
15011
12087
10474
10557
11677
10698
34883
12508
12505
12591
11070
10284
11667
10827
11172
13734
19715
21480
13869
12998
10460
12621
10691
35602
12632
13119
11844
13190
12055
12051
12230
19467
10365
17630
15080
12032
11996
11493
11053
11663
11051
36214
14520
11635
10577
11199
11630
12620
15403
12396
11895
15985
10392
10369
15667
11711
11016
13770
11273
36030
12482
14568
12868
11157
11549
12361
10495
10383
17426
15728
12098
12172
12459
14292
11406
12275
35278
11516
11364
12285
10674
10816
11710
12290
12201
11741
11176
12583
13634
11885
10420
14228
11086
11013
15219
15155
11019
11152
11251
10544
10736
11985
15504
11242
12047
16442
12618
14016
12465
10244
11088
13534
10547
14088
14777
12609
14897
13453
11963
12549
12134
10840
10501
12013
11332
10677
11932
13372
11458
10829
12026
11179
11142
10884
12317
10674
10466
10454
13657
11993
10603
15333
12223
12097
11384
14895
12275
17413
13708
11875
15627
11706
13306
11501
12443
13293
11699
13368
12258
12002
11169
12151
11607
16085
11273
14748
11275
10797
11970
14316
13643
10707
12484
12306
12549
11570
11609
15170
11077
12203
10927
11930
13626
12043
34895
11186
11433
10406
26383
15613
18760
10791
11970
21378
11222
11640
11978
14671
15214
36165
34429
10785
11242
10471
34623
10548
12088
12190
11393
15457
12018
10747
11011
35371
10296
12598
36192
10731
12282
15004
11272
12102
12289
13047
11095
11841
12257
12624
15556
10492
12058
34916
11222
17519
12204
12384
12488
11129
13943
12626
15522
10643
12176
12438
12015
12426
10712
12461
10439
13318
15139
13169
10820
12169
12329
12362
14755
12105
12053
11543
18081
11109
12146
12534
14030
11981
10453
11652
34826
11831
10380
11730
11962
12276
10641
10591
11397
11664
11594
10536
18684
10616
14169
11689
13400
11105
11034
12564
10397
15283
10891
12150
12409
12143
12550
11439
11532
13793
10825
14445
10506
11042
11543
11696
11109
10487
12070
10478
16604
12165
11094
10368
11688
11856
12630
10700
17135
12081
10897
14578
10532
11072
11350
11895
10707
10630
13643
12753
11889
17508
11366
13393
12589
12281
10354
12574
11301
11276
10953
10473
11127
12844
11235
19708
11509
14826
15526
10467
15908
14846
11136
11637
12571
10942
12612
12610
11929
15451
12372
12054
13576
10413
11719
10327
12296
11281
11778
11424
11347
12354
35447
10519
12330
15537
12154
10493
15565
14919
12491
11588
12416
34612
10769
11829
10533
12342
12459
11461
12214
14137
12112
11803
10620
11066
18360
18733
16121
11880
12851
14157
11736
12828
10821
11981
12187
24530
24722
21142
22243
10817
10372
15668
12200
12730
10880
12301
13861
11159
17356
11597
15678
10716
10864
53348
16888
13302
21240
14124
10549
12453
12524
11378
12650
12507
10372
16548
10626
10823
35159
10753
12526
11192
12360
11446
14148
34739
11523
10979
18188
10768
12640
12646
14211
10841
15951
17678
10990
14278
12394
14275
11031
12097
15660
16175
35095
11327
10662
11227
12507
11001
11348
14667
11630
11102
24349
11199
10677
12320
11196
13699
14901
12005
12541
10444
10585
13437
11545
12057
10489
11095
10852
13147
11423
11680
14061
10491
11737
12632
11005
11995
10702
11550
13186
12030
13924
11964
11113
12194
11462
14510
12008
11069
11854
11338
11603
14889
11462
11258
14842
16624
10498
12331
12291
12119
12785
10869
10985
13819
10537
11070
35042
14096
13134
19679
19791
14412
11670
10516
14725
12115
10995
11260
14898
12458
11178
10450
12602
15421
12022
15529
12375
15077
12105
11480
12048
12284
14402
10917
10694
11264
12273
10699
10761
10762
11936
14610
14732
13074
12209
15546
12207
10948
11388
18233
12463
11353
13889
11620
10732
15606
11328
12306
10776
14470
13446
10455
12656
14207
11315
10961
16642
12451
12963
12430
12755
12555
16561
14652
11661
15767
11281
10673
53388
34581
11421
10786
12011
13799
10629
14902
11572
11505
11788
35583
10588
12319
12256
12476
10805
12503
15272
12625
11939
11098
10963
11671
11291
11487
12083
13909
11606
12606
11330
12499
53246
15333
11306
10502
12658
14500
11306
20334
35668
16054
36176
11334
12605
18686
11814
35881
12206
11790
10531
11393
15588
11101
10705
18114
11340
12588
12344
11654
11100
15447
12723
10476
13131
13870
10632
15228
13936
14577
15523
20209
22002
13273
10586
24094
14982
12178
12565
34193
10612
11787
14773
10887
35130
11925
12014
10642
11339
11145
11703
12393
11508
12397
15710
15610
12173
12485
10502
12532
14997
10806
15510
11149
12634
12632
14131
11355
12265
10538
14008
15289
12006
11624
12420
15027
10729
34981
16232
11494
10676
10978
11679
12489
11629
10714
12331
15271
11377
34945
10953
34343
18531
12566
14502
14927
11856
34946
12647
11132
11370
10852
15379
36197
12789
11370
14754
11524
11516
19963
12883
11941
12115
13392
12650
14715
12104
12101
11233
14960
15022
11090
10970
12285
11380
11970
11735
10529
12078
11389
10876
10584
13652
11310
21156
34601
11637
15066
12374
13723
11664
11397
11043
11843
10834
11361
12584
17713
11781
12348
11409
10483
12604
16566
12585
11384
11223
11020
12309
10975
12710
10848
11415
10720
12965
11605
12044
13398
11419
12347
12800
35728
11567
11094
12320
11384
10742
13618
17322
10686
12870
11426
14816
11492
12546
10617
12173
11782
11004
16064
14646
12414
13837
12999
18970
13588
12027
34644
10915
10666
10876
11764
16178
13888
11097
11654
14778
10515
13917
11442
11544
11041
11814
13989
17572
11398
35970
11084
11364
14956
11556
15402
12649
12025
35929
11461
14784
11465
15343
11272
11173
14245
11153
12409
15265
10669
11034
13763
15893
15172
14709
10710
14182
13227
10576
12528
13463
12682
14871
12344
14327
12368
13558
11917
14121
12494
10744
11291
12158
12385
17106
11085
12625
12609
14467
17060
11885
12332
13313
12357
12726
11645
11754
12657
12346
11650
14787
11839
13415
15481
12270
15629
12502
35516
13367
11530
11512
11815
11385
11783
12000
15296
10902
11035
13815
10940
12271
12172
14209
13087
11595
12466
12231
11546
11081
11103
11292
11239
11625
15115
11547
14727
14934
14992
12287
11547
14388
10878
11540
12524
17689
11144
14332
11513
13402
11808
10631
17598
34256
11365
15129
12149
11595
11743
11620
13383
11752
10775
10774
15187
36177
13149
12475
12729
10748
11055
12360
11349
10942
10771
12061
11726
36199
35541
15670
16817
12201
12290
11562
14356
11087
11823
15090
11422
11751
11239
16082
11750
10561
11904
35328
13726
11635
10818
11759
10744
11164
13299
12289
10890
11639
10794
11270
10923
12093
11168
17860
11412
10578
11966
16228
11592
12439
12104
12133
11595
14972
13466
11364
11198
10836
15185
11295
10906
10631
12236
10818
12537
14798
10851
12932
19564
11588
36005
11903
16193
11976
14082
12151
11976
10889
18344
13218
15211
12576
15391
14950
12155
12122
10743
11857
35220
13895
14750
10645
12114
11933
12524
13902
15191
12302
12142
12614
12370
12558
14735
12138
17182
10713
14535
10878
11128
13813
11832
12462
11130
12528
11029
18553
18535
11429
13063
11300
11702
15427
12364
10843
12716
36225
12084
11577
10736
11520
12170
12398
15334
17723
12504
16224
12020
11858
18713
21351
11812
11350
15617
13771
11573
10788
11755
11466
11588
12225
11992
15273
11529
12471
10986
12148
11523
10670
12442
11113
13863
11277
11411
12031
10621
11275
11456
14545
12325
11405
12601
12352
12579
14921
11914
10709
12136
11203
14905
12392
11369
11243
11054
11832
11029
17308
10689
11071
12063
11708
12936
11125
10705
17064
15359
11584
16714
12235
15138
11936
11321
14605
11480
15719
13195
12131
11699
10751
11864
15638
12926
11714
35913
10907
10907
14398
11155
13768
11071
13651
13220
18073
14094
34902
11647
12759
14640
15146
15716
11774
11116
14636
15832
11615
13481
16288
17687
12392
11493
10686
11337
10696
12274
11319
16872
11060
12248
11896
15408
15699
12550
12735
15302
11664
11127
11135
12668
36206
34469
14358
11477
13705
12542
12134
11442
14448
11052
12608
19682
11955
13355
10795
11158
12164
10955
10900
14219
10911
12194
14179
11113
11850
15231
11840
12583
12233
10848
11887
11414
11180
15103
14495
11895
11758
12396
12386
11694
12599
12196
14427
11825
15309
16017
14072
11686
14132
12012
12469
13545
12640
14845
14567
12239
13271
10728
12252
11178
17543
11365
12183
11232
11141
14046
12775
11983
11491
10944
12065
16169
11268
10722
15332
11111
18281
12217
11194
12653
53418
11682
12526
13136
15498
15905
11893
15581
34429
10873
15342
14537
11174
15586
13249
11014
11708
13253
15517
11773
11599
19373
13260
12558
15072
11434
14910
10729
12297
11700
18260
11838
14541
13121
13991
16643
16766
13381
11980
14593
11842
12114
11975
11990
21578
10867
13197
11554
14908
11789
14614
35190
11746
12521
12160
21485
11518
11809
14164
11311
11283
11840
14051
11245
11722
13715
14628
10807
10719
12600
11034
11066
12564
12946
11191
11807
19791
12049
12350
11971
11896
12095
12655
12264
11103
17662
12377
15086
11562
13376
11864
10814
14033
11570
11609
11322
13938
14779
15642
11887
11115
11014
15469
17716
11493
13981
18097
11898
14155
11074
18685
11909
15075
11913
11845
11874
16246
11387
12802
11500
12035
11163
11909
11924
11915
11738
15668
11869
15073
17623
12184
18801
13854
12042
10908
11734
13826
11106
11967
10818
13471
14537
15637
11487
15506
11676
12153
14262
13479
12166
12268
10867
12273
14651
11931
12643
11323
13841
11322
14458
11671
14884
35371
15177
11192
11362
10924
18157
10998
18693
11701
10806
15512
13101
10814
12381
10998
12365
11541
12067
10938
12216
11017
34593
12631
10870
12098
10946
14920
16458
12122
11243
15480
12027
11948
11313
11965
14743
11305
15058
11104
13197
11051
14953
11972
11685
11245
12990
11871
15589
12812
11985
36200
11335
13414
34595
12065
15729
16132
11721
16209
17181
15882
11473
15468
19543
12021
11902
11746
12454
11789
15693
10862
11989
12080
11990
12024
11047
36188
12398
13073
14883
36212
10845
11141
15410
11786
16918
12500
12153
11280
12041
12126
12173
11998
13639
16346
11002
11669
11272
11110
14021
12425
12603
34686
12259
13078
11921
35678
11244
11793
16081
14321
12543
11283
12539
10809
13995
11660
10933
15682
15303
14630
11884
11221
11451
12089
36030
14885
12407
11251
12708
11985
21857
15525
10927
11161
12313
11861
11925
11861
12168
11881
11285
12660
11328
12549
12515
12940
13448
16769
10871
17399
10825
14791
11770
18055
13396
10811
10879
18521
11353
14465
11974
18256
12249
12519
11824
10998
11778
34739
12750
11372
11317
22385
12464
35839
15807
12043
12474
10908
11784
12522
11704
15281
11940
35599
36251
10877
12652
12538
15263
11432
10859
12229
11865
12318
11063
11286
11329
15243
14648
12683
11131
13067
12073
14138
11812
13743
18179
11808
11590
14255
12086
14660
15979
11785
11476
14000
11472
14938
11632
12276
14799
11503
11252
12005
15691
13696
36218
14728
11949
12255
12512
14597
11413
14848
14704
12178
14350
13689
17298
13282
13182
25516
12213
11934
12433
11268
34898
11674
13643
13031
16641
16877
11236
16774
12100
14280
11132
11062
35522
11119
12643
12437
11675
14409
13658
12132
11675
35957
34490
34262
12551
13304
15494
11722
11565
11352
12387
15715
11821
12290
14827
14248
12172
14873
12484
12907
11135
13153
14288
14333
15435
12137
35926
12106
12150
11377
12897
34577
11091
14522
15836
11144
13247
11994
13858
10979
11721
12198
11441
16077
16306
11702
13505
12000
11720
10898
11927
12067
11234
12141
15209
12895
11811
11281
11170
12155
13349
11181
23739
11169
11298
13049
18245
15531
11332
12492
12165
11888
12119
11821
12830
18241
13908
15591
12033
12190
11586
35477
13344
11998
11720
12360
12077
10950
12176
36197
20580
11597
17442
13612
12931
17688
14010
12786
16603
11039
12379
13120
14261
26900
34312
34798
28994
21063
12530
14427
16515
11592
14004
13885
12340
12403
13440
20093
12914
12686
12407
15099
11779
15168
12914
11469
14782
11403
22243
11593
10956
10997
14084
11304
12200
11055
11336
11362
15372
14450
11322
11614
11213
11919
13250
12487
12037
18479
16530
14933
13735
11302
11979
12770
11226
11200
13878
11365
11232
13844
14641
11064
11062
11295
11571
14175
12195
11285
11725
12522
10962
12056
10991
16327
18097
11820
13993
12088
12224
12223
12184
11154
12314
12224
11248
16132
13370
13124
13200
10946
12705
15246
11641
18513
11231
10969
12654
12177
12059
12235
11253
14664
11979
17181
11226
13587
12202
12389
16766
11947
12339
11217
11355
11737
15386
11058
16310
12035
11619
16644
16960
14596
11446
12338
16731
15197
14763
25354
26383
12216
15036
13144
11358
11056
15459
13824
12987
18020
16390
12772
11907
12274
11453
11992
12121
11671
13127
14891
12408
34565
11240
11138
11641
12424
12639
11112
11037
11803
13503
14933
11730
14139
12261
14703
23872
22221
11851
11307
23872
11531
35950
13267
13407
19913
14155
35138
12607
11259
13504
15466
12340
34560
11401
11766
34457
12136
11411
11908
12268
12269
11625
11010
12622
12273
22898
12278
12277
11622
35841
12066
12529
11859
14132
12783
12612
36180
53343
35056
12208
12658
11507
11544
12510
14284
13274
13298
11011
14102
11667
15507
13655
11583
12082
11932
13238
11315
11447
11960
12186
12204
11922
12399
11792
11608
35009
12401
11171
14431
34566
36249
11391
11346
18339
12284
12822
11468
12282
11101
36184
11099
14701
11488
14557
18543
13447
12075
12633
12373
36143
11108
12495
11365
15409
12472
11851
12638
12424
12495
12639
12441
11288
15202
12405
11667
14867
11120
15096
15583
11424
19439
11771
12218
11162
30087
11948
12030
11652
34945
12595
11562
14850
18623
14738
11461
11965
14742
13564
12533
34534
11581
13227
11191
15669
13633
14403
11688
12136
12905
11905
12159
18173
12532
11460
15176
15680
11250
11839
12341
17350
18114
13765
11328
11997
12395
15054
11535
13538
11656
12254
35088
19341
16006
11942
11214
13638
12392
12462
11731
12077
11643
11725
36183
13563
11872
15428
11928
12359
35445
11613
11799
11944
11371
13297
11747
15856
14303
15028
12592
11145
11996
14208
11180
11166
12323
13771
11758
11450
11765
12402
35240
12717
13811
11926
12444
35176
14612
14607
11683
14649
11371
35839
34689
35247
12222
12608
13459
11942
14678
11464
12498
13405
11924
34782
11939
11824
12332
11387
11576
11833
11352
12533
11846
14336
34925
11114
12185
14438
19998
12060
14318
11549
12587
11443
13081
12163
15584
11164
12364
11702
16109
11419
12368
11651
11246
13927
16922
11445
11848
12102
18456
11538
11870
11611
15140
14218
35429
13838
12432
12672
36003
11367
11558
15695
12490
14456
12424
34802
12055
11638
12401
11173
12105
11674
11271
34763
11946
11233
13880
12972
12276
11193
15723
11407
15293
11899
12631
12167
12110
11166
13772
14697
11203
11359
15671
16246
11819
11254
13495
11149
12541
11783
13135
16730
11709
14058
15182
11711
11631
13301
12633
12240
15646
11582
11928
13849
15300
12382
18301
13473
12079
13170
13551
12638
12623
11255
13892
11561
12407
11267
12180
14806
12317
15665
14860
12630
17681
14986
16466
12048
11168
17799
15040
13182
12211
11582
15118
11850
12543
11953
11754
12477
12545
18221
11661
17931
11849
11157
11498
12407
15948
11740
12415
34708
12310
12103
13239
11212
12063
12251
11508
16281
18433
11391
11511
14128
11791
13050
11559
13903
12203
35241
14018
12086
11624
12326
13460
15197
13104
12338
34387
11712
15259
12147
11621
13010
17748
12262
13515
13666
20927
21378
11612
15022
12405
12267
12446
12198
14379
12234
16857
15871
18308
15982
11838
11360
14001
11720
14775
15075
13379
11605
11415
14579
13857
12210
12171
13984
11713
12570
12537
11994
13818
35276
34946
11510
11457
12025
11195
12277
13352
11660
19304
11723
13256
11738
12200
11503
34525
12162
11536
12278
12322
12092
11336
11438
11571
13859
11302
13467
11383
11382
15001
13654
12664
11627
11244
12819
11272
13790
11877
12910
35952
11816
12383
13085
11684
12994
12007
11229
12124
12333
12256
12674
11564
12209
11392
12439
12516
11918
11891
11581
11943
11912
12155
13899
11511
12157
12190
12986
15889
12206
11247
11806
14299
12460
12223
11686
19065
34213
15513
12682
11524
11610
11744
15063
12838
11679
11616
12509
12008
12367
14100
34205
11828
11660
19532
22013
12197
12908
12321
11950
11772
14566
12019
12133
11557
11642
16518
12616
12360
13300
14711
12547
12763
11678
12478
15215
12102
11935
15365
11488
11285
12382
12188
16735
14475
11262
12314
15705
12097
11644
11665
11869
12573
11602
14896
12675
12182
11368
12608
12156
12350
15287
12609
12026
14440
11983
15088
12640
14073
11559
18530
13252
13971
11491
12568
11356
11440
19886
14479
15601
22146
13573
12110
13610
15533
11619
11740
11637
15121
13113
53332
12425
36165
36186
12404
12170
11899
12911
11456
12467
12603
12011
11317
11685
12293
11643
15387
13414
12405
14288
12505
11826
11301
11718
16042
11967
12589
11850
23934
27516
22907
23319
16181
11475
12390
17815
12359
12215
13349
13807
14449
14300
12280
14449
12441
11388
12317
14824
27740
12222
12264
14946
18178
18877
12348
13860
15499
11414
12125
12600
15711
12394
12227
12595
12307
15947
12450
16527
17261
12421
14473
11410
13568
13580
13876
14142
11988
14397
13781
11827
11923
11309
12615
11809
15495
13522
12111
13543
15502
11404
12527
13443
12122
14887
34525
11459
11367
12363
15406
12860
18820
11593
18085
36237
14250
12451
18764
13679
11661
12497
11537
24722
13365
11626
35583
13642
12522
12244
11599
11797
12527
13246
11955
12023
16793
35936
12404
14304
12320
22631
19820
14487
12100
17360
12194
36176
12077
15581
11822
11975
16222
11394
12447
12565
18140
13342
14211
14289
11855
15683
11800
15382
18604
14382
12607
12400
35023
16416
15807
11655
12644
11891
11943
11657
11823
14526
13478
12969
15338
11743
12621
11408
11796
11795
11836
17983
11401
14769
11725
12244
15633
35148
14053
13747
11916
17011
12776
11738
12011
11421
15478
11763
15178
14657
16246
13513
11937
11653
14642
18452
52990
14322
15398
36222
36182
14941
11760
16692
12251
11655
11960
12514
12749
13578
12386
12403
14469
11751
14468
13780
11904
11420
15553
13354
11644
20305
14378
11931
11636
12462
15341
12406
14031
11815
11919
12391
18224
12581
16091
12650
12386
12033
11475
12876
13397
11558
11860
15351
12370
15100
12614
12857
11868
35967
12520
34928
12081
14009
12461
12350
15578
15599
11403
14580
35952
15304
14257
12611
14421
11617
12604
12548
13975
11506
20209
11473
11528
14669
12583
36183
11955
35608
12501
12354
12457
13548
12221
12517
12742
11528
12489
12062
11495
12575
24846
36174
24126
13884
11873
14305
15579
12957
11769
18399
11926
13321
13403
12113
12069
14775
12138
11952
11534
12745
12308
21279
12623
13034
11626
11446
11738
12735
12216
13597
11521
15650
15821
34813
12303
11539
12218
12137
14063
11771
12465
13646
11941
11458
12835
18216
16121
14584
11994
12485
11633
13198
16900
17015
14956
14420
12482
12249
12246
11876
11806
13103
20974
12330
11977
11556
14140
13710
15722
12363
13270
11503
12481
12383
12591
34883
14945
12112
11560
12366
12046
11943
12281
12267
14894
11474
12409
12310
15344
14531
34992
12310
12415
12448
12063
11708
13180
12448
21407
15111
11674
14915
12498
14947
17681
11676
17282
12385
14277
11586
12429
13154
12168
12161
12556
12401
14223
11669
11963
12382
12385
13779
14180
15731
35840
34602
11497
12493
12259
14545
12199
14550
12447
15159
14052
15316
12300
17048
15107
12353
14022
11668
12479
11687
16779
14179
12332
11835
11817
11710
36185
34592
12463
18139
11526
12502
14858
11857
12820
11773
12638
11513
15439
12157
11867
11594
11629
15685
18326
11914
12096
13617
12564
12648
13071
11822
36186
11849
11661
14549
16543
16998
15308
12250
12311
11795
14283
18683
12569
12920
11960
53232
12694
14878
13269
18824
13850
12121
12743
18330
12272
12263
13644
12279
12458
12189
14603
18034
11884
12562
13758
23847
12050
12451
12026
12239
12222
11950
35257
11755
14452
18682
11633
15455
11873
16275
12245
12531
14852
14198
14696
13532
14226
12581
36040
12220
13675
12195
11880
15864
17025
11591
34592
11929
13038
12476
11622
34928
35541
12482
13056
12104
14113
13146
15349
12543
15866
12370
11664
15424
14592
12121
13127
15714
12118
12217
20087
11935
36327
12356
12593
12315
11844
11645
35270
12513
12336
12250
13791
12061
12403
19272
15619
11823
34839
16568
18624
12034
14287
34839
15543
12299
12587
34872
11942
11933
11894
14965
12408
12373
11617
11764
13976
24846
12237
12366
11961
12010
12387
11872
36203
14650
11634
17327
18288
15207
12185
14926
11801
11611
11810
13787
12007
15280
14212
11634
11763
14007
12690
14110
35881
11997
12023
14844
12890
12537
12408
11617
12325
12659
11863
15639
12109
13632
12557
12478
11626
12626
16288
11629
12339
12197
15597
16297
12474
36179
12219
13697
13836
35599
12235
11940
11749
13394
12410
12001
22650
13150
12322
12062
11736
15101
11992
11719
12028
11671
12291
14569
12016
12845
21189
14586
12286
11886
13795
11742
11878
15330
12041
12635
34763
34802
12289
14943
12983
12099
15361
14632
12358
11877
14085
11905
12359
15105
11804
35445
12413
15189
11683
19499
12341
12879
11825
12442
11941
12345
12929
15101
12192
11984
12616
24163
13279
34844
36347
13701
11727
15527
13559
13507
12670
12341
20044
13074
13067
34826
12523
12282
12186
11945
24126
35774
11770
14478
17140
11842
12395
12164
12554
16003
35732
16970
15376
11782
14136
12111
11851
15713
12067
53410
15582
12152
11745
15540
13222
14215
11951
12473
12126
13931
15694
19884
15708
11844
12545
13284
12410
12104
18776
15529
14393
14249
12563
12403
12676
15033
14857
12153
14552
12380
11732
16928
18731
18716
11723
15598
12160
15163
12035
14019
15528
12620
14737
13901
15580
17477
14285
12530
34800
15721
14759
12637
12499
15048
14634
13253
15591
13123
20063
21229
12555
12180
12433
12463
13457
16350
13684
13668
12507
12635
12574
14810
11914
12085
13017
14731
36214
12521
11976
12293
13420
11777
34293
12330
16654
18288
12594
16017
12087
16035
12309
15477
12055
11878
12170
14943
11918
11920
16321
12302
11961
15706
12436
12374
11997
34925
12053
35928
18720
17546
21365
21251
15047
13296
13729
12596
12426
14425
18522
18186
12177
13126
12747
15184
12505
14307
13794
11844
12001
13606
14156
12074
12924
12428
12636
36182
34499
35445
17998
11794
13496
11938
12774
13933
12756
11769
12286
13380
12230
12472
12547
12695
34882
21250
21251
13465
14457
12106
14417
11830
13752
36187
12445
14184
15592
12307
14637
12540
15157
18563
18360
12572
13492
12548
15496
13520
11998
15037
19071
21279
18093
18189
12848
11875
15277
12628
34305
11871
12033
12301
15864
12094
15827
12131
16565
13361
14079
14236
13441
14118
13574
13220
14418
12639
16229
12017
11965
14913
11938
13422
13213
13746
12215
14744
14554
13889
12518
12617
15737
15264
20881
14218
12550
14366
13648
36347
13680
12376
13423
12570
14343
12591
15356
15412
12070
13863
12746
15471
15006
15538
14523
15301
15618
14918
15701
15220
11988
17480
13350
12477
15369
12325
14344
33193
12189
13359
16571
14251
12387
12443
14451
15225
12520
13885
35841
16179
17966
13095
12099
36075
17539
12294
12627
12506
15514
35075
15753
21540
18563
12191
14929
22010
12244
15210
12636
21069
13759
12571
16294
15840
12649
17931
12630
36212
13510
35276
12348
13570
11928
13813
15405
14213
15802
12909
12329
15143
13084
13472
13728
18413
12347
11879
34343
12181
14833
12655
13814
13805
15024
12647
18559
14203
14055
12157
12199
12311
13081
15494
15442
13046
15602
12164
16147
13890
36327
14676
13877
15518
11897
11948
12443
15284
13051
12051
12462
15371
13208
17199
12871
12027
13426
13267
12321
34593
12516
35541
13286
14123
12571
19750
11977
16503
18881
15404
12553
11999
13622
12219
12656
15005
21229
12342
15479
12155
14337
12028
34782
35005
13134
12584
11919
12042
15594
12422
14108
12475
12728
14971
12369
15245
14357
12319
12391
14547
14480
13696
14583
13796
11957
17196
15394
12647
13331
21100
14422
18273
15630
14712
12419
19257
34589
13991
16701
14875
12870
34884
12087
12704
13360
12284
12913
34792
12634
12651
35238
36193
13045
13955
14189
14069
11995
36187
36196
12211
12305
12184
13590
35206
11972
20887
12280
13916
12959
15430
14459
12210
12531
12246
12395
12154
15250
12250
12040
12169
12464
19885
15419
12435
21011
13500
14554
14788
23386
15303
13374
20499
18525
12788
12210
12351
12080
12324
12559
13819
15922
14416
12318
14437
12988
12447
12572
14109
14770
12535
12271
13745
12573
15074
13790
12213
15255
12818
19991
34659
34836
17337
12592
12034
13257
12168
12556
18678
12174
18187
12149
12633
13432
15125
14404
15564
16822
12555
12584
12188
17200
12044
35734
13506
15467
14335
14227
13649
15574
12031
35153
12503
13535
17856
14594
34898
13113
12218
36333
14853
12887
15519
12579
12331
12507
12901
13950
12328
15493
12193
36188
36183
12274
12336
18641
13189
14253
13862
12533
14476
12487
14320
12053
16301
14958
15820
13280
15445
13869
14206
13461
14543
12652
15612
12438
34844
12652
34227
20648
14129
34623
26383
12497
16037
12315
12593
52309
12075
15038
12653
13074
12081
15322
12520
15173
12641
15355
12642
14491
14441
36220
12096
13934
14546
14401
13816
12406
12317
14683
14975
12794
36190
12140
18586
12478
36014
12248
13526
12224
34975
13312
12334
16019
12410
16144
12431
14723
12470
12516
14039
12140
12243
17485
34766
12167
15407
35522
15700
12345
12434
14808
13893
14331
14996
12145
14153
17542
35091
35780
13732
13542
12572
13492
14708
12509
12322
13139
14865
13355
14556
14650
12270
12658
12288
14062
15625
13409
12490
15179
14705
13388
14317
12725
12574
14581
12191
12869
34570
12316
34727
13052
12161
34823
12192
12616
35045
13516
15423
12486
12374
15393
12148
12561
15449
14767
12466
13662
34664
12413
14082
14530
12292
12654
18427
13384
13775
15311
12241
21136
12453
15412
18672
20761
12269
12229
15802
15113
12434
14459
14785
14513
12272
15240
12460
14323
24722
12597
36172
14565
14685
12252
12746
20654
14998
14427
35947
18254
15889
14604
35926
34925
12582
14023
34985
12660
15702
17837
12536
16491
14027
12377
12240
15256
12391
18079
15888
36179
15827
14295
14892
12288
12286
12653
14311
12212
12243
12557
13939
14621
12229
14645
13519
14080
12453
12298
34823
12313
14496
14376
36189
14017
20820
12231
12531
13921
14122
12627
12955
12624
13582
14942
14379
12977
14290
13630
12516
14364
15307
13173
13616
14599
13819
17204
24035
19026
14970
12752
17001
12305
12921
16279
12249
14310
15925
15057
17400
13601
30087
12736
12567
15101
12349
14758
12963
13800
14723
35687
16079
25581
25354
27737
26383
23516
35950
12296
16759
35950
13936
20235
14811
13932
12622
13846
35516
15270
12585
14629
34219
17740
12378
14020
12308
13258
34457
12457
34863
13477
34739
15279
14626
20978
16304
13372
14339
35687
12492
12580
14204
14032
12538
12968
18611
12594
35123
15442
17587
14371
15046
17284
19693
13371
12553
12772
21531
12547
18158
34311
14278
13342
15804
13317
15664
17545
16948
14912
14471
12641
12903
17616
19063
14424
12464
13288
12346
14040
13767
15323
13132
18793
13062
12597
15266
13731
14904
15196
14525
15420
12491
35715
12368
15052
13778
18523
36160
14990
14700
12717
35608
36198
34920
12551
35761
13538
12567
14968
13327
14645
17845
35333
35993
13722
13965
12445
13152
14014
17768
12456
14267
36192
13973
12375
15728
14729
15223
13117
34884
13226
14485
14090
13847
12418
12483
12500
36196
12642
14591
12534
12454
14812
35867
14254
12544
21603
13351
17441
13333
12404
12678
17260
16885
15022
15474
14296
15295
35959
13160
13613
15325
18142
34664
13197
13303
14954
17816
12536
14352
12422
12811
12528
12777
15411
12874
12635
17971
12580
16649
16785
12540
15462
14961
14193
16949
12561
18216
12504
16655
12544
35088
15651
20355
13663
15161
13158
19408
14835
12650
13021
13248
13776
15663
16136
14840
13967
36194
35238
20492
12553
13116
34808
12912
13340
17756
16732
13576
15626
15420
35128
14501
14601
13409
36162
35330
12621
13840
13255
15241
13800
15278
12601
35728
13434
14235
12523
12615
15722
12992
14562
13561
17101
14373
12510
15306
13136
35143
14145
15614
12636
16260
17576
13399
27737
36198
12658
14362
18210
36240
16791
15135
16301
15436
13797
15595
14763
14828
14033
35153
14130
15562
14508
15665
12531
12823
14310
13676
12740
15260
13867
15415
35009
15002
53419
36143
13891
17819
36238
12867
12785
13265
14692
13583
20565
12856
16527
13485
12601
15392
13439
35000
14087
15104
12613
21168
15446
34895
18926
34727
14264
13480
14012
17721
14192
12603
18160
12619
19024
17825
14573
14864
15696
34935
12971
34879
14694
14265
18716
12666
12637
12604
13251
12644
13525
13092
13203
35442
34737
35216
22389
34227
13538
14699
13082
34992
20581
36198
35005
15555
12749
15384
13281
12922
13738
17645
34637
35393
12651
18163
14658
14098
14347
17623
12937
19306
18313
14146
18359
21156
21572
16221
18372
16278
12916
15654
14670
14101
13531
14545
15023
13040
16975
14802
17863
14674
12659
15347
34328
13423
17664
21995
16652
14900
14941
17457
35138
13307
15331
13124
15297
12752
18669
17022
15089
12828
14070
13435
15918
14674
20797
15355
25580
14623
16552
14619
16469
15484
15244
13218
35093
16610
12994
16845
23796
13217
14171
13348
13997
17056
12781
13013
13617
15545
14111
13337
18722
13138
15713
16337
15352
14664
18508
13613
16611
14812
12855
12760
13323
17032
13561
14187
21726
14429
13609
12766
13546
17348
13436
15008
13001
12716
14053
13521
14964
18454
15323
13567
13057
14981
12967
17335
14553
14842
18331
15094
16666
14885
15168
35493
13153
18172
12907
16456
13789
13119
15085
13162
15573
13534
16558
17079
14335
14369
16672
12886
14314
15019
14719
12953
34314
34866
14894
14803
13975
14467
21365
15043
20186
14655
14351
13173
15078
18920
13736
16809
13418
13751
15498
13220
15501
18459
13000
12867
14393
18747
14059
14043
13016
14883
17796
14050
21561
13497
34341
13780
14468
15192
14604
12745
14248
13827
14074
14007
15128
13871
14466
12891
15008
13826
18588
14008
15554
15115
15255
14394
15477
14201
13407
13992
13671
12900
17045
12752
12854
15680
13034
14706
14450
14367
15371
15829
18420
13205
14372
17911
14006
13327
13358
15730
15686
14126
12852
13378
17183
13960
14878
21856
14803
15253
14694
15061
15546
13263
15163
18324
15700
13389
13033
18877
14731
16340
13639
14602
14940
14822
14448
13394
15084
13794
13102
13149
21631
15534
15657
12850
14647
12989
14461
13760
13001
13490
15451
13767
35412
15861
13906
14156
12832
15087
15541
15189
14352
17396
18354
13144
17221
12816
13230
13406
14242
15653
15214
17488
18777
12778
13689
14605
12776
13776
12753
20750
14572
13452
15377
15799
12841
13664
16227
13713
12878
13579
14592
15288
14082
15028
13353
12839
20928
16668
15735
12802
15009
15380
13300
13026
13386
12939
14065
14918
13115
13615
30737
17058
18738
15176
16553
13133
15505
15410
19377
12848
17198
13022
15105
18182
24341
14842
16133
14613
13422
15306
15598
21885
15573
18784
13442
14724
13330
13092
14248
15160
14753
14016
17469
13769
14139
14666
17212
13958
13472
13544
17480
13769
14756
17608
18001
13249
15252
15746
14517
13680
35070
14450
18058
14150
13869
14941
13810
13243
13904
15035
15477
16244
15395
14933
14637
15465
17930
13461
14664
16591
17554
13331
14369
12790
15842
14282
14115
17215
15297
18207
14999
14862
15230
15049
13174
34253
12809
34930
18380
13583
16182
15263
15092
13872
12880
15552
16465
14695
15074
12970
13330
13179
13048
15082
12883
13077
14774
14576
13984
15387
13003
12998
13922
13084
16309
16921
17146
12851
15053
15124
14237
12920
13262
14170
14198
14527
14269
27072
30158
17392
20586
15132
13925
14475
13785
15153
15873
14004
14668
13291
18671
15232
12910
16180
16656
13713
16334
13968
12806
13385
15608
13956
15081
17352
13084
17320
13348
14411
17473
13732
15064
13266
16607
14108
13925
14247
17812
14575
15654
12955
14200
17923
12852
16986
14212
18191
14903
13421
18433
14022
24295
14531
15265
14000
14150
16041
12973
14462
13739
15248
12933
14478
35481
13959
13076
13008
13309
16407
15882
14783
13093
19482
26977
14072
15343
14321
15497
13318
13698
16976
15731
35090
16675
14107
16514
15177
13231
13592
14017
14127
13328
13883
17175
14536
13799
13560
16658
13568
21200
15429
12953
13188
14454
14070
13395
14149
14675
13194
13920
15033
14086
14661
13877
18456
36184
13774
34309
15048
13730
20756
14191
18348
13152
14192
20915
20916
13246
33586
35488
15110
14193
35159
17031
17359
16193
12911
15978
14140
14232
15200
13360
22995
13497
13218
14564
13595
17383
13587
18355
15624
13358
16798
15518
14344
33762
15709
14257
14969
18038
13994
15627
14197
14424
16979
34832
13149
17502
17987
14236
18651
13917
15437
14828
13566
14958
18184
20678
14317
13245
14187
14791
21269
14097
13723
14565
14533
15704
13439
13909
13580
14914
13116
14141
15054
13373
13347
15317
36209
13580
12880
13420
21575
16447
14374
36201
14602
15032
13344
14841
13764
14813
17908
14857
14552
15631
15175
13169
14076
13745
14318
14225
18677
13536
14726
18912
12908
16073
15298
13367
34496
16898
13199
19557
14797
13598
13526
16521
14562
15237
14512
13971
15229
16185
16102
15243
14511
14548
35981
18526
35967
14114
13095
15052
16614
13116
15515
18039
34832
14425
14095
13586
15613
14967
14480
21131
19966
13238
15718
14383
13361
13507
13852
14382
14607
13946
13847
14306
13193
14939
15857
13916
13322
16298
14220
14798
20534
15267
18056
15028
18392
14925
18477
13823
13427
18519
18584
16969
32715
15502
20915
16042
13737
15436
13372
14480
21675
15244
13652
16354
20635
13758
15356
15711
16023
18744
19541
16962
13097
13302
15271
13684
14030
35150
13239
15612
19603
13162
15369
14896
21144
14961
14205
14432
15485
14633
14837
13381
18607
35754
14593
18560
14513
34429
35284
15186
17210
15245
13424
15535
13451
14793
13427
15515
15364
14266
14679
13695
14042
15582
14885
35493
13620
19989
14641
13782
16919
13337
16879
14243
14452
13557
14151
13873
35652
14964
13512
14769
16212
13363
14053
15159
14525
34656
21296
13827
14341
16424
13686
24413
15238
13557
15212
14806
14614
13612
15370
12947
21320
14180
12940
13565
15188
15562
14390
15456
13188
16847
14388
16549
15551
14398
16396
14750
13689
14144
13772
13399
18504
13048
13100
13528
14834
15541
13584
14785
14368
13326
14713
14097
14768
14494
14800
14498
13600
13107
14426
36285
20890
13415
13225
14651
14823
14652
36202
12947
14473
14281
13362
14950
15923
16741
15391
13083
14182
13547
13752
13192
13897
13941
15042
18528
13647
13648
17100
13470
14906
19181
21518
17243
13495
15000
13628
14433
14509
14898
15025
14199
13106
15499
15339
14037
21092
13352
14894
36209
13580
15620
18302
35042
16118
13511
14300
13322
18250
17047
14139
14933
13011
15481
14410
35029
14387
18928
14653
17108
14217
14763
14990
15287
17850
15434
14579
14597
18485
16660
15366
13200
13450
13161
34627
17280
15306
13525
13583
13534
16695
14057
13838
16263
13183
13193
15211
13552
13345
14881
13992
14067
14143
13292
13388
15026
15497
16896
14811
13516
14794
35776
17329
14485
15077
13268
15070
15399
14825
14376
14496
17791
14766
14326
13434
18449
14271
18269
15669
13687
15062
16462
16463
16015
15323
13312
16619
14029
15459
13041
14039
15722
15286
15251
15505
18505
14259
13120
14546
13991
14904
15420
14868
14590
13683
15321
35009
18329
15340
15655
14628
15068
14464
13757
16865
15670
13429
18397
14261
16988
14621
13898
13204
22558
13822
14024
13427
15515
18334
15089
15176
14375
14117
15231
14609
15083
13506
35258
13006
18335
13741
19965
14565
15334
15585
14642
34442
13944
24110
22911
36247
15448
14817
13890
17380
15907
34800
15721
13817
13466
14655
14357
21797
13245
19714
34213
21184
21378
13366
14734
20697
14907
16024
14635
14229
15441
14638
15125
24774
18300
13306
13254
15284
14956
14013
13856
17625
15210
14756
18365
15222
36201
13344
13871
13202
15155
15312
18662
14356
18353
15090
17273
18192
14639
13735
18779
15701
14477
16080
16072
15104
15695
13146
14830
18015
17315
15173
14370
13487
13915
24827
15303
13276
15218
13600
14537
13336
15435
15108
15481
17259
14175
15514
14443
14442
14249
13440
13442
17113
18176
15030
18083
13159
16158
14448
16554
21938
16461
13387
15189
14845
14810
15609
14349
15230
20018
15049
14637
13631
13141
16785
13490
15451
18888
13691
14483
13212
14365
18255
15129
13851
15740
15387
14646
16636
15565
14994
15715
13547
17316
14832
15601
35226
14252
35199
13167
13955
14774
21028
16597
15418
14943
13265
14827
13094
14691
14383
34983
18494
35815
14476
14667
13130
14773
14519
13263
16431
13127
14884
13603
15728
13143
15863
15319
17409
14767
17362
17318
14869
18436
13284
15017
14322
16425
16015
13131
22301
14529
15321
13196
14070
15235
17566
13337
13763
13564
13979
13332
13653
13650
35285
14142
13747
14505
17142
14402
13477
14720
14071
13131
17044
14258
29079
13971
29996
35247
21369
14358
14019
16448
18712
14204
14662
13167
22448
21534
15478
13483
14920
16266
18727
13704
15379
15362
15295
14557
13348
13524
17490
13621
15677
19148
15053
14955
14112
15594
13248
13762
15553
14060
13473
15507
35080
14930
14216
14582
14665
14303
15290
17602
19804
14391
13636
15509
14212
14049
16277
36178
14995
14474
17197
13409
13558
21763
14188
14725
13982
14271
17724
15297
14125
13988
14864
16801
14506
14222
14209
14767
13707
15531
17843
14607
14792
13985
14796
13701
36347
19735
13923
13932
13671
15345
18583
13573
14945
17663
13168
15302
15552
14850
16873
15424
17174
14346
14760
13683
15361
14707
18359
15277
14536
13844
14681
14665
18469
15765
14582
15661
18317
14647
14362
13565
13912
15575
14083
21373
19088
15650
14851
15566
18489
16353
35852
34750
16809
17349
15550
15337
13143
13333
17714
15566
15651
20535
13627
22028
14025
14711
14805
14702
18338
14958
13720
15520
19408
20393
14131
13754
15411
14262
17837
14904
21738
19593
15530
13829
20991
14767
21731
15366
14949
17254
13847
15123
17257
21597
15355
16047
13875
14004
14931
16476
14069
14437
16493
16430
14936
15354
13638
14818
13415
14297
14815
16033
13259
13236
14644
13610
15296
13208
14613
15591
18122
13301
17040
15235
16056
35568
34660
13356
18638
15547
14972
13818
18204
15465
20163
14412
17446
14671
14759
13254
13462
15552
14474
15625
15499
14649
15405
14052
14478
15491
13842
13339
15020
15648
14908
21333
14576
13792
16777
21239
13373
15301
15646
13255
35477
17290
13480
15377
15201
14151
18692
15489
16546
14450
16084
15372
14780
14939
15208
14202
16577
13505
14109
15667
14713
13455
35057
14550
15126
13754
13413
15310
15793
13390
13196
17222
15681
14042
14429
14445
14187
14876
17932
15519
35059
35330
14695
36049
15113
14995
16717
17766
14099
13652
18517
14887
13952
13216
15423
17767
36249
13300
13661
13672
16460
34793
22372
23418
35274
31577
16751
15116
14667
21147
13662
20905
15401
15124
15088
14375
13702
13326
15612
15181
14821
22390
15539
14611
13332
15074
18135
15492
15336
14489
14467
34253
13949
14130
13676
13675
14306
13942
14161
14707
15001
18198
16772
14993
14437
13794
15085
18096
15467
15962
15263
19312
36205
13942
21158
13209
14166
16015
15827
15062
16517
15199
36214
15474
14048
16550
13719
14397
15095
15472
16014
17226
14714
17776
16639
14661
14349
13391
15034
15933
13901
15128
18287
14616
13994
16049
13322
16762
13387
16509
13861
14699
15560
14838
14809
15316
13625
17726
14821
14993
13791
14348
14167
35140
14007
14613
13295
13618
18787
21967
17283
14614
17381
13296
35030
14771
15212
18475
17529
14386
13903
14064
14395
14192
15301
14021
14195
15453
13400
13443
15248
13739
14461
14411
15577
16835
21199
14787
14836
17091
15393
19112
13727
14594
14856
14392
15713
15352
17248
15334
13657
15585
16409
34783
18298
16381
13298
15429
15186
15853
15225
17530
13609
13429
15627
13756
15046
13835
19757
14518
15069
15268
14686
16186
15508
14272
13783
14250
17957
14207
16734
15015
15307
17422
16974
16638
18240
14354
36200
13313
14179
18664
18651
14236
14294
18871
15250
20125
14462
15348
14381
15697
18518
15502
14032
13396
13879
13818
18445
14399
15469
15357
35718
15135
15615
17470
15272
15202
14999
14314
16797
15803
36241
16582
17169
18213
18724
14563
14271
14391
14783
14469
13602
16634
20409
14223
13965
13776
20828
15388
13452
15161
13526
15454
14528
16707
20539
15320
15659
14393
15172
13846
14177
14159
15516
18045
14466
17650
14379
15607
14979
16316
35395
15178
14799
15031
16601
15109
14203
17958
13569
14793
22339
15538
14585
14119
14083
14453
15776
16836
13782
14283
15418
17498
14869
17575
13544
14312
15526
14840
17805
13878
15663
14835
15110
25609
16243
15036
16769
15185
13540
15145
14328
15584
15368
13453
13673
15878
13461
14055
18077
17016
17442
17826
14156
14347
18600
14598
17645
18200
15450
13591
13722
18763
14315
18184
17512
13776
15592
14115
14734
13875
13411
13660
13493
14157
15228
15636
14398
13993
14546
20537
20227
21784
15635
13398
18132
14940
14649
14984
13551
22703
14898
14200
15437
15564
14351
14606
16065
14155
14023
14673
13305
16300
13888
35137
14893
14171
13715
36214
14135
14759
35641
14341
15283
13317
14166
15318
17433
13918
16249
14066
13804
15609
17227
15189
17396
14706
13985
13354
16054
18487
14027
18572
14148
16241
13899
15439
13709
18958
16700
13412
13711
13536
15397
15264
13458
20227
14904
16501
13731
14647
14650
15698
13645
13706
14724
15121
20669
15595
13797
15290
14364
17336
15459
16437
15367
16882
15147
18622
14219
14133
16237
13709
14973
14332
16683
20782
14638
13997
17538
15289
15650
14504
13773
15170
15373
14749
15170
15282
14415
14224
15637
14612
14607
14691
14325
15531
15567
13867
15239
15598
14331
14124
13894
15426
21104
14726
14735
17634
13549
13639
13880
15093
13881
15406
21671
13347
14009
17657
15666
15559
15391
13623
15534
14846
15581
14396
16336
17806
13676
18340
15537
15267
17171
13635
17593
35568
17540
15158
13911
15022
14960
34857
14223
13521
15596
15215
14135
16748
13780
14518
14054
14985
15344
13590
14015
14196
15154
15589
13799
16959
13788
19750
19321
13411
24598
17344
14519
18296
15163
18001
13392
14422
14188
16893
15835
16046
14857
14470
14046
15406
13843
17277
13719
14397
18767
36353
17678
21006
17988
14312
15618
14469
13417
14927
14486
16757
13658
15693
13623
15563
15565
36215
13802
15578
15414
14980
18811
14440
15621
13960
14286
34851
17573
14275
14824
16684
14247
16378
34442
15593
14997
15447
17190
14321
13870
15194
18438
15194
14443
17953
13393
13964
14725
13572
21809
14444
13610
15652
35550
14529
14707
14972
17901
17206
14460
34278
13463
17733
15655
13760
15708
14353
34571
25802
14934
13475
14587
15719
15508
13811
14238
13938
13948
16028
15165
15875
13558
18117
13743
14357
15403
15257
17148
14981
14551
14646
14569
15268
13819
14720
13477
20158
15346
14093
14443
14574
17184
13420
14374
16027
15537
16831
14040
14620
13510
15340
13943
19577
19890
15606
20854
15684
18008
18823
35779
13583
13997
13464
14959
16545
14268
14414
17735
13748
14509
13901
18594
13822
16444
13637
14503
14680
14197
36348
13631
18546
14697
15633
13502
18742
15473
23524
13556
14852
14727
17959
14794
16957
19115
15415
13654
15451
14098
15634
15445
16958
16333
14726
14838
15120
15119
19315
17649
15517
13750
18409
18263
15404
14027
19785
13540
15384
14752
14419
14602
18342
18219
15032
15218
17246
13448
14752
15038
16593
18468
14997
15086
15678
17149
14556
14566
17418
18166
18215
14568
22425
14804
15242
14105
13490
13767
13619
13800
14285
17772
16887
14799
13543
15390
13788
16867
13983
15486
21925
14570
25511
14830
15227
14200
18550
17787
15310
15036
21710
17073
14384
20442
17070
15706
20540
16124
15279
15233
15547
15382
15035
14397
19697
22027
14030
16481
14581
14905
17577
21771
14961
13998
15342
13726
17571
14817
14312
16807
13567
16933
15279
14586
17462
14544
15115
13753
15885
15740
16103
18562
14518
15525
17562
13741
14552
15117
15288
15449
18750
15245
17194
19640
14078
34281
16990
26885
14941
16692
21628
14951
14921
17167
13564
14848
17503
15181
15172
16376
14834
13528
13533
17586
16497
13932
18696
17989
14965
14427
15702
16906
13854
19332
14808
18657
15407
15293
13974
15282
15373
18223
14526
16606
17562
16848
13698
20934
16787
15105
14121
24876
16780
14586
15455
16540
15141
15484
15259
15504
15073
21848
14783
15526
16972
18755
13912
13640
14362
13735
14636
14640
16850
16944
14829
18634
15040
13742
13611
15067
15559
17988
14278
18230
34775
14464
13717
13527
14628
13585
14432
16761
35377
18460
13642
16982
15394
18440
14685
15039
21040
15199
14042
13991
14988
16643
14324
18665
15003
18679
14768
14819
14657
35523
16474
16231
17542
14578
14521
13577
15710
14555
15759
17460
19317
14963
13563
14532
15452
15708
13527
14932
13717
15524
14665
13617
15559
13857
14375
15089
16012
14337
14950
16679
18785
34759
15726
14449
15659
14538
14773
13733
15381
17351
17372
15421
13755
17573
14362
14905
15570
14355
16303
15731
14107
21268
15456
15628
15795
14281
13636
17940
21125
14512
17209
34340
29079
14302
15479
14394
14423
14846
16525
16278
16938
18779
14801
14539
17585
13636
13924
14548
35487
15466
17811
20311
14860
15682
14788
15405
16983
13942
15142
14677
14963
21633
16910
17005
13762
14399
14117
13925
13922
35567
14913
18060
13963
34837
18448
16344
15641
13779
13788
15278
15662
15771
21147
15789
14858
14882
17644
13838
15570
16574
18757
15381
15422
14029
14719
13627
14401
18633
14747
15428
15224
14654
15416
13856
15146
15148
21766
14488
21605
34818
13651
16997
15597
15378
13911
17830
15661
14729
15920
21563
15171
35195
14313
14162
18432
15273
15117
14117
14761
20895
16727
13798
16325
15683
14486
14672
14922
13657
14308
14616
15337
18325
14491
17976
14087
15338
18814
14787
14786
14386
18435
35546
15044
16631
36349
25015
20587
20477
19541
14386
18285
31837
15131
14797
15109
14493
16520
15131
14800
16129
18708
16395
15109
15274
14178
17364
15618
34953
13630
13982
16625
15087
13874
14244
35649
18532
14011
14191
15532
17814
15787
21964
14166
14355
14838
17484
14412
13964
15116
18609
16866
18279
13710
15501
14089
16282
14583
14891
16714
14805
14630
18617
15682
14683
14643
14655
15547
14234
14651
14895
17583
14947
14916
34687
13892
14984
15383
16572
14171
14864
14472
14222
18498
14994
15654
35761
13990
13795
22169
15094
18613
13818
15503
18205
14473
15628
18426
17475
15683
16807
16603
17641
16271
15714
18734
20017
23298
35747
13701
16823
13926
13710
22473
14094
15553
17522
14029
18511
16737
14365
24469
20830
36260
14108
14015
15633
35475
14091
15037
15266
15662
35981
21481
15237
17897
15726
18782
14756
14016
15210
15645
17361
13737
34775
14234
17218
18768
13833
15056
16143
18167
14730
13833
14862
15002
35080
14279
15096
16904
19921
17486
19777
17489
15318
13918
17178
15232
15147
16882
14722
15673
15009
14415
14599
13803
15629
15363
14757
15419
20926
14500
13954
16575
14882
14928
34296
14477
13900
14158
14092
14144
14814
15834
17080
15079
15396
15517
14376
15165
13764
13808
17847
18696
15234
15014
17855
15492
17224
14897
13966
52247
14086
14765
14165
20979
15010
14766
14326
14979
34916
13938
14911
15112
14238
13738
14962
15855
15122
36065
15270
14514
16786
18243
14078
15186
14529
14437
17054
19697
14175
15482
15641
17633
15160
14884
14458
15956
13789
15492
15126
21325
34252
17103
15090
18549
15341
13937
16332
15204
14627
14912
34254
14319
14764
13793
16441
14020
14274
21796
20756
15048
13708
13811
36203
15191
20186
17788
13756
15000
14732
14974
14392
14259
18493
15410
17249
13840
15367
15262
15413
13977
14406
15413
15974
14928
13967
13724
16357
18538
17334
15250
17789
15150
14266
17375
20541
15251
16293
35438
15698
20708
14238
17881
15988
14981
14944
14646
17765
17187
15383
35941
15301
13843
15581
14659
15383
13800
14947
16826
17411
16898
14828
14728
18615
17355
15556
15654
15460
14184
18831
15624
18695
15332
14987
15121
15252
14801
13905
15460
14877
14951
16573
15669
17515
15784
15664
14108
13968
14940
13809
14058
15343
14106
14406
14920
17880
15385
14958
14206
13848
17293
14034
16398
15532
16965
18514
14230
15749
16156
18909
15407
14137
14996
35915
17656
13940
14445
14089
20701
14937
31789
14740
19866
33525
15669
14458
14921
15254
18627
14856
14392
15247
17090
34211
18033
18843
15396
14809
17129
15655
14826
15433
25943
14727
16994
14899
15529
14499
18619
15043
14123
14287
15038
15412
15414
13821
14980
15248
18706
14714
14215
17002
15579
15289
14132
16640
20249
16564
15219
16533
16677
14701
35582
15742
15015
14472
18094
24844
14471
15591
14680
14741
14047
14867
15152
14885
18347
16556
18028
18389
17220
15064
13987
16422
15663
16069
13905
19895
14755
14175
16880
15069
18241
15747
15672
16746
21950
21703
36237
17440
14547
14378
16063
15623
13986
13911
15936
18650
16956
15235
17179
14972
14028
15336
18041
14632
15232
14872
22492
14785
13984
15367
14973
14285
16397
15324
15460
14401
14747
15365
16090
17602
15596
13876
25581
15234
15133
14903
21912
15014
14122
17401
16292
15325
14874
14576
15676
21708
17903
15103
14498
15707
14917
14874
15629
34759
14551
14994
14841
17301
14672
14095
16720
17916
15445
21394
15686
15499
14925
14865
15766
15294
14832
15029
15715
15026
20538
14106
15518
18545
35649
15078
15233
14856
14201
15590
17544
18765
15231
18069
17869
13981
14571
15364
17371
17662
34675
20353
15157
35641
17802
15331
15308
16971
15246
19718
19850
16070
21774
20821
15145
20943
21369
15530
14906
16338
18227
19201
14688
14455
23066
15190
19716
21049
17454
17452
16218
13957
15205
15156
21715
15230
15780
13872
15083
15462
17412
15775
15545
14724
17117
13851
13984
15372
15349
15688
21284
15567
17118
14396
14280
14176
15061
15055
15253
14373
14578
19904
13887
15061
16173
15306
15524
15305
14855
14839
15262
14039
15703
15067
14716
35910
15280
15133
20351
16465
16977
14582
14020
17205
17977
13996
15143
13861
14829
21938
14745
18597
14758
16507
16488
34983
13971
14408
24185
13866
13956
15083
17763
14024
17769
14220
18839
14599
15547
15471
14374
15431
16022
13902
24110
14003
14818
15026
15257
15166
14024
14375
15172
15518
15596
13877
19072
14129
14914
14244
17731
35310
18642
15558
15312
14656
14881
13972
14635
18745
35148
15671
15696
22918
24341
15180
14931
14112
34813
15442
17295
14694
14319
17202
18142
16123
17060
15638
14344
14257
15131
14658
14649
14331
15113
13913
15417
15275
13907
14585
15118
16685
13901
18594
15304
16423
15496
18202
14969
17541
15701
18711
15573
16363
15187
15717
18689
15376
17741
19712
15162
24285
16380
14750
17176
18574
14741
17720
15506
14924
24110
34932
36247
24285
14625
22928
14617
15175
17925
15564
14404
15561
14630
18337
15362
14990
14068
17567
14660
15697
18311
17875
14566
15331
15366
15144
34613
13924
35487
15136
13944
13930
14138
16372
14311
18090
18509
15694
14635
15155
15643
14716
14092
14174
14966
14358
16823
17758
14345
18478
14403
15023
17366
13937
16366
17038
14334
14019
14600
14966
14190
15127
15271
13976
17655
14679
18148
16389
15490
15721
14429
21947
14615
15039
15498
15300
14247
14001
15496
16155
15572
14792
15718
16495
14991
16999
14993
16842
19420
14085
15230
15214
15161
15653
16412
14343
14031
16651
15725
17491
16408
20755
16494
14936
16130
16800
15687
15377
14540
14179
14354
34882
14267
15043
15747
18218
19852
15124
14439
18208
14795
15180
15196
16924
15841
14002
16912
15213
15522
18111
15034
15051
16255
15093
14656
15328
13999
15275
17325
14167
13995
14483
14926
22243
19005
18837
14765
15093
14595
15319
14616
14497
20897
18601
15336
15193
14483
16417
14923
14719
15628
14391
25008
15224
14951
15969
14619
15141
18733
17087
16451
14884
16450
34592
15278
17794
17759
14196
14104
18585
14851
14692
14453
18682
14573
15533
17195
14575
35137
17437
15643
15312
20538
14698
14682
24765
16860
14978
15071
15917
19567
19894
30430
15111
18819
15325
17584
15222
15539
15313
15238
24285
15466
15576
14809
24554
17791
16833
16769
14873
18287
21290
14693
17894
14226
14240
14198
36241
14305
35104
15134
15619
17268
18481
14420
15658
16444
14024
15159
17141
34470
14077
14126
14660
18961
16644
15602
15647
35941
15260
14381
18482
18565
14428
21709
19513
14049
15133
15234
15049
14461
15129
18751
17518
18170
14577
14733
14666
14508
36225
15373
14640
15724
17818
15167
14813
20221
14811
16594
27562
14705
14893
16379
16654
16509
16210
14364
36357
15527
16045
18382
18547
14447
17523
14778
14327
17936
15380
15108
14351
14400
15353
14568
15364
15360
14462
18302
34387
16194
14586
17890
15047
16276
14432
14160
36212
16195
15359
14265
17955
15286
15254
15169
16864
14256
15330
14869
14297
14149
14322
16286
15715
16849
17849
14672
14327
14983
35106
14581
18395
14168
15720
15100
15241
14569
14929
17599
14853
14239
15184
14162
15322
14795
14810
15220
15249
14157
15511
15434
14116
14103
15299
15681
17338
15727
14185
15151
16878
14780
14367
19122
15160
14949
20094
14810
15034
15249
14802
14995
14617
14233
15706
19633
14236
14669
16317
16187
15239
14165
14846
15675
17384
15534
14181
15649
17120
14965
17030
17873
15167
14229
15704
17682
15285
14251
15184
34427
22723
21385
34867
15122
14326
14517
15122
15280
17555
14410
17831
15501
17639
15097
21100
34782
20853
14363
15350
15308
15008
14280
20773
18021
15291
16536
17340
15544
16953
15227
14638
17332
22536
15193
15358
15589
15623
15310
14360
15497
17950
15296
14448
20916
17160
14508
14234
17742
17373
14360
14404
14715
18717
34499
16567
17398
18037
16875
14950
17385
31577
14879
20046
14886
14152
16238
15171
15758
18704
14776
16220
20413
15258
15670
18284
15175
15113
14254
15692
19630
15318
14515
15123
14386
19841
19686
15611
14387
14931
20906
14489
15336
15224
15277
18145
16644
17328
15652
14334
17170
15720
15920
15021
18798
14742
14937
14342
15716
14169
15402
14702
15620
35829
16370
15276
14722
16846
34943
15280
15227
15695
15544
16645
14688
19795
15294
14263
17990
18788
16160
14596
14295
15373
18748
34915
15538
17483
16337
16650
16361
14340
36025
18906
18683
17436
16745
14988
18059
14434
15064
14250
14906
14961
36217
15208
20416
18242
18503
14992
14852
15777
14652
17076
14823
19698
17521
15144
14662
24192
17278
14513
16646
14221
17780
17775
35652
14673
14408
24079
14854
15924
20204
14801
14539
14882
14963
14482
20773
14641
15266
14393
15463
14834
14685
17429
14492
15433
16647
17225
21373
15486
15470
21682
14445
14791
34427
15932
14786
17065
14258
14186
15006
15432
15891
18386
18290
35061
35330
36195
18372
16612
14835
18066
14764
15602
20765
16597
18791
14746
14353
15153
14261
18697
15241
14647
15625
15561
15409
15395
14310
14968
14268
14623
18764
17249
14620
14839
15055
17653
15005
14907
14447
35971
14525
14248
14665
18495
15524
21897
18421
15133
14492
15394
17771
17937
35906
15096
18181
15151
21908
17532
14871
15614
16541
14758
16889
14895
14823
18608
15671
15233
14415
14232
14353
17394
16168
16991
16166
35596
15435
15009
23573
19295
18433
14678
14458
17296
14921
35668
15618
17380
14765
34283
18701
18474
15622
14636
14737
14542
17504
17667
15912
17070
17507
15779
15725
15610
15205
15013
20216
14251
17134
15082
17970
21677
22001
14603
16815
14671
18416
31882
14740
15212
15596
35829
34857
22515
15004
17494
16251
18667
16042
15222
16934
15919
36203
15554
14626
15264
15748
15000
15139
15080
14334
18581
14822
14380
14985
16110
14561
15228
15636
19145
14262
15288
14952
14589
15505
15117
14959
15535
15259
21016
18555
15011
17876
17821
14510
15626
18816
16601
18316
14696
18673
16832
16392
17299
18653
16314
15489
15516
36207
21972
20738
19343
15705
36178
15417
14617
15946
18766
15307
17659
14485
14307
15269
15338
36208
15509
15360
17435
21532
19088
15135
34610
17391
14998
15393
16706
18063
14622
15571
15426
14687
17838
18394
17933
21581
14682
16762
14895
15140
15635
14643
14918
15309
17900
19623
14669
18523
14361
15536
16962
14847
14457
17995
15323
18735
14601
14424
34265
15209
14688
15240
15726
15659
15398
14708
14338
17746
16034
18500
15295
14805
16938
14919
36207
15208
18461
15096
17965
15256
21577
15346
14861
19510
36357
14515
15490
14511
17380
19158
14812
17665
14898
22363
17826
15680
15156
15046
16239
18688
15697
15216
14876
18125
14853
19580
14336
23293
16590
20436
14854
18270
17978
15423
33525
14382
14380
17444
17892
17466
14611
17920
14409
16809
18920
20429
16605
14520
14503
24916
15114
14774
15439
14622
18536
35596
18520
16330
15480
14849
14929
16226
14338
16382
16947
15616
15609
15676
34336
15580
17150
14949
16452
14345
18515
14378
15488
17053
17761
15528
18032
20874
35467
15674
35104
15204
20317
19972
17057
18052
15982
14692
35310
17692
15431
15755
14726
17524
15617
17060
15314
14482
15579
36209
18356
15091
14955
15242
15549
17357
17581
14565
18990
15018
34921
14844
17138
15685
15699
18922
14845
18643
15182
17757
17306
16406
15183
17068
15712
17346
15467
15036
18472
14645
17542
15463
14618
15576
21246
15478
21584
16595
14761
17617
15169
35413
34795
15521
14792
14871
14700
19561
16171
19477
17488
14804
18592
20012
18054
14946
14417
17582
15342
14454
15276
15461
16375
15590
14413
15195
36218
16715
15054
14690
15894
18544
35649
23257
14748
17785
16478
36349
15044
16167
16496
17266
15597
18593
14411
15390
15229
14704
36236
36231
17186
14712
14799
21787
14629
14433
17309
14974
15078
14718
14847
18744
17779
14877
16360
17395
15630
14779
17704
14911
16954
14571
16969
32905
15674
14756
14778
15590
15247
14631
15785
16979
18799
14938
14953
15344
15468
17299
17419
17039
16540
24271
14555
15950
15171
18078
14883
15883
14477
15844
17960
16792
16829
15032
15632
16223
14739
21264
18011
21345
15335
14777
18084
15467
14777
19231
14824
15705
15194
15700
15354
14667
15116
14495
15218
14910
14775
15391
18947
36215
15578
17535
14770
15692
14721
16010
34904
15179
16844
15351
14789
20417
15137
15833
15656
17706
17565
16905
14659
18746
15774
15453
14978
18492
16579
35928
15257
14897
14622
14776
15526
17200
15604
35181
14741
17727
15344
14925
15378
18640
14849
18524
35210
24836
18053
15484
17260
17744
15558
15493
14677
14928
18542
19127
18444
14900
14595
14526
18175
22019
34595
15684
14753
18094
17122
14899
15452
15568
19386
15708
15704
20674
18087
15351
14645
15831
14968
15709
14561
15397
16088
14826
36205
18649
14530
15287
15593
17760
15790
15463
15203
14693
15965
14682
17231
18458
15694
14624
15282
34679
15152
15865
18548
15579
17404
14708
17492
16820
34573
15164
36220
15738
14833
14889
34904
35239
26971
14548
15610
14902
17996
15059
14939
15211
17108
15322
17135
18242
14979
16213
21854
14948
15324
18281
18401
18418
21345
20956
20019
14827
18418
14578
15634
17455
15308
15057
20991
15683
17516
14975
17896
15545
15586
16233
15244
14619
16678
34314
15453
15642
18310
16020
14924
15302
17403
16504
15699
15016
14977
18349
34742
18206
14739
14684
14909
15329
35104
17007
16179
19315
17180
14793
14746
14899
15492
15126
16943
15255
25267
35057
14988
15183
19096
15237
24854
14957
36062
17772
15392
14553
14589
15392
36043
15330
18077
19928
14831
14779
19056
20312
16651
15146
15716
18091
14842
15696
15094
16570
15217
15220
18416
14800
15454
16438
15297
15292
15328
18655
17085
17553
16254
14820
14571
14606
19339
18772
15264
17055
15500
20468
14843
15104
15611
14955
16580
14893
15220
22027
14932
15639
15468
16832
14782
17683
17587
14689
14806
15141
18733
18555
18362
18328
36210
15226
36206
36196
14591
34675
19074
34656
18383
15631
15326
17050
15057
15059
15224
14709
16319
17972
15487
19843
14717
16727
15531
15806
17843
15268
15869
35241
17177
18991
22040
17517
21480
20928
34761
15198
14976
36245
15174
35974
17486
14848
17580
15872
18703
35454
16890
15169
14890
18155
15860
17506
18238
15644
36204
14663
15431
17691
36200
16535
14927
27339
14772
14870
16280
35156
17427
34655
14938
16198
14934
15601
18125
19173
17684
15067
16633
15477
15295
15073
14833
20622
15147
17895
15311
23715
16134
15182
17557
14639
15723
15149
15622
14984
15539
16439
15003
15021
17185
16347
16752
17641
15017
15632
15678
19294
18778
14931
15921
15180
15294
17801
16623
35693
21423
14830
17302
15453
18802
17000
15441
35007
15128
16714
15716
15466
14790
19021
15489
34915
15063
14802
18240
17529
18618
17529
14954
15536
15452
14942
34469
34881
15381
14915
15112
35181
18790
15269
18441
14860
14819
15583
16812
21506
35540
18107
15719
18725
15284
35529
20219
15209
15432
15228
14985
17999
15663
18828
15666
15305
15702
15385
17083
14905
15727
15006
23494
15572
16654
15102
18450
18821
16283
15092
21134
16808
23517
19464
14854
15339
18577
19459
35070
15084
16170
15428
14859
15726
15808
17935
15682
14860
14802
15034
14819
14736
17024
16167
18606
15049
35110
15444
18357
17082
15664
15784
15292
18926
17152
15681
14722
16616
18800
14877
15651
18982
14811
14875
18490
15012
16578
19278
15725
20932
21938
18927
15352
15173
18566
18153
14861
14790
19205
15018
15667
16000
15149
18126
14784
14913
17163
16475
14771
14770
14935
17255
14743
14996
16261
15665
14788
19905
16524
15403
18298
16909
15540
21405
18551
15540
14793
34460
17227
15582
15432
35454
15925
17601
18963
17094
16219
15315
15513
15140
15051
15332
15987
14808
16259
16802
15550
15389
15512
16592
17235
16858
36317
17963
36014
17717
15374
16237
19498
17430
16622
15350
15100
15616
18506
19866
15423
24393
14957
16248
18629
15690
16303
15347
15098
17773
15384
17501
15349
14997
15012
18419
15593
18641
15603
18796
17941
35567
17345
14836
14796
24958
18700
15425
15346
17193
18026
16874
19195
15555
19184
15450
15637
14948
20931
17287
15335
15388
18677
17666
15644
19756
20517
16667
21772
14996
16795
18688
15476
35696
18806
15662
14987
15600
16958
17186
18218
15638
24120
19154
18986
14851
15566
14991
21990
15652
17889
17596
29992
20414
17289
17289
15424
15374
17126
19389
16492
15356
15470
18244
15247
18446
21302
34309
18023
34951
17006
35747
14888
19323
35395
19471
15476
15898
15027
15129
19487
18424
15425
14989
14936
19580
15089
18278
16216
17699
18749
15055
15253
16718
15707
15629
18414
18427
15446
16324
34252
18794
15910
16265
34402
17750
17021
16510
15910
14867
18302
35377
18181
18020
16854
15005
14943
18862
26561
16642
17592
21946
21057
15147
15904
17804
17285
15512
15223
18677
15556
15621
17229
23418
16716
15075
15563
17253
16062
15643
14901
18328
16053
17393
35762
18351
15196
15088
29037
15040
15909
19468
34703
14917
15707
34500
16352
15010
15126
17764
15335
15024
16717
19945
14974
19620
15057
25265
17839
19514
15261
15482
15656
20856
35199
15660
20317
15261
16119
18589
15963
35156
34655
17938
15087
15541
18314
18315
17681
35582
15823
17245
16778
20738
16163
15413
16974
17570
15137
15577
25134
18253
17143
18146
17824
18458
18437
16494
35776
34535
14964
16868
15774
15115
16680
15617
17497
21576
16240
21445
21213
15123
15949
15495
15568
18000
21580
35878
35670
18164
18295
15127
18496
20248
16067
17447
16663
15326
16086
15188
19390
19438
15587
15416
34930
15551
18104
15207
20578
15675
18670
15020
15333
18659
17909
15333
15082
18124
36349
17077
18451
16710
17505
16479
15107
20729
15672
14976
16491
17132
19780
15445
15241
18507
21658
16268
15294
15068
17377
35297
34627
15813
16539
35488
22261
17661
18274
17798
35276
15051
16863
16371
16628
34334
15913
15111
17797
19118
25063
21057
18564
21299
17882
15019
15101
20403
15720
19684
20409
21417
15794
36206
15525
15069
16035
16639
15389
15510
15053
15156
34793
20072
15927
17551
15029
18687
17615
15422
18826
18309
15292
15534
15309
15082
17694
16189
21695
16274
18317
15766
18516
16960
17359
17793
20076
36235
15557
15390
15504
17185
15555
17014
18739
18579
19989
19855
15711
15066
18381
21121
15304
21568
35604
15199
15548
17761
17828
36348
17710
20322
20018
36241
36344
17818
18598
16000
18367
15450
20396
15206
17705
16740
17835
15607
15399
35429
34383
15270
15080
15221
35081
15163
15546
16455
15516
17295
16796
15305
19323
36204
19880
15703
34341
17871
16707
17838
15703
15641
15390
15076
15232
18137
17874
18345
34535
15108
15455
15870
34325
17137
15341
17201
17968
15456
15819
16397
18556
15968
34808
15626
18125
15462
17915
15594
36216
22624
34496
15647
15613
18197
15712
15242
16697
17523
15948
34736
15733
15893
17733
17291
17533
16106
21478
17071
34754
17254
16087
17369
19761
18741
15800
16142
15915
15327
15417
16754
16940
16348
15645
17701
34440
17728
16505
15506
15662
21537
15706
18582
15263
15523
18406
34442
15542
18328
15608
15542
15608
15204
17721
18602
18656
15490
15258
21676
35227
17345
34641
17196
16098
15486
15649
36217
15559
15283
18405
18710
15724
16651
16899
15488
15427
18598
17493
17413
15686
16165
25834
15168
15154
15873
15441
19233
36199
35940
15623
18010
15375
18307
17362
15500
15332
15751
15469
20025
19974
36014
18027
15219
17840
15267
15673
15521
15582
17443
15421
15181
22993
20179
17739
15457
21278
15504
15274
17679
15322
16369
17975
16805
15999
15717
21369
15530
20228
36218
15191
18924
15430
35049
15198
15285
25633
18539
34360
17640
17626
15560
21677
19051
35718
15615
15464
15687
18694
15401
21263
16228
35529
17382
34735
15238
16912
15388
16157
15550
15519
15221
15653
34917
15537
18731
34854
17559
15510
15245
19006
16387
21717
15698
18152
20698
16585
18726
15640
15879
16112
18529
17282
16253
17600
18227
15644
21173
17841
17145
20110
15472
34975
18306
18416
15567
35481
22335
15469
17460
21206
15679
18043
15474
15312
18108
17274
20063
17928
15348
16534
15641
34921
17159
34314
15325
20375
18690
19749
18031
15465
18396
34467
19208
15411
17303
15351
15608
35078
15729
18834
18276
34500
15580
15673
18465
18075
15573
15717
22980
15293
34278
15980
34432
17576
15479
17185
16946
17589
15408
15603
18775
15606
18439
15330
15548
17495
35150
17166
17865
22041
24413
16641
15440
15528
20086
35429
15320
18645
15696
17548
15515
16551
16370
17715
15337
15399
15415
16138
18378
15714
17294
36178
18668
17424
15619
15660
16897
21051
16609
17461
15544
16405
15668
15606
16351
16197
35170
18220
15935
18482
20974
17305
20627
35815
15816
17086
21130
35649
36030
34808
20239
18714
16657
18812
18341
15586
15603
18018
16627
18176
36235
15604
18554
35009
15368
15418
17552
21110
21036
16362
18557
15540
17783
17102
15379
18236
17230
16397
15375
17808
15824
15688
35196
16471
15941
16694
15435
18773
19557
17459
16307
15711
18316
19817
18457
16853
15676
18455
17795
18414
19237
18444
18466
16961
15576
17407
16303
18510
15546
21741
20334
36236
20429
15626
18674
17711
15528
15485
16608
18019
15973
18780
16208
15713
17115
19099
16521
18447
16532
15584
19002
20611
34656
17330
18407
18721
17096
15784
15805
18127
15658
35504
15470
17597
20535
19860
15562
17674
32906
18815
15479
17848
18480
19172
15693
20245
16101
25609
16323
15443
17105
15712
19686
18958
15690
15639
36188
15604
16119
15527
15496
15572
16364
21871
16440
34193
17318
16453
15642
15586
17039
35401
17510
15621
15678
18423
34974
15698
18562
18675
35401
15729
17614
15529
36219
16032
16036
16267
18580
18443
18364
17258
35506
23136
17051
19162
19785
35289
16711
35966
16819
18013
15482
16970
15855
21005
18595
16830
34325
18076
16111
15840
18681
16923
17107
15806
16235
15503
15640
15607
20986
17376
21011
19786
17158
15543
15558
16526
18384
16388
15614
34567
36210
35005
15639
16146
15512
17035
15635
15700
17092
17754
20414
18661
18893
15718
17687
34837
18228
16477
15952
16512
15826
16960
18277
16511
15588
18156
16242
18624
16629
15996
15651
21568
18456
15588
36285
16601
19919
35705
17049
15560
15736
17058
21031
36233
15773
17893
16705
15574
16399
19758
15693
20527
16383
19766
20771
36200
21645
16054
34595
15574
17676
17333
16964
18771
20023
20881
17594
24266
16726
17879
15624
19806
15690
21173
36066
17944
19070
16519
15874
16374
19978
15648
17238
21831
34715
17271
22117
34651
34598
35210
17587
16690
17312
34651
17186
21924
16024
17629
17520
21367
19806
18502
18590
18569
34602
35959
15934
17536
18795
15638
18736
36216
16000
17944
18237
18609
17339
18009
18529
18254
16048
17547
16583
15900
21953
16420
17859
20055
15754
17399
16905
18159
16743
18024
17234
35801
16612
34676
15692
16936
17239
19786
16013
34676
16421
16311
17786
17513
16038
16932
18203
16296
17319
19583
17040
34460
18116
32910
18217
16454
18715
17049
18762
17942
18488
18792
18136
19239
21824
35568
19740
17764
17230
17164
21145
36203
17685
18016
16011
18759
17947
34231
16637
16523
17949
34963
21020
20393
20801
16538
16729
19831
16508
35523
16789
17165
36232
19154
20291
17884
34920
21037
36210
18201
18346
16822
16224
18680
15866
15816
17278
16236
17303
18432
23007
16596
17137
35842
17605
17779
26471
35128
18313
17432
18426
20091
17937
18461
19612
16184
18715
17159
20134
16880
17259
18571
16121
17551
17750
18051
17163
16475
19657
17604
19163
18298
18597
16205
21066
18040
17808
22442
17377
36065
17480
17720
18772
18107
16782
18670
17590
18160
15758
21941
16075
17443
18341
20924
18538
17540
20231
16204
34660
16246
17675
18580
16067
17571
20858
17472
18231
17201
17161
20401
18311
16757
17191
20551
17809
17397
21585
16788
17386
16798
16198
17085
21073
17875
20863
17328
17697
18012
17864
16660
18166
20832
22697
20104
15902
20085
18750
35012
17946
17582
15984
16544
18102
21820
18042
22586
17361
16251
16085
16210
17023
18283
16379
16100
18567
17756
16776
22914
18401
17272
15904
17032
16770
17473
18727
19204
15955
20609
16002
18774
15791
18485
18538
18272
18341
17225
16928
16004
19159
21017
18781
16406
16672
20130
21805
16779
17491
16456
21971
20079
16460
18745
17319
20452
20389
17029
18153
17948
21973
21557
18272
16358
21119
21247
18476
17918
18580
18443
19219
17675
15828
16257
16814
21712
18337
15815
18236
17949
21794
15870
18446
16413
17878
16868
21669
20487
16113
16275
16578
16732
18438
17184
16591
22449
18635
18156
17339
16555
16485
34449
16512
25508
16617
35180
16820
34573
18699
20879
17548
33262
36308
19914
16811
18723
28493
19738
18199
16691
20742
18169
24954
34823
16269
18318
16105
17308
16176
17747
16523
34315
17817
16030
18200
18099
16888
17260
18782
20481
18185
17434
18056
17359
16635
18168
16174
16297
17799
16656
17892
18429
18648
15815
20155
18960
17810
22594
17000
16719
17567
32787
19566
16055
16149
18695
18809
23414
15986
17111
18540
16842
16712
17873
18603
19586
16747
18640
18081
16687
17616
16158
17567
16409
16068
21882
29422
17072
17945
17736
16889
16205
17669
16851
34951
17009
17006
34449
16814
34575
16626
16230
17067
16813
16870
17155
17972
17689
16022
16856
16083
25077
27691
18147
17788
17194
18678
20856
16499
18492
17054
17168
19929
20619
18150
17658
18054
18349
17689
15979
15983
15976
17055
20113
20555
16883
17034
16885
17026
18098
16595
22465
18079
18130
22025
16309
16918
17804
19734
17244
19729
17483
18379
17703
16355
15977
16107
20603
18370
17141
17304
17413
20319
15887
16748
16157
18763
17952
18229
16783
18264
17215
18889
17713
16791
18186
16945
17714
18189
16950
16086
18301
18243
19418
17983
18190
17002
17024
20952
18474
18217
16793
17062
17545
17897
22563
17385
36326
16434
20325
18463
19338
18071
21929
18190
18541
17444
18445
33724
17468
16894
18222
20679
18283
17021
17426
16582
16202
18288
18494
18356
17390
16816
18560
18695
19062
16118
16070
16403
18380
18261
20752
17839
18712
17604
17431
17168
16780
17966
15994
16843
18732
16132
17944
34645
35040
18028
16178
16842
17301
35723
17052
16092
16008
21886
18025
21849
16149
21872
17224
17930
15961
19229
16151
17712
18012
17537
19826
17826
18763
22011
17016
16972
17789
17475
17463
17796
17883
16784
19243
24195
18506
17536
19938
17542
17760
16361
18401
17693
19484
21048
16346
17519
18686
17170
35881
34985
17366
34727
18635
17065
17176
25265
18726
27514
20754
16560
16670
17005
16394
18604
17316
18289
16849
21376
18729
36348
16785
18809
19130
22311
19709
19835
17902
18516
16106
17528
16708
17857
20196
36046
21701
18307
20922
18640
16004
34939
17318
20570
17409
17656
20953
18335
16703
17178
18484
18238
17376
18420
20162
17386
23442
24195
19269
19831
16052
18217
16972
18634
17397
31406
18171
16569
15931
16178
17301
27319
34470
19100
21722
17894
17175
20327
18206
17012
17821
20216
17368
34194
16053
35363
18328
16406
19559
19224
21192
16917
18141
17220
18387
18030
16238
20105
16476
20724
16924
18768
16047
17303
18498
23305
16012
28015
25879
30785
17998
18780
17574
23961
17076
17889
21374
19603
16426
17164
16536
20261
35847
18550
19655
18636
17066
16207
18265
17457
18163
16332
16367
18023
16519
16140
17716
16685
24281
18656
23651
17470
17922
17847
21989
17399
17477
16977
17370
16242
17095
36221
20493
16219
17122
17368
18060
19330
17938
21471
18681
18758
23565
18692
16735
18666
16421
16600
17789
20230
17334
31836
31527
33188
23126
17956
18282
20341
18660
17898
29277
23840
18720
18216
20880
17551
17509
16532
16032
17598
17091
17283
17517
17325
19926
17443
16643
17659
18527
21514
16027
16270
16344
20703
34805
17920
20449
17404
19818
23550
17618
17594
17403
16835
17296
17241
17777
17474
16185
18211
23698
17975
20031
17557
21834
16579
19834
35087
16172
20788
21428
20181
16704
17282
17106
18387
17346
16182
18398
35438
21443
17704
19310
16098
22021
17012
16932
18441
18034
24044
20149
22291
17425
18664
16567
18523
17096
17149
18447
15997
16039
17801
16758
16862
18065
16414
18444
17771
20123
17673
24921
22970
24502
17872
18798
16907
16978
17503
34296
36319
16146
20620
36208
18896
16881
18399
16308
18800
34366
16846
18215
17084
17711
16881
18093
17474
20011
17206
16258
16849
18855
16695
18777
16739
18783
17245
19669
17263
16903
19205
36352
19905
27269
16785
16649
17552
18657
21262
18143
19959
15989
17800
16656
24381
17783
19732
21022
17875
17564
20676
17693
20589
20894
20563
20971
17095
16565
16139
18245
17111
18777
17939
20550
20908
17384
16525
17471
16500
16405
16663
20078
19354
20544
21289
18167
16997
17440
24645
17315
17267
18430
20143
24951
18573
18642
17069
21760
16077
16112
16388
16301
18081
17305
21183
16159
34276
16176
18138
18256
16417
17655
21957
19869
16230
18284
16296
16252
34230
16174
17614
21007
16107
16225
18311
20362
17834
21776
17129
18329
16184
17418
18364
16305
18575
18062
18628
35082
16165
18086
16878
16492
18015
22034
21190
36078
17578
18606
33713
16637
35139
17934
35120
16306
16253
16363
17051
17965
16689
19126
35971
24092
22075
16945
16756
17451
21120
17605
16901
16533
27045
18027
20975
16624
16974
17570
19274
19867
18413
18113
21502
34971
18314
21696
35373
20088
18806
20160
18006
17406
18413
18614
18176
18628
18641
21962
16427
17068
16604
18776
16287
20909
18123
17538
21614
16457
21899
16879
24602
21775
16846
18058
16429
16759
16179
18784
17228
16615
20032
20948
16836
16746
16303
17832
17524
16735
17833
17888
16431
16236
16722
17173
18109
16190
18782
18451
35501
35292
17232
16060
16118
16963
16761
18377
17647
19920
20638
16278
18046
16473
19887
17666
18617
18722
18495
17172
16961
18466
20817
34607
17922
16559
21586
16704
17546
17487
17687
18339
35955
21500
18379
17464
18363
16755
17420
18685
34331
24936
16401
18728
18000
16163
17887
16723
18255
18140
16731
20498
16138
20997
18298
16733
20590
19723
24926
18585
21549
16963
18130
16912
17195
20082
18390
17182
16946
24598
16624
18291
18027
20111
16371
16643
16214
21201
17984
18009
18225
16500
16662
19805
16169
34686
16528
18390
16981
17019
24540
16144
16626
16503
17257
20232
18687
23360
18349
18010
18058
21316
18344
18630
18383
17294
17951
17505
18450
17246
17533
17407
17798
16110
21587
24825
18480
17651
18903
16167
18688
18415
18593
16673
21800
16453
20396
20411
18994
16194
17890
16689
16463
16462
20397
20553
23640
18564
18498
22948
16699
18198
20662
21202
17846
18206
18738
30037
16589
17438
18471
18330
16339
21748
18741
16326
16222
16753
18754
34668
17159
24652
18291
35923
19238
18027
18393
16691
17737
16822
17019
16616
20988
18822
17792
34598
16648
17773
16227
18448
18133
17088
16160
19856
18760
18009
19229
19334
16333
17896
21800
16255
20706
18367
16257
35852
17986
17980
16660
20184
17783
21637
16250
18475
20435
18141
18008
16270
18547
21588
19127
23777
21695
16858
16727
19621
18357
17702
18297
18521
18561
24514
18399
17800
19772
17892
17936
19444
18581
21719
25073
17681
17694
17072
18315
16800
18305
16601
21336
16847
18103
36260
26112
20517
18553
18535
16290
17658
18833
17531
18238
18643
22056
18318
18478
17250
17828
35545
16678
19839
16618
20800
18357
16891
18675
34306
16655
18831
20707
20208
24763
22489
24193
16755
17368
18710
18589
18073
34181
17238
19684
17313
16227
35970
18840
18117
16868
17320
19927
18034
18038
17290
22024
18750
16177
17086
19392
18899
17583
20237
18496
18029
35898
36099
20515
21144
19735
17249
17203
17968
17915
18637
16762
19347
24582
17933
16470
16423
16327
17706
19503
18504
17693
16819
18381
16719
34217
17946
16518
18572
20314
16675
35090
19654
16416
18319
21242
18532
19305
16362
24263
21065
21449
18706
16228
16432
17569
18915
17124
17727
16893
17844
17492
19013
21388
18677
22630
18061
18297
17578
24436
18439
18495
17531
18486
16216
18072
16876
18578
20003
16818
18766
17038
17852
23280
16511
18137
18158
16922
16921
18469
17056
18087
21613
21501
16844
17803
18504
16753
17206
19679
17321
17109
16418
16856
17624
16288
35052
20867
18698
24307
16762
24651
21826
19133
26231
20612
16280
21070
27699
17725
18344
17994
17051
17462
17876
18080
20117
17576
16536
17863
16892
18536
17582
16713
22103
19391
16715
16336
20485
19671
17829
36348
16414
16343
17110
34924
17728
17067
17885
23786
17715
19422
21929
21348
17423
19659
18017
35480
19870
35621
16753
21665
17919
16579
18639
18307
21206
16339
20529
17845
18368
20932
18369
16885
17026
16446
17849
18366
21975
18460
17043
19171
25029
19448
17142
16913
16872
18680
16343
18403
17414
16874
20414
18830
21680
18409
16366
17655
20798
17821
36354
16260
17305
18299
17825
18728
18521
36352
18510
16583
21629
17829
16343
19276
17770
17247
17834
16382
18685
18143
17453
16581
17863
17631
17814
35723
21068
20074
16508
18307
17457
34683
19012
16493
16517
17682
16637
20238
20084
18591
16767
18565
21524
17050
16597
21916
17166
21739
21378
19233
19714
18144
18897
18515
20775
19882
17706
17559
18155
18264
16709
20659
16633
18479
17696
18082
16877
18179
18190
16951
18071
35478
21878
16988
16563
20308
17621
18154
16917
34187
17561
18209
16289
16856
34580
18585
18092
18424
18831
20955
34542
17814
16512
26627
16817
16485
18289
20764
16261
19002
20727
18370
17382
20152
18820
19956
36351
20891
18428
17412
21650
18134
17067
17980
17854
17110
21549
17365
23297
16987
16458
16436
16623
18244
21259
16623
20371
17615
17210
18678
34836
18718
16534
17294
16290
34331
18778
34978
36202
16984
20432
17674
18443
22586
18507
22691
16333
16648
20322
17886
18726
16988
17886
18191
18452
17018
16448
21539
17400
17630
20030
17283
16396
16449
16922
17905
20586
19745
36098
34424
16295
17048
17921
18611
17995
17099
17357
16702
17545
16443
17546
34230
16625
18950
18347
23490
17827
21509
20905
17804
35854
16700
36351
18664
16736
24314
18674
18193
18823
21694
17853
16813
17266
35158
24582
22563
19100
18143
17500
20423
17800
17816
19029
16486
20922
19030
20821
23871
23580
16548
18136
16773
17943
18168
16673
16483
20484
18802
17245
20387
18561
18151
17352
16853
16628
18657
18434
21413
17763
17561
21612
23903
17994
18803
17584
17156
19027
28088
17957
18410
22277
21896
16656
18497
18251
17719
19314
18158
16921
17465
16642
16541
19689
17982
24971
17329
17715
16805
17068
20687
20200
35123
16820
17284
21807
35782
18435
18138
19164
36234
25680
17634
18547
20958
18343
17475
18078
21404
36355
16808
18319
20598
18052
20275
18262
18884
17376
17129
16870
20213
16672
18325
17057
16739
19059
16740
17738
17038
17792
19011
17881
18523
17353
17809
17517
21467
17140
17322
17326
17115
16645
17344
23034
21999
17589
18132
16346
18342
18999
19889
19355
21933
16724
17893
24567
18717
18605
16534
16880
19412
19332
18335
19551
16730
18342
16730
21814
17434
17361
18630
16352
16580
17677
17097
18233
16867
16758
17606
18935
17363
18719
17202
34575
17980
16811
21714
18517
16515
17614
17884
18150
16543
22870
20597
18053
20450
16863
16902
17373
21430
18373
17938
19105
18126
19116
16996
18936
16997
18467
19308
18544
18258
17793
17079
17380
17378
21018
19745
17081
17642
17392
17037
34539
17738
18540
18187
16948
18186
17797
21935
35355
18258
16816
20537
18059
18861
19770
21424
21363
17633
16927
17362
18616
18445
17311
20069
24964
18653
16560
16384
17022
17587
18469
16468
17346
17370
17353
17559
18288
18483
17468
16398
18385
22731
20173
17510
17404
17618
18707
17553
21895
16428
21928
18446
17677
16630
17363
20374
18408
36027
17962
16538
21258
18423
18253
17822
19157
18709
21078
17643
17662
19149
18554
19746
17312
17528
19454
20596
16954
18481
18022
17275
17310
17636
18445
18684
21765
18100
18574
20055
18603
17189
20101
17420
22740
18498
17904
19651
19333
21464
16595
23486
18320
30246
18655
17424
21750
18302
17565
16569
21649
18024
18172
18644
16662
17812
24963
28675
17433
16409
20489
17042
19217
19146
18952
16847
16549
21003
17244
20127
19496
36213
18566
17899
17440
16776
17760
23621
22318
18546
17036
17186
17831
19435
17317
16860
22919
16765
19763
20519
18018
18139
18442
20547
17455
17502
18160
16618
18489
20873
16451
18098
16506
16452
16688
17044
19374
16462
17727
18534
20276
17020
19513
17597
20912
16560
17878
17944
18010
17658
17640
17479
18556
17777
19016
16634
34228
17453
16816
19497
20100
18258
18362
17176
18635
19741
17338
17065
19426
16966
18724
16839
18235
17421
18643
18812
17013
18397
36221
18452
34194
20464
18737
22863
17391
16977
20128
16957
18198
17672
17062
24415
20886
18431
18413
17817
19705
17515
34816
17079
17121
20081
18580
18563
17725
17697
20788
18571
17147
21311
21762
17866
17790
18097
35884
24673
21414
18831
19246
17384
18937
18720
36301
36007
21582
18724
17990
16511
27814
17393
16779
21034
20321
17276
20625
17855
19226
20437
17190
20376
18296
18510
18955
18972
17617
16890
17458
20001
17623
18497
16478
17860
20859
17750
17836
16801
17755
17213
20765
21494
20877
21228
16654
16885
17317
18474
16970
16600
20052
18112
17568
16484
17123
35437
21645
18434
19987
19046
19585
18629
20490
17811
16765
18050
20923
18810
18323
17367
17526
34439
18697
17351
20102
17861
35389
17676
18632
17292
16852
18791
19518
19825
19560
17265
17461
19296
17927
19617
17187
21250
18267
20186
19832
35535
18993
21693
18981
18170
21400
16619
16957
28507
18449
17672
17772
16516
17302
25870
17479
18775
18103
17599
17797
19767
21029
16764
17813
16706
21898
21075
22401
35928
35195
35087
34526
21781
17919
17206
18016
20825
21827
21738
35170
18205
21305
18638
21837
34624
18771
17782
17059
17663
17728
17934
17851
16930
17633
19638
21693
17917
17558
16633
18192
34998
17974
35480
21596
18042
17538
17189
28502
18002
35690
16804
19946
17739
17597
16906
21254
18427
17375
18829
21116
20440
18760
19032
16556
17512
18708
18147
17221
17507
17013
17484
16754
19458
16586
19554
18138
16733
16802
18032
17575
20253
18205
18591
20523
16892
17844
17576
28826
18960
36287
19282
17047
20316
16789
18702
17757
17422
21639
18069
35806
18821
20744
21610
19008
18733
18601
18513
17082
18271
18744
20587
16781
17442
23000
21530
18270
17890
24029
18597
17913
17451
19562
18675
17355
20598
19597
18495
21913
17172
18816
21608
18671
31992
28227
19376
19067
19138
16661
17178
17080
18070
16855
17556
18512
17101
18043
16816
18637
18356
17971
16871
17018
17607
18006
17215
16719
24487
21990
18511
18289
19906
18023
16841
18428
16700
17481
17555
21309
18259
17121
17847
18322
16677
17291
16595
17931
18320
18429
36221
20155
17095
18306
21277
17162
26794
18499
17350
16787
17798
16670
16604
17733
17279
17881
36223
17238
20191
21549
16777
17591
17680
18535
17579
18301
21464
20207
18618
18269
16663
19555
24569
16696
21102
23645
17482
17642
34233
17671
24679
20692
17960
22105
17004
17795
20794
18521
16602
18352
17459
20513
18533
18075
17891
18826
21096
17118
16908
16715
20223
18434
18765
17763
17932
18333
20006
18499
17070
17667
17664
20995
19819
23329
21304
18813
17667
17099
18826
18510
35197
17119
18490
18856
18032
18447
17094
18543
20365
18336
16896
34273
18443
16984
19073
21094
21324
18444
18440
21150
17763
17769
34215
17075
18689
17812
17525
21757
17514
17683
18787
17427
36367
24495
17297
25468
18175
18389
18730
21172
34096
17408
17113
18089
24933
17564
18435
21392
18691
17014
20852
18518
18531
17973
17997
23848
17866
21992
17759
21375
19499
18101
18266
18800
17222
35674
19801
34440
17262
17156
20904
17794
17673
18019
19509
16983
18251
17776
20071
22006
21249
20172
35113
21310
18331
19846
17724
17581
18575
17528
17626
20723
19907
17734
16706
32715
16929
17684
19528
18549
18124
18770
19953
18691
17747
18578
21454
21093
17827
24006
17781
17031
17765
18564
17732
19247
19357
17708
20837
17876
18062
18080
25730
21357
18082
17439
18764
17697
24598
22790
16729
18025
19441
17343
18705
18201
16653
17903
18245
17924
18327
17330
16742
18189
18966
18713
18455
17795
18822
17111
18210
18693
16917
19445
18004
16825
18276
17594
17264
16973
17258
16882
17130
17762
17525
18577
20848
16667
23859
16797
18207
18925
17918
19971
19626
19473
18068
18182
18553
16701
18179
26640
22809
19774
18662
17103
17472
18776
18911
18472
17911
22155
18430
17984
17851
34682
35115
21969
18259
17842
31106
17777
17218
18768
22302
17840
20315
17156
16875
21850
16947
18218
17720
20299
17657
17277
17008
16914
16960
17867
16920
17697
17874
20141
17032
17425
18389
20453
16743
21932
21541
18037
17512
19359
18716
16751
18031
16930
19599
21866
17707
17528
16832
16992
20131
35960
36351
18654
17204
17101
18429
16938
18452
17461
34859
19049
17676
19131
20801
18084
20147
21308
18219
20144
17517
36317
16772
22709
18651
17508
18013
16869
20509
18123
20118
19551
17347
17967
18322
17925
34864
17923
18620
17775
22007
17626
17640
20482
17713
17623
17751
21027
20193
18540
17873
35664
16934
17620
17738
17451
18954
17571
17119
17389
30634
18002
35126
18698
18542
17544
35925
17735
22971
19524
17708
18197
18187
17740
18388
19365
17908
17416
24999
23235
36245
18436
17498
24799
18743
17577
34368
21155
18550
17498
17066
17116
16997
21303
18593
18797
20105
21617
17572
16930
18852
18316
21167
20390
18348
17653
16914
18160
17931
21758
19842
18165
24590
18790
16775
18551
17958
21903
17835
17852
17485
18576
17385
23510
18785
17899
16744
18660
17856
36353
21881
16899
19366
17814
32685
18600
18076
17074
35572
17478
17340
17579
17078
16873
20420
18446
16776
18333
16941
34540
22005
16967
18640
18252
18279
19041
20458
16967
18120
17124
24954
24094
18388
24952
17183
17925
18546
21625
17494
35120
17934
17110
18793
17367
20656
18459
17158
21061
18074
17238
16929
18228
17613
21186
17837
21618
17744
18808
17454
16771
21103
18602
17607
17610
21864
18806
17113
16934
34999
17603
20310
18371
17418
17943
17046
20433
16909
17180
23229
17778
18910
17666
17588
17947
18724
16933
24102
20526
16834
18107
17243
16834
20868
19641
18321
18183
17460
17386
21767
17997
18233
18204
19401
17198
17612
18711
18059
23211
18091
17337
17595
17991
34659
16948
24092
17004
17191
21337
17723
17841
17682
17976
22015
19283
16916
18409
17632
17024
17776
21595
23013
18530
18545
18878
21616
17998
17270
17157
17622
19819
17492
17010
18490
18336
17439
35387
34850
34181
18167
21301
22416
21751
18061
16815
18568
17446
18407
18395
20245
20502
34575
18112
17418
18166
20367
17985
17585
16935
16817
17854
17067
17980
17488
17003
17986
17214
21492
20880
21879
20213
17991
18101
17992
17993
17902
17761
20022
18040
16826
20665
18496
26562
17808
21724
18276
18004
29529
17639
17158
21440
17343
19984
22143
18011
20294
18219
21026
17408
17895
20855
18340
27124
21187
34692
18214
17911
18484
17016
21256
17473
21177
18197
24357
16893
17833
18057
18615
21668
18338
18422
17405
18931
16987
18642
18222
18392
21948
19722
18347
20395
17620
18552
18246
18616
18016
18225
20514
24096
17979
17884
18100
18221
16976
17952
18366
18663
17961
19122
18631
17852
17228
21667
21234
19449
21356
17552
20108
23341
22733
18054
17613
28198
24251
18394
20800
20289
20800
17531
19429
17376
18439
24550
18055
19781
17309
17132
20264
16959
16872
17128
18367
17998
35454
17270
17853
18063
18812
18397
20851
17866
18065
17490
17248
16897
20504
18420
23250
18680
26560
22072
25914
18275
17272
21035
18665
19910
17848
20431
17513
17414
18176
18628
18110
23779
17074
18821
19134
18421
17609
24081
17415
17268
18347
17313
23970
19380
24495
17527
19287
17427
21459
23424
17280
18097
17010
17913
18612
20459
17312
17200
20757
21210
17631
21475
20036
35412
21920
18533
35196
22909
17741
17978
36063
17723
21980
16908
17118
22338
17977
17292
18539
17582
17779
17263
21915
21024
18538
24067
17699
35012
18226
17499
18583
18485
20318
17104
21498
18657
19647
17734
21179
17114
19518
18557
18305
34469
18164
21624
18583
16980
17687
18139
17739
20448
20064
21274
18647
36230
21697
36276
28467
18830
20511
18559
21406
17566
17435
22562
18115
18012
18277
17147
18159
18709
20847
35239
18351
20861
16980
21379
18126
17941
17345
17757
18702
18599
35601
19249
17318
18682
18081
18624
34871
21476
19892
18170
22490
17522
17981
17705
36213
20090
17721
18693
21409
21221
18489
17156
18803
36076
34608
27432
25633
18648
17432
18626
17544
21273
18294
18432
17908
18731
34854
17225
23858
23767
35221
21615
19055
34979
17942
17722
21538
18188
16979
18522
24617
17098
17746
18292
17740
18388
18522
18187
18713
18368
17024
17295
20797
17257
20232
21902
17539
25511
18804
18519
36344
17730
18243
16993
18102
20813
17172
21202
17792
17036
25439
18065
17544
18626
19320
17051
17365
21861
17331
19427
18700
17100
18095
18667
17628
17131
18213
18333
34939
18873
18933
20805
24027
33652
33512
17181
34266
17455
36003
19833
18727
17041
18128
18702
17400
17921
35955
21358
21539
18102
34766
17486
17499
18476
20977
18226
23414
17198
21141
21132
19855
18795
17766
18274
21288
17872
21562
18372
21242
20756
33164
17787
17567
17868
19521
17979
17855
19639
17401
27514
17730
27035
18243
17404
17124
18685
18393
17253
21972
17983
18247
27688
21829
17959
21736
17180
17504
18968
18009
18797
21292
35760
18053
18625
18199
21892
18198
21719
18581
20579
17300
18148
21097
21260
17410
20903
18568
21427
18634
18548
17543
20009
18595
21415
20637
20275
21894
17654
21785
18784
34902
17228
20677
17669
17398
34228
18003
20528
21146
17374
18505
34964
20970
34608
18539
18762
17243
17049
18632
18280
18762
17867
18035
18346
17192
17229
21461
18018
17593
18477
17505
21339
34376
18222
36224
17593
21949
21911
20920
17765
19153
18864
18331
22384
19859
18291
18250
17212
17269
17860
18769
19273
17994
18340
19319
27016
23245
30778
19293
17790
17260
17744
18645
21784
18454
24378
17916
20768
18182
22037
17620
17080
18173
19033
18241
18658
17133
17868
20443
18517
21114
21233
19270
18506
17859
18464
18669
21317
18488
17360
18200
18112
18091
18282
35501
17232
35350
19830
18432
20735
17813
18620
27592
18515
18948
21730
18067
18215
17268
18312
20060
17298
18262
17898
20185
18759
24087
18737
17494
18462
25118
20614
18500
18211
18793
18184
17688
18537
18114
17611
21087
17920
17586
20649
19812
18501
17071
24197
34680
19663
17093
18472
21332
18753
19553
19044
21723
18474
23653
21330
19525
18816
17609
27691
18825
22009
17170
17849
21974
34881
20688
19457
20463
18123
17560
18742
17319
20466
17504
19579
17265
18792
20636
18679
17436
18808
23116
17270
21352
21868
17109
18772
23572
18846
18382
17832
20721
21175
17882
17184
18324
17140
17685
17231
19588
20347
17704
21216
18418
17272
17525
23923
18719
17601
19891
18780
20497
21511
17387
18212
17819
20682
17421
17159
21510
17201
20960
35762
18517
17487
18412
17898
17220
26029
18099
19696
19680
20623
18874
18107
20552
17985
17198
35580
18584
18334
19821
17649
21197
22580
18767
17269
18327
18485
19075
19415
17373
18272
19331
17654
18438
21529
18586
17989
18769
19203
19878
20263
21754
20464
18487
20549
20391
35658
35764
20749
19597
20404
17961
35972
18370
35608
17413
24927
19395
18806
17155
19138
17911
21707
17405
22003
18332
21590
19888
17419
24531
17405
18124
18697
18286
20856
35767
17444
23269
17670
17617
17872
21690
17264
17403
17594
18799
17810
23997
35892
20761
17382
17469
18810
18350
23794
18392
17197
18111
17484
21334
17154
18309
21606
18754
17259
17877
17147
21059
17847
20324
17840
17704
34974
18650
17477
20575
19287
17527
17417
17684
20870
19268
18350
18696
17909
18159
17905
18303
18568
21122
18461
21939
21868
20934
24657
18453
36220
35410
17925
20818
17247
20992
17402
18106
17549
18145
23597
17340
23941
17275
17205
18704
17900
17314
20848
17296
21433
22797
19930
17891
17349
18300
20815
20305
22173
20846
17416
18383
17964
18468
21126
18455
20495
17388
18587
19694
18869
18520
17874
17901
18501
17197
17958
17789
17846
17601
17923
19916
18502
17960
19518
18557
34244
35165
24998
23651
25507
35987
17974
18202
18634
36201
17867
18115
18035
21570
20470
21338
24767
17210
18277
19747
18612
18162
23017
17909
18159
18158
18254
24631
17363
17606
18246
17311
22568
17234
18043
18481
21275
18180
17215
18037
20272
17902
18680
17971
21810
22035
27209
21852
35650
35751
20140
17843
18153
18327
17346
21034
20625
21001
20073
24509
18317
17830
19944
18017
17775
18075
17426
18044
17296
17645
18196
35452
20976
20759
18759
18753
20634
34397
17939
17992
18149
19719
19107
34540
18062
18706
20571
35070
34192
18101
17739
18139
18603
17340
17736
18558
35779
18823
18482
21032
34985
18220
18213
22003
17650
21704
21044
22192
24122
18055
21570
36099
17395
20638
18529
17712
22026
18279
21095
19858
18230
22033
18269
22305
20848
20045
18465
18033
18405
17952
17949
20799
17285
18465
18468
17569
24297
18271
20613
18090
18770
21211
18286
17430
29177
34846
18449
17922
18220
17967
19550
21984
24954
19902
18285
18126
19175
18473
19634
21348
21184
34250
19748
20567
19265
35029
18729
34977
21632
20479
18048
19189
18658
18136
21599
18166
18063
18415
36344
17625
22017
18466
19398
20067
29126
17983
24076
17818
19263
18598
21993
17401
22786
19967
17818
18208
19259
18084
17654
18348
18025
18560
35960
36351
20202
20839
17954
17456
17549
21088
18105
18817
21416
17710
18678
17584
19017
18486
34489
18168
17853
21822
20120
17626
18529
17647
18817
21504
18815
20177
18766
18450
20536
17354
19323
17423
17295
19830
18375
18558
21482
18380
18576
21709
18814
18261
17485
21133
18540
20265
19776
18818
17493
21099
36354
34216
20145
18013
17554
20301
17382
24802
18299
17737
18590
17463
17907
17444
18604
17670
17915
17636
18357
18456
17581
18044
17412
19624
23416
18566
18511
18805
18319
34322
17490
19095
18761
35624
21697
21535
18324
23394
24177
24556
19291
19133
21242
21562
19627
17353
18574
20241
21130
19308
36224
34376
18014
17712
19629
17885
18467
18153
18756
18127
21328
18530
23452
17554
18421
18399
19936
18871
20140
34755
17765
17954
18562
34668
19937
21181
21452
19899
18464
19077
22028
26468
17605
26471
18804
18690
17840
19117
20980
17926
21699
17589
18330
17778
18558
17736
17656
18442
18335
21839
17693
17564
17664
35319
17880
18475
20803
20373
18632
18280
17605
17807
17442
18423
18234
20883
20890
21721
20246
21157
30246
18630
17645
17568
17387
21978
18549
18807
17679
21123
17367
17526
18220
17989
34402
19923
34402
34602
18794
34204
18463
18584
21065
20555
17760
21898
18467
18304
20056
21119
18373
20936
17541
17430
17719
21272
17575
21084
17657
18203
20377
19645
18227
18471
21835
35407
22142
18668
20360
20042
24136
23084
18209
19042
18745
18752
17705
21252
20178
17636
18548
20691
17477
21459
20279
17482
19792
17491
20709
18177
18391
20842
18459
20588
34973
18155
20572
22452
34645
18339
23012
18111
20531
17953
17782
20753
17602
18113
17651
18465
18033
34102
18049
21731
20038
18416
18303
17591
17973
17654
18525
17742
18781
26904
17820
18481
20985
17698
19830
18352
22031
17677
18332
18173
17834
19476
20644
20919
17975
19262
18071
19715
20911
28069
17596
35810
18345
20122
20288
35161
20022
17823
19520
21788
35540
19584
20872
19147
19694
17735
19453
17914
19318
22814
18944
18683
23741
18565
21923
18352
17527
18378
17667
26166
20829
18083
18110
23290
18783
18093
18803
21002
21484
21411
18563
17802
17484
17932
19089
22369
17783
17651
34270
18514
17870
18022
18584
18519
20694
18077
18436
22495
18827
18930
18602
18694
17784
19609
18003
20290
34999
18607
18608
21550
18622
18162
18265
17912
34233
20258
18579
35829
18814
20050
19411
19932
21067
17947
18779
18648
20098
21059
17909
18236
21216
20449
21832
17682
20190
35000
35071
18119
24511
36354
19632
34731
20933
18804
17807
18487
19364
36049
20862
18500
21740
19828
20010
17629
17650
19594
19538
18676
20969
17857
18651
18890
17877
17644
21845
18156
18046
20300
17734
35265
18720
20234
18744
17965
18271
21464
20696
22721
17821
21824
17748
17876
17776
18824
21479
17532
35906
18171
18353
18938
35339
25007
18798
17773
17936
21382
19122
35965
19614
18670
19342
35355
34334
18391
21769
36229
19548
18541
18818
18373
18530
17554
19141
18732
18811
18582
17578
20822
18606
18717
20914
19387
17929
18105
18608
21155
18756
19724
19954
35735
18697
18255
19177
18501
18567
17756
19972
17621
18795
17600
20503
17806
35705
22724
34397
19058
17634
20630
21214
19526
21769
34254
18141
20719
21287
21314
21448
18794
19561
17903
34598
29992
18705
31442
17926
18758
21727
18692
18715
20657
18252
18277
18279
18135
26471
34947
17830
21350
18185
18427
18163
18627
17723
17550
19517
17549
17955
22918
21191
20226
17641
18105
17836
21109
18092
18188
18195
35895
24490
28993
18104
24256
21796
17637
23411
17716
17809
34678
17577
18929
18344
17748
17656
19533
18114
17664
18813
22714
20627
18909
34336
18650
20057
18196
17770
18239
18853
18569
18675
20972
18686
18259
34682
19280
20990
17629
18755
17861
18827
21802
17964
18732
18652
18069
19207
17945
19332
18783
19728
18609
21755
18619
17900
20776
18161
24047
17833
19087
18701
20161
20224
20310
17962
34681
18494
17717
20577
18408
19135
25877
19903
34970
17882
18048
17779
21489
20583
22021
17962
17963
34809
34783
18807
18214
18264
19690
18365
21593
17762
18671
18484
20428
18005
21874
20055
18587
22014
18363
17703
20330
21811
18676
21659
18244
18381
17787
18133
21462
18292
20043
17850
17848
20957
34539
18106
20720
17976
21569
18305
17689
18228
23259
17711
17889
17629
18621
35429
17819
18654
18224
20260
35143
18533
19957
17726
27002
18140
19432
17749
17754
22359
36301
22154
18527
19327
19460
34233
34206
18265
34210
22981
17906
18041
18407
18437
36269
17973
17653
18531
18975
18457
19603
21551
18534
18590
35002
17652
21884
18203
18828
19405
18049
19092
17871
24214
18085
18817
18020
18694
19336
17884
22033
21104
19168
17936
19113
18747
17892
24810
17799
18525
20574
20791
17770
20746
18491
18648
24152
17791
20092
24809
18615
18422
24658
18265
17912
18752
17969
18199
21572
17718
21237
18231
18232
18440
20743
17862
24888
17856
18527
18577
18225
34917
20028
17778
18395
21155
19687
18478
34249
18923
17879
19501
19440
18738
18813
20382
18509
18882
20601
20339
18232
19285
20444
20709
18791
18478
17970
20913
17726
36267
18613
19985
24364
18626
21873
21816
21163
18048
20808
18248
18310
18253
24893
18310
34810
34620
36352
19960
19905
18059
23273
18034
17803
19877
18775
17857
20793
18240
18596
18554
18493
17788
18699
19483
21257
18801
18368
18707
23896
17856
20025
26332
17766
18542
21661
27560
19097
18241
17738
21429
18092
20889
18207
22874
21009
17864
20879
18169
35229
17951
19561
18450
20035
36227
17805
19726
19752
20612
24400
18864
18787
21108
17907
35915
18169
24952
20559
18579
18044
18304
18433
18823
18224
20260
18774
18256
18691
18578
17848
20406
19119
19321
23840
35306
31020
18360
24973
18038
21838
20910
19858
17817
17753
18230
34270
17870
18730
18410
21098
21685
21934
18132
23392
21318
18861
18948
20815
23258
17823
20220
22016
20121
18508
21851
18336
34735
17978
18475
18157
18151
18334
17968
18688
18019
18087
18829
18386
18110
18086
18082
18345
19068
18599
18674
18177
20762
20211
18690
18340
18007
18880
21497
19387
17929
18586
18323
18926
20124
18431
18598
18636
18267
18808
18098
36276
20591
17849
18687
19874
21681
21753
19245
18078
18819
17999
18497
24083
17990
21310
17875
20307
18329
21942
21225
21876
22464
20222
19048
21789
17812
18757
36201
36287
18476
18351
21705
18593
20695
18686
18567
17845
21473
20439
18127
18332
20494
20555
18022
17984
18248
17851
17828
22356
17938
20593
19230
36025
18000
18376
18028
34645
18770
22712
18809
18666
17916
18195
18033
20255
19431
19958
18631
18149
20880
21304
20660
18075
18570
21164
22039
21979
18211
22838
32340
17950
20976
34432
21434
19350
18313
21722
18649
35229
20637
18415
34489
17986
18726
20000
21193
18197
20032
20837
18296
19437
19240
21692
21267
35430
18771
21746
18513
20981
20346
18293
19868
21508
22711
18516
18932
18727
21615
19129
24653
19940
19456
18570
21483
24631
19656
35895
19150
18619
21043
21402
21591
18338
21691
20199
21083
18258
18544
35829
18345
19252
21793
20754
18165
18122
24603
18666
19653
21956
21528
18512
18374
24215
18550
34630
21329
19289
18293
23585
18316
21397
19396
18785
20885
17956
20667
20394
18642
18392
18419
19186
18141
18618
20788
18322
21926
18167
35691
19101
20747
18596
21770
17988
18230
20244
18162
18612
20966
21607
20401
20151
18311
18356
21220
20119
20437
22538
30169
18735
21013
18492
22267
18221
21539
19010
22822
20506
19548
24152
28878
18551
20664
20422
20750
21138
23226
18425
18736
35197
22829
18061
21997
18828
36043
20645
18414
18121
22388
17993
18710
18786
18589
18164
27810
35046
34608
18200
20410
19551
21815
18536
18161
17956
23598
18566
36213
18039
21791
23297
18794
20868
19128
21843
19153
24463
18524
31576
21446
18030
21166
22646
20605
18503
19041
36006
20399
18408
18825
21816
21401
18266
17989
21954
18703
36046
18745
19700
18286
18315
18516
18461
24323
18348
21911
35260
18240
21512
22732
21505
31184
21720
21793
18203
21604
19142
34809
18712
18764
18797
18723
21761
19342
21085
18528
19947
20025
20292
18631
18266
19018
20890
20904
17997
20480
21487
20767
18245
19548
19627
18290
18094
21490
34547
21567
18757
18214
20233
18006
18180
21154
18658
19568
22926
18193
20670
27018
21319
21716
21772
27406
18520
20876
18016
21501
19370
18042
18641
21501
20448
21782
18031
18698
19409
21421
18942
18355
22342
30774
20893
20112
36184
21663
18387
34505
21439
21554
35052
20772
22072
26085
35130
18629
35360
21455
22319
18441
18799
23534
18757
18773
18556
21370
24320
20075
22957
18056
20135
18944
35363
18379
20533
18202
18098
21911
20755
21804
20287
18740
19779
18406
20303
18145
21455
18308
18260
18228
24355
18690
34283
18701
24563
35436
24184
24312
21137
19814
35158
25216
27560
32296
22442
27366
19069
18799
35892
18740
19993
18396
19402
18613
20465
18400
18128
18173
24233
25790
35095
18665
36223
34871
34181
21295
20047
20786
18142
21592
18129
18824
35082
18628
20562
18387
19920
19300
19829
20060
23511
18398
18325
24894
20676
18882
18458
18660
19462
18996
21435
21560
20262
20732
18811
18398
18582
18841
35751
18295
21297
20993
26471
34947
20937
18788
20835
19753
21843
18148
23605
19703
18825
18254
20757
21261
18306
19823
34315
21395
18390
35467
19144
33191
18144
18448
34932
34726
21270
35091
19925
18385
19710
20600
19854
18714
18181
19054
18504
21441
18790
24036
21219
18549
20180
36226
18610
18610
18471
21553
23641
21089
18135
23613
18137
21974
19275
19915
35601
18827
20326
20779
23875
18622
19969
18820
19080
25695
25883
19382
18777
21987
19681
18559
25879
26971
27786
20996
20435
20568
21216
18362
34187
18559
18711
18363
34683
18604
19950
18255
24891
18415
18534
18721
18181
20736
21160
18560
18790
19909
20633
35339
18343
18375
21071
19576
35535
19235
18713
20783
20225
18956
19717
19771
18184
18763
22478
18451
18522
18369
36362
20626
35478
36228
18479
22022
19143
18377
19531
34385
20650
34633
20680
18428
21042
34408
23865
31575
20942
22068
18734
20007
18979
18359
18553
18811
19519
18667
22994
18809
18729
23981
19955
18528
20262
18654
19798
21053
18555
21846
19455
21678
18229
18477
19533
21728
27317
18339
20745
18473
26779
18330
18611
24631
21836
21648
19251
18734
18623
21522
18376
18318
18590
21689
18429
18644
19440
18355
18573
18606
20710
18491
34526
19221
18805
22400
18703
36227
31528
34810
18908
22577
34369
19781
18466
18282
25938
18824
18943
19326
35850
18435
20702
28315
28316
27978
21933
18308
20275
19505
18576
19059
19492
18595
18784
19315
21341
36035
18699
25002
18662
18353
22187
18653
23039
18411
22018
24866
34947
36260
25511
34955
21851
18278
19383
19241
21762
18623
18669
18539
18672
18543
21764
21519
18483
18600
18620
18655
35336
21217
18573
18430
19939
19606
18402
21004
25036
20472
33882
19145
23008
18789
18406
18684
21806
18827
19324
21183
21643
18725
19721
18383
20733
18306
22944
21366
18858
18625
19205
21988
34868
24003
20938
19559
24598
18773
18496
21696
21085
20041
21222
18778
18611
18377
18793
18696
21808
18769
18438
18430
18684
20834
18396
19890
21686
18512
18661
18637
18883
24806
18617
21955
21859
21349
20302
25767
22072
22712
30160
20456
20250
21672
20780
19368
18424
19277
18585
21630
21565
18482
19066
18565
19795
18601
21745
20088
27216
20163
35363
19292
18371
20138
18747
20301
19951
21205
19808
18707
21571
34216
34954
34975
18532
25000
19348
18570
19587
18458
18882
21825
18488
20631
24495
35539
18779
20749
30629
21803
35971
18505
20273
18397
22908
19864
18448
20900
21015
20921
20564
19773
36207
18725
20268
20871
18406
20625
18652
20148
19813
18404
19372
20681
20556
18605
21438
18543
22217
20488
35739
19393
21812
36281
21700
24913
21733
18749
24413
35265
21986
18829
20594
18652
18703
21150
18672
18455
18468
18573
20337
23045
34300
19225
20320
21128
18781
19982
20066
21728
19385
36344
18519
35504
18717
34881
18668
19577
35543
20189
20296
21991
18672
21537
24646
34547
18659
20442
21398
19098
19269
21495
19009
19140
18949
18592
20373
21862
20845
20386
20510
24003
21583
19129
21932
18594
20331
25077
19206
18798
22075
20316
20336
18514
18494
34998
19138
18737
18623
20333
18615
36078
19416
35767
20705
20543
23111
20829
22176
18614
24999
19841
34779
20150
26867
20668
18562
24268
36245
35847
24223
34563
20022
20049
20075
34703
20732
18964
19736
21797
19444
22915
18902
20059
27040
34239
35239
19506
36353
18728
20560
20024
19106
21031
36235
20249
18616
20770
23410
22963
23442
18633
18734
18718
18627
18557
21919
21127
20770
36208
19076
19200
19356
34500
21729
34585
20170
21193
18760
19794
18821
20566
20370
19424
18587
23396
20345
35285
18719
22956
21990
22940
21055
34727
20373
34266
35069
21839
19800
19256
20522
19072
21670
18944
21627
18789
19942
34809
19730
20963
33786
19865
18736
21408
35297
20455
35944
19215
36226
19310
19618
24214
21386
22413
19039
18776
33535
21527
19248
18645
20359
36225
20486
21206
21830
20441
22965
21286
28780
20814
20126
18751
20878
19674
34210
21701
19291
18695
20968
20539
20459
35454
19398
22021
34507
20853
34731
21996
21515
18989
21253
24656
19902
21364
19549
24272
20539
20242
23015
18731
18716
18737
21326
21429
19500
33059
21602
21008
20402
20419
20505
23407
18814
35206
34859
23539
21391
35572
21922
19053
21950
34336
18842
18871
19754
36206
20896
34187
19977
22590
19714
21662
23867
19713
18711
18815
19369
23536
21773
20950
19790
21656
30226
19569
19147
20378
35911
19512
19636
27162
18807
21998
21594
21899
20663
34893
35881
28476
20048
21127
19737
21107
19883
21031
24594
20500
18767
19873
21081
24924
20824
22311
19709
19672
19446
22049
19400
18802
20243
23686
31178
31882
31992
19565
27690
20073
18962
20608
21146
24775
19876
25883
20426
36352
20366
21384
21635
34605
36072
20666
19631
34459
36230
20148
19166
21077
19410
18818
19622
20740
20446
21208
34971
20518
20013
19782
19081
19353
21573
21390
20866
19443
19052
21125
20385
18845
19572
20156
20543
18802
20430
20445
18886
35452
20976
20716
23126
34199
19111
19692
36259
19038
21376
21863
20236
20675
23111
21859
33547
22491
22953
21241
36319
20884
19104
21651
18907
22600
19289
22060
28068
29992
18970
20580
20072
19224
21448
20143
21455
19795
35130
21150
34640
18985
24988
19601
20596
19881
34591
19080
24202
20203
19010
21989
19202
19504
20878
20534
19749
20779
20326
21244
19879
34561
19823
21659
23398
21975
19849
20254
19625
20557
21267
35389
35794
19644
28993
21658
19339
19679
22587
26463
20190
25039
20471
20213
21805
21280
19952
21924
30840
19126
20599
25010
19539
20237
24683
21830
25627
19585
20281
19935
21476
20375
35105
19032
19788
21601
18916
22231
23884
19216
19951
34591
21668
21753
18980
20399
20404
20358
21014
21235
21512
19119
20216
20708
22195
19807
22717
21026
26565
23301
19706
20804
20864
19689
21070
21060
21185
36232
19278
23037
19151
20292
24311
23757
21452
24776
21758
19842
20008
20184
22275
20567
21779
19717
20768
23312
22917
21842
26564
23745
20749
19489
23939
20752
21113
19861
18930
21120
23575
27451
21383
19634
19688
20012
18939
35262
33215
36233
33504
21543
20650
34633
35260
19235
20437
21189
20441
19391
18941
21739
21115
21585
19204
21154
20791
19420
21136
21961
20515
20221
36249
21261
19890
24821
19429
21834
19491
25656
21796
20657
20720
19436
19249
21363
23451
25909
21953
20653
19997
24940
21341
20272
19150
20576
19623
34186
35100
24486
25346
23648
26697
21581
20647
19928
20566
20134
23518
24983
22737
23058
19442
24526
19095
20350
21735
23195
23476
21445
19459
19264
20278
20270
20665
21983
19539
22004
21799
22974
35502
20546
21670
20724
20490
31108
22597
35990
20336
24906
20669
21331
18939
21781
19688
24771
20899
20877
21515
21072
20575
20714
21456
22009
21503
21566
19888
22368
21828
20841
20283
19730
21239
27506
26740
21707
21687
34565
34267
24119
24651
19347
21105
20858
23317
23082
19760
20276
19660
19819
19852
19455
19222
21589
19340
23610
21945
20249
20829
21853
21031
19646
19379
35689
19841
36231
20101
22748
21103
23608
19139
21326
19459
20320
21347
21591
24262
21102
19363
21921
25863
21107
19863
21844
21130
19056
19888
20724
21670
20623
22680
18945
24135
21152
21546
19999
21153
21582
19521
21154
19204
19832
20514
21250
20092
21699
30140
19312
21690
20374
21863
20842
33203
20544
20505
19582
24273
20299
20633
23064
20856
21333
20215
20339
22752
20438
21265
21840
24707
19683
21630
20888
19486
18967
19803
21583
21410
26220
21692
19137
20281
27486
25971
23450
19226
19006
26262
23476
27676
23177
21622
21223
21873
20951
22778
21880
19329
23606
21811
19463
21297
22353
25028
27296
25145
21546
20858
19106
21511
21742
20345
19078
20160
21541
19977
19869
22585
18976
21564
20193
20000
23271
19601
20196
21530
20203
19630
35308
21842
22510
20878
19487
21125
21552
21673
20946
20779
21246
21230
23520
22022
23995
35535
21212
21995
23321
19826
26394
22646
30354
20466
20363
19898
36414
19827
34618
21634
19990
26399
20992
23880
21553
21039
19764
19526
21317
20617
19011
23560
20199
20576
20279
21741
19317
19387
20431
24345
21507
22268
23122
21491
24376
21619
21280
26599
21837
19507
35132
22064
19981
20772
21681
23363
22820
21766
21763
19170
20061
19680
27402
20918
29840
36376
35771
25288
20594
25859
23247
19213
19053
20311
19494
20120
21255
19493
20267
23344
23350
20716
20813
20658
22562
19965
20636
21988
21107
21860
20611
22214
20030
21416
25033
21995
21514
19789
21866
22958
20250
20870
22147
22629
19134
19220
19692
20550
20360
24568
20693
24038
23235
22202
24268
21299
21083
22030
20194
19153
20839
22343
20601
20515
27478
20115
19863
20838
23405
19523
23150
19086
19132
23522
21994
21840
20593
21142
22648
20719
19640
19948
21976
25431
20573
19076
19865
20877
20375
22428
26863
19480
20898
19623
21896
35550
20969
20440
19470
22949
20406
24374
19560
22753
19825
19149
24902
22292
19746
19846
20802
19068
19027
19161
20387
21187
21612
19750
19669
21815
19897
22435
20570
20038
23537
23451
19240
20098
20789
22652
20818
21076
22418
21462
19818
23011
24394
21532
19627
21562
24716
19289
21884
20282
19406
19238
19228
19692
21632
19964
35024
21901
21828
19039
19617
21135
34307
19850
20999
27719
20225
23020
20272
19306
20370
21441
20299
23884
20366
21384
29006
22020
21458
20268
20496
19721
20931
20204
20068
20210
20358
20739
19500
22331
21259
20901
20049
19934
21801
21858
23063
21678
21026
21030
21756
21927
20452
25880
21793
31134
23998
26651
20948
23674
24857
21734
24402
19744
23055
35100
19166
25793
20732
20961
22380
21560
20769
19304
20583
22521
21746
20917
23119
34443
22698
21112
21568
21040
21116
20368
21176
19800
22548
24521
20736
22125
19503
21513
24020
35505
19198
21438
23284
20993
21820
19673
20857
21040
21175
20300
20637
19346
25805
21096
21629
20704
21349
21814
19893
19850
21138
22310
21247
19885
21940
21202
36317
19115
36253
20783
21908
35505
20106
20569
20522
20651
19656
19536
28098
22305
21302
21791
19980
20622
21787
21273
19972
19855
21982
20490
20158
21028
21198
21124
22733
23933
21306
20895
20318
25035
21001
21016
19844
24159
19481
23533
20225
23264
21549
20821
20925
22855
26071
21647
30183
21222
21330
23654
21642
26444
25230
22120
34959
20265
19988
19472
20720
22977
20308
19308
24196
20510
20241
21532
22665
23741
23829
19652
20505
21364
20023
20184
23860
20094
21962
21201
19180
34409
21250
20805
19714
21103
19853
20093
19381
21527
27358
21981
21192
20511
21204
20683
20803
19651
34331
21751
19294
20844
23070
19584
20639
19817
21741
21406
19337
20705
22991
24237
19453
20507
19932
34563
24558
20382
21743
21255
21080
24367
22032
20591
20849
21753
19330
25821
21379
29226
20051
21051
19211
20154
24287
19579
22678
19773
22480
23995
24325
21880
19810
20791
20673
22791
20351
24779
21567
19880
19237
21175
24619
21382
19690
21321
19257
19297
22013
36014
21249
19230
19175
27215
20962
20217
20315
23021
19159
20978
21392
19554
21292
19739
33076
24148
19209
21322
19307
21326
22853
19823
20367
21432
23409
19671
20485
20945
20691
34665
20508
19674
21803
20697
21399
23972
20034
21342
21809
22029
20080
21488
24136
21767
21692
22272
21410
23799
19887
19566
20610
25121
20387
21291
19231
32836
23782
20800
20268
20496
20289
19711
20845
19437
20760
24451
24346
20290
20012
20646
21625
20506
21127
27454
21970
19743
21252
21381
20631
24164
33476
33610
21920
20543
20668
21936
19318
21842
19662
21009
19233
20927
22001
19621
20620
28894
19619
20610
24995
20920
21483
19348
23227
21457
22362
20538
24896
20428
20233
24723
26466
24986
21523
20902
21014
22431
21168
20380
20416
22747
20852
21128
24681
20766
25024
20295
19279
21632
20615
21225
21828
36021
20627
21047
20966
20590
21748
24377
20168
33680
35410
20916
20840
35434
20892
23147
35434
20455
20524
19772
22349
24244
20890
19665
21199
19666
21351
19593
26863
21233
22010
20212
19978
21625
19687
19368
35188
24058
19713
24399
23836
20152
19979
20796
19520
20530
24441
20608
23279
19812
20785
21052
35079
20602
24576
19805
20825
23270
22002
19543
19514
19943
21786
21151
21370
24574
19200
24302
19608
20410
23254
19874
21199
21414
20303
22274
21455
19837
20787
21192
19934
19944
19370
24749
24553
19249
25380
24583
34952
21120
20383
20415
21376
20901
19939
19667
21818
23572
22023
21208
27659
26974
26647
21591
23812
20129
21779
20038
21447
21882
23718
19896
20416
20970
20861
20313
21730
21433
19234
24680
23464
20287
33936
20478
20312
19534
23028
22858
20024
21551
20584
21408
21835
22214
23159
23986
20569
27869
19605
24950
34816
34767
19213
27736
19979
19647
20883
20345
19685
20023
19632
21100
19998
35349
20373
19822
20711
21874
19719
23623
21517
35136
19817
36236
19288
19556
22548
20109
23253
20785
20603
19377
19728
20851
24470
20764
19881
19447
24624
36232
19939
22419
22499
20764
20432
24455
20099
30002
20475
36362
21472
21143
20623
21084
23749
20253
20476
24901
19892
21594
22771
20130
21258
24981
21522
21971
19639
20358
22012
22757
20434
24689
21377
19474
19739
35850
25976
19969
19554
20674
21288
22613
22286
20432
34409
21147
21794
21418
20932
20582
22988
21404
29840
28677
35515
36238
34699
21377
20666
19592
20834
34488
19273
24525
19242
21522
23897
19383
21360
23086
19497
20508
21685
22775
21934
20938
20520
21067
20344
24408
20908
21846
32779
20674
20084
20010
20167
20412
20570
19557
21179
20258
21687
24867
20062
20432
20777
22007
21457
19589
21165
22614
31690
21523
19547
22463
19370
21459
22149
20128
22798
21618
20229
20671
20635
20204
21506
21799
21025
19522
21182
19494
19564
36005
19950
34332
24781
20428
21864
22321
21639
19787
20031
20124
19384
19967
20989
20661
22365
22884
20138
20832
20111
21941
30375
19871
28373
30840
31764
31185
19749
21725
21361
20638
21061
21495
19938
30297
21256
22730
20628
20526
20978
19883
20093
19622
20098
20205
19775
19713
19421
23613
19656
21654
22865
20362
20588
24090
21117
19408
20635
23135
21071
20907
20986
19591
19525
24088
20423
20326
21780
19626
30169
29314
21569
20190
20688
21904
23992
24181
19436
20215
21180
21645
19924
21460
21754
19372
19840
20810
20355
19820
21036
24237
27523
21108
19647
21466
20919
23392
20097
21840
22014
19618
36267
19733
36202
21967
35277
20251
24488
22028
22032
21709
21444
20635
21714
22800
19982
21573
23047
24780
24026
19923
20493
21598
20123
21788
21018
19742
21272
23344
20921
21395
24710
26701
19815
21511
20497
24649
19532
21831
20164
20100
22498
35105
21011
21320
19998
21438
19643
21949
19751
21477
21146
20459
23493
20222
20503
21744
21320
21322
23419
19658
21023
21204
20844
22006
34456
21415
21697
20853
19679
22076
20334
21633
19630
21891
21864
20159
20450
20417
20050
19541
20614
21612
22116
21408
20584
19586
19422
23272
22507
19960
24847
19981
20328
20457
19747
19486
21814
21693
21514
20781
23009
21453
20169
20585
21764
20341
23701
23252
20343
21366
22848
20782
20653
19901
20787
21817
21397
20591
20794
21264
21268
21302
21671
21674
20064
19450
23888
19377
23278
28785
30896
21373
20881
21486
21002
21941
21603
19922
19915
20505
21602
19915
20453
21603
21607
20966
26321
24241
21396
20554
22885
21914
20731
23695
21960
24792
24915
24015
22942
20903
20170
24453
21079
20972
20529
21478
20906
34866
20905
21298
20934
21478
21149
21939
21616
23915
23276
19555
23389
21491
19605
22198
21548
21743
20388
21482
23716
24839
21064
23362
20395
19722
24166
22664
23167
20395
34174
34606
36318
34043
21696
26185
19663
21502
20101
19820
19425
19864
19390
23930
20439
20549
22177
21836
19942
21163
21657
21505
22312
23015
23965
20985
22128
20494
23251
34480
31575
32046
19701
19659
19706
20601
21318
25161
21763
19570
19765
20916
19708
19872
23911
20386
24247
21110
21860
19425
20896
33707
25160
20273
25603
19911
20513
36047
22080
24713
20461
21509
24494
19684
36202
21528
34838
21133
21078
24412
20420
20419
20357
22022
22152
20891
22412
20576
20318
20771
20444
19977
19548
20506
20770
23714
21938
20434
21538
21578
21213
25014
21213
20968
21886
19527
20226
20476
21594
20449
24705
21712
20703
20450
23179
21864
21390
21105
21641
21052
20427
34684
35813
21372
22167
19411
24626
20050
24953
21669
23935
20484
21587
21141
20934
20913
23356
19717
21887
20630
25005
19432
19648
24328
22422
21652
21997
21604
26369
21136
20975
20728
23248
20129
21638
21194
20694
20352
19967
25611
20500
20499
20090
22059
19996
21991
20774
20440
20857
21091
20602
20205
24065
20028
20963
19621
24224
20487
21706
35087
19607
25714
20652
25413
19610
20067
26625
21314
21291
20337
30757
21442
34994
20975
20651
22333
22501
21595
34456
25478
20147
21145
36359
20717
20259
19882
21036
21683
21286
19604
20021
19936
21082
21328
20796
23326
21613
20745
19577
24491
20811
26072
20426
21606
19652
24861
21956
20958
21705
19960
26139
20426
21623
20236
23767
20533
22323
21924
23703
20680
25022
21132
21806
20247
20797
21473
20887
19537
20044
21506
19442
21347
19778
24690
21367
21630
21833
21968
19569
21737
26009
26564
21023
21597
21221
20379
21267
24672
21486
21945
21114
20456
22432
19757
20709
23807
20564
21795
21409
20996
21243
24445
21341
20659
21902
21192
20077
20797
20066
20136
20723
21709
20142
21601
21871
20244
20116
20732
19546
34182
22015
21058
21334
19854
19851
20095
20784
19506
19465
20333
19692
20475
21895
21841
19723
23473
35859
21003
20293
19565
20698
20479
23475
21632
20329
19904
21718
19902
19693
20413
20580
21687
21529
35653
23503
35535
20582
21212
21388
22461
21285
19912
21876
21092
19512
20657
24347
21686
22037
21937
19744
19859
20728
19649
20037
22147
19691
19958
22489
24008
20234
23683
20750
24269
24657
30173
29529
20547
20455
21526
23973
24789
19550
23986
19906
24593
19589
19991
20221
21261
24405
19579
22975
22009
19975
19930
20594
21253
24992
21919
25529
19893
20534
22546
19748
34624
22755
22724
34148
19492
19502
21826
21984
24516
21972
20756
19524
21562
20749
20598
21822
20133
19522
21574
19519
21716
19826
23856
27510
21729
20607
20332
20691
19986
21655
24703
20128
21025
20204
24909
20399
20545
21402
34933
21133
20300
23236
20778
20841
20962
23711
20980
21164
20579
35821
21006
20689
20522
22549
20106
20503
19698
20033
21298
34955
20624
21855
20958
20218
20973
21545
21358
21208
20868
21708
20682
21461
20535
21196
21561
31801
34119
32223
33842
22079
24298
21030
22456
21096
21422
21960
21667
20173
21856
21123
36361
21153
19792
20562
24049
20610
19627
21580
20793
21177
21485
20008
21861
20678
25865
20636
23798
21905
23548
21510
24556
34669
23691
24881
21636
21641
24246
34747
21521
21519
21596
19752
20654
21611
20381
19900
21673
24627
30444
19584
29177
36277
23963
20760
24781
21597
20305
19678
21391
23597
22734
19642
20671
20013
20609
25206
24252
23446
19876
21332
21679
20209
21962
23801
20494
21951
23642
22326
34273
21288
26873
21235
35407
22539
22780
24320
21521
22618
19677
21232
21914
20451
19608
23825
20589
19952
23679
21775
23256
20786
21807
20069
21682
19905
21653
24958
34267
25325
21643
20051
22996
24532
21451
20057
20430
19704
35594
21152
21789
21481
22107
21134
36366
19633
21181
24426
19762
20700
36271
21351
22890
21518
24528
23233
24255
20943
21754
19613
22704
20701
21773
21895
21019
20475
19947
20197
20573
24045
19765
21680
20840
23746
20240
20673
21959
22743
21667
19617
20421
23025
22811
19773
20663
24175
21557
21430
24172
28735
20808
20922
21644
21793
20322
20514
20521
20360
21761
20693
23884
19852
20172
21629
20731
35550
19594
21458
24996
19794
34249
20994
21743
21080
23810
21008
21560
27798
27676
20907
20990
23219
21974
23018
19929
21518
20943
24573
21007
24533
20742
20024
23191
21418
21298
22348
20058
36392
36062
21738
19871
34510
20660
21401
23108
36364
24875
21665
20458
23819
24878
20372
26468
22675
36259
25340
20146
22872
19899
24600
20725
21309
20900
20681
19690
25799
19834
27789
20774
21465
21567
20751
20629
20196
25713
25432
35384
20471
20002
21832
22706
20965
24299
25003
23629
21445
20270
20231
21316
20464
20655
24446
19742
36249
20235
21403
21734
23577
21340
20789
30855
19997
21487
21953
23583
21954
21867
20789
20722
23802
21089
20328
20045
24503
21647
25595
23822
21382
22218
20423
34503
20777
23294
19916
21037
36210
21717
21364
20853
21090
27697
20089
23800
21178
35586
24524
20711
21803
21610
23587
34606
20942
30957
19983
23532
20795
21363
33185
24761
22069
21971
20631
20816
19771
20096
26474
20309
21911
21883
34400
19949
36358
20573
23190
21970
21785
20761
19927
20485
21262
20469
35021
20488
20870
21725
21837
21246
22883
19933
20946
21817
20435
24290
23917
21350
21496
20619
21270
23434
24407
35799
22962
19908
21893
20731
21191
23266
22173
19748
21597
22516
20252
20391
22788
24629
23948
20122
20132
22543
24002
19689
20865
20994
20410
22004
21409
21221
21799
20904
19874
34900
20819
34900
19816
20176
23795
20875
20714
21580
20194
23405
23234
20383
21546
19897
20051
25855
21179
21535
21155
21821
20835
21655
21685
23359
21206
21767
19730
22782
24691
20283
22587
21373
35073
19677
22076
21364
23832
24573
22634
20501
21284
19695
21371
20603
20265
20830
21531
24526
21792
20483
23077
20342
19816
23970
19806
19799
20810
21905
22270
20646
19809
26783
20882
22370
21837
20581
20579
20876
20809
20619
19836
20989
20918
19879
20335
21533
21730
20519
20979
21426
20292
20025
22232
20389
21701
20692
32904
33492
21790
27589
23408
19824
20987
20579
21164
20413
21010
22000
21479
21450
19724
21386
23439
20115
27816
23224
19858
23558
33586
21504
20389
21701
20806
23469
21106
20247
20606
22857
20826
20924
20931
20963
24773
21184
21677
24234
35707
22200
21779
21296
20567
21325
22829
20831
20269
21681
22288
22009
19930
23970
20819
20873
23281
20909
20516
26555
21217
21211
23352
22030
35431
35295
23345
19975
21458
23202
21409
21335
20799
23467
21418
21111
20125
20501
21113
21354
21073
24738
21637
25472
27449
36265
20332
27419
21225
19894
21424
20362
20354
20712
34822
21555
27997
21572
20329
21407
34338
35898
24757
21151
21408
21963
21874
20021
26618
27551
21431
21604
23690
21702
24784
34182
27655
21657
19942
20972
20082
20285
21050
20974
25808
20532
20518
22030
20769
24697
20992
23662
22739
20559
22612
21898
23792
22408
20510
21619
20004
24632
19760
21050
20527
23834
21984
22991
21722
24817
20957
23209
34694
24163
20293
24250
20824
28677
27785
23358
20330
21360
22280
20628
20414
21504
20986
19884
20907
20192
20686
36262
22826
21076
21891
22672
24991
21137
20170
21798
21445
20804
23544
22011
20678
22101
23586
22869
23639
22466
21510
21752
19867
24399
34687
22034
34959
21108
22544
25710
20105
23610
21563
21297
19873
21811
21394
19954
19963
24842
20747
21568
21116
19877
28318
21980
29211
22378
21673
19943
21196
21125
20370
21828
34753
19838
24428
23836
23716
20205
21901
21777
24350
24029
22514
22810
20666
21765
20881
21100
35055
20240
24918
22797
22935
24102
20268
21704
19837
20575
21459
24098
20839
20309
21724
22952
21762
21021
20233
27719
22080
23274
20193
21046
19923
20002
25351
21832
21024
20924
23427
20826
21756
24336
21858
21682
20049
20069
21214
20745
20175
21037
21559
21824
19895
21800
21024
21607
23038
20256
24180
20491
35018
20614
26128
21612
20823
26202
20609
27585
20524
35806
20117
20076
34061
34361
19816
22806
20883
21036
24169
20391
24071
36231
20164
21161
20126
21862
20021
35586
20052
20034
20531
21468
30436
21045
24449
21061
35375
21425
21044
24023
20990
20625
21934
23170
21873
24204
21063
21383
21644
21846
20366
20230
22605
21665
23994
22867
21488
23601
20661
21496
20327
23016
20234
19973
20468
35854
19912
34977
22234
22031
22950
20761
21069
20762
20786
20775
20854
20604
22028
21080
24343
20165
23283
21131
24546
21223
21077
20929
36069
21300
21077
20003
25097
27117
34211
21651
25001
20588
22955
21117
20253
20287
22748
22242
21958
21468
24338
21193
20259
20047
23343
20353
20918
21283
20180
23054
21377
20887
21921
20446
22674
19897
20383
21106
21107
23764
21555
20611
25322
22313
21860
20897
20859
26635
32980
20837
21193
34097
21136
34301
36060
24550
21607
20139
26970
20748
22351
23684
20553
23563
21944
24616
20269
21711
20427
21175
21118
20185
23881
35466
21266
19951
24324
35115
23849
21432
21040
21121
23949
20652
20778
22517
21128
21103
21069
20762
20838
21240
20093
22094
20978
24605
20776
20478
23430
21969
20427
21942
21148
22021
23915
24395
21159
21858
24342
21771
22845
20826
20396
23745
35876
20809
27812
19920
21663
20638
21362
20291
24766
23928
20478
24969
20053
24890
21157
21200
19946
21962
21385
21158
20277
20005
21108
20280
36093
20814
23080
33159
22812
30046
20132
20957
28409
20042
20560
27134
20261
20850
20947
20135
20324
21923
21930
20926
20425
35872
23178
21891
21865
20585
25163
27832
35648
26939
21952
20149
20574
21710
20001
36237
20179
21055
20384
20820
21041
22518
20188
20263
20556
20036
20806
34822
19928
21186
20392
20178
20461
20393
19993
22722
21458
34840
21479
27820
20462
21740
22589
21493
25321
24606
25922
20077
36054
20498
26863
21327
24118
21233
20929
20930
21904
22493
20277
24946
20116
20910
23928
21590
20344
20264
20156
21737
21195
21085
21602
21561
21590
21201
21976
27105
21469
21507
20371
22695
30113
24596
25771
20298
22148
23591
20676
21219
21218
21584
23323
21219
22967
20271
24358
21628
22099
21220
21812
31743
33121
21462
21776
20326
23355
20737
21653
20165
22394
21228
21313
20063
21174
20982
21228
21534
21219
36021
34307
19973
21980
25865
20165
21005
21417
24124
21329
23664
20110
21675
26071
20152
20884
21240
20838
21247
21698
21843
20174
21777
36256
34701
21249
22334
21048
28319
21829
20605
28018
20317
21331
21333
21888
24329
35164
36318
20168
20849
22210
24346
21497
36318
21791
32340
20942
21264
31890
21454
23088
21273
20100
24440
23938
26151
20357
20074
21342
21279
21531
21279
34531
21282
22375
21277
21290
26807
22024
20003
24519
21944
20834
21058
21798
20006
22582
21033
21835
24688
20331
23611
20653
20364
34592
21311
21319
20753
22727
20483
21266
20201
20659
21516
27584
23557
21492
23742
26599
26123
22458
20049
22244
21137
22005
20163
20767
24818
21330
24419
20637
21627
23298
23353
21483
20669
20862
21781
20648
20532
21618
22864
26122
24737
20271
23387
20964
20424
20239
26791
20034
20378
22228
21168
24957
21715
21365
25637
21344
21334
21122
20790
21346
25213
21318
34467
20474
20490
20973
21705
20546
24811
24100
23982
20624
21000
21777
35386
27120
23050
23979
20247
20219
23113
24460
35096
20047
20058
26519
20519
24489
22000
22889
20536
23996
21270
23068
21725
22684
21978
20829
25736
23751
21853
21571
21773
24698
20582
24879
22056
21140
27818
23220
20406
24101
21285
21025
20305
35739
21126
21812
31843
35787
24608
21700
35479
21015
20540
21815
21042
21045
21464
21669
20207
22271
27604
24820
24961
20247
22768
23081
20668
34408
22019
20313
26947
21894
20061
20353
20938
24459
20499
25611
20099
20339
23310
21005
23453
21131
24332
20487
22238
21669
21740
25145
23336
30697
21799
23765
21335
22816
22934
21757
21214
23166
26023
20571
32305
21912
20413
21016
20104
22022
23543
22003
36364
35082
33504
21135
23275
21614
24308
20722
21644
21715
20322
23196
23146
20424
21411
21575
20099
21149
21478
20808
22086
20114
21232
35709
22015
20570
22024
21558
34613
20632
20874
21405
21189
21578
27454
25544
35180
34701
22921
20127
22102
21273
20741
20622
36205
23579
21779
21978
20964
22194
24392
24504
20139
24115
21500
21994
21281
21340
26338
20126
36258
21217
22371
35319
21564
21198
20541
20187
21170
20672
21877
20171
21032
20129
20991
21227
21296
20165
21227
21417
21847
24578
34476
21996
21494
21738
21813
21035
25716
24189
24059
20340
21053
35911
23652
20600
21424
23504
23035
22639
21357
36235
21465
22215
20388
27383
21536
23912
21856
20723
21151
24223
21325
20810
35188
21323
21324
20694
21413
21284
20500
22621
20607
22300
20993
21731
20143
20266
23204
20742
21140
23027
34480
25714
23756
21255
35591
21610
21542
20980
22616
20486
25028
20548
20274
26691
20968
20157
20367
21066
20256
21368
21012
20159
21893
20782
21255
22032
20652
22588
21467
20294
23562
24963
21619
23048
20763
35102
21300
21173
20460
21150
20892
20453
35872
21017
22893
26677
20685
20684
28798
21888
20796
22839
20745
21123
24387
21872
20460
20700
21500
22264
23636
20335
24158
21432
20973
20614
21660
24551
20828
24927
21000
22931
20903
26866
23101
25320
27269
21065
24895
36359
21124
20512
21034
20539
21931
22007
34043
20304
20337
21897
20467
21470
23986
21914
27274
20758
26988
20535
20604
20182
21000
34307
21872
34779
23274
21469
21525
23991
34411
20929
24583
20485
20807
21946
21935
21865
21684
20566
30194
20959
20903
20234
20999
21893
21650
23613
24548
25016
21679
22230
21715
25747
23200
20592
21460
35976
24026
20647
21604
21581
21930
20736
20841
20925
25809
21892
25862
21236
24337
20920
20997
20248
24848
22818
20596
27462
20937
23732
24437
21048
20589
22472
20202
20737
22985
21713
21755
20969
24877
21091
20891
21493
22897
21647
20792
26020
21379
20977
22396
21801
20484
21421
23952
21414
21200
22366
21375
20826
20217
22715
26485
20646
20336
21331
20676
20269
22488
20411
21414
20812
22178
21824
25737
24947
21187
26765
20823
35013
21854
26861
22360
21707
20235
21092
21621
21869
21197
21785
20733
22376
20283
20233
20447
21422
21827
20538
21852
21287
21090
22787
20522
23907
21012
21723
23441
21350
20887
20446
21290
24564
23858
21502
20410
35139
35549
21832
21809
20830
20696
21153
21566
22017
34503
20462
21931
23877
20318
20444
20262
27404
27793
20284
22162
34495
29505
20534
22735
21357
24146
28333
20297
35836
20260
20902
21523
34385
20550
20721
26831
23214
20630
20488
21652
22074
20864
20770
23269
23805
21919
20513
24344
21752
22779
21694
23597
21210
23916
20493
21435
21067
24842
25254
24137
21805
24481
21384
21272
30573
23330
23869
21326
21932
36353
24282
20851
22746
23893
21649
24359
20597
20995
20474
22527
22244
21316
35436
20989
26463
20688
21356
21466
22122
21806
20397
21329
21674
23851
20941
22221
21344
20956
21902
24577
21204
20924
23549
21335
22085
33676
23541
21355
24385
24587
21704
21049
22749
22379
24938
34333
20824
20690
23301
21337
20709
23773
20444
21839
23682
34266
21694
24164
21358
21624
34621
21207
21601
23298
21643
21593
20515
23296
21592
22130
20454
36234
21264
21302
21307
22723
22976
34504
21389
21022
21484
20941
21708
20665
21066
21057
24768
24958
22444
21673
22278
21081
24685
21790
33581
20744
21586
21640
21230
22891
21802
21879
24708
21117
21429
21182
25702
23388
22435
34276
21183
23866
20980
21989
21281
21286
21862
20528
21359
21126
21651
21157
21139
28192
23050
21999
21349
25374
20615
20873
21895
20926
21283
34954
20961
21327
33988
35548
34087
33952
21575
21951
22824
24794
24275
23978
22212
23902
22566
26381
22083
24434
21786
21561
22566
25798
22754
21716
21443
21552
22742
20497
20904
34361
21400
28328
20981
29397
24309
20705
36208
22025
21579
21498
20494
24676
22257
22137
24756
20852
23144
35957
21013
34526
21706
21472
24982
21413
24808
21550
20454
20495
21631
23731
24832
21720
26107
20685
21425
21703
20940
21953
21870
20547
29887
35451
26583
20908
20832
24026
23863
21968
24920
21195
23189
20967
21901
21525
36358
24527
21969
35115
23375
23568
21474
20400
27349
20434
21674
21884
23818
22502
21468
20557
22620
21821
22728
21656
36298
20953
35450
24095
20407
21482
24283
23843
24542
22544
20687
21967
20542
24592
21362
20643
22296
23676
24803
27121
23559
20772
24193
21060
21002
21185
21185
21739
20776
20403
24522
21375
21629
21906
24900
34340
21676
21810
20902
35260
35792
21543
21891
21076
25960
23492
20911
21617
21922
21543
20434
23211
22226
23015
21918
25036
30184
20601
24401
24886
21509
22183
20751
21093
34857
20831
21412
27871
21527
23432
20755
22690
26112
21143
21662
20540
21039
22469
25031
21146
20617
21339
23403
21928
21234
21801
29255
24498
21403
21903
24352
22446
21932
34575
20429
35590
21778
21083
20760
20641
22019
20438
27456
27458
24863
21667
21736
20803
24384
21142
22374
25273
20445
23855
20664
21578
20634
21405
22224
21784
21010
20960
23908
21959
21575
20863
21746
20835
27705
20836
20935
22137
24974
21915
27822
21954
21396
22206
34322
20827
22718
21359
35754
30551
21361
20772
20874
24882
21778
24795
21039
20562
24633
24389
24973
21010
22090
20587
22097
21056
21018
21937
24138
21734
29152
21053
24822
21212
21442
20750
36021
20970
22383
21271
21269
22354
22519
27584
27072
35612
24948
24313
23812
23660
22275
22535
23959
22670
23736
20836
20871
21056
23092
21662
21590
20873
33146
21526
25231
34383
21636
24099
20645
21517
21822
25432
21649
24416
21234
20817
24364
20620
21964
21959
23123
20696
20574
21516
24396
24644
21927
21359
24695
21503
24897
34952
22010
21284
21354
23607
20944
21642
25683
29128
25422
28318
20509
22457
25923
23165
20747
24858
21767
23031
24669
22269
21973
20568
21023
25702
25478
22882
35653
21251
24686
23687
21635
21802
20951
21760
21949
20923
21393
21592
22140
24585
24568
24751
20671
21305
20609
20892
27459
22933
22055
35483
34918
21258
20552
20612
21826
21101
22937
20704
23276
23502
21788
21598
21334
20987
20718
27581
21883
23488
20542
21038
23006
21813
23883
20936
21916
21688
24000
21666
29310
21926
23680
22018
21833
24945
23044
21991
21347
23058
27102
21180
20655
24970
21467
21337
21178
24860
35624
21906
21742
21844
21808
22629
21951
21435
24133
22429
21159
21692
23809
34189
21267
24804
24910
21210
22077
24132
21088
20835
24872
21051
24731
23898
34937
21736
23325
25154
24765
23246
21054
24151
21795
20640
22324
21565
33906
24203
21178
22357
20894
23315
21679
20658
23740
23089
21181
34332
35509
22013
21263
20581
26114
21831
20725
20969
24039
27684
21684
24296
35384
34337
35415
24654
21447
21167
22081
21027
21236
27450
21471
24562
22400
25034
20753
23307
23094
20652
20598
36407
35441
22398
20680
35482
21387
34397
20634
21847
21574
24871
20893
25954
21874
22141
21963
22417
23669
21305
22284
26291
21110
23299
22457
22018
21402
25545
20643
28185
21202
27809
21900
21556
21360
21638
21312
24508
24048
20670
23240
21503
23454
23588
21657
21848
23383
23937
21237
30896
21260
20783
21138
21522
21825
21437
21263
34308
21964
21861
21797
23885
34964
21441
23552
20988
21162
21683
21294
25378
20683
22769
21817
21294
36258
25039
21041
21952
20820
21729
24279
21689
36356
23381
23826
34729
21622
21838
21431
21625
21333
27049
27253
24999
21523
21521
23657
22016
21983
21885
21299
23643
22287
21440
34297
20842
21904
24849
23423
21710
21321
22013
23228
23231
21892
27189
21900
20854
36365
21405
24647
21762
22329
22873
23290
22933
22906
21331
21350
21316
22241
20982
21174
21312
20960
35055
21512
24630
24146
21808
21167
20966
24116
21317
21519
21948
21596
23811
24880
22923
21239
20843
24537
20787
23036
21076
23461
24068
20712
25506
21029
22404
21688
21751
21633
22033
22576
21095
23872
21134
21481
23218
24052
34210
20729
22202
35580
21303
20734
21295
21582
21610
35591
24454
21481
30140
28005
21322
35349
21994
23898
21351
21763
36271
24705
23369
22307
21087
23443
21999
21666
20954
20955
24927
20955
22641
20914
21717
23766
20822
25799
22905
24968
21467
24638
29031
21158
21156
35878
20839
24609
21661
21237
22474
21544
21384
20792
21248
21901
22323
24004
21883
24692
24265
22182
31695
21652
20848
22807
21461
21917
21489
21074
22076
22655
22294
21697
21888
25322
21262
21686
21702
24268
21631
24213
26605
23798
21162
26632
21282
21277
22569
20735
31299
31344
25276
23371
21493
22256
21826
21242
23207
21429
20889
21218
23631
20939
21728
23348
21611
22528
21520
24423
21094
25685
21054
22747
24993
21654
34369
20983
21444
21486
21093
34308
23953
21133
21792
36228
26651
21576
21657
21503
20844
35547
23824
21015
27036
21554
22658
21071
21551
24589
24852
22032
21124
21098
20907
21620
20771
27216
22649
24267
20798
21621
21074
20895
21851
21474
22259
23781
23162
21942
21840
23192
21931
23428
21248
21780
35367
21757
21129
21536
20784
24905
21650
34373
23397
23566
20988
23600
23592
24466
21059
34488
21058
21823
22123
34767
22450
21752
24310
21834
21753
21955
25311
21476
22073
23040
21910
21957
23755
21794
21034
36359
21223
21524
23289
22025
22835
23476
21184
24636
21555
25780
24097
21252
24389
21576
23804
20872
22564
21979
22378
24450
21645
35022
22019
36369
22604
33221
36282
24660
21025
20868
21256
21545
21764
23340
34864
22459
21421
24980
35648
25990
24635
23508
26415
20973
21404
20933
21190
21172
21952
21171
20955
20914
25254
23744
24618
24380
20948
21177
22665
23988
21765
21821
23837
21064
20884
21490
22866
35024
33532
21111
20919
22837
23373
21963
24592
36369
21899
22916
24144
27496
21676
24782
21651
21744
34866
21092
22085
20970
21627
21804
23582
21711
21116
29226
21001
21388
23456
21088
21191
23692
21271
21917
27167
24906
21411
25893
23852
25151
21070
21009
24456
35615
21641
23525
21695
23489
21389
21450
21386
24850
24946
21844
21821
21159
22756
21047
21126
21659
21205
21376
20981
26033
21174
21725
33121
36309
21001
22542
21305
23513
21511
21698
36233
23763
21986
20909
25452
21386
22003
21792
36364
22012
21841
25019
24988
28286
27285
21216
24974
21620
21112
21727
21388
21515
21586
20962
24383
31644
21996
21494
24473
21382
22268
22244
24772
21418
20979
23806
23182
21450
23558
23693
23198
21038
26359
21043
36309
29049
21541
33680
33157
21921
23115
21102
27630
23691
21580
21149
21141
21232
21081
22027
24060
23578
21569
21480
22989
21677
24835
22010
34411
21335
21571
22785
36259
24339
23341
23453
23232
22506
22534
21608
22008
29447
21211
26257
21166
21439
24253
21277
24813
21268
21766
22208
35751
21368
21529
35133
23217
26694
24665
23332
23255
34977
35096
24984
21427
21337
24544
23780
25695
21336
22036
21985
31974
21929
21595
21839
22899
24390
23833
21412
25609
22662
25376
21054
22246
21586
35018
24883
21622
23130
22741
21006
27465
21942
23827
24956
24666
21737
21968
21347
35586
34937
21862
21814
36357
21686
35650
27056
21783
22027
21009
21638
21731
21114
21714
24908
21013
25013
27789
21665
21275
23976
21485
21634
20992
21007
21847
22437
21229
23620
24907
22759
21374
22729
34187
21406
23317
23574
26531
25862
36262
26532
24555
21079
22225
21563
24490
22066
30581
21462
21850
21228
21770
35550
25118
25534
21276
22020
23306
22438
21543
25032
35824
21174
35117
21749
35437
21841
22161
24698
21185
21563
21367
24930
22155
25945
22685
25027
22004
22545
21756
24170
24646
21145
36359
21057
21935
22026
24218
35132
21914
21678
21308
22635
32959
25787
36230
21713
25920
21372
21171
26079
34609
21755
23666
21620
26021
27392
23334
21176
21443
22813
23512
21447
24708
21497
22471
21361
22818
21822
21091
36211
23139
27377
21605
21624
21732
21958
21340
21444
21486
22497
22063
22101
27217
22808
36237
21950
22482
35673
21951
21724
24687
21423
24959
21454
21485
25897
23499
23423
23741
23405
27460
21599
23263
21548
22402
24372
21755
35102
30647
22290
24991
23129
21574
21730
24497
21662
24409
35293
21871
24539
23656
23596
21282
21346
21122
23420
22453
21768
21614
23617
22637
21209
21711
21509
21819
21399
23224
21770
22781
24391
31927
32352
21655
24141
35008
24274
21559
21148
23095
22676
22503
21684
21453
24236
24018
21860
23634
21889
21262
25642
25642
24929
23392
24433
23565
21368
22739
24510
23610
24007
21877
24182
21969
35515
21266
21966
21859
26468
36238
21470
21863
24641
21253
23608
22031
23602
22320
21566
21675
23992
24041
21404
21473
22959
23286
36021
21537
21572
21385
23029
23609
22615
23538
21917
24541
21771
21592
21564
21533
22954
23627
25548
26316
23919
22399
24928
23706
21385
34495
21718
35106
24009
21649
21582
23722
22593
35064
21988
22548
22861
25174
21912
21574
24601
21182
21703
29480
23242
24987
22687
24448
21875
24603
22856
21558
21312
21603
30599
21872
21552
23791
21532
23426
22902
24966
21648
21209
22207
21815
21321
36357
35731
21213
26470
22322
21960
21227
21313
25636
23928
21786
21369
24856
25438
21916
22881
21421
36239
21420
24718
21975
24760
22213
22799
21965
21925
23771
21452
21434
23531
36362
23505
23579
30141
24809
25655
21696
24604
24741
22211
21394
21506
26543
21758
21985
24898
21944
21297
21765
34977
25835
27685
29658
25152
24529
21417
23904
21880
25201
21635
21328
23895
35482
24634
22633
21392
35093
21564
27452
21323
23693
27904
21750
36300
21708
21940
26862
33913
30373
21516
24699
24330
35966
21493
21246
24810
23111
25029
22808
21436
24056
35024
25155
21869
24361
21263
21714
21437
22011
22026
24298
22382
21977
21682
21491
21908
23770
21585
22014
22293
21711
21791
21726
25061
34403
21672
24414
23644
21419
24998
35165
21918
21505
24000
21981
26055
21787
21848
21423
21879
22051
23458
23285
22346
23933
34675
21515
23707
22248
32385
24704
24502
21301
31804
21303
21293
30002
24279
32703
33203
26463
21741
21301
33224
21306
21744
21933
22092
21374
33921
31527
21492
21374
24151
24529
21338
23385
23060
24677
21416
21885
21933
21491
21507
21983
21992
24549
21638
23523
25774
23303
24613
35543
21788
21324
21825
21355
21699
28452
21699
21444
23982
22531
21819
21370
26535
27832
36370
21671
23059
23445
21710
22066
22057
34504
23987
21556
21928
21428
27719
21982
24667
25136
25870
36260
25254
26736
36234
25854
24024
21634
23820
35547
21678
21553
23649
21372
23688
23732
30364
27105
24442
24599
25988
27805
21889
21398
23990
21925
27435
27781
24610
23463
22784
21907
24942
21650
36232
24518
21517
22634
23351
21987
24734
23604
30680
23677
33589
33206
32872
23281
22196
24611
22926
36035
24694
23571
21958
24696
35884
22550
21636
24651
21434
21987
21807
24500
21786
21771
21628
21716
26273
21867
26214
35735
21691
24925
21845
21520
22065
22403
24659
21577
21833
24615
24199
24899
22025
21718
22927
25025
26985
23747
21800
34215
21627
21804
21835
21559
36230
24070
36264
23980
22344
34454
24873
22058
24105
21600
22520
26332
24033
24570
21954
28768
21646
22251
24452
24674
23936
24758
21794
21475
24887
24386
36163
22075
24979
21498
23033
34505
24016
21926
36272
24603
30579
30002
24304
23194
23727
24275
24814
21913
22481
25824
31990
31197
24787
21547
22771
21820
21852
21897
21514
21787
23633
22334
23588
23318
23311
22850
21968
21856
24565
22608
21735
21666
22744
22043
24226
21889
23778
27398
22268
21823
22185
23181
24621
24022
24884
21921
21782
23346
22599
21987
21782
21521
24682
34400
22254
25892
22007
21540
26845
21870
21992
23101
24053
24777
34580
32183
30347
24106
23400
21909
23992
21956
22061
24422
35773
34197
36267
27002
27449
36326
21855
22409
33216
23133
21976
22205
34776
35708
22134
22015
21908
26978
23768
21579
26780
21737
21949
27108
21588
22951
21873
21659
36286
22361
21870
21528
24709
21535
22451
24472
21809
21584
21628
21687
23503
21693
34846
22012
21571
21694
21695
21588
22144
23985
21583
22029
24535
35650
22020
24164
22023
24363
24032
23368
23614
27487
22030
35790
21768
21689
24762
27158
23891
21700
23921
21769
23171
22772
23438
24727
23110
22157
22581
21923
21989
35925
23984
21633
23987
25490
25916
21749
35911
36364
21630
23160
35773
21997
22692
22643
21589
22903
21868
29227
21941
29427
25865
25104
23725
22297
22006
24320
21613
23155
22697
28359
22232
30150
36248
22640
24290
34681
21946
21988
21979
23735
24786
24425
23006
29785
29168
35450
21857
23026
27579
22029
23116
23899
22167
21849
21877
24564
21772
26821
21876
22054
24755
24923
25189
23823
21965
24222
23455
21851
23346
21761
23380
21732
22424
23659
22697
23708
23836
21880
21764
24364
26892
23977
28444
24545
24694
22944
24289
23062
21698
22701
21836
26742
23526
23838
22707
24756
25047
34185
28057
30160
36358
23437
24781
21893
22642
23455
36099
36414
22044
23826
26591
23926
23721
24025
21955
24597
21675
21964
21887
22524
21993
23365
22299
31659
24114
36252
36258
22033
24003
22819
21713
24798
23960
36361
21955
34439
24386
23374
21937
35849
23894
25936
21887
27789
24993
23705
24117
36271
23931
21977
35308
32854
31619
21878
29468
28004
28493
21996
21846
25026
25503
35302
23309
32980
34443
27294
24417
24483
24885
27125
23785
27148
23245
21817
22350
23624
21877
25557
22656
24131
23831
24661
27269
25923
23752
23402
25098
22355
31572
24506
35889
24507
24717
23107
35336
30474
27142
22844
21766
22456
21789
23487
21986
34850
31239
35343
27049
21948
23656
24824
23073
23297
25579
21879
36362
22189
21861
24611
23382
36365
21850
30392
34753
23823
23379
23372
23783
22901
23114
21965
24637
25719
21981
25841
24037
32472
31106
22337
22087
22004
24369
30555
23412
21823
24833
22036
31185
33103
24376
21854
24315
21867
27038
23052
36360
32193
29168
21827
22036
23633
35277
22005
24912
23230
22158
24003
23127
22011
24143
31926
25825
21854
35360
21885
23161
26329
23635
24084
24170
33206
35241
21982
35132
28247
24967
34366
21857
21922
27411
30121
22222
23333
24113
24750
22034
35069
22776
22085
24870
36370
27816
22763
24327
26816
24975
24153
21970
24512
24919
22762
30244
23552
23974
23942
34324
22933
23366
22055
27527
21936
23540
26212
24340
27026
22470
25232
35264
21990
24904
22160
22026
23051
22137
25841
34488
23760
21995
22276
36365
26168
23864
23584
23157
22803
22129
24648
23638
26284
24735
21978
23451
23509
23626
27611
22428
22471
36106
36323
34618
22916
22771
22153
23472
24703
25004
22128
23941
22400
33727
23435
23924
23116
25300
35836
32029
27241
35790
27532
30171
35590
34893
23105
22777
23843
22938
23745
27044
23899
25532
36163
34805
36363
36279
24294
22487
23201
24145
24642
23309
22298
24204
24536
24373
30685
24290
36130
22982
22250
24724
24176
35551
34097
34096
23459
24542
35200
22772
22768
21981
23956
23521
24063
24210
22017
24914
22042
26946
34459
23944
21980
24206
23611
23042
23712
26123
31754
22922
24512
22411
36305
24306
24348
24659
22297
22600
25017
24000
24840
35707
24807
31591
24532
24892
22775
24698
23125
24977
23946
34607
35421
24538
23681
24492
24583
34421
24591
24663
28260
23138
29538
22661
34994
26923
26372
34684
22223
23430
23605
25072
23953
22313
24112
22385
22205
24035
23186
34269
24843
23398
22285
23781
26914
24463
23424
22930
22130
26824
22274
27210
24090
35431
27477
22464
23202
25931
27770
23345
24361
24992
27050
26741
23079
35243
24872
23355
24088
27670
23313
24379
26253
23825
25454
26714
26137
22098
25122
23874
22283
23983
23493
30196
23263
25233
22338
24851
24256
27135
22391
22491
23894
23163
22497
22109
22102
22958
23424
22506
23826
23441
22644
23228
22671
27236
22686
22520
23111
22277
24630
24025
26248
23559
24054
25707
23230
22391
23473
22544
35495
29404
23843
22558
23488
22538
23521
24692
24767
34621
22799
23089
24768
35686
26315
26316
27495
24326
27369
22774
23114
22565
27321
24504
22594
22587
25652
22599
22909
26275
27231
26088
22793
26588
31605
27270
24973
23754
35609
24378
24706
23508
25799
28475
22605
22966
26353
23181
22813
24304
23370
24050
35200
22618
24520
24067
35725
23888
22769
26813
22134
24284
22970
22712
24326
22318
22793
23105
26927
26307
23744
27340
23750
22751
22729
25097
23729
27755
22314
24441
23547
22242
24836
23021
22331
29644
23207
23061
33608
30078
31801
27723
24036
24483
24812
24283
23234
27100
25019
22477
22643
26674
22743
24863
23842
24819
24083
22831
22924
24700
24136
22928
23696
28407
28530
35995
24487
24033
24218
22551
22632
27838
22547
24454
24232
22988
26984
23184
26234
27355
24953
27211
23002
22416
25249
27328
23003
23640
35615
26083
22164
24029
24270
24271
22935
24865
24901
24395
22180
22179
22917
32922
22119
23638
24648
27631
27675
23925
24573
24757
24900
23336
24266
24182
27850
22955
23061
35097
24122
22982
24667
35766
23302
26509
27771
33345
25842
35988
25418
24967
28709
30011
23816
22570
24929
23176
22660
22745
23428
22998
23734
24541
29130
24458
26875
35617
22151
22201
22257
29502
24612
23260
24347
22718
23266
24113
29232
23751
26781
23404
23283
24343
27386
23854
24370
27221
35455
24921
24962
23192
23105
27694
27281
23150
22467
23342
27022
24339
23343
23933
27244
25687
24507
25288
34579
22847
24687
22836
23296
27916
22857
24968
31143
23492
22539
33982
31890
23354
23264
24276
23167
29524
24013
30259
22764
24242
24243
24642
28931
25779
24470
24760
23546
23156
26843
23424
22447
24522
23717
24166
23387
25803
24358
24124
23520
28480
24866
24853
24551
22568
24658
23218
23445
25364
33656
23956
23190
26919
22195
22997
22879
23462
24613
35973
27377
22609
25447
23637
31064
22382
25073
23736
27726
33223
31428
29873
22679
23269
23641
23805
27813
23005
23525
25081
23219
22437
26385
23527
29359
24568
24751
27171
23915
22309
25918
22623
22537
23886
22624
23577
24554
22765
24830
25347
22979
27647
24591
23602
24085
24881
24798
23612
26731
24319
22724
23042
25120
24516
23595
36051
24890
24969
25727
23751
26794
24197
23087
22287
23639
22894
27003
24966
24086
24123
32926
23696
36009
24465
28783
22275
25016
23660
24238
25022
23662
23905
22447
22783
27642
25561
24920
26507
24453
23596
23535
22187
28738
25002
22638
22466
23251
24430
24919
24539
22978
27549
24742
22280
24287
23514
26377
23528
26298
22645
26584
22247
25490
34447
24550
24991
24555
23286
22654
23411
24937
22446
24103
22518
24164
23681
24488
23837
24901
29320
23696
24950
25982
23430
23174
25763
28146
24789
22917
24341
24123
23188
23106
26908
23906
24429
27329
23172
24533
28952
23373
23824
29308
33531
24457
24217
26572
23295
24803
28860
27365
24049
23616
23074
34988
22474
23455
24222
25647
26248
24782
27122
24378
23323
22477
23970
23909
24494
29827
22688
26362
35013
26823
22899
22945
22285
27849
22519
23140
22698
22742
23033
22914
22702
23878
23821
24470
23949
24188
26312
30341
23391
22592
23720
24311
24767
24704
35838
25393
22397
26015
25014
24647
24065
22931
23099
28351
23337
24943
24380
22853
30698
28843
23715
35747
24156
27669
23642
23886
23965
22767
23474
24087
22494
22888
23713
24740
36256
23922
23438
24853
26024
23704
31574
22320
23151
23951
23568
23375
23478
25828
23421
23339
35770
24140
22386
24288
23935
25745
24224
25382
22501
27775
22333
22828
23971
24432
22259
23513
27474
23907
24838
33004
24183
24778
33928
22833
22695
29097
22609
30053
24383
24286
23288
27854
22872
23285
22449
24371
24052
27717
24679
23778
24696
30011
25000
24941
23093
23295
23128
27161
22867
34491
26322
26743
22570
23371
24840
24693
22884
24380
30100
30088
23560
29727
23355
29361
24124
24496
25015
25203
23092
23254
22352
22573
25471
27416
25869
22995
24810
23686
22938
24168
24149
22512
23553
24161
27182
22834
25174
26155
24171
24626
24953
25302
26534
31996
32529
28111
31322
34805
29037
28780
23065
26347
30107
24415
24755
22901
23383
25360
25986
24042
22521
22567
23447
23306
29958
25026
23678
34248
24254
23118
23621
23792
22402
24381
23760
22283
25157
24616
24548
23390
25900
22758
22730
27057
34318
28229
34303
29426
25008
22843
23421
23478
30862
24758
23279
22542
22510
27797
22832
24178
26175
24867
26870
25172
22636
22622
22820
26656
22429
22620
23696
23236
22431
34626
32568
31144
34304
23454
23583
25363
25117
29785
23125
23702
24104
27133
35145
24119
25369
24018
23831
22744
28756
25243
22344
22723
23385
24702
33514
28068
30139
22924
23755
22973
23396
23911
24120
28248
22957
24289
22812
22762
27042
24448
24019
26589
30334
26892
23134
22878
27587
24745
28732
24435
23420
29892
25858
24736
23684
27486
24592
26499
24734
23900
22926
25001
23226
24135
22928
23366
23615
26461
22631
22908
23151
26576
24949
26447
26163
24899
25455
27739
24907
22759
26176
33502
23956
28978
24153
24818
27366
22452
24282
22664
23813
35367
23185
22485
23179
24859
23270
24663
26269
24564
26330
22787
23858
24207
25655
22384
24613
23468
27069
24222
24424
28233
23626
22702
24819
24571
31774
24087
23324
26228
26184
23044
24945
28118
22925
23184
23067
26315
23957
23623
23280
24977
23124
27707
22372
24227
22473
25724
23253
34709
24578
25034
23429
23108
22465
24331
22425
22965
22533
22557
23470
23370
35699
23862
23877
27856
23773
24690
24340
24009
23221
23239
22929
25406
22781
24927
23833
23179
22627
24142
23596
27767
26745
24814
23242
29488
27547
23467
24661
24619
24264
24571
24969
22608
23240
35518
30597
24908
25040
23781
26963
27294
24997
25556
26906
25490
23140
23715
24156
23186
24385
26547
23631
36279
24294
23426
23197
23382
27000
23646
31815
35513
36281
23946
24288
26219
23772
26455
25280
23239
24463
28345
22843
22703
25008
24559
28366
22458
24778
22955
23231
24005
24584
23427
23765
24776
23335
25450
22811
24766
22577
22700
24673
23860
22685
26540
25779
22549
34698
24462
23352
22980
36244
23457
23463
25446
26634
24475
23538
24079
26229
27620
24813
22931
24691
24142
25290
26227
27258
24918
29076
22414
24425
22872
23494
22639
24883
27519
22521
24225
23402
23447
27064
27406
22422
24414
23399
23054
22624
22911
22631
27848
23963
22658
25946
24306
23522
26189
24299
22998
22821
23338
23142
24156
22492
23241
22993
25092
23376
25286
24060
22855
24478
24944
23378
35766
27548
23400
23283
23523
23063
22717
29032
24187
29862
25719
24111
24878
22716
24527
28710
23811
23100
27569
35193
24363
24356
24229
22408
23416
23666
30442
22820
26612
26366
23843
26934
23480
27248
23988
22665
23440
23434
34403
23395
23534
27414
23707
24101
22659
24210
25500
24683
27618
24783
23102
24375
24052
29770
31734
24900
23012
27644
23740
23811
22572
24605
22444
30107
24450
25568
22644
29236
23917
26818
22985
24645
24417
23056
24626
24678
26788
23461
23795
24470
24194
22462
22856
26308
23110
23962
28604
32511
31476
26611
24828
30591
24524
27577
24662
23169
23292
23097
23257
23139
24321
24435
35587
27175
25027
25585
27568
23845
27439
23346
35358
24465
22714
24933
25250
24747
23962
24957
25029
23209
27007
22706
24354
22719
24971
24805
22676
23095
24082
26692
24515
22819
23929
23931
29085
23961
24715
24022
24517
22901
25762
24255
23233
25898
24809
25806
23577
23193
24107
30159
22833
25336
22679
26794
32719
28399
32284
27502
24216
24521
24823
23159
26823
24254
23196
24281
24886
27764
23739
24192
34557
23494
23273
24056
23748
25023
24985
28826
34474
23984
23490
24117
30804
25007
24662
25776
30366
24984
36133
31035
31954
35759
24336
26565
23205
24482
22816
24593
22960
24678
24297
24549
22856
27257
23327
24509
23308
23327
24519
24106
26059
24553
24173
23014
23974
24926
23486
24314
24648
22610
24337
27055
24995
24317
27571
25119
24339
22937
27463
24353
24414
24388
23044
35044
34654
23345
25577
22941
22981
23418
25093
23937
24066
28860
28190
22614
35765
30113
24108
24490
23762
26272
24099
23232
24259
23529
24807
23702
23572
24364
23088
23152
23808
22916
24491
26830
23716
24399
26067
23701
23606
26760
25349
23284
23359
27671
28074
22827
27206
27762
24544
26817
25776
23983
24089
22722
24390
23330
23952
23300
24394
23861
24395
23363
24786
27709
24642
25018
24652
28277
24612
26915
24429
26147
23386
24799
23272
26573
23774
23014
23238
24204
24702
24078
23391
24440
22527
24194
24367
27803
24062
27658
22682
23390
26097
23954
26673
22555
24162
24862
23930
23529
22582
23412
27060
22543
23496
22812
25188
26843
23168
24923
28458
24436
23729
23028
28032
22670
27297
27632
23719
28086
22546
22684
23890
27759
23081
24941
23745
35356
25659
23448
23495
29791
26325
23436
22763
27693
35170
34510
34316
23441
24772
24749
22779
25030
23162
24780
22920
23309
23385
32342
23757
23115
24275
22796
26525
23194
23282
24134
23994
27094
24317
23453
23404
27067
24224
26706
23583
23317
23082
27021
34807
23810
24791
24763
23415
23730
24308
22807
28062
29491
23949
24878
22716
26784
27823
24609
23230
22562
23741
23423
22598
24121
23139
22646
25138
23376
24490
31105
27434
23248
23022
22703
24774
23976
25153
23965
24074
23411
24315
35858
23313
24083
24352
24819
31301
24655
31888
25360
25169
22684
26522
36367
26723
23433
23501
23472
24469
23901
27298
27491
27505
24213
27274
25901
22685
23507
24673
27012
22811
22869
23814
24595
23516
23519
23747
23833
25146
22561
26676
24699
24396
23966
35911
22690
24231
26892
31631
23525
24019
23897
24525
25550
24653
24281
25055
25047
27330
24703
26737
22990
24534
23287
24201
27163
23501
23779
23220
24236
23638
23948
22950
23078
23038
25383
22656
22626
26558
25025
23542
22621
24356
33224
29439
32148
24161
35496
34282
27116
24854
27649
24216
28865
24806
22907
27017
23145
24213
24521
26720
27565
24612
26492
23381
36356
27027
23213
23566
23267
27703
24325
26838
23152
26067
28931
23068
29247
27825
24594
22846
22902
27798
23916
26293
24807
23571
23460
22772
23922
27200
27156
29039
25140
24783
24073
27458
22891
23794
23876
23702
24403
23808
24951
27708
23165
24687
23114
23489
23410
27370
23166
22934
27183
24523
24580
26928
24830
24523
24580
24094
22897
24130
26657
24697
23408
28538
23601
25961
23231
23987
26554
24086
24857
27555
23779
23351
24357
22781
24897
24651
23169
23249
24307
26574
24850
25495
27417
26539
23028
22858
26477
24849
24021
23620
23819
24436
27711
23469
23634
30877
34053
23764
23634
35956
26430
23636
23694
27103
25271
23639
22638
36106
34654
36067
25011
23653
23561
24366
24455
26942
23468
31137
23810
23752
23857
27231
24129
23340
24858
24026
34410
25127
24476
23651
22655
34719
24520
24406
24125
24191
23837
23938
22667
23744
25844
24493
23887
24081
24059
24207
26520
24697
23662
23670
23554
23396
23594
23533
23185
26464
29667
23107
30567
31727
22885
24146
23573
23683
23286
25084
25024
23135
23862
27897
23935
23253
26252
24664
23618
24688
23330
26815
25075
23291
31758
32385
26698
25172
26965
22770
24919
23713
23064
23952
24276
24390
24754
24586
23410
22883
24604
24290
24749
22647
23646
24956
23117
23592
26354
23256
24202
24562
24384
23848
24818
27622
34212
26038
23739
24948
33937
23464
32235
23581
26533
35665
24734
23649
26410
27651
23681
24742
24611
24406
24998
23563
23918
23340
34528
23661
24858
27468
23705
27030
31646
22900
24813
22782
26026
24744
23712
23004
29425
22900
24101
26873
24502
27507
22970
24322
24522
24857
22750
26094
23233
26228
24443
23722
23720
36354
24274
24644
24511
27140
24887
26105
25327
28773
22729
22709
23089
26332
23036
22947
22938
26953
24589
24852
26514
24411
23738
27613
22785
26197
23575
24014
24077
23433
23501
22751
25341
23528
27980
24643
34754
24197
24365
27672
23128
24249
23228
28377
23231
24049
23756
28860
26003
25631
23759
27817
22859
22852
23089
23771
23243
23709
27304
25597
29344
23243
36302
23704
24484
36367
31712
27382
24283
24268
23656
24038
22814
23188
22967
23428
24056
23650
23576
27090
23831
29401
27457
23315
26851
23558
27424
24787
23145
23500
31025
23790
24547
27686
23189
23863
23072
24196
26456
25110
23148
24867
27752
24352
22731
25003
22890
22850
24628
35932
36062
29334
23827
24323
26930
22865
27075
30036
23939
23953
27588
27572
24768
23685
23546
26898
24324
22952
27366
23848
23414
26989
23661
23727
24714
24215
24654
24006
26577
22880
23685
26521
23497
30165
27610
24824
24286
26298
26796
22724
23861
25147
24319
22949
24071
23550
22797
24468
24657
23928
24766
23267
23189
35187
31110
34778
31389
23466
23094
24928
25098
24987
24701
27692
24860
24492
24871
22940
24331
23133
23259
24529
24461
23971
27063
24432
23901
24848
24916
27351
23871
23580
25505
23429
27488
23161
24855
24359
22851
26852
23417
24684
23834
22948
24733
24065
23314
24691
24557
24762
24199
28750
24668
26935
25957
23576
23371
23888
35200
22906
24756
24541
24680
23141
33872
32826
24451
25512
25554
24528
26198
24584
23932
23855
27003
28759
26814
23855
23856
25671
24309
24640
25131
24577
23512
26552
24002
26344
24212
24260
24639
23969
27098
24155
24302
24868
24163
35186
35589
26392
25992
30046
30724
23108
24976
26683
30596
27934
23723
34640
24982
27862
24097
24389
23697
22895
26642
23881
23890
22906
24565
25718
24946
27417
23603
24032
25940
31289
26483
31945
32110
27787
23532
23507
27842
23361
24820
24042
23063
24438
25227
23170
23978
23853
24943
24031
24608
23758
23014
24682
25498
22943
24929
24494
23909
25598
25527
24938
23911
24037
24147
23605
31610
26481
26964
24564
23959
22817
25851
27385
27595
23902
23909
24617
23016
23034
23706
23943
23746
26894
23155
26002
27354
23857
24818
26715
23926
26431
22987
32051
33942
35044
32826
24139
26226
23978
23874
24098
23620
23401
23243
26333
30077
22801
24717
35533
28827
24346
24194
26312
27815
24066
23117
23495
27714
22962
34437
28622
28380
29945
26713
31036
36284
23940
26744
24649
24072
23134
25065
23586
24233
27687
22989
23780
23324
24898
23499
24590
22920
25882
23084
24006
24823
26670
22961
25542
23154
23339
23415
24193
25975
24610
23317
25811
24732
23069
34840
23844
23294
33040
22946
35665
26581
22827
23963
26420
24051
23642
27293
23964
23733
23687
35218
23178
22947
23581
24781
23551
26416
30257
26963
24223
23957
23010
24713
23697
23067
27276
24102
24350
23975
26805
23406
24596
23991
22943
26869
23314
23439
25308
23993
25706
24911
26682
24347
23176
23691
23534
33692
23434
23505
24109
24870
24481
23484
25274
23368
25840
23750
24743
27340
25445
33821
24004
26269
23022
23013
24479
24031
23748
22890
24873
24500
24064
24856
23761
35637
36284
23244
24620
24866
24551
22902
23409
23761
25758
24666
25836
24499
23893
26011
27564
25027
24712
23675
23334
24572
23019
22936
24262
27863
24746
24509
26865
25033
23191
24798
23889
26937
23901
24467
26593
26825
23540
23588
30233
23633
35587
26069
34791
26091
24919
25002
24446
31642
31149
25324
24316
24297
28753
32675
24045
24375
24803
28271
23995
30455
25693
24643
23325
32820
31242
24836
24097
25101
24153
23761
24069
36255
24427
23194
24546
24656
23859
27557
27494
24402
23245
23244
24377
26440
24507
26419
23677
29741
24111
24546
24656
28274
25665
24274
22904
23188
26511
24947
25747
27330
24641
24641
25904
26769
24935
24606
24151
24158
25183
26725
28706
25012
32318
36380
27866
23987
23060
27776
26050
23749
22978
24478
26111
24746
24666
34557
24192
26209
24088
23783
27357
25944
26943
23719
25566
36380
35740
23775
27006
23324
27802
23491
26679
23146
24183
24386
23726
24952
23975
24095
24817
26258
27290
24344
27545
29756
24825
24780
24644
26105
24297
27261
22960
23721
34667
27561
24285
24112
24563
24910
30501
23260
27388
23689
27029
24138
29750
23245
24379
26289
25723
23004
24557
23229
24086
22918
24126
23927
22982
24123
24846
22982
24355
27540
24103
36256
24127
24740
23406
23973
23682
24801
24133
27744
26790
27276
24909
26234
24249
24295
24569
24135
24134
24569
26179
24337
26305
32933
23239
23156
24075
27034
23566
24905
27027
36255
24576
24464
26480
24468
34933
25357
24261
24077
27232
25992
30203
22979
28337
26512
24774
23511
24654
27113
24160
23318
24160
24215
24691
26602
24639
22957
30130
23676
24955
33212
23178
23581
24154
24168
24400
23835
24869
23308
25427
23210
23007
24561
27427
25359
27784
23093
23007
25000
23915
24001
23900
23032
24804
24344
24594
23802
23002
24350
23115
24225
24899
23481
27260
23618
24677
23090
23121
23420
23257
24263
24195
27826
23329
24071
23308
23442
26015
24562
25692
24011
23106
23084
24391
31688
27308
24203
23661
24275
23701
26528
23960
22990
24487
24534
23493
28828
24661
36270
26790
24721
23669
24660
35455
23419
23539
23104
24287
24269
24227
31791
24813
23689
24238
26567
23713
23590
30387
31577
31576
29028
28915
30981
28063
33044
32504
24286
23294
27471
23192
23003
24372
29885
24645
27328
33742
34747
24246
27080
31462
32162
24234
24773
29094
24033
23265
23220
23451
24239
27612
23506
24242
24642
25534
23084
23903
24876
25029
24545
24922
24245
27433
23268
24070
24931
36261
23792
24196
24335
26631
34326
24985
24913
26950
26095
26018
23655
26095
24327
23599
27999
23124
24708
26849
23305
23640
23273
23494
23008
24171
23081
24822
27684
24905
23957
35133
23277
30823
23132
23199
24266
24761
24748
23452
27735
23337
24254
23095
36245
23794
24999
25512
24914
24468
26110
24261
32451
23149
24439
24277
26944
24838
23452
23030
23313
24381
24293
23355
26665
24649
27986
24897
23539
24287
23335
24318
23326
24750
23251
30086
27675
24852
27246
24934
23204
23477
24444
24459
23086
23102
24053
27254
34221
24005
24627
24196
24047
23159
26109
26965
25666
23873
26235
24477
30612
24400
24002
24241
24384
23785
24472
24109
26613
24441
30574
30391
36275
25761
24834
24796
30625
30173
27114
23384
25004
27811
24025
24116
26421
24278
34517
27742
24422
28356
25785
23477
23109
23452
23491
27119
24467
23187
26409
36360
27799
23865
23864
24900
27870
23138
32590
34373
30180
27128
28812
23055
23193
23577
26626
23669
25891
24276
24980
27628
23362
24359
24030
30787
23527
23961
32268
25045
24249
26799
24175
27313
24639
24664
25002
23668
27575
23422
24778
23796
24234
26120
28096
24474
24610
23889
24865
24493
23363
24711
26795
36277
27727
23663
26255
28895
24766
24547
24627
34463
24872
35931
25415
24518
26238
25972
27129
23541
23803
25331
23412
27795
23127
34316
23554
24540
27263
23465
27898
26039
24672
25911
25991
25194
23121
25000
27097
24363
24753
28695
32559
31571
24958
23838
23386
24216
23225
24440
23635
27648
24962
23348
24959
27586
23497
23562
30861
24434
23252
33189
24885
24409
24289
24221
24255
27291
23627
31873
23265
24817
25496
23555
27875
24099
36291
31851
23967
32339
27546
35902
25023
30055
26384
24560
24136
23282
23879
34665
29684
32400
28590
28143
24405
23514
24331
23432
24358
25583
24398
27430
23161
24748
27085
24632
26304
24519
25015
27187
27058
24252
24055
24719
24428
24797
23331
23858
26135
23479
26297
24151
29116
23565
36072
23309
24501
24444
24228
23421
25449
25858
23389
27715
23422
24499
24624
24009
29742
24744
23285
23273
32703
31528
23535
23816
23994
26294
24091
25902
23871
23787
23711
24947
24457
24689
24784
26820
26920
24169
27300
26954
23976
23364
28729
23499
23219
23137
23524
30398
25020
30586
32025
23336
24794
27172
27333
24681
24838
26141
23815
35442
24595
23737
27131
26024
24764
28705
24638
23399
27816
34667
34421
23387
23973
27255
24486
24178
26529
23635
24282
27421
24322
23440
26291
24109
25549
25028
24997
25030
29653
23650
24031
24559
30284
23389
24318
23982
23401
27212
24863
26296
23842
23966
23446
23365
25845
24688
24330
24779
26675
23788
23592
24956
26956
24105
23384
29281
29379
29920
27983
25894
27130
23602
24085
23362
23222
25764
23232
24505
23393
24012
23388
24157
26439
25968
24746
24785
23191
27625
30607
24861
23917
23216
23986
27111
25409
31883
30827
32075
31001
23689
34669
26570
23672
24597
32884
24201
25414
24908
27379
24510
26280
24562
24036
26285
24686
24499
23201
23377
27086
24808
30529
24723
27207
24217
23338
23767
23488
24653
23985
26507
23818
27571
23609
23311
30141
27792
32736
23629
23367
23875
23491
24653
24491
24821
23808
29354
26119
27159
27845
24394
26597
23232
24841
24259
25021
24624
27707
24695
26236
24105
27446
24253
24063
23730
24745
24321
35421
23366
36255
26912
24139
24182
33210
27841
24576
23270
27199
24245
27437
27309
24301
23951
23941
23904
35545
34249
24907
24720
29573
23224
25869
24503
25815
24328
25250
26517
23679
24654
24563
23867
24366
23277
35654
23409
35416
23938
24419
30620
24098
25842
23401
24322
26960
24277
31750
26056
34918
34957
25927
24053
26866
24078
23683
24295
23353
34889
26403
23869
24335
35101
35973
24087
24067
24515
23709
27088
33920
24759
35702
36096
35470
35789
24038
23758
27855
28483
24902
24332
25018
24240
24116
23559
25807
25726
25832
23739
27191
23722
25190
24443
23812
24508
24012
26699
24119
24323
24951
24821
24648
23677
24312
23600
23868
25010
24661
27419
28828
23674
23382
23442
23604
24660
24114
24405
24081
25926
24181
29534
23622
30146
25369
23572
24492
24860
23529
29309
27267
24277
23743
23628
30715
25543
23456
24842
26031
25099
27082
24103
24043
23326
25713
24878
24877
28584
23838
23754
24728
24225
23584
26489
23443
23899
23697
34713
26639
24233
23950
24891
23328
23407
23688
24926
33146
25320
24700
23664
23614
23620
26771
24912
29658
33399
27685
24931
24299
24956
28098
23793
24561
24936
29885
31361
25248
36302
27876
24246
25925
24540
24120
35268
24354
24365
24360
27756
27663
24746
24759
23834
26768
24400
24008
26925
24834
24544
23497
24130
24944
26192
32199
24265
23336
31381
33425
32483
28841
30669
23510
24538
24518
24528
24270
24531
25400
23932
25361
23665
25466
24382
23356
24179
32440
26276
24058
25410
23449
27266
33027
30736
31459
31017
23786
24382
23895
25201
27213
23839
24042
24336
31830
23839
24449
24336
24452
23690
29772
27224
35609
24741
26014
35607
27838
25430
23570
23707
25067
26968
24448
27535
24106
34907
24899
23542
24862
23974
24303
33146
34674
26688
24725
27066
28046
26090
23487
23978
23615
24837
24291
28296
24964
23701
24461
24343
24337
27713
23405
27245
26335
24447
35246
24996
24797
27050
28310
24992
23805
24997
34264
28854
23849
24404
34988
24535
28774
23769
27423
23601
25772
24190
27871
24023
25488
33958
26417
29115
24220
24438
26769
23388
27431
24251
30313
26001
25822
23361
24251
23398
30318
33266
27093
27104
24743
29078
28062
28274
23474
24396
26739
26761
23673
36012
24532
26221
27596
23898
23569
27101
26027
24060
23822
35435
23875
24711
32522
29431
32267
34202
23548
24949
24786
26487
24300
24145
25781
24859
26261
24663
24450
26075
24795
27368
27654
24024
24589
24652
25066
24022
24845
24702
27047
26346
24827
25221
24601
24308
23613
23617
27556
24895
23394
23555
24057
25530
23708
24161
27997
29261
23999
24540
29023
23912
24392
36384
24828
28650
31153
23664
27208
23584
24640
35101
27197
23897
26092
23851
27678
23781
23735
24977
24489
27138
24097
23972
24281
23413
26350
24991
24742
23857
27176
24533
23598
23728
23724
24599
23846
28881
24370
24319
28334
24978
26932
24559
26668
27177
24328
25838
24828
24984
24662
23433
23549
25030
24526
26022
24527
24831
24408
30663
23830
27155
26073
23922
28251
23996
33151
32369
26516
24270
25034
23913
23551
25009
24866
24764
24258
27673
25526
25615
23869
24001
24342
27136
24577
24718
26397
23446
24445
25479
27544
34189
24362
24862
23542
25431
32254
24150
24266
24265
24761
24343
24695
27109
24586
25584
24824
24592
23459
24736
27774
34937
24306
29016
25664
35725
35200
23549
24068
36372
24423
23468
35484
25605
24600
32464
32891
24002
27791
24456
27827
24416
24855
27419
23671
25283
35071
35860
24304
24557
24076
25123
24613
27069
23910
24853
24201
24333
30824
27641
25898
33428
25545
23736
23673
24892
27096
24964
24748
24121
30874
24581
24542
27808
27436
34629
25255
24635
26364
24772
26909
26234
24599
24442
26733
24903
24376
27394
24614
24597
24945
25698
26570
26543
34918
26543
24314
24467
23777
23507
24886
24522
24937
32252
36304
27836
24498
24581
24916
24469
23901
25795
24820
24485
24961
24001
24776
24380
28047
28761
23747
23910
24441
26002
27316
24471
25467
24258
24994
23923
24085
25215
23509
29400
29051
24436
23632
23532
23860
23525
25329
24157
24459
29974
24241
26540
25563
23882
26081
27423
25652
28953
25373
23517
36366
23977
23587
27415
27377
23815
24701
23904
25693
33214
24623
27256
24707
25397
31645
24410
24184
24213
27480
25212
30434
24419
27837
27278
25711
24547
24762
27410
23791
35545
28687
25303
24673
23743
24723
23997
23817
25576
24391
24203
32454
23812
24239
24727
24410
24621
24314
24208
34572
29191
35161
26163
24959
25108
23995
25003
25308
24873
26311
26003
25860
24190
23920
24188
26873
36361
23960
24284
24301
23765
24169
24869
30538
27271
23668
30046
23841
23708
27517
27844
24494
24259
26959
26710
23557
27616
28387
34052
27403
25666
29318
30049
24293
24684
23678
30471
24968
24677
23594
24280
23576
23578
26460
24060
24373
28268
27801
26949
30388
23612
24870
24888
24705
24731
26181
27243
27257
25400
25328
24729
24488
24295
34807
34306
24484
23919
23738
27259
23580
35657
36246
30140
35902
25082
33835
24759
23585
24587
24577
24815
24313
24244
24810
27154
32317
27109
27447
24935
31817
23631
28480
24982
29535
24351
23679
24137
24608
24580
24676
23801
25765
23911
26526
26052
23730
24834
27301
23832
24210
23727
23929
23931
30766
25551
24573
24861
28252
24906
25708
24883
24028
24618
24412
24325
23853
25966
24442
23616
24681
24346
24879
24785
25021
24512
24432
24879
26883
24021
26498
26303
24139
27345
24404
25217
23969
24823
24187
34805
25858
25991
36363
23666
24335
27599
24915
23647
26443
24062
27372
24863
35607
25369
24915
24119
26051
23992
28434
24420
24617
23647
24237
24716
26058
24880
23823
30124
23819
24923
29033
27059
24635
29663
24744
24247
24921
24902
26155
23699
25319
27043
24301
24962
23835
24825
27218
24990
25042
26283
24966
27551
28388
24539
24967
25165
36124
26298
23827
30146
24792
26624
24307
24200
28660
24975
25861
23748
24418
24520
24696
24231
23867
25026
24965
23814
24034
24327
24976
27058
24585
27152
23963
24140
23892
24017
29181
29400
25016
24013
27934
23892
30710
26264
27490
27388
25022
24181
23851
25801
26557
24867
27107
28239
24173
24816
27464
30712
28738
26650
24041
25022
27727
27733
30811
24721
24755
24845
26268
23993
25107
25149
25195
30477
23936
27470
25892
28678
26454
28592
24566
30433
26841
35536
23788
24912
24486
23975
24555
27657
24735
24188
26194
24244
24545
24787
34667
27814
25382
24347
23956
25401
36356
24132
24176
26992
31676
26313
24383
23787
26575
29141
25985
26995
28350
24795
27624
23981
27700
24947
23787
24589
36069
28508
24652
24729
24378
24726
26654
35539
24495
24288
27350
24928
24255
24771
24235
24603
24429
26691
27380
26011
26360
25112
23985
23793
26336
27052
24825
23805
26045
24815
23947
25729
24322
25076
24814
24790
28341
26503
24174
24334
28587
24565
23888
24523
24988
27981
25270
24684
25965
26448
25224
24844
24802
24722
24094
24183
33803
24645
33404
24229
24852
26225
25173
25741
23942
31518
23735
28411
35565
24686
26285
28650
25004
28118
26727
29213
23913
24620
25009
26040
28672
29522
24560
27153
24632
27323
26776
25470
23747
24928
24010
27646
24539
28428
24618
24028
24737
26349
27545
24197
34680
32616
24737
24431
24713
24758
24721
24066
26785
32196
23771
26669
23876
24706
25997
35089
26402
24293
27087
24741
26775
24604
31754
23840
36293
35627
27777
35502
35908
23944
24050
27110
30564
23770
23967
24447
30369
24960
32571
28973
31758
26416
26846
36368
23807
25024
23906
24585
24038
26089
29699
23780
23966
24699
24445
24278
30470
23972
30156
23954
24602
24333
24315
29720
32568
35154
24665
23940
24131
26472
23918
26802
30327
24215
24747
25158
24976
26622
24149
24421
26717
24168
26969
26877
24433
27467
23863
25499
25074
29452
24536
27145
24760
24096
25125
27858
24221
24941
30792
25634
26408
27868
30380
24605
24127
25459
23820
24895
24990
23969
24072
24558
24720
26205
27037
35876
25365
24970
29006
30663
27838
23862
27225
26844
27325
24672
24367
25109
25083
28614
28252
24701
23977
24987
28707
28061
26483
24091
31945
24317
27570
28335
23824
30093
24619
27201
24571
23878
24473
25885
26638
30526
24437
24505
24821
28750
26396
28086
23945
23867
23917
24273
28048
30131
29958
24155
24757
26241
25770
24796
28662
24257
23841
27008
25037
25238
26340
36301
28007
24058
24199
27666
36261
27471
27820
24738
27092
25465
26084
24804
23968
24530
25020
25371
27630
23936
31196
32569
31714
24186
24186
27264
25734
26096
30569
26494
25094
25497
34730
26747
27360
28775
27269
24632
24748
24017
24743
26695
28748
24476
30798
32842
30734
30358
24274
26692
24802
26488
24302
30206
24909
36191
27118
24163
26267
25992
29216
24918
24758
24473
24320
24536
25035
23935
28524
25489
35416
24334
28990
34233
27438
24670
26945
30780
25686
24331
25953
24514
24626
24497
24429
24513
29893
24882
24051
31340
28735
24405
27418
24848
27550
27024
25940
31545
25068
24016
30480
30144
26691
24009
24433
24373
24885
24409
24933
24971
24747
26156
24306
25947
24961
24014
23940
23918
25458
24006
24943
25483
35555
25573
26178
24568
26351
25901
24300
35669
24510
24166
27441
27755
26825
24074
24551
23914
30538
26024
24853
24358
25766
24280
24037
27166
24760
24843
25372
27531
30300
35318
26200
24888
24870
24521
27031
24605
25607
35263
24039
34729
24463
24368
27225
26755
25259
27331
24647
25014
27539
27466
24864
24158
25951
27341
27213
30407
24100
34821
24334
25697
35764
28378
24124
24393
29582
25898
27538
24180
24981
27788
24833
30843
29255
25421
24140
24826
26373
24428
27675
27493
25413
24832
26685
24027
26496
24591
24980
24412
24231
27512
26174
25222
32177
27780
27495
24256
25484
24460
24851
28067
24533
24949
24709
31572
36298
27453
24850
24787
28572
27504
34237
31503
24594
24599
24064
31824
29124
25010
24054
26455
30196
26835
24081
34885
25625
36360
35859
27367
27705
24176
24415
24450
27010
24616
26757
24886
24779
35617
24310
24730
24221
24219
28248
24289
26792
24113
33907
27145
26379
26702
27335
24135
31502
24407
30216
29261
34183
26693
24694
30632
33801
30300
24732
24420
24208
26191
26987
24578
25062
24707
26881
26993
24733
24855
24724
25942
24480
26750
26091
26880
26871
24738
24712
24080
24655
24160
34889
24996
34063
33979
24712
25016
29691
30334
31820
25166
30180
34979
34501
25571
25184
26859
24715
26256
28709
27422
24230
24636
24096
24584
35455
24102
26853
26852
26199
25857
24481
26755
27053
24217
27277
24291
24837
24689
24669
24464
24574
24877
24788
26901
24823
24187
24338
24424
27582
24356
26060
24658
31230
31144
34648
33149
33211
35625
29834
32297
32575
25017
24617
31154
25560
24549
24633
25977
24103
24059
30224
24803
24375
27621
24754
26329
27426
24826
35657
24646
24200
24307
27409
29152
24643
29994
26678
35865
24387
24474
24369
24516
24903
25437
25023
24367
24418
25956
24316
30132
24600
26891
25435
24575
24629
32508
30661
24550
25593
24765
24467
24937
27546
24453
24142
34521
24525
24080
25789
25921
25755
24185
29340
27463
32265
26878
24254
24788
24381
29058
24973
24674
24671
24122
24352
24898
25662
27768
24926
24972
25505
24453
24952
36240
24371
24775
27262
25880
25958
24955
24832
24849
24505
28885
26270
24829
24125
24406
27473
28473
24509
26183
24843
25372
26851
25138
28114
24671
29827
36283
34265
36247
34551
24743
24618
24683
24783
27763
26030
24806
28802
26724
24514
24497
24896
27821
26153
24355
33262
24889
25328
24355
27251
26061
24570
24984
36279
25152
25463
25028
26067
24667
24489
24649
25654
26772
27705
27140
35976
24162
24362
25006
24403
24220
25399
26082
24209
24641
25601
24438
25644
24939
35268
24896
26423
31128
29281
24510
27680
26314
24464
24576
27590
24248
33036
32703
35589
35716
25436
34132
33928
28486
36276
24856
25963
24752
24421
24668
26206
24987
24552
24444
27244
25008
24871
24978
26793
24929
24700
24569
27749
25032
26984
24808
27751
31617
32435
32076
31045
27476
24629
30276
24200
27759
27427
27865
25940
24941
27735
24986
25049
26677
26237
24764
26201
25985
24235
24851
24800
24502
27710
24607
24267
36102
25128
24396
29366
24972
34732
25623
24621
29996
25020
32179
31873
24664
25535
30618
25704
33269
35089
26257
27361
24672
25089
24765
24394
26134
26866
24583
25293
25643
24835
25455
25569
28074
24480
24472
34150
24373
32638
26032
30026
28392
24338
24667
24697
24554
27860
25390
27873
35890
27482
24714
27498
24409
24497
26356
26010
25269
24808
24946
24906
25853
24506
27270
24904
27525
27313
32144
24607
28914
24561
34821
27495
25035
27445
26770
27089
34628
36244
35990
25828
31897
25179
24372
26962
34698
24462
25997
27100
34239
25847
31022
24773
24636
25482
24460
29691
24792
24582
27388
26510
26888
30480
24243
24242
28415
35974
25018
24264
34694
24876
25553
34390
36252
34338
26738
24893
28442
34722
24924
24913
34615
24953
24327
30848
33940
24934
27137
24733
26367
25405
25871
24646
24698
26114
27840
31803
25491
27102
26647
25921
24794
26705
24922
28890
36323
27408
29028
28522
25554
24914
24531
24531
24914
24528
24408
24831
26997
26036
25967
24439
28746
34666
26004
27299
24940
24411
24949
26874
24354
35873
27352
24595
31898
28851
31916
31061
26833
27970
24974
34370
28829
35775
27064
24449
24354
27195
24724
25744
24668
31212
30196
28828
35908
28235
24968
27702
24524
25299
26505
36377
26329
24839
34046
36038
25148
25640
31476
28269
32534
27079
24678
26260
24811
29764
24660
24669
24812
24971
24950
24527
27164
25934
25289
24513
27396
25594
25709
25485
24940
26822
24969
24898
28172
24440
35011
34302
27245
27380
26691
24846
26233
24820
25932
24422
25720
25011
25087
27634
24915
30087
34809
26099
24403
24894
25250
27242
25031
27262
24443
24563
24861
24416
36274
27161
34940
27585
27454
26826
25025
26748
34678
25070
24910
29564
25184
36369
25831
25616
24934
25754
24718
26572
25460
29424
34784
25012
27392
25629
24963
33958
25760
24708
24437
25995
26796
24789
26280
30452
27805
24633
24728
25005
26184
26611
24674
27205
28222
27529
24937
24854
25632
24465
26258
28536
29956
27977
25856
25916
35519
24479
24558
30170
27375
24784
27792
27303
25440
27475
24575
33300
24685
25026
25020
24530
26714
26712
28082
34850
25004
25395
24526
26074
24514
34217
34244
24776
24485
25017
34554
25375
34654
26860
24455
27185
35914
29047
30132
24454
31462
26911
26913
29885
32673
29842
26478
24446
27551
24728
24474
28080
36368
26246
27725
25784
27578
25059
26551
32726
24930
34650
27633
26218
25179
24930
25172
26571
35740
24891
27846
24680
35827
27734
29662
27786
26028
28328
27682
25682
35741
29570
28650
28705
24774
24719
25687
27286
27811
25358
26251
27146
26902
26787
25922
25456
24590
24905
24822
24622
25502
24880
25177
29327
26280
24621
27279
27743
30045
24995
25343
24840
27614
25444
25377
25596
25477
25006
28424
24615
24745
24686
26348
24848
31936
24805
24664
25333
24904
24912
27874
36365
24742
35614
27340
26356
25928
27187
24862
24647
24724
24920
25706
24978
24552
31138
24513
24847
25564
27674
26103
24965
35844
27653
24727
25565
24802
24844
36368
35021
34244
26137
27174
26132
25013
26013
24566
27542
27100
26211
26378
24981
26889
24614
32622
33166
35688
25362
27049
26787
24718
27190
27892
26973
24884
24637
27494
27792
27407
25493
25316
24876
27153
27637
24942
25009
24771
24871
24601
24585
24816
24809
25001
35496
24800
35699
27457
27485
29077
28894
26062
26789
27724
24684
30561
34629
24635
29094
31406
31171
26199
30642
27615
27033
25690
26580
24998
35843
36273
24835
28347
24895
27395
27821
24792
24588
26619
24797
24695
27062
35455
35502
34730
24891
24888
31623
24978
36286
30159
24845
27757
31747
36369
25831
24935
25019
29081
26152
31874
27857
24754
27401
29728
25001
25873
24892
24963
25491
26974
36360
27543
24764
24942
26600
27316
29125
24694
34245
34183
24690
36250
32144
30661
28248
24762
28293
29582
24854
26810
26078
26402
24921
27489
26331
28347
24835
24773
28727
26160
26832
27177
24942
35430
35794
26786
24887
24903
24856
25284
33260
24805
24961
24964
24702
34206
24897
26193
30568
24750
25379
25426
24920
27794
26290
24679
25031
25684
26358
26918
29926
36328
25573
27885
25414
26512
24830
25033
30127
24775
36417
34294
26034
27750
28731
32861
33219
27130
25017
27521
25021
24704
29021
25957
27880
27820
25328
27288
25014
34185
26843
33932
26406
24726
24782
27778
24932
29044
25386
35831
27231
33234
29462
29181
35689
34528
25908
27353
24932
27192
31873
35924
30567
27554
29516
34563
35161
30862
27712
36233
36293
33215
25694
26204
27346
27344
35073
24807
35673
24839
30775
24974
27065
27169
24989
24796
27463
27747
27486
26501
29095
31910
25027
36256
25155
36248
26061
34333
33948
26257
28365
27580
26796
25703
24811
24816
24831
34391
27753
26235
31436
26129
31767
29069
27302
28705
26386
24957
28423
24954
24834
34245
26749
25242
29020
28363
29996
25126
27529
29278
27465
32000
24909
25031
27267
27608
25422
24791
24940
25582
26812
26970
35741
30177
26949
25753
26232
24805
26643
35134
30863
25973
29836
25905
36308
33046
33043
32719
26153
26645
25559
26393
24879
28123
25007
26434
26883
25262
26442
24880
25746
24827
27645
34819
34337
28757
31572
24957
25703
31560
27852
27922
25689
32289
24839
25007
30187
25036
25952
28796
35064
26818
26639
27528
24890
27378
34737
27282
35020
24989
25747
27761
27638
27130
25917
24887
26527
24882
26690
27771
25452
26883
26087
27144
25124
27077
26484
27173
26747
29518
25464
25388
25105
34844
25036
26187
25251
24994
27831
27540
27324
25582
27994
25013
27583
35838
26146
36356
30215
27302
26721
24993
27179
35472
28708
27473
26902
27606
27729
31528
24933
24951
24938
26609
27141
26803
32071
25168
24979
26239
27663
32404
25467
30015
36367
33159
35178
33040
27374
27276
25325
27428
25176
34587
34326
25378
29348
34390
27719
25294
25030
27871
26972
27534
26711
34918
28325
24939
25587
29047
27982
26652
26130
25419
30374
33609
27149
27234
25993
35899
27151
35688
26079
29073
32253
25098
26281
31116
29359
28428
26617
32872
27442
26500
25812
26286
25414
35555
34907
34521
27306
30055
30194
36061
28942
26623
26364
25032
29217
28273
30079
26098
27497
26767
26057
25405
25706
26291
27112
26380
25513
26742
26101
26508
25820
26433
28731
36060
33633
25237
26814
26926
34586
25384
25297
27399
27222
30068
27484
26670
27384
26716
25853
28056
27480
30611
26347
30054
25494
35590
25508
26486
25256
26616
26320
26395
27297
30534
26618
30154
25566
29251
28638
32123
27328
32009
29867
26824
27626
26346
30258
25572
25419
27676
27492
26570
25822
25601
32385
25774
30988
31361
26674
29668
30176
30770
32308
25407
25304
25858
29892
26389
25964
32445
26512
25739
25765
26544
25753
27830
26127
34730
34714
26115
25094
26843
25204
25764
26884
26093
27223
27371
29244
26984
30275
26287
27968
26581
26420
36297
26069
26897
25784
27569
26748
29880
30193
35887
26906
25154
25297
29378
27235
26867
26944
25802
26924
26098
27497
31429
26705
27007
25355
27741
27000
25831
25169
27042
27336
33524
27036
32702
25366
27775
26244
29649
26728
27672
36274
27706
30537
26653
25939
25265
27588
26481
32135
26009
27413
28026
30546
26366
25998
34720
27766
27764
27421
25883
26740
26602
26869
25207
26345
27397
26004
26526
26370
26741
26767
28862
29928
31631
32561
26083
26064
26533
25963
29712
30825
31303
26385
27298
26017
26214
26725
35309
30554
25675
25183
26725
30543
26326
26051
26697
26816
30878
26214
26834
26844
25650
30234
25237
27066
27151
27392
25429
32574
26039
27732
30740
27160
27598
25647
27401
28765
27190
27600
25681
30658
25643
25417
25665
26177
27324
26105
26515
26689
36298
25977
25435
25330
27826
29305
27420
26810
27081
30487
27862
29010
26366
26612
30820
26596
25174
30351
30233
26783
25224
26174
26659
35492
34481
25559
27137
35864
27627
27864
27859
26262
30455
26966
26151
26654
27644
28996
25281
26557
26281
25571
25184
26778
30687
35335
26140
27869
28289
25882
26441
27597
27798
27014
26569
27492
25759
27123
27922
28599
25415
28711
26238
31952
30134
26771
27778
27676
26128
27245
25613
26601
26886
25559
26604
26231
25656
26254
26227
26955
26757
27730
25239
25332
25199
25894
25463
26120
27339
27839
25221
26679
30900
25582
27250
27831
27872
26676
26053
25443
28607
26666
26548
25970
29445
25140
26842
27136
27095
25147
30671
25463
25517
26263
28800
34299
26341
26339
33026
35978
27740
27312
26198
28081
25501
25338
25510
26890
35267
26850
29296
26476
27462
26608
26077
26567
28674
27052
28189
27618
25569
30783
25530
26882
28961
29771
26598
28427
26548
25144
32612
28989
28321
25319
25339
25557
27294
25844
25770
26422
25754
26695
26093
25623
33280
30696
27741
27144
35144
27187
26950
26758
26096
26561
25503
27461
29598
26306
26387
26954
25593
27191
36253
26988
26301
27446
29246
26956
26409
28279
26947
26140
28578
26575
25547
25323
29655
27051
26246
33750
28495
27375
27673
25988
25712
27135
29595
27598
27684
27123
26210
26634
25605
32740
25533
28529
31550
36299
25329
31281
29793
25261
29955
27249
26590
26185
27739
25303
27132
25563
27616
26475
27711
27337
26306
26461
32283
26303
26541
27246
26052
27176
27427
35419
25775
27574
27131
27070
25480
30362
29223
29723
27658
26155
27141
26596
26696
25227
27096
25939
30341
26928
29908
26859
26132
27147
25648
27004
29185
25912
27573
25779
27274
26755
26852
29441
26087
25761
25545
25374
33569
28175
29932
26705
32628
31171
26937
26522
27689
25480
28453
26139
26858
26213
25859
27900
25385
27334
32592
28563
26393
25829
27369
25495
25395
29490
27624
33110
31551
26217
35514
26354
28643
25818
26492
25873
29976
26933
25639
26655
26658
27343
27232
27262
31526
26264
36292
26837
28391
29516
30617
25482
34667
36370
35581
27681
27251
25459
27179
25699
34625
27212
33251
27867
34940
25979
28532
25460
27474
26202
27581
27695
26035
29105
25666
28143
25927
26109
28700
25259
27331
29009
27872
25942
27195
35620
25528
27829
26390
26502
26605
25315
26139
25664
35232
27757
30779
27195
25781
35574
26458
30435
27787
26794
25730
26781
27579
30604
25382
25490
27866
27333
34817
25825
28022
26583
25298
29768
27717
25684
35067
27465
25803
27812
26709
25268
25363
26828
26706
27376
25327
26709
25524
26629
27073
26422
29494
27436
29555
26621
33061
27842
27283
25395
25495
25452
27640
27022
27713
30066
32253
34878
35034
27216
25544
25280
26469
25594
27194
35483
26739
25686
26250
27138
25935
27874
26940
35933
27491
26678
28694
25803
26875
32486
28752
31907
25986
26394
25326
27074
25717
35973
27026
27235
27380
26819
35426
25937
35565
35587
26104
29219
28260
26193
26391
26609
26247
26485
26577
25628
31945
25576
32259
32126
25410
26869
30306
26035
35385
28823
25336
34670
27697
26362
27223
27331
28638
27142
26154
28882
26772
26039
27570
35744
25701
26895
26008
25393
26372
32552
25338
28108
27260
27782
25520
29477
26488
31983
29637
26282
27728
29875
26293
25766
25740
28955
30478
30157
25487
26054
28849
27302
26663
26268
27311
25487
26058
26743
25941
28284
26425
27838
27491
29668
34208
36228
30547
25994
30667
26801
25943
26978
26977
27613
27746
32089
25292
27749
28926
25793
28262
27306
27631
29073
25823
35757
26953
32498
25818
27383
27349
26171
34414
25348
26508
25876
25627
26824
34248
35989
33568
30909
25699
35162
26802
25721
26520
30028
26976
27727
32084
27809
26168
31606
26797
30590
30886
26529
25461
26044
25935
32533
26167
25475
26426
27576
33250
27633
27664
26636
25630
27122
35576
26460
26047
27614
25375
26450
25317
25963
29946
36355
26180
26560
26096
27276
29030
26099
31280
27850
25337
26617
28207
26344
25537
26331
25417
25380
28647
36261
27854
27844
34316
25587
25492
26769
27431
28181
29760
27380
27086
32330
25824
25589
27715
30174
27579
26204
29148
27117
25769
27627
26886
27499
27668
25891
27211
27602
26555
25661
27679
26169
30679
26636
27817
36017
34574
29623
25649
25464
27744
26172
29235
26442
25405
26190
32481
26108
33627
32292
26163
28938
25728
26558
27369
36054
25909
25956
28983
27079
29897
27438
34206
30813
26060
30785
26124
28438
26911
25989
32311
27480
26817
26588
27053
26064
28168
28422
26329
25617
25656
25615
27700
27765
26015
27635
25426
28282
29727
26469
25642
33238
26103
25764
34740
31007
32200
27780
26174
29489
26049
25813
26177
25352
35472
27818
28724
28708
27082
30296
28707
27060
35351
30345
26426
26896
28194
25346
27469
29253
25748
25743
29384
27998
26182
26684
30830
26183
29596
34693
27254
32043
26192
26791
29925
25447
31720
25510
26165
26890
30186
26200
25792
30260
27313
26201
27574
26295
35864
26768
27457
26205
35809
27090
28025
27739
26176
27347
25793
26966
28169
26211
30387
29173
26221
32868
26498
27093
26070
29667
27298
31727
28837
34527
27403
35674
27744
29066
27140
30825
34807
27656
26222
26562
26561
32628
30695
27217
30569
27164
28654
28546
25602
27615
29300
26842
26230
25772
25734
25371
26474
33747
32069
25464
25649
26338
29673
35171
26973
27141
27390
27506
25945
28580
27995
29918
26552
34475
26839
27873
25827
25935
26652
31262
29368
29319
27050
26376
34321
28467
31844
28068
28371
27622
26068
27145
25394
26241
30578
26252
26650
27660
26982
25809
27162
26765
26101
26355
33235
26830
27337
36252
26694
27859
29912
25909
36054
30078
26528
26264
26837
27247
28468
27263
27674
26272
29081
27644
27817
25846
25674
25387
26275
26273
28683
26887
26398
26612
25618
26609
27871
26403
26136
26073
34572
28570
27393
27735
28239
26573
26282
26541
29711
26870
30872
26521
29048
25673
25884
27076
26347
25816
32116
26729
25613
25636
28852
27386
28408
26268
32543
26570
27044
26152
26195
27305
27508
27224
26919
26369
29172
27606
27394
27323
25674
27159
27334
31777
27518
26603
29161
27039
26382
27367
26302
26391
26169
30332
26126
31511
28670
26019
27322
27869
27667
29114
27409
27399
26865
27252
25876
25881
26547
27805
25867
26262
25715
26784
26578
27345
27724
27345
27475
28723
25578
27503
28856
27089
31013
36406
26415
27563
26825
29856
27383
35311
27184
26544
26286
27836
26519
26171
28441
27383
27316
27895
26127
27009
30323
28976
27353
26972
29542
27927
26209
32292
32118
31574
26623
35242
26800
30216
29552
29717
27039
29764
26613
27199
25978
26931
26780
25714
27488
26022
28398
29214
29103
25752
31252
28462
35885
27473
34054
25978
33926
25725
26762
27087
25611
25841
27664
25914
26180
25581
25966
29997
26375
33517
26836
26702
32102
27065
35111
28737
28600
26101
26184
27563
27646
33383
27409
25852
30016
27860
27757
30081
25664
27103
27415
26371
27695
31308
32259
26217
29978
26389
28418
27012
36371
26606
30450
26546
25499
26285
29067
28891
29188
27611
27100
28596
34719
27666
27530
25512
26480
25662
26489
26933
27445
26395
26577
25534
26128
29567
27451
27717
34532
28231
29761
26530
27677
26020
29816
28659
27296
26998
29524
26595
26401
27281
29364
26403
26719
27478
25767
30672
27317
35406
26587
35323
26610
30784
26464
26997
27017
28967
27198
25806
29202
29991
27388
27679
26255
28730
27312
25840
25501
29393
30738
26942
26157
26173
30191
27710
26157
35142
26091
25502
27489
27452
30780
28580
25845
25989
29910
30683
30889
29420
30849
26434
28284
25598
25492
29336
27534
30722
27554
27421
26675
27288
27327
25968
26439
25742
30463
26442
26449
27018
25493
27201
29287
26442
27580
34933
35518
29786
27338
27188
27578
30795
27175
30497
26258
29871
32455
27221
25501
29387
25805
26665
26302
26631
25500
26606
25908
27918
35162
26802
26562
27784
29221
28563
34847
28089
27546
26929
26749
25809
27808
36258
26465
25508
27584
26277
28128
26088
26887
26470
27077
25870
26228
26190
25836
26337
27657
29056
26782
26473
29240
27625
26949
29436
34349
26936
27339
26067
26760
29038
30137
30743
30619
28093
25712
26127
27598
34887
27794
29949
26804
35924
29661
26162
28008
26491
32109
27637
27410
26787
27190
27600
25949
31752
28470
30459
36255
31829
26912
26913
27022
30608
27248
27397
25587
26526
29256
29121
35155
25548
26233
26394
26545
26880
26049
27651
27348
26952
25947
26500
25548
28457
26004
27299
25583
26446
25673
27541
29007
30418
30229
26406
34849
29584
27728
27224
26326
27634
29517
30467
25931
25577
29442
26345
26026
26322
26169
25676
25755
30322
26848
27626
31073
25889
30865
26824
26632
27585
35373
28746
30468
27169
25811
26249
26959
27875
29113
26701
26358
26497
26496
27788
27101
34512
35263
34709
36211
28640
27663
27756
26523
26368
25782
26892
26516
26480
30717
33485
36385
31186
27796
27234
35526
25767
27708
26996
27712
29437
26776
26768
25565
27738
28958
27202
25836
30839
28231
26870
30872
27648
27336
30640
26474
28355
27321
30868
31735
26571
29459
26215
27594
25635
29865
29625
26075
27054
26457
28152
32711
26300
25930
26931
27771
33228
27866
31431
26428
27764
29642
27448
27288
26676
26538
25982
26008
27509
27149
27629
27301
26551
26986
32839
30057
27440
25927
27404
27465
27737
26561
26560
26562
26105
26569
27798
26992
26746
29208
30420
27564
26595
30422
31361
26671
27223
28186
28065
27153
25777
27233
26978
25825
34237
26144
27206
26581
32278
35918
27468
27848
26144
27127
26649
26117
25907
26906
26907
33358
28703
25863
27194
36034
26071
27099
26587
26147
29674
30244
26370
27844
25845
27504
27945
29257
26871
35145
26388
26589
33599
27330
26622
28163
26841
34374
27134
25932
30110
26278
26018
26806
27397
28402
26597
27845
28548
25797
25690
29647
26386
26752
26587
35406
28703
36234
29017
26238
29953
35171
26334
35459
28635
28646
28218
29802
26260
26295
26231
26768
26604
28518
26254
25656
27174
26607
27426
29043
26607
29852
29010
26659
28387
35663
31433
25810
35269
28767
31541
31070
27076
25673
30686
26288
26882
26880
26699
28656
30398
27954
27748
27505
26786
26678
26757
27804
29713
28175
26626
26650
30013
25881
26632
27563
26765
26415
27161
29700
25979
26248
30831
27721
27720
26636
27721
27061
27339
27116
34482
26640
26080
27143
27659
26432
26462
30660
27434
26889
27015
25854
26736
26656
35332
30214
29129
27095
35332
30214
35752
26093
26454
29129
34718
25899
26844
35264
26807
26856
27767
27695
26602
29809
35865
30630
27372
25700
29762
29391
26941
27991
27526
27524
30818
26721
25801
27607
29552
27361
28595
29800
35489
25895
27320
27134
26239
29343
28392
26330
30509
26284
26667
26665
36246
28812
26237
30372
35933
25954
26982
27189
26168
28420
26564
32686
27476
30627
26679
27802
31469
26322
29792
29428
26435
26014
29119
27343
26686
34931
28120
27381
27433
27424
35219
36059
27665
27453
26868
30252
32538
30503
34762
26702
26005
27673
27141
30837
26822
26828
26398
26012
30333
26707
30251
26007
27261
26903
26981
26003
29936
27111
28146
31756
27293
27497
25726
27287
27188
30760
31699
28512
31062
31522
27177
29405
26700
26808
25760
27793
26735
26459
29624
26341
27277
30760
26161
26444
27793
26713
26404
27242
25749
27045
25737
25819
27322
26729
27245
29919
30096
31741
31627
34463
26686
26746
25913
26316
25937
30497
28620
26979
26381
26750
25976
28480
28339
27817
25830
34804
26089
27135
34418
27287
30414
25832
35273
33945
34394
32543
26527
30730
25928
27341
29405
26537
26661
29540
26260
30996
26769
27365
26818
26909
26324
34246
27748
27019
31711
27315
31838
27642
35327
26773
35282
26590
27417
27167
27736
30704
26774
27523
26723
26779
27173
27060
27133
30228
27830
26784
27033
26785
26312
26785
29591
27748
25856
27285
29831
25903
27823
27127
27190
34714
29827
30871
27456
25785
32662
30644
27125
25928
34106
27336
26968
27474
30690
26336
26253
26252
29444
26987
27772
29557
26084
26713
25760
26822
30843
35464
27779
26633
26664
27751
27745
26960
26792
25938
26798
26434
26883
27801
31121
27850
26799
30331
28461
30915
26872
26759
26277
27321
26059
26309
26308
27305
26166
26164
26122
27043
26485
27708
25894
27296
26523
26405
30521
26864
29684
27320
26109
27061
32590
26639
27197
26156
32555
26173
27843
27507
26390
26874
25896
26822
27429
29352
26319
25932
26239
25904
27755
26576
28979
27377
27043
27154
27797
26805
28093
29940
27705
26318
27518
27008
28918
32287
26837
26487
26727
27221
27136
29700
27556
27754
32825
33352
33804
26169
26229
27620
27150
34374
25932
28196
27558
28397
25874
26449
26855
29214
27391
27291
26094
28682
27667
26575
27638
26864
26098
27404
25803
27756
30356
26880
26871
30777
29578
29082
30582
27205
26464
26362
27697
27810
25970
25860
29089
27968
27482
26703
26671
31191
26418
26433
28367
28112
30711
28835
30155
27323
28191
26181
27596
30283
29899
27531
32393
34345
27011
27229
31631
30038
27080
31761
31650
31624
31625
30709
26353
25916
33344
30172
35122
30655
30513
25856
33232
26904
33225
26906
36294
27172
30211
26878
27232
27458
34212
27807
35600
35660
31234
31150
30340
25948
26198
26151
27508
27305
28916
27420
27586
30223
27762
26973
27988
30676
29664
27400
26063
30548
27699
26398
26273
27261
34787
31222
26355
26830
30111
26175
36303
27688
35563
28932
33236
28934
26284
26995
27407
28486
26333
27236
30714
27581
26764
27750
27189
26614
33307
29844
27142
27331
28390
26018
27693
30253
33720
26340
32160
29781
31366
31156
25933
26188
26690
26092
32155
27386
28257
25950
26453
27493
28740
31883
25953
30893
26922
26755
27303
28117
27215
26020
26381
27867
32993
26698
33697
30030
26583
25834
25943
35891
27972
27084
27643
30638
26657
27138
27085
30406
36263
28652
27439
26654
30845
25846
26980
26066
29590
26838
27412
29139
27164
26977
26978
25991
31551
27461
35793
30490
30444
26988
27809
26188
27973
26808
33292
33109
33160
31549
27221
26695
27571
26999
26305
26179
26305
28799
29312
29371
26815
26559
29541
26328
27786
27040
27220
30769
26014
27006
30602
27443
29483
34830
26401
27004
30506
27178
29705
26810
30866
27851
26269
30175
27110
28865
27565
26735
27018
27812
26748
27780
36077
26355
28913
27857
28079
26767
35486
27307
30752
26462
27259
27799
34554
27777
26469
29142
27259
25957
28634
27659
33115
27729
26738
30231
30449
27559
26043
25929
27832
27005
27123
26210
27816
26470
26719
29269
27028
30004
27557
27500
30355
25926
30389
27619
27032
27034
31958
29296
31665
31165
27626
26670
27740
35366
32829
27356
26423
27496
28818
26124
26722
27241
26572
26513
25971
27467
26027
26945
35109
26183
29046
27054
28762
26075
29107
32223
30408
32036
28911
27052
30532
26147
26226
26082
28346
25924
35721
29111
27586
32543
26527
26268
27147
26363
28551
26411
30672
27460
26747
26998
31466
26663
29955
31436
29851
28658
27631
26467
27699
27264
27240
28929
30365
26664
26097
30542
26433
30639
26540
26350
27118
26483
26894
28792
27730
27450
30729
27566
32326
27575
29791
27714
30431
30204
27024
26006
30531
27703
26989
27503
32425
26002
26613
27354
26728
27732
27325
27240
27641
28988
27834
26315
28481
27737
26560
27363
27637
28276
26456
26904
26898
26186
27268
26387
31255
27418
28975
36389
31608
27378
26111
26359
27617
26866
27716
26489
27528
26045
27454
29107
27963
26566
30371
26431
27875
28509
29154
29617
28084
28599
26535
34347
27715
28295
26932
27847
26938
26437
26831
28126
26085
26275
27264
26130
27112
26021
27062
27283
27175
26023
27560
26864
26924
26006
34491
26434
30716
26087
27538
27562
35473
27632
35117
35706
26427
26407
26809
27596
26233
26499
27084
30400
26115
27326
27127
35146
27675
28288
26975
35900
27416
27005
26187
26680
27414
27126
26954
26940
26677
28930
27911
27249
29819
36372
26832
36261
27567
27227
26835
26886
30816
28200
32053
36269
32252
31649
26987
30727
27423
27811
27156
26030
26842
29494
27280
29605
27520
26733
28631
27724
27633
27402
27288
26424
27421
27532
26111
26777
26869
28824
27182
26555
34752
27238
26865
26207
26205
29136
28560
28485
27239
30164
26082
26303
32283
27851
27400
27845
27099
27215
27101
27788
27398
26300
29770
26476
30240
28816
29675
27066
27642
28665
27853
26682
27487
26372
30514
27564
34914
29051
30788
35111
27774
27078
26646
28091
26049
27604
26549
27759
27024
29421
27129
26899
32026
30528
27549
27863
27118
36282
27527
26106
27567
27796
26178
26573
30851
27310
29364
29372
29271
27350
26133
28506
27721
26248
28430
26815
26149
26256
27353
30545
26017
31639
31670
31972
35251
35385
27785
27608
27441
27307
27385
26043
26899
29915
27643
27200
28609
27260
30094
31796
26847
27406
32957
27840
30236
29519
28924
27086
27682
36377
29550
27290
27583
27249
26228
27821
31672
29179
32334
29517
28837
27222
28910
26324
27601
35675
29652
26256
26821
27827
27384
26037
32057
35875
26298
26644
26681
27425
26602
26229
35189
29156
26338
27607
26860
35978
27036
27740
26745
26321
26637
27853
27636
26875
30099
35335
29397
27037
27405
27393
27115
30662
29998
26432
34650
26776
27800
26792
34100
31999
27191
27807
26635
27039
26712
28058
26197
26858
26218
27091
28838
30315
26813
29384
27507
27864
29192
27444
26250
30153
27545
27050
27552
27692
26689
30764
26365
27863
26357
33328
27567
28232
36379
33747
26915
30337
28379
34690
26699
26886
26063
35669
27448
27195
26836
29891
26761
26307
27169
27358
26543
26090
28221
26930
27524
27789
26337
26761
27552
27535
26218
27813
26638
32537
27427
27858
30351
30582
26925
35408
33373
27381
27746
26177
26709
35392
29826
26440
27063
36368
26846
30182
26353
33240
29982
27671
27194
26605
26139
29076
27281
29225
34666
26626
26724
26076
26113
28179
26645
29773
26879
28902
27217
26314
35433
27392
34784
26647
26342
32039
27418
27837
27126
26102
27080
29288
26319
26448
26273
27699
27293
26153
26848
28693
26855
27622
30237
26945
29595
36371
26377
35426
32569
26260
27472
29626
26100
26806
35225
27784
26726
27152
27669
26806
26278
30201
27384
26516
27041
26566
26912
30395
26591
27875
30697
26625
28763
30130
30479
36379
31175
26685
32366
27806
28940
26840
27404
26974
32634
26647
27332
26890
26468
27583
28930
28490
26171
27316
29014
26649
26689
26856
30763
26515
29014
28009
27326
30073
27685
27046
32397
29612
31649
27334
34349
27687
27420
27300
29697
26920
31149
27319
26336
27153
27786
29301
26280
28070
29074
26353
30082
26948
27150
27160
26415
27014
26663
28408
26192
27077
31928
29571
33427
31521
36243
26926
35873
35605
27819
26615
26288
27566
30354
29514
27714
30360
26972
31169
26580
27381
26300
26932
27575
30691
27667
28787
34294
28297
34287
31993
26186
26847
29046
30989
30432
31651
32523
28951
26921
36373
26569
26577
26511
26492
34416
26731
26801
26854
27240
30039
27538
26997
27628
29725
27009
26608
27160
27957
27306
27408
31353
27716
27650
26644
27106
26549
27781
34512
29108
26175
27946
32501
29880
27228
35186
26531
26661
26941
27056
26723
28760
27188
26820
27515
30008
27632
35968
30598
26688
32608
35306
26197
26167
27444
27319
28561
27077
26484
32912
30149
28671
31723
26817
26344
27201
27543
31802
26426
29604
27543
26942
26205
26206
30637
27171
26915
27055
32023
27366
27784
26730
27065
27075
26707
30399
26186
28140
26555
27618
34529
27508
26920
27511
30256
27774
26809
27778
27193
26382
27581
26203
34076
27874
29947
26612
26521
26446
26847
35953
27029
31268
35701
26388
30147
34197
27590
34730
27102
30012
35875
27084
27865
27131
27253
26968
27750
27393
29264
34804
26812
32154
27090
31674
27347
28299
26525
29107
26226
30915
28566
27670
27619
27027
27623
26213
26369
27570
27192
29068
30202
27822
29075
26460
27259
27157
27125
34870
30015
35062
29576
30563
26544
29280
27226
30894
27672
27325
26498
27093
27021
30675
29362
27324
27433
27082
27722
26584
29906
27854
29072
26514
30633
26515
26494
29808
26493
27767
27720
27721
28342
27174
26901
31301
26708
27604
30495
27025
26267
30267
30781
34095
26827
26674
26973
28953
26386
26241
30279
35585
27134
34979
27649
34282
36412
27197
35011
30022
27107
27184
26286
27903
27376
29551
34827
35963
29479
26969
26666
27563
36373
27358
34838
28986
26673
27512
29035
27370
27166
27423
34984
26599
26291
26295
31914
29499
35798
26311
27071
27696
26772
28882
29619
27645
30396
27548
27592
26837
26872
28462
27513
27273
26797
28320
26455
31685
31174
30950
32371
35186
26661
26964
27835
28384
27645
27258
26278
26594
29315
26654
26328
35361
35020
31075
30074
26887
33263
27852
35700
27698
27165
27693
31964
31508
31176
30347
26991
26530
29268
27115
28417
26870
26530
27747
27283
26727
27355
27937
31736
27815
30115
29543
26551
29742
27175
26347
27283
27289
34517
27742
31227
27519
27014
27094
28963
26504
28124
27714
30431
27372
26889
28781
27434
30051
26646
26995
26302
28291
26877
26400
27905
29040
29034
27346
26341
36324
26509
29252
28523
27155
28583
27257
36324
26339
34299
30135
35420
27159
29355
27307
26981
29838
27541
30060
27159
35420
30357
27362
29451
26386
26633
27389
26658
27779
27367
27979
27292
26734
27772
28681
35570
27632
30263
27156
27318
28685
27368
27422
27150
27278
26967
26826
28401
27395
27734
30767
31935
30181
32376
32028
29084
26775
34425
27869
29855
36263
36317
27808
26749
27664
27633
27402
27833
30407
27630
27413
27193
27311
26985
27552
29607
26990
29134
27542
26408
32304
26819
30636
30101
27565
32080
27349
29602
26550
27047
27849
27179
34819
35565
27231
26451
30237
27549
27795
26964
28051
33821
29029
27107
30022
28459
27857
26857
27949
26534
26756
31289
27118
27351
27647
30593
27107
27532
26819
27102
29989
32043
27533
32208
31737
26419
29748
26626
30381
26984
27464
31079
26958
27327
27652
26849
26993
30755
26589
30359
27876
27634
27385
32258
31945
26929
31246
27455
31157
30847
26830
32066
33730
30962
31151
27630
27402
27833
27545
29756
26451
27322
27601
35232
28469
29566
34054
26754
27398
26838
27796
27760
28917
30235
30839
36061
28985
29628
30702
27353
27126
28041
27023
30356
28174
27731
28261
27309
28151
29328
26662
28789
28485
26876
27439
27510
26396
27528
27530
27297
26489
26787
27139
26467
27490
27368
27620
30717
26969
31780
28758
27092
26834
26816
32205
27438
30210
29942
35427
27623
28337
26730
29892
29206
27256
27989
27026
26720
27785
27605
29589
27348
27314
29714
30184
27908
34433
27930
31819
34803
34122
27485
26932
30553
28588
26521
30000
29386
29392
27718
27407
35984
33982
30282
27609
29089
26454
27223
27271
26703
27945
30123
27504
30520
27163
31609
27983
27766
30310
27742
27114
29531
29562
27069
26996
26466
26753
27333
30120
27849
26966
30745
27469
27227
26789
26549
36051
30600
26591
27399
26660
27609
28791
26493
27258
29763
36257
29784
36393
27122
26812
36017
26976
28688
27835
27185
27863
27781
34024
28121
26536
28721
27540
27834
27803
26780
27275
27277
34908
26903
29888
27530
26633
27445
29837
30583
27188
26735
30019
27436
27808
34582
28382
26790
29030
28558
30250
29739
32184
27689
27810
27718
27703
26631
29765
26624
26882
27612
30195
30441
26888
29597
27612
27351
26922
26954
27646
33362
27072
26629
35987
27616
27711
27468
27712
27682
27698
34695
36259
26667
28102
26473
30759
27299
27063
28496
26710
34164
29700
30846
29520
27203
27625
26567
26879
27186
27700
30624
27237
26511
27258
27514
30261
30744
28221
28170
30397
27795
27841
30700
27124
26963
30217
29402
26608
27160
28077
27794
30761
26529
27710
33368
34728
29510
27363
26953
27768
28517
26759
30476
29207
27055
27022
30125
26840
27647
26502
26576
28503
33522
27604
27651
27651
27481
29832
26634
27657
26840
30105
27342
27389
26827
27672
28981
28105
29397
27360
35305
27395
27094
27635
28946
27686
27853
30433
30806
27713
28702
27490
27620
27679
26908
29361
30382
29070
29418
32498
29990
35152
26594
27113
29968
27650
29846
31102
33056
35677
27785
26947
26657
30029
31838
27493
31454
28095
29197
33123
32038
28483
27723
32851
27844
26859
26872
27723
30128
31693
34391
27753
29356
26862
26941
26788
35408
27187
27668
30757
26724
27831
27743
30109
26700
29504
36374
28464
28104
30310
27203
26953
26731
30178
26698
26879
30201
26594
28390
29512
30323
30539
27882
26959
32975
29100
27363
27592
27447
27765
27041
26696
26777
28156
27318
30473
27791
28133
30127
27260
30094
28728
31757
31603
33379
31345
33089
33658
35702
29272
27466
30198
26664
29257
27641
28370
28741
29837
29698
26734
35308
26588
31748
29053
33648
28072
27995
33766
29896
29690
26908
29110
26618
34940
28210
34639
27453
35578
30163
27829
35773
35669
36328
28305
32425
27441
28979
34719
27433
27848
27430
27491
29668
31727
27562
26681
26857
28435
28464
34797
29745
28703
27396
34769
26752
27194
27483
27023
27290
27302
32755
32107
31384
31401
31612
32145
27119
27860
27693
29138
27443
29670
36042
26925
29062
27551
26618
27186
27394
27922
27558
27840
27833
27068
28939
27008
27361
29457
27174
30816
27143
27387
26962
30816
27534
30325
29333
36034
31218
28720
29002
26742
26918
33351
26627
34542
27145
26754
27076
28166
26914
26804
27477
32517
27526
36278
26876
27548
30273
26976
26652
26934
28513
27593
27488
30401
30162
33999
26699
26697
26884
27035
32925
35663
29951
28129
28891
29154
27207
29879
36059
27479
35142
27561
27363
29418
26655
28209
33058
32801
29568
33302
27703
30266
26988
30116
27839
27687
36076
27639
27067
29666
30249
27004
28370
27641
27822
30554
28437
26796
29372
27624
27583
30595
27367
36228
35920
33813
27588
27200
34714
27733
33769
33686
26657
29298
27308
32060
27445
27544
30234
28530
28264
30534
29495
30475
26929
27695
27546
27025
28341
27527
30749
27519
27544
30613
27237
27765
28145
26782
27713
27020
27771
26764
27855
27750
26823
33671
26884
30970
30418
31834
31224
26791
27382
34208
27764
36328
29745
27430
27285
27529
26920
30791
28314
29486
28226
31453
27636
28047
30883
31852
26707
27524
28562
27938
27451
27610
30809
29963
34513
27129
29136
32174
31020
26807
27122
35208
26709
27381
27048
27681
32346
27592
27447
27146
30837
29000
27734
30728
26832
29710
27510
35831
27864
27152
27609
35352
27390
27847
27376
27428
27429
30249
26930
26878
30491
32430
29195
28258
29084
26775
32165
28178
27444
27275
27746
29506
27080
30097
29692
27856
27067
26821
26982
26718
33196
27476
33406
33283
31745
32087
27031
32080
26859
29130
27209
28454
29303
31091
28020
27362
26839
27775
29349
29381
28715
35243
27286
29370
27520
28161
30388
28846
27280
27461
29812
27440
27345
30657
28953
27214
27214
27352
27046
27053
27181
33691
31552
26916
26922
26861
29274
27993
27230
32306
27182
27284
27652
29751
29317
30496
30731
28019
29241
27932
27228
27572
26979
27099
27414
27030
30363
28287
27099
27665
27468
27350
30747
27566
35606
27498
29648
28084
27768
27125
27148
34870
26760
32374
26872
27335
29999
26803
28716
34908
53411
34441
35032
27049
27253
27124
32617
29243
30907
31861
29295
31849
27523
26774
26891
27774
27518
30083
27621
33352
33276
30014
26981
28466
27284
30664
27020
28030
26980
27056
27736
27033
28618
26792
30668
27747
27744
27543
29408
27803
27012
27278
28980
30439
27024
27127
28551
27874
27310
35169
27113
31702
31387
27560
30688
27230
29993
30617
30722
29815
29565
30188
34142
35949
26915
29579
34791
27440
32856
28734
26935
26961
30743
29332
27542
27511
29898
28903
30404
27300
28900
26908
26875
29279
27117
26874
28658
29545
28706
27205
34488
27046
27536
30786
27338
27521
27222
34248
31168
27094
29629
27666
28103
29551
27429
30344
29703
29845
27165
30213
27117
29897
26834
28215
35563
35309
26961
27469
27335
28842
29101
27482
29874
27309
34933
27886
30496
28571
26985
29227
27568
30590
30726
26898
27716
27879
32562
30669
27556
30341
26924
30482
27266
30814
27615
27488
29214
26855
30391
27391
27827
36273
29250
29787
27944
29829
29295
27108
36010
27226
27691
36262
28514
36263
26928
30274
26943
27688
28706
27003
36380
27876
27843
27829
29067
30836
26956
27849
27210
30606
27256
27235
27411
30796
32903
27697
34663
27371
27698
30566
27346
27286
27382
28801
27078
27539
28180
28691
26958
27010
31065
30589
33546
26919
27576
35622
33334
28393
27587
29329
27149
27559
29963
32412
32602
32038
31535
29032
27528
35146
29046
29546
27456
33378
32749
31318
33840
27807
33225
27458
27464
27536
27804
34711
27120
28725
29650
27690
26916
31405
32917
27797
26935
28927
31829
32349
28764
28267
28282
27183
29065
27570
27207
30302
27712
30272
27044
34165
27408
27706
27170
27524
29599
27820
29646
27694
27623
27594
27261
26946
29643
27139
30534
36262
30807
29841
34482
34220
27432
27315
27132
27639
27770
28754
31230
27319
28717
27285
27430
28789
27607
28482
29615
27378
30074
29274
27715
27105
27547
28696
28217
28685
28875
27058
30254
31015
32078
36292
33302
27481
28992
30560
30361
28726
27804
27047
29903
27047
29934
27114
27614
27332
27761
27800
27104
33328
28648
33253
30460
27678
30509
34639
27320
35899
30618
30832
27837
27304
29701
35621
27156
27209
27040
29055
28323
30048
27631
32730
30842
27562
27665
35426
27741
27555
31112
29939
26998
27092
27568
34830
26998
27113
29859
30762
27533
27513
27387
27861
27846
30800
27003
30252
27466
29619
30615
30392
27170
34452
30512
36416
28330
27704
34468
35706
27205
33243
30592
27208
27425
27225
30931
32287
32202
31252
32167
29778
27006
34399
27213
30428
27437
30551
30075
35845
28579
27823
29297
29621
27086
30017
27505
27851
27300
27845
34865
29592
30484
27282
36265
29656
35085
34712
27479
28285
27373
27550
31936
27640
27555
29728
27097
34790
29796
27753
36374
27411
27684
27673
28649
34762
32107
27557
27071
30221
27868
27411
29574
27198
28887
27834
29823
29125
28763
27371
34382
29228
33268
30220
27496
27209
27361
27496
27154
32633
27689
30724
27765
35849
27124
27162
28821
33065
33976
35616
27638
29749
27761
30712
27270
28623
28453
30550
27677
27781
27549
34831
35901
28446
27824
27782
35472
27839
27128
27067
27770
30725
31962
27662
30065
27470
27571
33129
27664
27843
29682
28673
27824
27951
29957
27337
27206
31753
30486
35622
29831
35390
27079
30411
34799
27757
29091
29801
30772
27087
28238
27540
27238
27704
29834
30382
27200
27096
27323
28196
27253
27304
27855
31449
31357
31320
28310
27813
29472
27460
30565
35358
27146
27606
29149
27437
31370
27313
28449
30443
28188
30742
27751
29290
27814
27425
30689
27303
29227
35282
27707
27390
27364
27119
27274
28199
27770
35798
27284
27484
27735
27432
27128
27802
35846
27605
29422
30749
30215
27619
30024
36076
27375
27636
35891
27689
29704
27473
35882
27709
27139
30643
28374
27589
29387
27250
34353
31487
29627
27555
29501
30167
36243
27919
29883
27690
27268
27758
28369
30965
27482
27162
30328
27358
29337
30644
29648
28381
27438
27218
27943
29583
30486
28271
27682
27898
28672
27569
27290
27624
27494
27407
35085
29311
30456
29062
28241
30768
30851
31025
34553
34831
35882
27329
27400
29890
27573
27220
27356
27516
31614
28864
32344
31502
36266
30932
32622
27517
30838
27199
30323
27873
27727
28749
28301
28863
27572
35887
35744
27599
35826
27335
31105
30710
31063
36394
27532
27416
36331
28615
34251
29521
34901
27279
29240
35462
32187
30841
32946
33178
27207
27671
27212
31534
27610
35225
28551
33272
35394
27793
27515
27396
29847
27852
27813
29260
33047
28246
31068
32387
32595
29980
27856
29179
27303
30741
27830
34264
27760
27780
29149
27501
27680
29052
27585
30415
27435
28871
27413
29346
30672
27317
28568
34700
27572
36373
27952
27486
27966
27799
35716
35589
27391
27343
27272
27295
32013
27508
28039
27414
30407
29634
30177
28200
28577
27775
30312
29501
29824
36243
29307
34410
30412
34033
29070
34874
27626
27533
27850
27459
28194
28320
27868
27738
31827
29889
27603
27698
34452
28044
28330
30444
27462
30828
27836
35722
34269
36268
36266
27609
28497
35931
34931
29665
27718
30056
29938
31481
30760
27515
27601
27686
29407
30336
36363
30857
27352
27521
27318
27386
27500
28375
32091
27800
27745
27827
27384
30659
29284
30454
30793
27317
28385
27314
31686
34533
27389
28076
27657
27422
27758
29674
27826
29535
27720
35507
32207
32292
29854
29830
29270
35793
27340
34638
27463
32265
27550
29894
28594
27519
27898
34957
28936
30238
35570
27790
27332
32563
30352
31097
30177
27638
27617
35173
31584
33839
28805
27792
30429
34777
27516
30181
28482
27779
27435
27489
29737
27452
29645
27602
29446
32739
30264
34849
27506
27594
27515
29764
32062
29638
30735
29916
30572
29123
30305
27752
32825
27823
29450
27401
27861
27846
35433
27902
27802
35221
28245
27701
27489
29193
28465
29458
30152
27472
30354
27656
31094
30701
35261
33373
33110
30748
35746
31765
30303
28054
27680
27444
31080
33208
30394
27530
29670
30510
28106
34414
30890
28659
28567
27575
27646
32048
27754
30205
29844
27406
27662
33265
33509
30168
35189
27467
30114
27760
28232
29987
36061
31249
27619
34639
29694
27660
28847
27629
27453
34712
30063
27554
29608
29149
27437
30536
33277
31622
35046
32341
27610
29971
27611
28968
27730
29654
27481
29756
35851
28394
30717
33281
28034
28104
36328
29778
35701
28795
27452
27681
32584
34285
34693
33261
30584
30415
29217
30041
36363
28406
30275
29396
27597
30483
28543
32970
27854
27694
30398
34663
34076
30307
28690
32884
34404
29090
27663
30677
35219
35323
27565
34582
31748
35800
31723
35792
27728
29165
29779
34404
29309
30136
36373
28408
32118
27500
34713
27556
35394
28020
34516
28182
32053
28349
29984
28049
29702
29578
35388
32593
29230
27612
30148
29146
30522
27710
29309
31826
35722
30472
27935
34794
30156
30103
33302
29636
33772
27561
30849
28284
30659
30884
30665
30559
29610
29181
29138
27564
27736
28134
30792
30260
29092
32947
29422
29575
35213
34891
29929
28200
27692
27826
30131
29563
27967
34445
30191
33368
27872
27617
29861
27815
30438
27552
34718
28329
36270
27835
27825
33928
29097
33927
36058
28071
34241
29125
27947
27805
31266
35218
31989
27760
30420
29716
28922
30673
28689
29706
35038
28876
30711
30161
27702
29106
27725
27814
27886
27587
29032
32069
31011
27616
27702
29463
30841
30156
27654
30222
27841
32190
31048
31398
31285
27753
36374
29494
31246
30239
32307
27751
28316
27743
32547
29266
31167
27634
27790
29387
36371
28861
34752
28874
27791
31181
29962
35207
27842
28825
34615
36268
28905
30193
27812
29182
28395
29029
28040
28836
29069
29847
28668
30417
29082
28928
34720
27971
28061
30756
27716
27821
32078
27878
35746
35544
30245
29501
30839
29497
27865
29689
28439
27806
30419
30128
30180
32127
29137
29854
34720
34361
29443
28504
35889
28964
28941
31648
32490
36269
31936
29712
30485
27884
29211
31839
27733
31383
31382
32694
31286
27846
30032
35578
29810
28173
35144
29648
30713
32610
33696
29727
27867
29096
27763
30704
29224
27718
30654
28625
29959
31492
34057
33861
31455
32184
30330
30776
27839
32419
30785
27709
29178
28820
28559
30659
31519
28002
35961
30118
29760
28755
27747
29586
32338
35730
27847
27756
27830
36252
29770
30023
34719
28708
30626
30915
30998
29740
29744
29715
30001
27840
27749
35440
33969
29184
31507
35043
32158
28606
31327
30427
30822
29019
35443
28205
30063
29243
30751
32140
27766
30527
29453
31219
30166
32249
32947
29069
27843
32259
27767
27858
29473
30711
28671
30605
30465
29434
30378
35141
30243
29140
31202
29719
28196
32245
30478
31163
31291
35403
32268
31603
35250
34695
29304
30384
28609
30504
28212
28439
31284
31398
30338
28950
35885
29014
27920
30453
36257
35351
28354
30130
29469
28376
28883
29993
29591
28676
29403
30285
32801
36253
35752
34300
27962
29098
28667
30815
30656
29280
28528
28456
29259
30701
27958
32798
34780
33787
33309
29384
30209
36370
29671
29408
35914
36270
30413
29383
33783
30467
34295
31703
32433
29144
28361
29666
35514
28478
34545
29326
29688
36055
30440
28204
27917
28636
30782
30919
28078
30481
31704
31325
35879
28817
30587
28400
29218
28262
28893
30269
30776
28276
32242
30425
30322
28946
29646
29142
28273
28264
29265
30447
28278
29113
29357
30777
31489
28908
31309
29569
29133
29223
28324
28104
29642
30303
35536
29339
30741
30815
29526
29273
30164
32019
32188
29242
32819
27988
30676
28280
30641
35058
32598
30666
31669
33389
28120
30081
27988
30200
29006
34506
29351
28869
29547
28848
31304
29346
28425
34887
35334
28154
30393
34110
30373
29813
28748
29255
29352
30344
29413
29732
30414
29248
28542
30679
29612
29455
30694
29803
31164
30543
33282
28550
29381
29649
28579
30474
29839
30706
30120
31862
33143
29683
29204
29744
29601
31444
30592
33357
32848
30584
30377
31625
29330
32817
32371
29308
29234
29470
29041
28218
29955
30576
30010
29776
31697
29002
27984
27927
31939
28566
29122
32060
35538
32247
28668
30257
35894
30217
29045
30274
29016
28235
28350
30772
29229
29394
28907
29869
31717
28326
28574
29869
29170
28681
29109
29624
30658
29559
30579
28163
30570
28879
29339
29608
34949
29043
33759
30614
28707
34852
30867
28319
28403
30630
28892
28085
29912
32337
32035
34848
29155
29187
30311
30062
36288
35147
33494
35191
31810
32601
31470
28184
31393
30041
28759
29065
32425
32586
28779
28783
28047
30241
32969
35185
28784
34401
29239
32817
30735
31500
30280
31522
29567
28785
30027
30510
30391
30571
31893
28102
30759
32497
28855
29118
31010
29338
32469
28170
28306
31510
28963
28684
32209
28913
29072
31350
29275
27983
29149
29932
29362
28083
30236
29676
30717
30848
29479
36385
32585
32665
28913
28180
30009
30721
28691
30797
29087
32035
30623
31925
28607
29367
29624
27961
29597
29327
33280
29020
30409
30272
30395
32283
28771
35722
31826
29794
35845
28904
28898
29899
28431
28931
35448
31372
30240
31037
30610
29058
29926
29411
29640
29063
30719
28190
30115
28819
30408
29242
32548
30216
36138
30162
29261
30265
32257
31048
31300
29695
30274
29095
32880
32804
30705
34396
28045
28950
30338
31771
30290
30065
30568
30336
29317
28165
29290
32579
35682
29169
30187
29805
27984
30760
28375
29159
32336
29582
34911
31916
29331
29876
30989
28900
30812
29957
30076
29560
29203
30380
36271
30075
29284
28151
29736
29994
30413
28169
28262
29217
28339
29777
30569
29916
30256
35763
32636
30887
32963
33158
29947
30613
29751
30534
30447
28681
29869
30080
28568
30404
30218
34448
29852
28094
29333
28809
29092
28949
30293
32288
28888
28111
29924
30688
29368
28335
29599
28490
35134
29721
29072
29906
28556
34494
30300
30169
28488
29570
30818
30352
30766
29424
30050
28870
28586
28488
29093
29548
31318
30486
30624
28321
28578
29769
28352
29102
29454
28492
29895
30734
30326
30339
32151
28533
32244
31310
30849
30168
30683
29080
30069
29496
30531
29496
28139
29291
28230
30418
28997
28892
29514
28982
29868
29731
32767
33276
32833
30821
29515
29811
32603
29533
32386
32514
31118
29340
28454
29537
29199
29325
28405
28300
34481
35720
32560
29393
30372
31935
28403
34327
28344
29619
34347
30381
35786
34536
35398
35253
28319
32237
35287
29899
30178
29894
35835
29507
30796
29765
28642
29763
29446
28998
29452
31074
29174
29460
30246
30474
29873
32714
29253
29416
35853
29089
29874
30374
28367
30687
29342
29150
32236
28915
28498
28535
28773
30875
29520
31120
32068
30881
29302
31585
28300
29912
28327
28857
28598
28396
29534
31359
28733
29871
30037
30685
29944
29995
29998
29105
30859
28287
29019
30635
28205
28472
29979
28523
28786
31847
30230
29448
30034
29460
32536
30750
32532
31311
30490
28060
30031
28243
31658
32724
28816
30436
28843
30088
30200
30895
30663
29930
29959
30134
28214
30027
28922
28601
30639
30061
32794
30517
32084
32345
28420
30610
30255
36120
28204
30597
29959
28806
29050
29005
33248
30872
28230
28584
30528
29870
31032
30746
32930
30222
29151
34891
30632
35470
28864
36055
33333
30800
30108
28709
28236
30284
29635
28362
32934
29668
28748
30176
30003
28274
30155
29078
29014
29170
28139
30400
28773
28952
30866
31130
30844
29468
30430
30182
28312
30327
29516
29678
30523
30084
28301
30337
28822
30615
29754
29208
30538
30486
29209
30259
29524
29138
34673
30702
29146
30206
35750
29784
33371
32849
35201
29928
30202
29217
29723
29058
29737
29008
28907
30340
30036
30647
28591
31101
30802
30516
30644
35394
31913
28282
30991
30176
30008
31542
29492
30084
34938
30834
29480
28227
29054
28919
28652
30873
34709
31123
29444
28822
30595
30615
29690
33254
35305
29228
28960
28166
29389
28407
29334
34533
31641
28640
28991
29451
28350
29776
32756
30072
28989
28248
36250
36386
28725
29961
28726
29220
35585
30773
28616
28951
28463
35918
34929
29588
28637
29810
30181
30372
30779
29629
31413
30894
29268
29635
29264
28360
29464
28971
31003
28360
30504
30882
33889
29693
30317
29580
31951
28886
31365
32403
32492
31800
30366
28999
30073
28244
28511
30899
29777
30817
28898
30482
28372
30309
28624
29240
32201
30603
33311
31323
29042
30806
30687
30730
29581
28902
30799
28674
34938
29016
28469
33374
36095
28504
35581
28512
29567
28784
28584
30804
30561
28518
29385
29471
29512
30602
30769
32055
35712
30213
30256
29398
30857
32079
29364
29845
29423
28501
30389
29188
31924
28175
32482
28746
34666
30817
29946
29373
28898
28772
29180
31385
28540
29721
28874
29974
32567
31326
31396
28331
29239
30092
29969
29960
30347
31840
35399
34536
32162
29840
28987
31276
28417
31173
32277
29500
28840
29581
29002
30072
28612
36312
32684
29704
29313
30085
28853
29238
29617
34371
29628
29077
31489
30052
28804
29588
30613
30554
30462
28997
29292
31295
29291
30743
28714
28747
29943
30543
29899
28431
34976
29794
29962
29258
28208
35817
29333
30276
29411
28970
30026
31238
29343
30317
29788
31478
30746
29726
29761
31202
31693
29602
29995
28866
30342
32112
28886
29672
29283
28611
29204
29652
30098
30814
30012
35425
32274
28281
31814
30280
28191
28429
30229
28290
30751
34748
30109
28857
30652
30215
28183
29893
28977
32072
29725
31715
29027
30137
28670
31880
28927
33464
33373
29939
29218
30202
31423
34392
31683
33638
30090
31833
30824
28575
30378
30317
30424
29857
35043
29605
35062
32583
34272
36284
30817
30457
36395
30197
32560
31853
29380
33160
29506
28516
30674
29490
29182
29085
28745
30498
30729
29578
35388
35532
29422
29216
28675
35805
32290
31607
28507
30444
30798
28567
29047
29786
31127
31734
36305
31208
36061
30053
28901
28472
29445
29237
29972
35961
32130
34224
30313
28198
28554
30785
28879
29537
29883
30269
28262
31650
35244
32045
31625
29220
30130
28678
28679
29841
30160
28993
29114
29693
30639
30631
28592
30471
28909
30458
29402
35626
28701
30217
29672
30767
28642
31822
28553
29926
28998
30206
28703
32767
28590
29800
29584
30516
28441
28771
28329
31381
33278
29833
30081
30667
29268
28361
30834
35575
28227
33347
29724
28384
31095
28283
29803
31509
33667
29950
30220
28818
30049
28934
28908
29382
29707
28591
28868
34098
30971
30082
29795
30059
32467
35155
29846
31953
30345
29600
29604
33172
30183
28306
31430
32171
35507
29035
32640
29458
29456
31845
33484
33021
33319
29790
28320
29938
30835
29787
28912
30247
28495
29803
29930
29702
30601
36272
28957
30173
28802
30804
30128
29050
30833
29789
28434
28949
28749
32714
33405
33307
36413
28755
28469
30095
29165
30508
34616
29657
30208
29419
30487
31392
29999
30851
30852
29171
34962
29859
31334
30755
29162
30582
29104
32510
30223
29111
28604
34877
30262
30678
30203
28339
30175
30627
28392
32363
30016
30175
30158
31794
29348
29552
31919
31327
28571
31464
31706
31770
31664
33300
30632
33794
30152
30285
35304
28766
29117
30308
30557
30575
30723
29357
30821
34995
28573
29650
30287
28438
32055
29650
30048
32184
31297
30993
29729
34156
30118
30485
30289
29723
29079
30697
32250
29121
29851
29209
30854
31968
30616
30384
30214
29660
28530
28416
29735
32390
30800
29134
30031
29689
29522
31309
29023
29823
29825
28604
33943
33173
35883
29161
29331
29457
28546
30114
31512
28634
29142
28556
30525
30456
28296
31152
34243
30205
34085
30266
33136
30297
30389
28508
30091
30167
30214
28329
29962
36386
28281
30200
31084
30895
32707
28831
29091
30081
31730
28391
30484
28452
30429
29994
28319
30292
31792
29954
30086
29739
33324
28721
31896
29156
30585
28519
31514
33615
33926
29158
28851
31740
29717
35698
29334
34911
32127
31166
31089
32453
31689
30174
29536
34027
30284
30406
32431
29263
28840
33572
30179
33889
34006
29191
28861
31302
30449
32466
29492
29771
30302
28951
34929
28470
29746
29843
31770
29622
28844
29466
29966
30190
29414
28307
29184
31750
30493
33973
32447
30018
29544
29942
29186
28477
36288
30390
28777
29187
29295
29319
33024
30695
32628
31879
29907
29074
29537
31315
30548
28399
28548
30119
30363
35866
30418
31224
29203
29206
35666
28482
29265
30384
30006
30107
28424
30415
30810
28956
29104
29587
29061
30412
28424
32392
29211
28819
35449
30438
29251
31750
29415
28348
30818
32325
28395
30574
30556
36377
30453
30811
36055
34260
31749
30530
29233
31624
32200
29769
36280
28931
30357
30437
28997
28380
30804
30124
28475
29276
30599
28717
28476
30387
29795
30462
30294
28932
30554
28546
34603
29754
30350
28767
28485
29488
30085
29973
30831
33364
29439
32172
35234
30350
29241
30693
30097
30612
28483
29242
30476
30164
30297
29855
32470
29849
28488
30414
28419
29311
30773
29502
29777
29034
28489
35632
29232
29638
31499
32496
28645
29254
30479
30870
29096
30344
30725
30077
29099
31335
35918
30262
35172
36410
31011
33367
33662
32389
30436
30041
28761
29554
28728
29264
30286
29637
29268
33408
30398
28763
30586
33408
30547
30667
30930
29452
30649
30233
32170
29779
29836
28689
30542
29526
30656
29379
30815
32189
28543
30819
29705
30780
31673
36242
29752
30388
28883
34434
31695
30213
31697
28662
32609
34785
36313
30355
36378
32091
31053
29236
28538
28442
30239
29317
28637
29358
28428
30768
30561
29292
29942
29260
28660
28501
30062
29368
29544
30102
29498
30311
28885
28688
29589
29186
29942
29770
29296
29768
28990
29844
32467
30573
28428
28427
30341
29200
29296
28587
28910
30401
30889
29562
34425
34588
30709
29907
35656
31948
29143
29685
29300
30652
29430
30571
28484
32125
29676
30201
30571
30401
29350
29162
29117
30371
30777
30204
29322
29791
29365
30132
28567
30500
29809
31077
32919
32110
31207
29122
29326
29912
30325
30828
28411
29320
30301
31767
28667
29425
30121
31141
30066
30245
29687
30364
29381
28504
34890
29686
33701
32414
30278
32165
31913
30704
32632
30010
29224
29974
28468
30263
28597
32276
29131
30154
29711
30397
29146
30434
30004
30723
29413
33635
35458
28646
29485
28714
28747
30019
34888
30666
28890
32898
31931
28732
29369
30242
31306
28853
29355
29775
30844
30856
30080
32216
30665
33728
29010
29853
28925
31235
28550
28440
30056
30688
31892
30699
29115
28914
28766
29366
28891
30148
30123
29375
31048
30273
30842
31398
30053
28528
30052
30720
29301
30396
28830
28770
28447
29395
30802
29856
28552
30495
29176
30753
29456
29807
35034
29128
34536
32276
31415
31269
31608
28673
30707
28475
29845
30726
30421
29545
28759
31393
31854
28689
30542
32489
31436
30929
31717
30010
30645
31019
29156
31077
35349
30140
29076
30348
29538
28525
31853
36389
28975
36395
29663
29292
30362
31679
30759
33088
28584
29663
30362
30442
29828
30736
33867
34095
28473
29013
30293
31293
32036
30671
30293
35316
30262
31655
29018
29433
28950
28563
29230
36378
29437
30784
29991
29778
28874
30465
31944
30646
29879
30870
31800
28888
29254
29747
30230
30625
35870
29122
31386
29199
31419
30251
30973
35306
31602
31166
30268
28479
29493
30792
30351
34772
31074
30203
30518
29451
29386
32028
32023
28599
31012
34113
29238
28878
29991
29849
29631
30830
30185
30830
28960
29485
30619
29060
28762
29065
30838
31029
34201
29532
30692
30376
30734
30430
28948
29903
29420
30889
29479
32658
34156
34012
30877
32459
30282
29093
30309
29028
28624
28958
29019
29482
29954
32996
32227
32835
31158
30237
30421
29632
28534
31190
28779
28979
29417
34485
34671
29449
29497
30782
30805
36024
30747
30358
29177
29990
30501
29976
30827
28840
32431
29911
29500
29361
32428
29502
30718
30350
30807
29504
28972
33984
29762
30807
30723
28669
30796
30783
29204
29625
30054
31257
28791
29515
29043
30608
29407
29521
33816
29706
30260
31396
34671
29877
32257
30638
30029
30309
28736
29937
30750
30963
35435
29287
30166
30368
28598
33321
30649
35619
30005
31987
32060
32453
32207
31165
30878
28768
33912
35048
29612
30091
30430
30373
30544
30844
30383
28605
30106
30763
29250
29559
28608
35690
32554
35047
34899
29986
29871
30448
29098
30686
36088
29732
29758
30727
30607
32275
29880
29716
28613
29734
28552
29606
32347
31076
34078
35708
29377
32592
36022
32774
28854
29821
28779
30758
29417
30535
31720
31324
29556
29234
31229
33926
31831
34109
30367
35822
31977
30337
29579
30084
33024
30357
30250
29565
29231
29781
30487
32373
35386
30113
28823
29999
33252
31812
28978
30208
35303
36122
29443
29782
30445
30361
28726
35404
29619
30151
32240
29238
29469
30692
30037
29276
28717
30251
30185
29599
30836
32443
28605
28715
36274
29805
28586
29527
32115
29123
33231
29718
30505
29378
30771
31443
30585
29521
30981
29688
29635
30238
30365
29252
29502
31311
29332
29515
30110
29817
29819
30010
29699
31463
29266
29175
29473
29749
28745
33329
29649
30364
28787
28712
35636
30325
30522
29275
29175
30575
31401
30212
30790
30308
29709
33273
30456
29419
29646
30360
31886
33301
29657
29620
29570
28990
30563
29435
29888
34022
32276
35698
29660
29267
32003
35217
32290
35805
29958
31967
35980
36283
29741
29683
30625
29428
29013
29735
29267
29660
30626
30103
30562
30091
28975
29265
29303
28815
29212
29566
30065
31411
30391
30039
28626
29476
29862
28797
34927
29445
34518
28644
29775
34626
34940
29665
28715
32163
31532
30072
28989
29607
28800
29559
30707
35166
28623
29878
28621
29683
28797
29862
29683
29894
31711
34393
29362
30825
31868
35193
30825
29716
30753
32416
29167
29681
30279
30518
31901
31999
28618
28714
29733
29814
31740
31851
31919
32082
30795
29015
28917
35211
29682
29910
30882
32460
29978
29601
30348
35462
30670
30136
32324
29499
29985
35997
36275
32364
30104
32344
32538
29409
33142
33018
32720
34352
30005
29442
30703
30543
29026
29936
34976
30975
30588
30583
30021
29027
29769
29454
31099
35733
29119
30693
30752
28647
29485
35632
29041
29326
33195
29325
29679
30379
28700
29415
32948
31221
35721
34858
29714
30677
31474
29913
34389
28649
30822
31156
29787
29935
30696
30230
29839
29460
29594
30236
29519
29927
32309
29072
29653
30483
29941
28747
30748
32087
29527
31490
28829
31794
31739
28905
29855
29875
29684
32142
36402
35179
31250
31778
30356
29806
28656
29656
30469
35028
35404
35446
29539
30250
29881
29073
30576
30704
29654
29589
29224
28760
32157
29849
30612
29288
29590
32410
29826
30446
32092
29574
28887
31343
30887
29484
32456
32564
29464
29476
30552
28724
29956
29068
29908
29413
29438
29507
30832
30893
29061
29341
30193
29151
30502
30124
30532
30084
30555
28798
36057
29639
29811
34342
31462
28756
30377
31761
30479
30021
29825
29278
32260
29575
35473
30462
29857
30320
29423
30333
35863
29700
30322
28897
30756
31835
31408
35491
32163
32506
29191
29447
28861
28935
35778
31117
33016
29917
28854
30969
28832
30875
30764
29178
35331
30874
30793
30425
29279
30353
29875
29592
36402
29876
31835
28751
31378
31202
30886
29761
34873
31236
28792
29831
33413
36273
29250
31310
29054
31437
32245
29064
29306
29045
31018
28799
30066
35331
30135
29866
35317
30411
30503
29743
29299
28964
30133
28996
28985
28723
32273
29953
28923
30163
30810
30937
32330
32386
32237
30619
29665
29557
28968
32058
30685
30599
29277
29944
30885
30161
30591
32545
29948
32092
29614
29461
30296
29482
32607
28811
29954
29917
29022
31938
30466
29962
29616
30862
30871
29966
29971
29696
28971
30661
29975
36250
36045
29792
30501
29979
30605
32255
29106
36383
30448
30145
29027
28965
29949
29152
29736
29086
29983
32408
30788
31214
30283
30728
30086
30703
28827
30077
35783
34514
30389
31924
28953
29564
30727
31832
28792
32447
31065
31985
30660
29864
29865
29117
29796
29804
30699
33495
31402
29213
29790
30044
35778
28895
29255
30176
35828
35494
33032
30948
31400
30240
33289
32708
31964
35544
29442
29171
30138
35721
29401
29841
29974
30731
30863
30172
30041
30040
30436
29966
31933
28843
30883
30124
29878
28790
29727
30049
30047
28885
28809
29450
31448
33273
29241
29208
30194
30855
29064
29938
30056
29757
32059
29549
31900
32483
36270
28877
28909
32033
29178
30112
30369
29673
30472
30333
30440
29336
28806
30860
30303
30512
33255
30253
30568
30366
30885
29509
30593
36282
30629
29116
30089
32303
28833
30596
32395
32333
29196
29116
30092
29330
30171
30958
30934
30519
30349
30099
30424
31173
30154
29459
31970
30007
28943
28793
36227
29315
30769
30018
35247
30586
36031
34715
29126
29079
30426
29737
30276
30581
29425
30791
30370
29878
29031
29216
30126
30125
29640
29624
30134
30132
29930
29203
28865
33617
30386
32314
30655
30319
32635
29872
36314
30158
29348
29786
29718
29227
35537
34914
30470
30635
35399
32070
30135
35077
32900
36394
30291
31508
30868
30797
31930
36321
30680
30141
36290
36052
30680
30339
29194
29981
30043
30854
30556
33796
34828
30042
31854
29745
35997
30039
29375
30572
30609
30485
30208
30857
29906
32397
30149
30932
29141
32540
30159
30313
30849
30664
30306
35893
34574
30738
30207
30162
30651
35168
31380
30158
34209
30753
32416
31284
30278
29689
29081
29861
31017
29388
30089
29196
31063
31808
35636
31984
30828
30058
29172
29351
30470
30083
30290
29666
34420
30248
30268
29829
29968
30916
29137
30129
30069
33094
31839
30427
31889
32102
35826
30042
30399
30830
29631
29754
32240
30151
32435
29598
29198
29509
29697
28916
29866
31397
28871
29353
32578
30463
32222
29501
29824
29003
29012
35819
29205
30917
32360
31104
29973
29467
29017
28936
30209
31183
29054
30658
29221
29300
30368
30659
29161
29331
31846
29183
30786
31417
29989
35961
29474
32407
29295
29924
30154
29492
30606
33300
33396
30101
29013
34095
30332
29062
30823
29057
30288
35249
34751
35542
29987
29346
31339
31288
30190
29886
30546
29975
30295
31678
30155
30508
29656
30723
30342
30469
29088
29983
29993
29902
31261
29406
30738
29734
30458
30280
33982
31616
30254
30720
30536
29352
30044
29412
28915
30634
32100
34327
31287
30716
29937
29046
30446
33966
32474
29297
29202
34853
30850
29823
30671
29038
29549
29423
30064
29187
29021
30270
29363
31744
30881
30515
29535
30059
30855
30055
32056
29366
28932
29026
28969
30829
31891
30846
31961
29157
29923
31069
28901
30742
30099
30624
30052
29628
33377
35345
30694
30788
30283
29373
30740
36375
29188
30297
32085
30826
29521
32114
30628
31537
29077
29522
32328
29822
30720
30287
30712
32264
30244
29486
33563
30324
29653
29750
29799
34899
30135
30635
29740
29652
33213
31333
30078
32321
34329
29188
30651
29911
35084
29127
30976
30355
31973
34109
30572
28988
31014
31684
31088
30814
30017
30098
29495
29931
29371
31468
30236
30516
30395
30272
33068
29909
35714
30006
29129
30384
29060
30674
29530
30100
30088
32122
32303
30047
29569
30842
29724
33070
29118
30626
30156
28964
30011
30558
29324
30181
30598
29671
29802
33679
33380
29821
30105
30638
31210
29193
29337
33950
29475
30488
28945
29391
31026
30072
29581
32230
30749
35576
30831
28963
29302
29603
29027
29766
35642
29561
30258
31661
29363
35077
30441
32291
36390
30417
29179
32582
29772
31366
30721
31472
29085
30623
28989
30071
35340
29977
30625
31570
31434
30117
29543
30473
33834
29454
29940
30112
32228
29110
29443
34587
34093
34722
28981
31783
30021
29841
31515
30595
30051
31491
29797
30850
34371
29573
30588
29820
34209
31739
30067
30426
30783
29438
29967
34313
30190
29466
29886
32353
31409
31061
31283
29121
33314
29729
30074
32434
32659
30545
29405
29890
29216
29772
30487
29414
29696
36381
30127
32209
32520
30354
29215
30630
29466
29801
36381
29500
29497
29449
30531
30888
30535
30328
30468
30533
30316
36376
35786
30385
30039
30813
29229
29435
29223
30102
29654
30264
30113
35304
30038
29692
30524
29445
29237
29528
30845
31565
29007
29784
30230
34378
30885
30227
30803
29421
36042
31089
32247
32453
30953
30187
30245
31942
35050
29827
29967
30927
29344
32277
29711
35969
30573
29892
32158
31799
34638
29774
30468
32544
31000
32232
32640
32750
29151
32141
29935
35050
30696
30770
30497
29490
29282
29095
30819
34988
30310
32380
29243
34913
29219
29340
36081
33809
31124
30057
32206
31979
29575
29086
29562
35280
30617
30212
29709
30335
29175
33183
34576
29529
30736
32563
29332
29808
30555
29890
29613
30452
31404
29447
29252
29245
30222
29151
34298
35860
35015
31595
31406
30629
29101
32639
29237
30263
30465
29328
30319
30613
29789
34271
29150
30689
30129
29471
30787
29055
34812
29395
32424
29168
30000
31940
30873
35635
30879
29115
30025
32667
30470
30338
30779
30303
30794
31346
30395
29855
29285
29585
30668
29832
30070
30392
30121
30466
30276
29622
30017
30098
29746
30370
30708
30223
31823
30367
29632
31628
29194
29943
31901
30593
30754
29235
29145
34329
30594
31047
29829
36278
29867
29210
34068
34209
36314
35499
30419
30709
29327
30410
29865
29182
29627
30878
29975
30508
29551
30803
35119
29084
33815
30643
29254
30833
29249
29102
30278
30079
29993
29937
29155
31930
29120
29440
31388
29532
32889
30196
31640
29309
29803
30788
31060
30594
30538
35469
30629
29658
29360
30199
29889
30457
29596
29793
30620
32006
33764
35259
29828
29510
33550
29139
29254
34355
32285
30293
31333
32492
31221
29602
31308
30611
29835
33401
33611
30191
30705
29221
32515
29858
30369
29904
31073
31221
30986
30500
31950
29322
30371
29709
29343
30317
29376
30088
30359
30562
30637
29233
29969
29957
32484
29560
31953
29922
29922
33181
30199
30725
30257
30802
30697
34462
32473
34772
36355
29945
30234
30730
30818
30006
29735
32008
30116
30490
31604
30031
29591
30438
29435
33084
32389
29390
34661
31394
31542
35809
31674
29783
30689
29143
31778
30833
31371
29396
30252
29418
30382
30410
31701
29209
30776
30887
30266
29307
30461
29399
29453
29924
29319
29368
30311
30213
34380
30840
30143
30682
29215
29526
30506
35397
30228
29366
29901
36242
30139
30443
31162
35743
29945
33442
30691
31831
34241
32864
30355
30298
30016
29688
31530
29717
30367
31539
31369
30312
29349
32604
30580
36331
29948
29574
31678
30284
30508
29353
29369
30095
34201
30838
29456
30375
29497
34372
32436
34568
29263
34195
35711
34232
32745
30565
34003
34232
32052
29987
29818
29357
33331
31601
29964
29505
29305
30589
29822
29698
33805
30259
30079
32541
30505
29622
30018
30345
30602
30673
30510
29294
32131
31975
32359
33233
29294
30390
30832
35457
30519
32551
30452
30449
32169
29325
31835
29877
31176
31828
35108
29729
33846
30710
30596
32023
31447
31848
31909
29812
35500
31379
31784
30248
31165
29908
34833
35107
35812
29560
36265
35085
30101
29740
35288
31061
30564
34236
30481
30765
29465
29347
30865
34912
34858
31731
31044
29627
30579
32482
30757
30002
30001
30574
29736
29868
29927
30059
32903
29538
29681
30772
29230
31142
31235
36396
32606
30255
29817
29657
30328
30360
35596
34694
29397
29918
30255
32231
30441
29929
30727
29698
29766
29733
30020
31526
35179
30678
30463
32524
29563
30607
30789
29467
30491
32261
30388
30809
30232
30123
31736
31219
31597
29777
32281
30164
29988
29934
33217
29728
30675
30437
32095
29507
35160
36379
30479
29454
30658
29885
32375
30750
29600
29604
35248
33452
30105
30385
29916
29616
30445
29863
30504
30552
32460
36382
29472
36287
29439
35874
32535
29406
34287
35424
34152
29615
30740
36375
32008
31740
30235
32572
29630
32111
30771
30461
30815
30805
30522
30243
30886
30111
30522
30780
29274
30741
34688
29920
35306
29277
30737
31562
29617
29876
29592
29788
35873
29382
30226
30674
30576
29816
29816
30370
30674
29331
32298
30744
31937
29542
30241
35712
30679
29377
30157
31187
30097
32602
35317
30634
35126
32138
30239
31053
30528
31834
32460
35166
34927
29476
30707
30264
30102
32191
29450
35538
34150
30537
29743
30876
30614
31228
29430
29980
30890
30425
30220
29430
29984
30404
29378
30866
29866
31901
29814
32526
30892
30771
32522
31590
33037
31804
29321
30342
35103
30592
30126
31447
30524
29528
30692
30207
29614
33757
29512
30110
29363
32502
29951
32915
32031
30749
29488
30831
29498
29333
30075
32573
32073
32502
29324
29629
31445
35346
31806
31700
30198
32376
31479
30464
29340
29947
35825
29907
30182
29339
31590
31374
35342
31687
32734
29998
30306
29933
29642
32258
30015
34028
29399
32495
30892
29905
36004
29587
30227
30143
30245
33313
30061
30714
31922
29967
30019
29971
29696
29351
31848
30550
36029
33031
30542
29874
30582
30548
29578
30242
30843
29975
32355
30393
30844
29355
30023
30544
30007
30373
30539
32357
30337
30856
30663
30768
29832
33389
29695
30203
32527
30594
31313
29718
30601
29930
32515
31628
36388
31354
30295
32116
29634
32303
30520
35614
29486
29854
36376
29965
32285
31626
31624
32530
31609
29950
34312
31008
31448
29556
30577
29621
30489
30805
30562
30153
31549
30325
36056
32016
29807
30700
30753
29416
30765
35714
29909
29408
29435
29869
30478
31163
30721
30475
35811
31895
35213
33453
32678
34339
29553
30726
30257
29395
30167
29394
31375
30447
30056
30243
29518
33332
29906
29486
31636
30754
30435
30480
30377
31515
30137
30654
30593
32224
29821
31091
33831
30807
34794
35038
35893
30511
30751
29591
33171
33805
31270
30566
30480
30291
30043
29487
29765
30008
30003
29661
36391
34600
29600
34353
30493
35155
34354
36002
30105
30865
30328
29525
29934
32956
29493
30531
30062
30460
30442
29956
29977
36045
29792
29959
30375
29785
29977
30770
30895
30768
29798
32004
30027
31586
31253
34159
30275
30131
30895
30280
34200
30779
35566
29642
30310
31548
32402
29983
30309
30035
30302
29487
29730
35729
30376
30034
30789
30814
36275
35620
29859
34579
31737
30578
29839
30706
29838
34544
30423
29784
29911
29493
33258
30773
30351
35476
36077
29702
29843
29984
29964
30301
30075
32098
30838
36380
29904
30880
30299
29882
31763
31085
30390
32587
34357
32255
31803
30504
35166
32323
30125
30918
29555
30007
30544
30246
30880
30734
30544
29789
30114
30515
30816
35194
29498
29544
30539
30729
29838
35486
30060
30644
34474
35396
30502
35750
30217
34257
33664
29685
32117
31228
29480
30848
30646
35672
31865
34335
29960
32444
32320
30040
30549
30826
29630
32636
29941
29738
29507
30085
30253
30560
30472
30054
30174
29753
32377
31969
34772
30439
35492
31587
35968
30803
36382
30028
32214
32436
30718
31376
32432
31062
29762
30808
29895
31746
30562
30527
31870
35214
33098
33348
32279
30336
30645
32024
30150
34259
30149
30920
30287
30890
30204
30881
29514
30874
29808
30189
31167
30329
32213
29623
30529
29715
29850
30417
30049
35848
32549
30642
30012
30172
30468
30456
31811
29705
29581
30187
29775
30376
36272
31042
29569
32491
30173
30716
29937
30858
29721
31847
30925
32536
34321
30271
30455
33155
32711
31540
30570
33636
34025
29748
29618
33788
29802
32442
32592
30845
36296
32659
30702
30690
29818
30268
30948
31825
30853
34179
33966
31119
31995
34151
29583
33378
30403
29845
29703
29703
30064
29722
29970
31740
29813
33353
35185
34888
30641
34279
36381
29971
35271
34770
33306
29577
32017
29866
32103
35948
32554
35321
30189
29678
31477
29903
30495
30458
30607
30471
30331
29606
31698
30591
30093
30192
30679
35185
31009
30411
31986
29779
30553
30407
30477
31524
29634
29825
29617
32125
32263
34279
29978
30641
30588
32968
30583
30547
30532
30829
29857
30067
34948
30186
29774
29767
29633
30533
30360
31072
30648
29834
30668
32948
34011
29679
32457
30264
35068
35637
29875
33819
34008
33906
34150
31050
31451
29676
30228
29699
35068
34272
30719
30195
30073
30366
30708
35017
29625
29835
30332
29733
30137
35626
30281
30494
29812
31978
33870
30764
35331
33297
29678
32611
29826
36125
36095
30514
30435
31971
31971
30346
36388
29981
30393
31722
32510
30165
35157
36034
30074
35361
34711
29961
29952
29961
29863
29897
29710
29886
29622
29984
35695
30739
30611
30201
30602
30510
32262
30888
30068
31132
31555
34548
29966
29640
30347
32504
29637
31725
30100
30298
32741
30078
30394
32479
35301
30529
36376
29713
32603
36070
35251
31805
32360
31639
32254
33239
30364
30529
29815
33457
30868
30566
35417
30208
30279
30518
30873
30381
33689
31023
31257
32505
31463
30316
29816
30752
36382
29709
33124
30335
30557
30857
36282
32577
31124
30057
33593
30301
29970
30567
29781
30822
29926
30561
33486
30112
29673
30940
30044
36026
34673
30621
30423
34544
34257
30233
35619
29997
31934
35028
30469
31416
30286
33910
31037
32173
33305
31568
32087
31641
31474
31745
35322
32031
31635
34696
32752
34388
35139
33011
29719
30552
30502
29800
30556
30642
35164
31573
30188
33341
33313
31018
32192
31565
29918
34721
30620
30146
32038
32164
29936
30179
31903
29736
30413
33204
29834
34888
36316
34865
31270
30428
32421
31180
33750
30794
31103
30640
29894
29916
35832
31593
30226
30647
36410
30185
30370
30708
29817
29898
30808
30606
32481
31574
29965
30378
30672
35526
32194
33576
30152
31898
30860
30657
30913
33398
30955
34330
30863
31858
36416
30451
30610
31398
32682
30784
29853
31276
31781
35561
30551
33736
31998
30289
30405
36402
33006
33169
30972
31274
30619
30735
30495
30234
30118
36087
30610
30289
31455
30724
30795
30861
30422
30649
30467
35472
30011
30861
29835
30148
30225
35807
30034
30869
30789
33961
30013
33739
30335
30575
30778
30820
32031
29778
35312
30145
33895
31738
30095
31617
31969
31542
34661
31240
36382
31643
31367
31892
31038
30609
30115
32473
31533
35084
32621
30498
29972
30025
32887
31726
32154
32416
30822
29769
31910
29856
35311
32565
30210
31958
30856
31613
29781
33377
30712
30728
30520
31567
30880
35184
32612
31172
32178
35449
30255
36120
33868
33222
29863
30324
29854
33748
30134
30597
31247
30323
30587
29941
29927
30269
30598
35897
32438
30334
34515
31559
35402
30678
30650
30359
31145
31547
31194
30852
31864
30851
31055
30212
33273
32833
30127
30399
31265
30777
30356
30557
33249
29898
35701
34853
36265
30222
32853
30361
30431
30372
30431
30598
30361
35037
35423
30192
30488
32388
35626
31965
31513
29849
31987
30649
36243
30708
30314
30057
33091
30944
29837
30583
31863
30775
33755
30850
32221
30450
33612
32315
33574
31313
35169
33335
29833
33389
33666
32166
32093
32465
30471
32226
34518
36355
30683
30847
30189
35326
31464
35645
35054
34354
30590
30237
32562
31193
31237
31107
35047
30875
29986
31857
30048
30475
31251
30912
30646
31424
32382
35753
31087
32554
32379
35612
31517
30374
29874
30736
30766
36283
31381
32693
30859
30009
30009
31070
30865
30224
31600
30656
30489
35605
30715
32042
30668
30648
32616
30423
33169
31742
30136
30502
30302
30784
30938
30419
31102
30315
32487
30109
34497
30254
30327
31213
31929
31612
30904
30808
32129
31197
35387
30438
34179
30344
31994
29893
33286
30157
36012
30555
30358
30858
34260
30798
30858
30411
33489
30864
29921
29968
30433
30827
35094
29951
30177
30631
31759
30258
32450
31129
30321
35901
30254
30570
32060
35214
34516
31795
30348
34291
31341
34760
30096
30835
31215
29927
30202
30684
34760
32251
33685
29953
30453
31282
30684
31887
30805
34543
30129
33029
30806
30603
32201
30320
32423
30294
32063
30810
31069
30742
30835
30415
32208
30331
30459
30646
31114
31198
32527
29988
30664
29995
30664
32631
30492
30829
29943
33283
33635
36379
33328
33328
30654
30737
29946
36284
30820
35922
30207
35642
32034
29985
34509
32075
31381
30427
30811
32066
30221
35489
30076
30363
30200
34913
31508
35404
32396
30684
33565
35202
35859
30824
30871
30762
30809
30693
34827
30536
36295
31496
30023
30488
31883
34416
31382
31507
30869
30206
30673
32055
31828
31701
35201
33122
30732
32270
34797
35374
31412
36041
30690
32666
33281
30098
30012
34514
35152
31951
36276
30630
30781
30586
30307
32857
30660
31051
30518
33400
32482
30579
30044
31727
32107
31973
35352
30467
32516
30488
30843
32594
30427
31452
30982
31849
32632
35074
33355
35574
33168
30714
31099
31328
32106
36280
30645
32555
30192
30832
30893
30519
31781
32953
30432
31620
30673
30265
30029
30136
30872
30419
32780
32655
33700
30901
30800
32984
31236
33413
34021
36415
32391
35249
35542
35805
34394
30737
34876
30359
30655
32411
30386
32637
30346
30719
30550
30612
34785
30086
33385
31009
32458
32470
31288
32115
30319
30648
30294
30194
30795
35441
32972
30295
30242
30387
31497
30923
30509
32387
35927
30682
30247
30512
30333
30884
30125
32156
34068
30894
30198
35533
30651
31529
30759
33299
30812
31435
31798
31543
35812
30119
34207
30525
30112
30573
32627
30332
34811
35537
30496
34783
32050
32556
30860
30601
30794
35995
31374
30718
31590
30171
30399
34313
34051
35834
30684
32038
30432
30698
30380
36288
30558
30153
30503
32310
32030
30846
31961
35491
30611
30867
30756
31056
30209
30287
30705
30739
30745
31959
33761
32613
30864
34511
33978
30405
30791
30541
31422
31949
30581
31516
35020
31075
34869
31609
31493
31294
30761
33554
30458
30577
30840
30535
31100
30161
32948
31930
36321
30429
32683
35629
30710
30616
30291
35321
36242
30715
36383
35145
32438
30385
31204
30921
30891
30454
30615
30942
31082
30406
31632
36384
30318
30227
33478
30320
30742
31200
30223
31279
30305
36009
30306
33537
36287
30584
30184
30748
31772
30883
30604
30509
30622
30640
30622
35835
35288
30321
30787
34275
30677
34927
30403
30340
33323
35313
30889
31933
30281
30393
32141
30346
36388
32217
31587
31536
30365
35894
30605
30500
33827
35248
33693
30892
30813
31602
31666
30491
31749
31505
35208
33312
34398
31662
30505
32093
32225
31583
36295
35879
32313
30797
32134
30793
35374
35326
35566
30489
30711
30741
30970
32128
33415
34696
31921
34991
32049
31250
30826
34716
31327
30894
30379
31241
35409
30256
31119
30739
33855
30681
30696
30563
31602
30536
35746
35342
30707
31693
30440
34677
30616
30782
31611
33534
30841
35320
30731
31841
30842
33198
33981
33575
33940
31859
30483
32282
32027
31465
31167
31677
35379
30893
32518
30396
34874
30852
32612
32633
31697
31764
36296
30578
32881
32714
33175
35419
31161
31733
31303
34154
30667
30541
32120
30367
30609
32133
33787
30854
30413
30774
35287
32491
31316
30443
30614
36409
33372
30867
30614
31226
33387
35883
35457
36161
36063
30774
35154
30603
32938
33753
30371
30600
32286
33155
30604
30318
31234
30588
32175
30761
33056
31407
32603
36384
31547
31014
34791
30327
31997
33781
30681
36290
30767
34523
31672
32754
33399
32234
33507
35145
32809
30884
30514
36246
33295
35085
33603
33571
32090
31523
33356
30435
32468
31718
36161
31118
32240
32852
31291
33361
32486
32142
30695
30798
30528
31243
31850
34473
30570
32488
32094
30597
30880
31761
31257
30977
32378
30481
34130
32575
35491
30940
32106
30572
30513
32441
33234
30669
33702
32753
30700
36371
34392
33714
32579
30652
30899
34599
32525
30678
35469
32916
30694
30426
30498
31678
32040
32049
30939
32499
31346
31231
30525
31721
35903
35697
31039
31806
30422
35980
31332
35851
34914
30590
30688
35290
32295
31684
30432
32001
30729
30506
32427
30559
30526
30702
30744
30695
30551
36372
36381
30512
31217
30450
35651
34375
32629
33916
35109
35361
32438
35321
32088
30460
30453
34721
36377
32476
30595
31194
30745
31483
30482
31059
30520
33440
30463
31258
30829
34545
33310
30603
30789
31237
30669
30796
35863
30762
30864
32616
32149
31250
30569
33376
30698
30766
32080
31984
30515
30559
35961
36024
31126
32362
32010
34787
30775
34275
32015
30665
32218
35500
30524
35578
32461
34262
35592
30881
35820
31825
30786
31460
32238
30540
32134
30937
32951
30776
32014
31671
30883
31904
30745
31755
33409
31923
31918
32499
35427
30537
31140
30617
34829
30722
30731
32546
34984
30864
30637
31426
31374
32528
32371
30799
32475
34812
31249
34880
30783
30925
32386
31596
34502
35866
34195
34420
32061
36250
31220
32448
33315
32266
35010
32023
30941
32777
30691
35848
30778
30876
31788
30680
36288
35927
30813
31851
34501
33375
30732
30719
34207
30591
30574
32107
34769
34380
30845
30657
33543
34157
32125
30823
35655
31216
30892
35890
32132
31988
32334
33343
32452
30616
30685
33349
32164
32918
30947
30869
35345
32936
30765
35534
30774
35457
30715
31428
34617
32388
30639
33045
30812
30624
30876
31947
31307
34568
35738
33295
31125
30722
36141
32151
30875
30763
35862
31290
32420
31224
32311
30754
30943
34036
31446
32117
30755
32021
34728
35320
32297
34704
34790
30879
35119
30720
32865
32310
33093
32596
30743
30959
30746
31331
33402
31203
34400
34572
35792
32368
35531
30714
34318
32185
34434
34941
30701
31879
32660
32319
32087
35629
30682
30689
33304
30853
34799
32743
34511
32614
30863
30718
31579
31482
30879
30778
31877
31362
35963
34289
33620
32605
31726
33189
30925
32350
31596
34303
36403
34121
30726
32845
32398
32312
33967
31711
36312
31297
33736
31338
33760
32652
30824
30787
35397
34751
34468
35655
31111
32065
33511
31426
31438
32126
34666
33684
31028
34085
35177
32383
30764
31870
34690
32505
31383
34901
32901
35686
31660
33281
33330
30792
31256
32735
33349
33124
30823
32238
34200
32576
32264
32591
33241
34704
34191
31107
30968
30837
33316
33284
31541
31088
36386
32559
35765
35171
35688
32422
34268
31023
30839
36045
32254
34271
33860
36281
31643
33787
34847
35464
31607
35267
32985
31710
33529
31760
31597
33916
36121
31176
30878
33785
31244
31410
33330
32258
35659
36386
32103
32113
35443
35003
31650
35244
34548
35263
30890
32327
34153
34235
36267
34279
34437
31501
31096
32880
32878
31324
31245
31204
36248
32084
32590
32353
32566
32101
31342
32137
32600
32039
30956
32634
32281
31420
31947
31562
32486
31962
32672
35025
31482
33384
33719
32173
32456
31132
30931
32384
32161
31708
31292
30917
31714
32179
32313
32590
31518
31061
32353
31227
31470
31638
32638
31160
31620
33542
32630
33170
31299
31345
31329
33089
31232
31034
32365
31511
34957
31865
32232
32072
33171
33446
31331
32439
32043
33738
31634
32036
32383
33602
33116
31434
31645
31870
31141
33403
33348
33845
31336
30921
32509
31813
32342
32345
30980
32092
31343
32781
31777
31681
32226
31066
31562
32260
32367
31340
34648
31627
31341
35300
31003
31922
31192
32137
31031
31657
34320
30997
32632
30982
33660
33829
32591
32923
32101
31233
31923
32037
33510
31225
31232
30963
31347
32499
31041
32119
35861
31347
31352
31351
31776
31071
31744
31120
35149
32501
32141
32283
30963
32019
32163
32047
31024
32564
34524
31733
32275
32098
31450
31495
31262
31471
33134
32224
31366
31672
33515
31822
32197
32698
32160
31052
31824
31369
32377
31241
33771
32105
33315
33165
32266
31689
31085
32359
31779
32483
31078
33425
31930
31659
32484
32607
32406
32057
32305
31071
32480
33770
31351
32248
32203
35362
32054
32262
32392
31575
33985
31946
31062
32353
31522
35286
33150
32320
35275
31396
31906
31533
31147
31399
32187
35444
32189
33622
31372
31769
31615
32334
31321
31195
31907
32189
32488
30976
33022
31521
31384
31943
32171
35212
35491
31424
32343
31863
32594
31079
33290
31484
34224
32126
32627
32988
34418
36289
35921
31230
34734
32608
31418
31320
32034
31515
30998
32175
32328
31831
33744
32497
32307
32329
31440
32895
32152
31939
32475
31072
32018
32615
31869
32260
32263
32565
32192
31571
31762
31746
36277
31702
31427
32310
33771
32799
31400
31769
32188
32019
31349
31728
31935
32376
32338
35730
31430
31891
31159
34290
31360
33207
32626
31414
34237
32330
32401
30994
31939
31248
32454
34188
32399
31432
31953
33862
32467
31867
31913
32414
31947
31066
31307
31160
34903
31972
32569
32470
32325
32032
31967
31952
32469
31057
31364
31180
32494
31437
32475
34318
32029
32185
31046
31294
31493
33246
32564
31446
32784
31058
32022
31912
31782
31493
31447
32090
31315
35787
32284
32138
31626
31139
31624
31782
32440
33603
32152
32349
32495
31356
33322
31830
31722
32272
34009
31451
31146
31116
34292
32382
32619
32876
33584
33471
33378
32316
33840
31567
33317
35131
33345
32871
32024
33105
31896
36293
31815
32211
33381
31391
32198
35400
32162
32595
31407
31462
32460
31507
31295
36294
32421
32398
32032
31925
32351
32421
32507
34553
32239
31152
31471
32195
32224
32098
31999
31367
32057
31330
31626
36398
31473
36298
31478
32511
32169
31709
31480
32248
31750
32375
31510
34002
33698
31152
31162
31481
31483
33619
32159
31959
31274
31998
35163
31485
31484
32600
31417
31561
31256
31488
32762
31349
31043
35797
31739
32491
31531
32423
31271
36039
32575
31492
31131
31271
31782
31663
32299
31215
32315
32247
32233
32077
31530
34030
32192
32945
31499
33630
31052
32058
32108
33583
31392
32378
31715
31119
34029
33035
31708
31874
34438
31505
33163
31783
31226
33655
31510
32539
31356
32950
32580
31647
31707
31567
33309
32677
32452
31842
32050
32081
32071
31962
32135
32062
31564
31869
31135
32416
32062
32370
35736
34167
32363
32372
32620
31324
32009
31731
32558
31860
31937
33585
32009
31535
32473
31326
36395
31375
33227
34776
31517
35651
32555
31640
31826
31273
31289
31207
31679
32493
32307
32329
32091
32140
32335
32533
31549
31566
32301
31739
32156
32619
31814
32319
31967
32406
31685
32322
33556
32267
31558
31667
31190
32515
31793
31798
32406
31859
32600
32549
32117
33560
31955
31933
32414
34486
36296
35192
32367
35250
31135
32766
31362
36396
32859
33481
32723
32191
33903
32597
32279
32048
36390
31759
35525
32251
34706
32725
32432
32047
31944
33066
32545
32343
31206
31568
33118
31857
31858
32059
31994
32341
31570
31805
31735
32341
31946
31575
31820
36400
36244
31576
31757
31187
31632
33751
31578
31954
31696
31182
32281
32532
31769
32165
31777
32226
32097
31584
31649
31652
31707
31587
34335
36395
31538
32217
31588
31794
31550
32094
31594
31593
31790
31847
31915
32401
32001
31280
31513
31267
31204
32537
34820
31723
32584
31737
31940
33857
35548
35532
34829
32053
32877
35791
31606
33770
31611
31881
36305
32016
32617
31970
32822
32228
31442
31844
32927
31618
32346
35745
31475
31745
31751
31194
32435
31145
33187
32346
31619
31729
33934
32991
31583
31622
31621
36295
31690
32093
31747
31621
31623
36398
34389
31625
31498
34768
32445
32913
31942
35108
35646
33972
31837
32005
32534
31642
31627
32076
33665
31793
31357
32301
31635
32457
33350
32608
32174
34320
31626
32608
31230
32104
31845
34323
35171
31416
32189
34658
32179
31645
31644
31434
32000
31645
31586
32040
31322
31815
31822
32095
32289
31710
32136
32657
31336
33564
33869
33614
32216
31729
32372
32130
31579
32733
36036
31984
35498
33588
31509
31464
31664
32531
32429
32531
35554
31979
32145
31424
32205
31886
32434
32605
31675
36300
32550
31774
31198
32020
32064
31928
32538
31544
31589
31668
31732
31619
31492
32435
32147
32551
35457
31807
33541
35513
35930
32512
31957
33218
31782
32793
31780
32507
31994
31388
31858
32935
35215
31905
32327
31356
32487
33678
31807
31694
32317
31695
31780
32153
31364
31279
34363
33501
32783
35183
36385
31828
33793
36307
31948
33921
31628
33287
34379
32199
36283
35346
32564
31539
33241
32120
32298
35175
33900
31312
31873
34903
32455
32121
34225
34996
31905
31722
34401
31721
33662
31748
31823
31722
33683
33505
35498
31291
31911
32355
31884
32508
31233
32082
31269
31851
32419
31976
33075
31755
32563
33806
31259
32617
31861
31768
31341
31342
33558
33163
31450
31783
32626
34628
33708
31357
31380
32669
31779
31401
31505
32161
31411
32939
31730
31330
31643
32394
32022
32580
36388
31771
32515
35217
32367
31760
31468
31983
33579
31977
31864
31731
32136
32585
32010
31630
32021
31438
33119
35666
31500
36310
34594
32487
32327
31637
32091
35816
31803
36289
35606
31989
31512
31985
32546
31500
31736
32358
35791
33091
33538
33790
31362
31832
33597
32120
31938
31520
34079
32387
35930
31694
31691
31544
31773
31614
33161
31854
36389
31588
36392
34632
32484
31792
31388
31746
31427
31489
31531
32294
31289
32594
33807
32631
31350
32152
32349
35192
31720
31764
32374
31692
35857
32232
31395
31263
32492
31322
35880
31704
34828
32405
33650
31847
31340
31903
32304
34398
32603
32111
32961
32578
34509
34771
31325
31569
32081
32348
33673
33014
32535
33002
32533
32518
32137
32492
31473
31648
31379
31419
31867
31653
34075
31934
32476
32396
32088
33507
33019
33828
33852
31353
31612
36303
34501
32208
31331
31617
34603
31581
31402
32461
31384
36134
31809
32439
36289
36391
32477
32088
32466
31582
31693
32538
32343
31343
31563
33430
35597
33734
32931
31580
32074
31323
32517
32439
31938
31820
32361
36387
32396
31675
32250
33279
33736
31601
33481
33020
31601
32937
32214
32331
32324
32047
32229
32574
33792
31821
31792
32070
34590
32123
32269
31354
33023
32374
32049
32288
31444
32871
34524
32158
31578
32222
36306
32524
32250
32118
33450
33257
31661
31949
31527
32172
31878
31377
32331
32069
32362
31497
32550
32476
32176
32481
32807
31339
32204
32321
34841
32244
32073
33798
31354
31915
32077
32363
31410
32627
32294
32349
34514
32321
32610
32428
31673
31844
32403
32079
32205
31918
32485
32345
32509
35291
35822
32269
32064
32696
31685
32305
31589
31591
32459
31753
32935
31956
31954
31323
31917
32154
31988
33264
33885
32174
33751
32332
31734
32027
32061
31533
31592
32432
32528
31991
31981
31864
31597
32247
32309
31737
36390
31412
32402
33842
31801
32006
32379
33475
35593
32006
34631
31431
33113
33646
33035
33395
32161
36310
35301
33870
31995
32621
32134
31657
31475
31657
31863
32148
33778
33325
33397
32002
35019
32548
31718
31488
34897
36244
31791
34344
32463
31980
32585
35382
31390
33162
32271
31683
31833
33099
31929
34129
31557
33456
33624
32413
31557
31798
32067
33640
31580
31921
31677
36242
32337
32128
31484
31806
31806
31719
31770
31871
32041
32405
32624
33655
34111
32112
33515
33632
31901
31680
33177
32618
32007
32042
32143
32489
32489
31884
31824
31825
32105
32213
31400
32944
31379
31480
32086
32490
31376
31537
32560
31772
32528
32190
33034
35598
31742
33032
32308
31441
31839
32483
35354
32870
33989
32308
31973
33645
32104
31978
36109
32782
32201
31680
32057
32587
34617
31866
32067
31578
31683
33087
31403
33908
31738
32143
32373
33432
32213
32411
33658
33390
31977
31641
34941
32045
31856
32211
32204
32061
32480
32558
31893
31907
31402
31682
32302
32027
34771
32226
31582
31817
32990
32365
32375
36279
32415
32162
31503
32171
32571
32426
32571
31842
33784
32594
31698
33007
32017
32236
31592
31950
32520
31894
31503
31430
35819
32127
35288
33092
32488
32549
31785
32200
31917
32212
34367
31939
32532
32428
32525
32097
36299
35414
31648
35173
33705
31787
32186
31937
32018
32565
32431
33460
34765
32436
32642
33363
36416
31858
32296
31746
32338
31756
31596
32454
31661
31949
32121
32386
31990
35054
32467
31595
32313
32756
31449
31762
31571
32624
32015
32562
31539
35691
32029
34530
32244
34370
34184
34367
31867
32466
31652
32046
31616
32114
32394
32111
32668
31663
36302
31922
35315
31507
32598
31957
32793
35304
31849
32828
32413
31566
32932
32194
33327
33822
32583
32404
32078
32456
32202
32404
31466
32210
33523
31872
31457
34226
31814
35236
32274
34594
34556
33435
35313
34323
32503
32823
33612
32427
35398
32595
32414
31584
34486
32097
35786
32427
32302
32302
35724
31706
36292
32078
31966
33232
32351
35904
32496
31755
32077
32145
32263
31637
32016
33698
32195
32546
33573
32544
32045
32530
31657
36398
32101
31555
35151
31572
31710
33297
31661
32253
32132
32830
31784
32169
31784
34330
34878
32336
32637
32122
31984
33927
34471
35211
31834
31795
31635
32072
32422
32031
32311
32262
32039
31716
31769
32491
35414
35797
34370
32076
32540
32297
32346
32323
32246
31915
33798
33099
32233
32257
32413
32461
32225
31959
31681
31676
32525
35402
33598
32037
32471
32274
33007
32279
32368
32369
32393
32506
34029
35036
34438
31874
33395
32040
34461
32049
31996
31932
33102
33559
31920
31920
31880
33418
35303
34143
33147
35121
33695
32022
36280
31538
33743
33077
31599
32604
32366
31916
31846
32229
31699
32372
31620
33039
31581
31986
32366
33732
31848
32412
33499
31653
31934
32425
32586
32447
32062
31827
31749
34950
31836
32589
31893
32042
32363
34082
32332
36330
32506
31592
36399
32204
32430
32009
31541
32430
32510
35720
31799
32560
31799
35738
32316
33073
33043
34166
32816
33613
32261
36013
32509
31909
31813
32344
31970
31558
33992
32267
34359
33479
32159
32173
33688
35825
32140
32271
32493
33322
35414
35048
32234
35423
33036
33433
32937
32264
32356
33795
32623
33952
35027
32472
36084
32519
32462
32462
33152
32101
32322
31566
33322
33057
32999
32629
31809
31876
32179
31644
31646
34471
35163
31960
32400
32125
31568
33135
31832
32191
32370
36296
32294
31788
32599
32732
36032
32444
31805
31735
32444
32833
33447
33711
36318
31712
31941
31843
34363
31662
31664
31866
35759
32225
32437
32476
31681
32020
32437
31777
31817
32466
31913
36281
34108
32149
32908
32557
31688
31927
31772
31974
32522
36291
31856
32235
32489
32198
32143
31855
35679
32399
31983
32823
32860
33105
32765
31982
32094
34045
31903
32134
31744
33791
32531
34897
35517
35791
34820
32390
36266
35025
31962
32358
33641
31611
31810
32127
31765
32617
36305
32290
31611
33634
33079
31969
32228
32393
34891
33515
31672
32403
33854
31951
32540
32618
32943
32076
31751
32523
31897
32020
36295
31747
32170
31690
32203
31828
34304
35546
34263
31837
34798
32602
32561
36400
32222
33107
32044
31670
33722
31653
31796
32552
35907
34412
33209
32495
33754
36056
32391
31881
31810
32335
32155
32044
31779
32517
32202
34263
31741
32407
32000
32000
32313
32449
31752
33840
34424
36299
32530
31684
32626
33294
32086
32477
32116
32484
35107
34632
32193
31658
33877
32291
31686
31666
32300
31749
36297
32789
32193
32183
32227
33513
32289
32541
35676
33218
36128
32772
35212
35808
32207
32219
32265
34422
32168
33921
31689
35808
32180
31730
33552
31944
33051
34048
32441
32446
31852
35379
31677
32550
32605
31963
31741
36300
36304
35175
32064
32497
31776
31900
32500
32477
33644
32759
32437
35298
32382
32522
32013
32131
36392
31895
36389
32180
32305
32429
31747
32119
31807
35861
31865
34744
33346
34735
31882
32306
34284
35215
33698
32306
32545
31944
32240
32366
35348
32128
32158
31948
31971
32296
32500
32048
35948
32103
32282
32025
32679
32549
32405
31785
33298
32041
32217
32557
31929
31915
32088
36387
32641
33450
32354
31838
31936
32629
34756
31876
32410
32360
32576
36378
34611
32532
32588
33625
31775
32325
32514
32129
31879
33790
33133
32612
31823
32537
31823
31910
32616
32295
32212
31755
32479
31976
31917
32212
32339
31950
36291
32513
33005
32998
35269
31991
31927
32528
32224
32176
31931
36394
32496
32377
32355
34740
32324
31878
33241
35107
32167
32237
32384
31830
33491
34324
32291
31753
32278
35930
32512
32238
31997
34897
32593
36302
32196
34319
32270
32092
32260
36280
32559
32032
32418
34497
31896
32317
36303
36412
35392
32221
32197
31899
31775
31925
34653
35756
33053
32541
31904
32133
31974
32277
35147
32625
32249
32433
32543
32398
31833
33424
32639
34234
33145
31862
32277
34987
31788
33577
31871
31960
32771
33478
35909
36138
31862
32615
32507
32327
33678
31882
33270
32237
35287
31903
32268
32408
32607
32620
32619
32301
32468
32026
31993
31809
32219
32300
33042
33233
32626
32599
32285
32530
32036
32177
34251
32524
32451
33647
34422
32348
36063
32254
32651
34132
31826
34980
34616
32546
32544
32108
33128
32582
34622
32280
32033
32220
32558
32335
35444
32329
32165
33104
32680
33767
33551
33194
32844
32356
34191
31933
32157
31955
32112
32508
32030
32013
34532
35483
32365
32389
32614
33114
32493
32026
33163
32630
34055
34386
32118
33814
32183
32070
32607
32214
33070
32331
32229
32432
31941
32284
31951
33538
33715
31916
31898
32090
31955
31919
32516
32376
32395
32122
31895
35811
32314
33259
34235
33862
32124
32198
32843
31953
32315
32286
31881
32335
32271
32380
31881
32409
31979
32004
34875
31954
33751
32097
35314
32275
32176
32077
33434
32687
34825
32541
32033
32104
35660
31929
35286
32958
33544
33104
34515
31993
33109
32533
32518
32257
33606
32527
32365
33642
32185
32144
32570
33141
33505
32990
32241
32079
32924
32248
32203
36387
32265
32739
32219
35951
32578
32962
34043
34606
31997
31894
32063
31900
32457
32401
32581
32149
32547
32064
33237
32426
35998
32160
32095
31975
33070
32056
36401
35778
31971
34786
32074
35187
33100
32827
32124
32318
32100
32236
36411
32181
35638
32280
32200
34873
35561
35141
35742
32487
34520
32214
35354
32056
34597
32397
32754
36291
32539
35675
34658
32083
32598
32748
32358
32075
32321
32559
31935
32419
32339
31974
32437
32269
33770
32027
36394
32081
32444
33753
33466
35812
33012
32552
32719
36308
32965
33086
35808
31991
32106
35027
32340
32638
34774
32657
32068
32319
32273
33017
32201
33741
36126
33343
33123
34280
32531
31989
33500
34825
32581
32443
32005
36300
34386
32012
32147
33870
34143
35301
32776
36077
32186
32328
34912
32147
32333
31970
35837
32293
36391
32587
32286
33677
32215
32357
34099
33420
32263
34461
36397
33451
32479
33579
32002
32604
32143
34141
32479
33763
32803
32465
32614
32052
33923
32855
32582
32326
32454
32330
32352
33270
35575
32474
35777
32246
34065
34435
32288
32001
32461
36391
32309
32238
33390
32653
32367
33561
32400
33477
32357
36387
36304
32987
32589
33782
33800
32276
32082
32631
32227
32585
33527
32182
34738
32081
33050
32333
35067
32065
32699
32242
32469
32475
32290
32181
35317
32469
32507
32548
32170
32718
32609
32643
32860
32109
32902
32199
32311
32516
32419
32073
33771
32542
32230
32328
36393
36257
32576
32455
32496
33097
32304
36397
32282
34379
32635
32584
32116
32146
36398
32927
33985
35733
32448
32348
32341
32827
32246
33509
32621
32473
35194
34559
32468
32166
32415
35094
33013
32942
32424
32500
32567
32286
32407
34748
32547
36112
32810
32381
32737
32401
32520
33454
35329
36266
32622
34611
32075
32935
32249
33493
32420
32516
35713
32239
32381
32358
32636
32786
33226
32641
32252
33363
32141
32177
32323
32170
32235
35697
35315
32243
32256
32196
34649
32320
33315
32960
33394
32138
35274
35209
33106
36390
33964
35252
32542
34532
32986
33604
32242
32547
34852
32113
35951
35103
32126
32971
34356
33548
32230
32911
32451
35343
32129
34502
33518
32514
32478
32245
32241
32705
33381
32216
35451
32929
35676
32359
32429
32511
34475
32168
34811
33626
33101
32227
32182
35880
32181
33840
34007
32818
32449
32307
32400
33006
32567
32192
32478
33722
32553
33793
32688
32535
34744
33663
32333
32395
32446
32498
34530
35797
33369
32815
32624
36257
32569
32360
32382
34074
32470
32632
34549
35448
32373
32759
32574
33810
35304
34934
32255
34833
35353
34725
32798
32251
32352
32760
34950
32637
32529
35660
32206
32812
32501
36104
36053
33963
32453
32207
35291
33450
32657
35329
36312
35757
35476
32351
34980
32893
34991
32281
33445
32937
33467
35224
32873
32272
32239
34284
33931
33808
33197
32570
32282
32384
32568
33100
35954
32273
34120
33018
36274
32443
32623
34123
34121
32355
32570
36393
32266
33382
32343
32504
32218
32599
32256
35348
32362
36293
35256
36397
36125
33915
33366
33832
34108
32465
33687
32426
32756
33963
34022
32901
32422
33326
32518
33110
33498
32705
32402
35564
32375
33655
32661
32280
35135
32342
32554
32624
32807
32251
33303
32292
32490
35485
32392
34746
34091
32493
32627
35337
32430
32468
33377
32411
33968
34677
32759
32402
36411
32380
32482
32583
33830
33605
34649
36297
32291
34198
34746
35274
32529
36292
33471
32639
33297
34048
33900
32442
35192
35642
36393
32388
32618
35817
34948
32440
32973
36103
32359
32371
33112
33559
32478
32420
32633
32324
35684
32318
35296
34029
33488
32411
33694
32407
33462
32599
32633
32450
34039
35804
33519
32566
32808
32398
32614
32465
32378
35598
34770
32620
35554
33668
33866
32455
35837
32399
34237
33447
34700
32865
35458
35953
32864
33600
32553
32536
32610
34768
32758
32571
33736
32606
36396
32591
34038
33682
32438
35353
34833
33042
32369
32542
34541
34198
33675
34196
33481
32838
33873
36104
32639
32508
34412
36050
32383
35298
33565
34778
33991
32404
34173
33716
32526
35800
35800
35025
36378
32601
32634
32625
33651
33069
32556
32550
32509
34880
34523
34960
32587
35280
35855
33417
32417
33369
32474
32611
33139
33318
33643
32595
32505
32615
35167
32494
32971
35579
33105
34236
33616
33789
32619
32620
32526
35777
32574
32505
32445
34280
36417
32628
32690
33140
35380
32579
33019
33067
34359
32637
34128
34075
36399
32610
35122
33544
33028
34319
35291
34101
33877
32488
32596
32634
32502
32573
33584
32635
33861
32730
32843
36297
32890
32806
32636
35092
36397
32548
34765
35832
33391
35301
34112
36310
32769
34967
36108
32641
32556
32847
32589
33637
33498
35939
35638
32638
35858
32544
33369
32580
32558
34514
35245
32526
34996
33449
32863
35131
33308
32565
32581
35337
34877
36007
36301
33873
35868
33935
32588
32656
32572
33436
33558
36399
32657
34738
33705
33038
33718
33542
33363
33320
35314
35888
34304
32568
32885
32588
32613
32751
33582
32575
32981
32597
35245
34477
32584
33520
32556
32563
35273
34101
36400
32562
34202
33053
32570
34716
35209
34780
34841
34848
33594
34087
33717
33366
33590
33562
36399
33775
32941
33526
35736
33777
32647
34433
34486
33721
32719
33092
32822
33064
33007
35255
34559
34875
34423
32609
33613
34597
34969
35108
33318
36089
36108
34820
33662
33566
34458
34086
32748
33855
34038
34345
35279
34814
35917
33955
33180
32954
33565
35149
36304
33108
33754
33160
33545
32921
33458
33393
33342
33456
32899
33366
36306
32961
33174
33046
33506
33119
32718
33299
33162
32883
32869
32803
32814
33596
32883
32697
33782
35975
33378
33080
33462
32916
35083
33081
33239
35618
33001
33620
33205
33397
33677
33776
32880
32804
34873
33761
33084
33274
33147
32872
33145
33419
33812
33347
33670
36404
33486
34077
32824
33661
33136
32860
33633
33344
35692
33768
32866
33140
33455
33993
34170
33768
33633
33511
33527
33235
32734
33217
32869
33776
35677
35177
33357
36019
32871
33589
33145
33814
33202
33336
33147
32873
33289
33104
33767
32909
33700
33101
32877
32736
32977
33742
32955
32688
33740
33618
32768
33289
33680
33733
32881
33611
35508
33449
32900
32695
34433
33660
36068
33500
33560
33650
33533
33220
33412
33729
32706
32778
32795
34465
33726
33445
33554
32710
33082
34036
33995
33438
33724
33503
32925
33406
32957
33271
33086
34519
32936
33709
33325
33730
33911
33093
33092
33263
33303
32964
33279
36396
34015
32859
33662
33765
33761
33367
32803
32832
36403
34092
32870
34942
33468
33756
33048
33646
33237
32972
33389
33552
33204
33632
33197
32986
33085
32951
33661
32846
32799
33009
32861
33756
33258
32825
32800
34058
35755
35338
33737
33864
34068
34089
34074
33853
33939
33733
33735
35508
33477
32819
33605
33536
33149
33050
32864
33227
33668
32816
33313
33941
33595
33239
33615
33422
36097
32782
32931
33371
33488
35296
33395
34445
33156
32955
32737
33071
32834
33639
33988
35785
32928
33416
33815
33318
32775
36419
33340
34919
34346
35027
33447
32937
33342
33691
33034
32729
33726
33467
33173
32889
32789
33106
32830
33448
33599
33061
33277
33046
32926
33262
33506
33448
32897
34426
33111
33657
32840
33653
33324
33697
33080
33549
33746
33706
32945
33135
33075
32939
32929
32772
33537
33402
33273
32793
35719
33803
32851
36306
32813
33631
33808
33421
33392
33747
33233
32918
33088
33278
32876
33213
33591
33241
33121
34453
33043
33313
33316
33228
34824
32964
33182
33712
32972
33783
33375
33194
33922
33438
34090
33492
34967
33095
33041
33626
32886
32890
33080
32818
33108
32930
32834
33812
33141
33642
33025
33131
33713
33138
32975
33591
33498
33409
33238
33349
32933
33184
33222
33425
33607
36090
32974
33296
33616
33646
33413
35622
33414
34018
35956
33031
32949
33625
35262
33451
33215
34674
33980
33752
33620
32804
33001
35758
33661
34578
33628
33423
33561
33441
33561
33358
33220
33211
33157
32861
35114
33009
33300
32861
34117
33580
34415
33690
33801
33298
33102
33583
33508
33432
36110
32970
33016
33622
33293
32979
36094
33466
35692
34261
36408
33427
34118
33338
33049
35758
33483
33713
32836
33248
33697
33118
33430
35157
33434
33311
33577
33529
33497
33883
32950
33033
35742
33528
33562
33799
33393
32921
33158
33816
33164
33166
32854
33060
33386
32805
35916
33944
32890
33487
34905
35338
33773
33935
33039
34062
33873
33194
34071
33474
33780
33810
34040
33716
33045
33431
33727
33503
33054
33555
35613
33436
33140
32924
32866
33055
34972
34422
32944
33093
33597
33335
35662
33480
33059
33745
33365
32888
32967
33573
33629
33458
33062
33545
33436
33519
33054
33100
33798
33403
33246
33571
33395
33739
33371
33685
33416
33622
33639
33754
33209
33071
36418
33134
33637
33174
33640
33130
33281
32832
33485
33485
33596
33588
33615
33442
33765
33042
33944
32978
32824
33785
33004
36407
32908
33079
33687
33090
32824
33687
32865
33628
33027
35383
33335
35827
32827
34171
33184
33017
36406
32836
33026
34407
33195
33577
33422
33448
33483
33025
33330
33074
36402
33565
33331
33513
33113
33086
33398
33297
33513
33113
33759
35623
33699
33954
33717
32938
32856
33699
33433
34016
33082
33116
33897
33602
33766
32912
34604
33118
34149
34064
33795
33494
33697
32966
33324
33219
33553
34537
33800
33540
32946
35986
33343
33218
33251
35986
33124
33437
33725
33983
33621
33608
33621
33440
33742
33683
33331
32930
33109
33360
33797
34161
33128
33546
33252
33260
33250
32938
33679
33133
34824
33847
34419
33133
33637
33550
33285
33661
33459
32994
33612
33339
33138
33744
33396
33703
32940
33067
33571
33603
33465
33865
33522
33316
33417
33763
35340
33521
33341
33210
33576
32941
33476
33219
33551
33533
33429
32999
33556
33285
33302
33198
33641
33333
33198
32963
33584
33767
33592
33512
33618
33368
33405
32967
35724
33559
35975
33674
33444
33666
33360
35308
33002
33729
35124
33409
33166
33797
33284
33858
33353
35017
33824
33172
33609
33175
33175
33391
33609
33176
33178
32952
33177
33769
33346
33350
33178
33659
35405
33491
36018
33385
33008
33231
33274
33230
33531
33234
33106
32962
33407
33809
33185
33540
33606
33034
34059
33468
34596
33011
33432
33636
33287
33650
33126
33280
33547
33581
33412
33762
33652
33191
33731
33547
33193
33503
33325
33786
33431
33073
34105
35804
33618
33710
33786
33610
33512
33249
33184
33792
33641
33196
33120
33898
34034
33044
32934
33902
33229
33463
33449
34596
33295
33549
33648
32990
32977
33667
33638
33105
33806
32971
33388
33838
36137
36108
33695
33623
34147
33067
33465
33584
33152
33471
33493
33301
33557
33199
33465
33379
34001
33749
33753
33499
33016
33704
33728
33160
33025
34388
33336
33890
33630
33123
33272
33470
34004
33712
33759
33755
33971
32998
33472
33038
33993
33337
33327
33569
33306
33421
33583
33187
33177
33665
33009
33730
33097
33359
33534
32952
33309
36278
36405
35174
33708
33200
33393
33456
33158
33816
33686
33800
34873
34987
33776
33177
33350
33688
33535
33512
33217
33304
33257
33101
33265
35528
33150
33551
33269
33059
33296
33165
33723
33150
33209
33069
33063
33072
33152
33285
33024
33282
33898
32996
35497
33377
33795
33516
33490
33172
33473
33306
33805
33353
35409
33489
33376
33305
32988
33035
34145
33067
33246
33539
34246
33269
33550
33136
32986
36071
33604
32995
33621
33437
34116
33192
33176
34288
33484
33142
33707
33058
33151
33165
33553
33515
33264
33632
33957
33118
35677
33259
33248
35233
33657
33597
33235
33439
33304
33775
33475
34170
33768
33784
34017
33744
33275
36408
33022
33642
33277
33237
33644
33544
33095
33663
33536
33371
33266
33599
33429
33078
33153
33197
34172
33392
33564
33180
33038
33807
33117
33180
36115
33102
33623
33843
33677
33382
33132
33205
35141
33338
33733
33760
33581
34986
33731
33191
33676
33743
33441
33200
33542
33561
33361
33472
34184
33741
33182
35448
36139
36083
36334
34214
33400
33446
33446
33388
33400
33604
33370
33091
33778
33733
33490
33384
33719
35785
33499
33685
34162
33792
33738
33507
33738
35524
33817
33331
33326
33392
33374
33631
33634
33427
34134
33634
33427
33790
33111
33487
33713
33806
33317
33114
33973
34144
33144
33316
33941
33153
33138
34056
33308
33864
33112
33888
33606
33458
33386
33836
34124
33488
33445
33653
33203
33449
33048
33564
33718
34089
33164
33212
33970
33051
33749
33083
33119
34030
33382
34036
33572
33721
33474
33355
33716
33737
33530
33154
34196
33727
33663
33673
33601
33570
33412
33492
33536
33149
33519
33669
33226
33062
33585
33337
33466
34354
35177
33062
33519
33524
34922
33758
33525
33461
33799
33651
33783
33237
35916
35613
33555
33461
35640
33066
33946
34183
33879
34358
33779
36405
33815
33672
33732
33799
33562
34465
33817
33528
33174
33407
33366
34007
33743
35183
33485
33588
33677
33097
33288
35527
35098
33192
33462
34869
34136
33308
33628
33785
34190
33192
34084
33668
33615
35230
33844
33454
33230
33765
33367
33720
35121
33695
34578
33755
33162
33638
33444
33424
33299
33605
33477
33396
35470
36096
33593
33486
33580
33814
33426
33327
33479
33601
33352
34725
34972
33364
33510
33997
33267
33403
33820
33509
33381
33245
33674
33676
36407
34169
33536
33517
35597
33286
33407
33363
33639
33326
33159
33734
33131
34074
33708
34519
33954
34021
35713
34103
33433
33475
33748
33703
33563
33781
33990
34115
33341
36308
33240
34026
33357
33810
33238
33702
33138
33339
33725
33636
33671
33247
33848
33359
33630
34005
33717
33252
33679
33656
33250
33528
33773
33681
33415
33487
33430
33135
33811
36418
33380
34042
33543
33459
33153
33918
33802
33429
33506
34312
33603
36404
33655
33419
33420
33645
33257
33417
33217
33924
33978
33865
33426
33589
33457
33886
35919
33902
34004
33514
33617
33476
33219
33556
33591
33199
34298
34646
33613
33329
34871
33680
33740
33190
33652
33285
33221
33694
34537
33553
33424
35828
33221
33694
33399
34292
35271
36406
34094
33356
34125
33411
33207
33361
33745
36311
33414
33508
33306
33356
33876
33609
33681
33746
33876
34160
33813
33789
33350
33688
36018
35497
33303
33231
33741
35631
33183
33282
33236
35184
33214
33772
33291
34183
33686
33214
33491
33769
35233
33737
33657
33247
33280
33586
33216
33193
33533
33706
33762
33909
33310
33517
33406
34604
34137
33459
33724
35015
33718
33935
36405
35616
33242
33779
33426
33607
33327
33288
33242
35625
33229
33690
33210
33223
35667
33410
33702
33803
33253
33562
33457
33412
33216
33360
33373
33471
33802
33809
33451
33547
35719
33652
33767
33399
34428
34127
33428
33576
33740
36307
33261
33480
33545
33548
33774
33613
33345
33522
33453
36037
33233
33256
33696
33296
33261
33255
33383
33567
33385
33251
33329
33243
33522
34858
36039
33357
33345
33301
35167
35428
33566
33406
33626
33641
33990
34588
35659
33516
35763
33489
33260
33272
33502
33404
33440
33333
33766
33268
33274
34452
33747
33720
33454
33439
33468
33467
33494
34149
33502
35904
36309
33696
33567
33775
34155
33268
33700
33783
33375
33465
33672
33571
33271
33541
33496
33707
35356
35368
33343
33720
33859
34168
33600
33358
35667
33495
33666
33667
33627
33314
33567
33360
33797
33489
33792
33310
33517
33500
33671
33532
33521
33710
33784
33806
33317
33809
36132
33800
33322
33624
33754
36092
34288
34662
34074
33718
33708
33714
33480
34717
33704
33666
33585
33712
33537
33619
33384
33365
35853
33497
33804
33311
35597
33323
33692
36334
33452
34031
33469
33894
33732
34890
33701
34323
33752
33598
33625
33796
34473
33636
33435
35299
33523
33535
33624
33689
33587
34494
33493
33563
33700
33414
33490
33356
33443
33975
33607
33705
34351
35252
33469
33440
33683
33738
35907
34662
33595
33528
33817
33764
34261
33659
36018
34508
33919
35403
34519
33810
33568
33365
33557
33443
34050
35909
34635
33359
33510
33372
34040
33423
33482
33410
33511
33383
33402
35726
33443
33405
33454
35177
33596
33421
33392
33538
34081
33780
33701
34172
33488
33499
33384
33672
33721
33627
33452
34049
33430
33537
33696
33930
33393
33690
35318
33757
35907
36419
33579
33453
33706
33746
33592
33709
33618
33580
33510
34415
35362
33483
34022
33648
33621
33832
33763
34034
33803
33742
35905
33734
33579
33470
33635
33542
33441
33414
34066
33413
33640
33773
33685
35548
33578
33763
33578
33511
36385
33501
33507
33901
33473
33577
35802
35603
34695
33638
33426
33589
33569
34035
33709
33610
33963
33791
34030
33934
33856
36083
34653
33683
33505
34057
34123
33450
33527
35603
33744
36408
35390
33559
33667
35856
33508
35299
35525
33752
33899
33470
33475
34962
33574
33643
33576
33623
33591
35424
33590
33706
35503
33681
35738
36401
35094
33521
33635
35939
33498
36404
33597
33726
35124
33729
33660
33675
35748
33715
33538
34158
34135
33723
33682
33693
33482
34549
33719
33758
33699
33949
33543
35802
33631
33715
33687
34426
33745
33665
33749
33703
33516
33644
33739
35086
33541
33539
35896
33986
35877
33505
34178
33656
33735
33850
36315
35871
36419
33998
33755
33570
33749
35969
35283
34188
33777
33673
33601
33663
35098
33861
33795
33669
35755
33678
35623
34144
33684
33578
33917
34139
33647
33756
35662
33761
33765
36100
34297
33581
33540
33772
33786
33582
33649
33770
33678
33693
34359
33651
33656
33788
33651
33555
35682
33590
33612
33723
33779
34835
33771
33941
33602
34356
33802
35905
33735
34706
34653
33664
35560
33807
33965
33705
33585
35700
33745
33778
33814
33673
36032
33995
33863
36403
33596
33748
33703
34177
33986
33587
34242
34010
33750
33812
33808
35896
33894
36403
33714
33723
33610
35559
33594
36071
33604
35946
34115
34047
35584
33739
34078
33852
33722
33874
36082
33643
34023
33725
33702
33760
33620
33728
35749
33704
33758
33649
33694
35528
33622
35785
33905
33817
35584
33797
33637
33818
34646
36413
35681
34112
36094
33775
35818
33859
36306
33734
35553
35828
33646
33715
33805
35726
34972
35553
33750
33707
33796
33737
33726
34129
33820
34049
33798
34013
34190
33682
33813
35920
34004
33796
35816
33688
35737
34382
35756
36026
34673
35562
35290
35214
36115
34717
36136
33728
34160
33788
33799
33785
33974
35564
33772
35083
33774
33811
33773
35521
35299
33794
33811
33816
34042
33791
33711
34290
33729
33793
33740
34080
34346
33741
34568
33863
33971
33722
33815
33727
34119
35610
35840
33762
36029
33778
34116
34538
33781
35597
35235
33951
33804
35157
33811
36294
34519
35618
33768
35562
35368
33813
35485
35737
35681
34768
35584
35461
34083
36409
35230
35830
34458
33894
36278
34161
35857
35825
34824
35202
35656
34032
36140
36138
36141
34107
34972
35382
34990
34508
34177
36175
34136
34047
35283
33850
34140
33852
34040
34076
34023
33961
34009
33952
34967
33970
33988
34125
36311
33826
34019
33880
34155
35962
34600
33973
34146
34002
34052
33899
35781
34143
33901
34083
34154
34038
36086
34120
34039
36091
33984
34162
33983
33919
34062
34135
34158
33956
33923
34176
33991
33920
34169
33943
33959
33905
34906
34093
35074
34028
34025
33966
36028
33914
34121
34106
34060
36113
34065
34151
34176
34107
34159
34035
33905
33992
33898
33897
34115
34817
33965
33997
34031
34052
33972
34175
34126
34015
34000
34112
34073
33904
34067
34071
34135
34061
33980
34163
35459
34008
34047
33859
34045
34049
34140
34020
33982
34111
34121
33910
36074
34564
35357
34120
36119
35559
34162
33984
34050
34134
34108
33917
33919
34064
34156
34149
34158
34079
36314
33996
34026
34003
36313
33927
34084
33989
33896
34138
34025
34127
34093
34173
35749
34091
34099
33933
33960
33934
35868
34171
33884
33936
34167
33994
35934
33991
34086
35168
35783
33942
33944
33943
34685
33944
34105
36407
34169
34148
34104
33976
33962
34174
33957
34020
33947
35381
34091
36136
34097
33937
34102
34178
33917
34056
34096
34999
35551
33900
34155
34128
34082
34071
36409
33971
33951
34087
34128
34059
34131
33989
34068
34079
34005
34023
34009
34174
34137
34024
34172
34040
34072
34060
34081
33946
36405
33976
34011
34177
34051
33908
34027
34070
33981
34131
36107
34170
33965
34031
34126
34001
34099
36079
36011
33960
34378
34114
33946
34167
35868
34082
36175
34100
34061
34163
34100
34061
34049
34141
34123
34083
34038
34106
34154
34077
34010
36350
34110
36131
34094
34110
34643
33984
33987
34179
34022
33916
36028
35016
33966
34069
34107
34056
34069
34178
35994
34148
36307
34156
34057
34064
34086
34352
33941
33994
35418
34029
34151
33967
35772
34084
34132
34054
33946
36116
33947
33962
33959
34059
34058
34046
34173
34091
35796
34046
34173
35992
36011
35627
34203
34018
33937
34102
33939
35001
34130
34347
34113
34171
34088
33979
34139
36000
34065
35994
34685
34101
34148
34114
33953
34104
34033
34259
34157
33999
34005
33999
34028
35001
33988
34075
35557
34046
34104
33962
34144
34016
34041
34055
36311
34153
34012
33996
34137
34111
34043
34024
34131
34070
34030
34082
34130
34025
35569
33987
34556
34099
34801
33993
34003
34026
34069
34159
34107
34041
34055
34103
34001
34048
34161
34015
34175
34125
34144
34146
34103
34112
34143
35803
34033
34124
34942
34092
36111
34180
34176
33992
34070
34047
34163
34095
34098
34119
34178
34020
35962
34139
34136
36053
36028
34092
34034
34145
36050
34037
35818
36008
34176
34006
34090
34018
34062
34034
34147
34165
34171
34088
34142
34801
34635
34556
35962
35823
34126
34180
36409
34133
34393
35499
34116
34105
35684
34100
34113
34117
36117
34033
36004
34090
34164
34055
34021
34016
34162
36406
34094
35795
34031
34103
34498
34177
34098
34053
35557
35558
35912
34606
34066
34127
34749
35977
34122
34166
34130
34117
35814
36074
34037
34136
34060
34139
34069
34077
34226
34243
34146
34419
34126
34088
34301
34097
34165
34078
34141
34075
34094
34110
34129
34122
35823
35992
34153
35606
34119
36312
34552
34063
34124
34123
34089
36114
34070
34149
34086
36311
34125
35992
34153
36048
36048
34106
34152
34076
34133
36123
34647
34222
34140
34089
34172
35558
34174
34083
34152
34132
36002
34146
35912
34140
34158
34138
34142
34102
35494
34105
36038
34159
36313
36289
35984
34157
34622
35381
36044
34160
35004
34168
34134
34122
35982
34552
34133
34161
34134
35494
34142
34167
34749
35870
36101
34166
35964
34147
35097
34188
34180
34154
35912
35001
34169
34551
36314
35499
35551
34168
36408
36067
35646
35823
36135
34506
34547
35858
35709
35775
36126
34885
35239
34266
35693
34454
34880
35794
34718
34661
35470
35353
34790
34476
34199
34366
35601
35477
34442
34204
35798
35380
35279
34541
34790
35353
35381
35500
34460
34614
35326
35298
35369
35736
35479
35880
35627
35250
35157
36221
36326
35728
34802
35416
34289
35259
35607
35933
34576
34665
34651
34598
35942
34557
34250
34573
34384
36118
35909
34640
35580
35008
34328
35012
35959
35350
34894
35843
35415
34693
35383
36117
34365
35112
35039
35666
34569
36315
35387
35082
35982
34365
34432
35401
36322
34645
34455
34466
35588
35216
35768
35158
36049
35762
34414
34506
34271
35179
34435
35191
35860
35666
34398
35228
34247
36366
34885
35741
35953
35167
35428
35303
34527
35440
34276
36038
36035
35675
35476
34898
35360
34563
35113
34701
34363
34996
34943
35285
35993
35099
35156
35137
35983
35769
35310
34970
35642
35626
34773
34622
36004
34721
36416
35562
35519
53346
36023
34386
35899
35450
36073
34822
35284
34342
35446
35037
34816
34615
34775
34315
34355
35637
34670
35543
35842
34818
34612
36027
36005
34978
34812
35008
35045
35942
34992
34676
35261
35067
35808
35512
36325
35929
35046
35760
35196
34686
34778
34649
35843
34684
34709
36044
35946
35643
35611
35473
35020
34788
36079
34827
35544
34444
34379
34671
35275
36417
35048
34770
35204
34855
35533
35117
35770
34396
35172
34334
36124
35375
35340
35279
35681
36324
36070
35319
35621
35708
35849
35766
34531
35914
34434
35897
35782
35065
35594
35539
35902
35509
35555
34856
36285
35678
34566
34315
34775
35871
34548
35166
35854
35268
34963
34966
36272
36411
35532
34734
35880
35935
36383
34678
35944
35357
35405
34948
35836
34854
35488
35242
35733
34463
35447
34731
34841
34847
35858
35802
34353
36027
34621
35180
36038
36093
35273
34744
35421
34586
35521
35850
35185
35576
34794
34715
35487
34694
35596
35771
34722
35274
35855
35388
35860
35191
34781
35558
34399
35886
34896
35049
34482
34796
35173
35818
35692
36050
35783
34978
34445
35888
35632
35951
34716
35816
34934
34588
36132
35569
35490
35528
34761
34482
34900
35718
35938
35187
35041
34522
34564
35236
35436
36109
34424
35944
35243
34678
35925
34528
34424
34712
35217
34765
35832
34671
36076
35505
35654
35585
34711
34756
34579
36144
36004
34622
34825
35712
34804
34546
35205
34570
35366
35824
35754
35373
35789
34415
35702
36006
35480
35336
35042
34795
35759
35203
35834
35655
35264
35956
35186
34554
35476
35675
34969
35835
35672
35316
35060
35127
34877
35890
34614
34569
35394
35396
35260
35337
35903
35377
34822
36073
35431
34693
34945
34691
34676
35026
35072
35362
35300
35022
34784
34882
35707
35976
34901
35477
34952
34611
35444
35341
35926
34984
35909
34434
35820
35985
35938
34610
36058
36313
35215
36418
35711
36026
35221
35617
34780
35805
35542
35672
35221
35335
34446
35072
35481
34504
36090
36122
36123
35941
34997
34764
35683
35572
36013
35888
35235
35957
35365
36332
34629
35799
35296
35719
34698
35735
34924
35000
36181
35592
36072
34922
34825
34471
35676
36413
35694
35613
34905
34817
35097
36060
35857
35932
35817
35590
34924
35391
34672
34997
34743
36277
34704
35635
35899
35069
34472
35281
35547
35395
35487
34715
35625
35745
35885
35624
35493
35235
34991
35119
35619
36042
34931
35182
35856
36401
34737
35661
34834
34610
35249
34543
35093
35648
35546
34569
34672
34637
35391
35816
34588
35162
35833
35151
35485
35079
34493
35019
35086
53417
35032
35874
35851
34958
34774
35339
35188
35811
36009
34989
35867
34710
34860
36092
34788
36122
35511
35328
35376
35120
35076
35056
35897
35496
35520
36040
35813
34973
35843
35428
35382
34754
34846
35941
35284
34748
34520
35579
34906
36175
35967
35960
36213
35288
35812
35107
35776
34840
35990
36414
36114
34511
34782
35447
34920
35086
35553
35879
35374
35518
35509
34984
35651
34831
35834
35655
35809
35207
34529
35194
35517
34650
34688
35420
34752
35121
35579
34974
35908
34928
35063
35379
35211
35346
35523
36075
35767
34868
34620
34607
36268
35385
35047
35757
34959
34687
35067
34941
35526
34872
35266
35652
35400
35528
35448
35419
35832
35682
34999
34994
35073
34939
35561
35252
35674
35989
36056
34688
36415
35750
36012
35154
35410
34927
35785
34967
34636
35632
34674
35521
36016
35173
35904
35589
36064
34813
34647
35199
35769
35983
35163
35560
35376
35328
34609
34988
35751
35958
34862
35814
36083
34763
34884
35030
35424
35676
35634
36412
36303
34979
35311
34701
35695
35116
35577
35631
34644
34589
36175
35579
35771
34615
34816
35831
35927
35413
34773
35768
35158
34839
34755
35615
34759
34625
35901
35949
35889
35947
34632
36316
35224
35115
34859
34763
34884
34801
34635
36176
35077
36401
35809
34740
35235
34991
35179
35017
36002
34623
34867
34826
35269
35581
35716
35368
35671
35257
35925
35505
35650
35688
35718
34875
35715
35739
34964
35079
34736
35167
35303
36415
35777
35910
35821
34966
35467
34932
35917
35674
34681
35705
35430
34791
34819
35320
35994
35878
35057
35174
35667
34630
35799
34864
36067
34654
36105
35866
35972
34998
35768
35633
36118
34710
35936
35216
35614
35720
35489
35064
34683
34742
35231
35788
36319
36131
36091
35947
35758
35905
35313
35999
34734
35810
35149
35706
35971
35658
35478
35920
35405
35694
35188
35181
34975
51839
36169
34696
35759
35123
35965
35480
34891
35524
36089
35752
35506
35416
34921
36069
35496
35820
35386
35846
35519
35888
34954
35280
35322
34723
35336
36027
34859
34851
36046
36211
35316
35994
35143
34955
35706
34863
35063
35028
35129
35206
35952
35466
35465
35440
36152
35089
35923
36052
35458
35531
34723
35453
35653
35847
34876
35991
35422
35209
34760
34923
35237
36057
35219
35654
35686
35725
35826
35943
35724
35332
34907
35305
35074
35076
35460
34811
35729
35780
36073
36247
35011
35189
34755
34747
35165
36341
35266
35479
34850
35493
34970
35573
35382
35428
35834
34806
35023
35148
34764
35254
34909
52004
35595
35500
35381
35615
35121
35392
35984
35198
35918
36410
35486
34917
35105
36065
36043
35846
35637
35033
34802
35595
34909
36043
34762
35049
35209
36417
35974
35522
36049
35055
34880
35578
35489
36022
35326
35298
36042
35945
34786
35729
35844
35612
35833
35142
35162
35149
35197
35689
35753
35357
34919
35559
35241
35740
36029
35864
34811
34958
35673
35514
34890
35999
34842
35936
35364
35955
36215
35099
35208
34936
35779
34860
35997
35566
34876
35921
35109
35378
35002
36310
36068
35191
36048
36017
35556
35344
35193
35510
35917
35229
34838
35703
36089
36122
36134
35442
34842
35818
35670
35439
35587
35800
34955
35914
34836
35646
35377
35746
34960
35879
35280
35322
35116
35851
35351
35780
36073
35321
35985
36115
35975
35461
35123
34915
35265
34978
35633
35906
35753
35683
35774
36251
35014
35583
36065
35753
35251
36321
35792
35311
35206
35515
35651
35351
35063
35028
35277
34968
35325
35509
34874
35006
35937
34944
35471
35471
36031
35665
35822
35948
35854
35475
35440
35139
35424
35738
34995
35144
35410
34956
35721
34980
36400
35172
36036
35737
36197
35407
34904
35732
35512
35400
35128
35125
35253
35397
35408
35954
35798
35313
35347
35468
34924
35000
35226
34985
35132
36033
35388
35727
35862
35691
34907
35793
34944
35937
35744
35837
35707
35755
35503
35742
35494
53385
36064
35703
35883
35819
35122
35656
35399
35443
34958
36007
35113
35395
35227
36085
36074
35005
35150
35887
36294
35324
53115
35841
35542
35672
35658
35478
35733
35412
35560
35659
36174
35945
35292
35111
35345
36013
35482
35244
35598
35098
35696
35910
35588
35153
35915
35932
35194
35322
35403
35726
35233
35393
35588
35601
35668
35452
36341
35483
35537
35766
35807
35848
35370
35112
35380
35169
35840
35021
34986
35091
35996
34976
35577
35293
35621
35319
35415
35295
35438
35835
35444
35411
35138
35391
35281
34998
35972
35090
35840
35279
35561
35731
36110
36094
36125
35026
36320
35065
35551
35342
35446
35187
35396
35035
36415
35894
35750
36350
36085
35114
35330
35140
35165
35695
35116
35124
35101
36333
35529
35360
35270
35071
35663
35998
36053
36121
35853
35773
35669
35092
35245
35739
35740
35246
35556
35657
35791
35557
35895
35591
35678
35652
35728
35334
35743
35378
35772
36102
36128
35404
36057
35234
35484
35370
36001
35779
35348
35255
36323
36000
35095
35350
35462
36022
35629
35497
35979
35884
35365
35630
35679
36413
35762
36023
35135
35255
35062
35238
35571
35140
35423
35935
35580
36058
35109
35450
35436
35987
35525
35694
35482
35446
35778
35190
35220
35813
35776
35906
35307
35628
35737
35636
35275
35168
35575
36078
35609
35091
35861
35256
35407
35354
35942
35514
35673
36130
35856
35333
35434
35693
35699
36069
35150
35697
35984
35227
35705
35389
35577
35993
35232
35547
36084
35610
35874
35924
35734
35378
35963
35460
35286
35618
35516
35787
35329
35516
35153
35529
35498
35896
35689
35197
35876
35372
35531
35638
35957
36332
35761
36020
35252
35323
35196
35225
36051
35570
36013
35969
36046
35612
35844
36273
35435
35645
36327
36087
36088
35998
35545
35877
35889
35949
35827
35954
35268
35605
35465
35603
35837
35554
36229
35665
35799
35261
36035
35339
35644
35664
35498
35896
35763
35271
35699
35913
36330
35594
36078
35852
35942
35986
35296
35713
35369
36133
36097
35549
35996
35685
35846
35385
35576
36412
35760
35980
35507
35267
36068
36037
35517
35314
35393
35406
35565
36059
35406
35913
35953
35708
35849
35741
35787
35329
35342
35760
35350
35727
35723
35629
35497
36329
35586
35662
35390
35622
36118
36082
35324
35671
35257
35892
35949
35931
35526
35861
35437
35452
36031
35645
36002
36056
36034
36032
35334
36375
35764
36392
35273
35315
35513
35930
35734
35378
35711
36026
35408
36315
35343
35838
35465
36007
35730
35583
35409
35468
35347
35827
35836
35537
36010
35584
36315
35821
35804
36161
35644
35664
35659
35877
35948
35813
35295
36112
35548
36084
36119
35310
36003
35434
36074
35366
35756
35887
36072
36055
35359
35563
35433
35701
35935
36383
36418
35348
35320
36041
35627
36037
35922
36066
35973
35484
35390
36041
35358
35845
35617
35521
35978
35870
35687
35387
35969
35980
35963
35619
36045
36319
35495
35372
35876
35600
35794
35552
35473
35525
36326
35501
35810
35594
35539
35372
35623
35564
35716
35806
35807
35870
36127
35935
35954
36082
36096
35869
35549
35765
35430
35697
35747
35900
35398
35400
36070
35572
35427
35459
35517
35932
35763
36020
35467
35945
35511
35431
36324
36070
35443
35946
36008
35977
35463
35486
35536
35801
35638
35807
36275
35848
36059
35538
35700
36012
35668
35908
35715
35895
35591
35936
35608
35534
36135
36063
36161
36040
35602
35939
35684
35490
35640
35757
35682
35891
35469
35968
36051
35956
35515
35604
35875
35824
35990
36010
35844
35892
35830
35616
35720
35614
36091
36093
35577
35955
35725
35613
35916
36075
35523
35567
35929
35730
35905
35758
36030
36022
36330
35639
35575
35555
36077
35602
36015
36134
35781
36111
36100
35898
36129
36113
35643
36000
35939
35855
35924
36087
36088
35901
35684
35842
35543
35711
35782
36098
35628
35744
35962
36071
35600
35877
36404
35700
35713
35574
35752
35815
35796
36116
35968
35710
35661
35620
35903
35915
35686
36050
36105
35783
35856
35982
35667
36238
35952
36024
35921
35865
35735
36350
36112
36103
36129
35964
35745
35695
35997
35736
35882
36039
36332
35775
35646
35685
35871
36309
36036
35732
35748
36116
35884
36008
35934
35853
35872
36047
36047
35804
35902
36062
35982
35726
35987
36005
35732
35679
35681
35923
36052
35926
35691
35862
35904
36003
35756
35819
35883
36082
36015
35974
36098
35802
36017
36029
35864
36325
35929
35986
36268
35989
36081
36307
35867
35828
35845
36036
36039
36080
36115
35943
36136
35806
35916
36327
35920
35859
35928
35985
35890
35873
36057
35977
36113
36174
35869
35894
36079
35803
35872
36150
36375
36329
36139
36141
35944
35931
35976
36091
36131
35988
36081
35943
36330
35991
36090
36123
35824
35995
36139
36117
35965
35825
35897
36316
35869
35951
35975
36132
35863
35900
35922
36211
36001
36361
36047
35978
36411
36018
36041
35927
35933
36316
35992
36133
35893
35891
36025
35885
36033
36010
36016
36331
36108
36071
35989
36068
36048
36011
36058
36331
36105
36107
36080
36019
36333
35966
36106
36044
36006
35970
35970
36006
36019
36366
36124
36093
36009
36104
36079
36123
36105
36113
36037
36111
36114
36128
53386
36410
36137
36321
36107
36135
36263
36130
36285
36107
36136
36116
36132
36118
36085
36119
36112
36119
36350
36120
36121
36092
36134
36095
36095
36117
36109
36098
36100
36127
36114
36127
36111
36103
36129
36128
36120
36130
36126
36419
36137
36135
36131
36137
36133
36414
36323
36334
36140
36334
36141
52359
52513
52959
52320
36195
36240
36254
51840
53389
36241
36225
52194
36253
36299
36384
36358
52895
36374
36421
36423
37139
36489
37140
36489
36423
37148
37149
36488
36425
37154
36426
37150
36427
37209
36488
37210
36513
36459
38484
36514
36458
38485
36431
36461
37150
36515
36460
38487
36516
36462
38489
36517
36463
38490
36518
36464
38494
36519
36465
38498
36520
36467
38503
36521
36466
38504
36522
36468
38505
36523
36470
38509
36524
36469
38507
36525
36471
38511
36526
36444
36472
38515
36473
37139
36474
36445
36476
36527
36475
38516
36528
36477
38521
36529
36478
38523
36530
36479
38525
36531
36480
38528
36532
36481
38529
36533
36482
38531
36534
36483
38534
36535
36484
38536
36457
36485
36456
36487
36536
36486
38537
36538
38636
36539
38634
36540
36461
38638
37209
36541
38639
36542
38640
36543
38645
36544
38648
36545
38653
36546
38654
36547
38656
36548
38657
36549
38658
36550
38662
36474
36551
38665
37149
36476
36552
38666
36553
38670
36554
38673
36555
38675
36556
38678
36557
38679
36558
38681
36559
38684
36560
38685
36486
36487
36561
38687
37551
37858
36512
36562
36491
37143
38800
36563
36504
37142
38801
36508
36564
36493
37146
38807
36565
36537
37145
38804
36501
36566
36495
37152
38848
36567
37151
38849
36568
36497
37206
38850
36569
37207
38851
36499
36570
37499
39140
36511
36571
37501
39137
36572
36502
37552
39188
36573
37153
39300
36574
37666
39302
36575
36507
37692
39293
36576
37141
39328
36577
36509
37859
39493
36507
36578
37863
39495
36579
37919
39548
36580
37147
39980
36581
38352
39982
36582
36511
38385
40015
36583
38386
40010
36584
37138
40111
36585
40112
36586
40113
36587
40115
36588
40117
36589
40118
36590
40122
36591
40126
36592
40131
36593
40132
36594
40133
36595
40137
36596
40135
36597
40139
36598
40143
36599
40144
36600
40149
36601
40151
36602
40153
36603
40156
36604
40157
36605
40159
36606
40162
36607
40164
36608
40165
36609
37144
40260
36610
40264
36611
40262
36612
40266
36613
40267
36614
40268
36615
40273
36616
40276
36617
40281
36618
40282
36619
40284
36620
40285
36621
40286
36622
40290
36623
40293
36624
40294
36625
40298
36626
40301
36627
40303
36628
40306
36629
40307
36630
40309
36631
40312
36632
40313
36633
40315
36584
36634
36563
40428
36635
36576
40429
36580
36636
36565
40435
36637
36609
40432
36573
36638
36567
40476
36639
40477
36640
36569
40478
36641
40479
36571
36642
40768
36583
36643
40765
36644
36574
40816
36645
40928
36646
40930
36647
36579
40921
36648
40956
36649
36581
41121
36579
36650
41123
36651
41176
36652
41608
36653
41610
36654
36583
41643
36655
41638
36656
41739
36657
41740
36658
41741
36659
41743
36660
41745
36661
41746
36662
41750
36663
41754
36664
41759
36665
41760
36666
41761
36667
41765
36668
41763
36669
41767
36670
41771
36671
41772
36672
41777
36673
41779
36674
41781
36675
41784
36676
41785
36677
41787
36678
41790
36679
41792
36680
41793
36681
41888
36682
41892
36683
41890
36684
41894
36685
41895
36686
41896
36687
41901
36688
41904
36689
41909
36690
41910
36691
41912
36692
41913
36693
41914
36694
41918
36695
41921
36696
41922
36697
41926
36698
41929
36699
41931
36700
41934
36701
41935
36702
41937
36703
41940
36704
41941
36705
41943
36656
36706
36635
42056
36707
36648
42057
36652
36708
36637
42063
36709
36681
42060
36645
36710
36639
42104
36711
42105
36712
36641
42106
36713
42107
36643
36714
42396
36655
36715
42393
36716
36646
42444
36717
42556
36718
42558
36719
36651
42549
36720
42584
36721
36653
42749
36651
36722
42751
36723
42804
36724
43236
36725
43238
36726
36655
43271
36727
43266
36728
43367
36729
43368
36730
43369
36731
43371
36732
43373
36733
43374
36734
43378
36735
43382
36736
43387
36737
43388
36738
43389
36739
43393
36740
43391
36741
43395
36742
43399
36743
43400
36744
43405
36745
43407
36746
43409
36747
43412
36748
43413
36749
43415
36750
43418
36751
43420
36752
43421
36753
43516
36754
43520
36755
43518
36756
43522
36757
43523
36758
43524
36759
43529
36760
43532
36761
43537
36762
43538
36763
43540
36764
43541
36765
43542
36766
43546
36767
43549
36768
43550
36769
43554
36770
43557
36771
43559
36772
43562
36773
43563
36774
43565
36775
43568
36776
43569
36777
43571
36728
36778
36707
43684
36779
36720
43685
36724
36780
36709
43691
36781
36753
43688
36717
36782
36711
43732
36783
43733
36784
36713
43734
36785
43735
36715
36786
44024
36727
36787
44021
36788
36718
44072
36789
44184
36790
44186
36791
36723
44177
36792
44212
36793
36725
44377
36723
36794
44379
36795
44432
36796
44864
36797
44866
36798
36727
44899
36799
44894
36800
44995
36801
44996
36802
44997
36803
44999
36804
45001
36805
45002
36806
45006
36807
45010
36808
45015
36809
45016
36810
45017
36811
45021
36812
45019
36813
45023
36814
45027
36815
45028
36816
45033
36817
45035
36818
45037
36819
45040
36820
45041
36821
45043
36822
45046
36823
45048
36824
45049
36825
45144
36826
45148
36827
45146
36828
45150
36829
45151
36830
45152
36831
45157
36832
45160
36833
45165
36834
45166
36835
45168
36836
45169
36837
45170
36838
45174
36839
45177
36840
45178
36841
45182
36842
45185
36843
45187
36844
45190
36845
45191
36846
45193
36847
45196
36848
45197
36849
45199
36800
36850
36779
45312
36851
36792
45313
36796
36852
36781
45319
36853
36825
45316
36789
36854
36783
45360
36855
45361
36856
36785
45362
36857
45363
36787
36858
45652
36799
36859
45649
36860
36790
45700
36861
45812
36862
45814
36863
36795
45805
36864
45840
36865
36797
46005
36795
36866
46007
36867
46060
36868
46492
36869
46494
36870
36799
46527
36871
46522
36872
46623
36873
46624
36874
46625
36875
46627
36876
46629
36877
46630
36878
46634
36879
46638
36880
46643
36881
46644
36882
46645
36883
46649
36884
46647
36885
46651
36886
46655
36887
46656
36888
46661
36889
46663
36890
46665
36891
46668
36892
46669
36893
46671
36894
46674
36895
46676
36896
46677
36897
46772
36898
46776
36899
46774
36900
46778
36901
46779
36902
46780
36903
46785
36904
46788
36905
46793
36906
46794
36907
46796
36908
46797
36909
46798
36910
46802
36911
46805
36912
46806
36913
46810
36914
46813
36915
46815
36916
46818
36917
46819
36918
46821
36919
46824
36920
46825
36921
46827
36872
36922
36851
46940
36923
36864
46941
36868
36924
36853
46947
36925
36897
46944
36861
36926
36855
46988
36927
46989
36928
36857
46990
36929
46991
36859
36930
47280
36871
36931
47277
36932
36862
47328
36933
47440
36934
47442
36935
36867
47433
36936
47468
36937
36869
47633
36867
36938
47635
36939
47688
36940
48120
36941
48122
36942
36871
48155
36943
48150
36944
48251
36945
48252
36946
48253
36947
48255
36948
48257
36949
48258
36950
48262
36951
48266
36952
48271
36953
48272
36954
48273
36955
48277
36956
48275
36957
48279
36958
48283
36959
48284
36960
48289
36961
48291
36962
48293
36963
48296
36964
48297
36965
48299
36966
48302
36967
48304
36968
48305
36969
48400
36970
48404
36971
48402
36972
48406
36973
48407
36974
48408
36975
48413
36976
48416
36977
48421
36978
48422
36979
48424
36980
48425
36981
48426
36982
48430
36983
48433
36984
48434
36985
48438
36986
48441
36987
48443
36988
48446
36989
48447
36990
48449
36991
48452
36992
48453
36993
48455
36944
36994
36923
48568
36995
36936
48569
36940
36996
36925
48575
36997
36969
48572
36933
36998
36927
48616
36999
48617
37000
36929
48618
37001
48619
36931
37002
48908
36943
37003
48905
37004
36934
48956
37005
49068
37006
49070
37007
36939
49061
37008
49096
37009
36941
49261
36939
37010
49263
37011
49316
37012
49748
37013
49750
37014
36943
49783
37015
49778
37016
49879
37017
49880
37018
49881
37019
49883
37020
49885
37021
49886
37022
49890
37023
49894
37024
49899
37025
49900
37026
49901
37027
49905
37028
49903
37029
49907
37030
49911
37031
49912
37032
49917
37033
49919
37034
49921
37035
49924
37036
49925
37037
49927
37038
49930
37039
49932
37040
49933
37041
50028
37042
50032
37043
50030
37044
50034
37045
50035
37046
50036
37047
50041
37048
50044
37049
50049
37050
50050
37051
50052
37052
50053
37053
50054
37054
50058
37055
50061
37056
50062
37057
50066
37058
50069
37059
50071
37060
50074
37061
50075
37062
50077
37063
50080
37064
50081
37065
50083
37016
37066
36995
50196
37067
37008
50197
37012
37068
36997
50203
37069
37041
50200
37005
37070
36999
50244
37071
50245
37072
37001
50246
37073
50247
37003
37074
50536
37015
37075
50533
37076
37006
50584
37077
50696
37078
50698
37079
37011
50689
37080
50724
37081
37013
50889
37011
37082
50891
37083
50944
37084
51376
37085
51378
37086
37015
51411
37087
51406
37088
51507
37089
51508
37090
51509
37091
51511
37092
51513
37093
51514
37094
51518
37095
51522
37096
51527
37097
51528
37098
51529
37099
51533
37100
51531
37101
51535
37102
51539
37103
51540
37104
51545
37105
51547
37106
51549
37107
51552
37108
51553
37109
51555
37110
51558
37111
51560
37112
51561
37113
51656
37114
51660
37115
51658
37116
51662
37117
51663
37118
51664
37119
51669
37120
51672
37121
51677
37122
51678
37123
51680
37124
51681
37125
51682
37126
51686
37127
51689
37128
51690
37129
51694
37130
51697
37131
51699
37132
51702
37133
51703
37134
51705
37135
51708
37136
51709
37137
51711
37088
37067
51824
37080
51825
37084
37069
51831
37113
51828
37077
37071
51872
51873
37073
51874
51875
37075
52164
37087
52161
37078
52212
52324
52326
37083
52317
52352
37085
52517
37083
52519
52572
53004
53006
37087
53039
53034
53135
53136
53137
53139
53141
53142
53146
53150
53155
53156
53157
53161
53159
53163
53167
53168
53173
53175
53177
53180
53181
53183
53186
53188
53189
53284
53288
53286
53290
53291
53292
53297
53300
53305
53306
53308
53309
53310
53314
53317
53318
53322
53325
53327
53330
53331
53333
53336
53337
53339
37143
37139
38483
37144
37149
37141
37692
37142
37693
37143
37156
37155
37145
37149
37145
38632
37146
37159
37147
37162
37148
38349
38352
37151
37209
37152
37204
37206
37153
37203
37154
37663
37666
37158
38482
37159
38800
37157
37695
38801
37158
37178
38802
37177
37160
38803
37160
38633
38804
37161
37194
38805
37162
37193
38806
38353
38807
37168
37164
37169
37179
38808
37165
37172
38809
37166
37674
38810
37167
37195
38811
37168
37198
37181
38812
38497
37180
38813
37170
38501
37188
38814
37171
37176
37187
38815
37172
37175
38816
37680
38817
37176
37174
37177
37189
38818
37175
37178
38819
37684
38820
38518
37190
38821
38513
37194
38822
37686
38823
37184
37180
37188
38824
37181
38647
38825
37182
37199
38826
37183
37202
38827
37184
38348
38828
37185
38829
37186
38367
38830
37187
37191
38831
37188
37190
38832
38650
38833
37192
37190
37194
38834
38668
38835
37192
38360
38836
37193
38837
38354
38838
38663
38839
37196
37668
38840
37197
37203
38841
37198
37204
37200
38842
38493
37199
38843
37200
38643
38844
37201
37205
38845
37202
37208
38846
38346
38847
37667
38848
38488
37205
38849
37206
38637
38850
37207
37209
37208
37210
38384
38851
38385
37216
37212
37267
38852
37213
37266
38853
37214
37534
38854
37215
37257
38855
37216
37256
38856
37342
38857
37221
37218
37331
38858
37219
37328
38859
37220
37334
38860
37221
37333
38861
38127
38862
37227
37223
37334
38863
37224
37339
38864
37225
37228
38865
37226
37231
38866
37227
38121
38867
37333
38868
37229
37338
38869
37230
37317
38870
37231
37318
38871
38128
38872
37237
37233
37313
38873
37234
37314
38874
37235
37939
38875
37236
37316
38876
37237
37315
38877
37356
38878
37243
37239
37254
38879
37240
37336
38880
37241
37245
38881
37242
37250
38882
37243
38108
38883
37251
38884
37248
37245
37249
38885
37246
38886
37247
37315
38887
37248
37316
38888
37924
38889
37250
38786
38890
38102
38891
37252
38111
38892
37253
37318
38893
37254
37317
38894
37337
38895
37257
37256
37311
38896
37259
38897
37527
38898
37263
37259
37341
38899
37260
38900
37261
37312
38901
37262
37708
38902
37263
37310
38903
37309
38904
37267
37265
37268
38905
37266
37271
38906
37539
38907
37352
38908
37269
37351
38909
37270
37319
38910
37271
37322
38911
37541
38912
37277
37273
37278
38913
37274
37281
38914
37275
37894
38915
37276
37307
38916
37277
37306
38917
37349
38918
37279
37348
38919
37280
37283
38920
37281
37288
38921
37886
38922
37287
37283
37288
38923
37284
38924
37285
37292
38925
37286
37291
38926
37287
37751
38927
38789
38928
37874
38929
37292
37290
37293
38930
37291
37296
38931
37742
38932
37347
38933
37294
37346
38934
37295
37297
38935
37296
37300
38936
37734
38937
37298
37370
38938
37299
37304
38939
37300
37303
38940
37726
38941
37304
37302
37309
38942
37303
37310
38943
37722
38944
37367
38945
37308
37306
37313
38946
37363
38947
37308
37902
38948
37314
38949
37343
38950
37715
38951
37312
38782
38952
37700
38953
37364
38954
37923
38955
37357
38956
37935
38957
37374
38958
38116
38959
37320
37362
38960
37321
37326
38961
37322
37325
38962
37457
38963
37326
37324
37327
38964
37325
37330
38965
37486
38966
37361
38967
37328
37358
38968
37329
38969
37330
37332
38970
37443
38971
37332
38784
38972
37492
38973
38126
38974
37359
38975
37337
37336
37381
38976
37357
38977
37375
38978
37340
37376
38979
37340
37377
38980
37399
38981
37342
37344
38982
37354
38983
37344
37368
38984
37385
38985
37347
37346
37389
38986
37372
38987
37348
38988
37350
38989
37350
37369
38990
37389
38991
37353
37373
38992
37353
37354
38993
37388
38994
37385
38995
37357
37356
37381
38996
37366
38997
38998
37359
37378
38999
37377
39000
37362
37361
37392
39001
37378
39002
37373
39003
37365
37369
39004
37365
37366
39005
37395
39006
37396
39007
37368
37371
39008
37386
39009
37400
39010
37371
37372
39011
37402
39012
37391
39013
37406
39014
37375
37376
39015
37379
39016
37383
39017
37394
39018
37394
39019
37380
37382
39020
37381
37408
39021
39022
37383
37424
39023
37410
39024
37386
37385
37387
39025
39026
37403
39027
37388
37417
39028
37407
39029
37390
39030
37391
37401
39031
37409
39032
37393
37405
39033
37394
37398
39034
39035
37397
37404
39036
37397
37408
39037
37418
39038
37399
37416
39039
37410
39040
37401
37404
39041
37411
39042
37403
37409
39043
37414
39044
37422
39045
37406
37415
39046
37407
39047
37420
39048
37419
39049
37412
39050
37423
39051
37412
37422
39052
37413
39053
37414
37428
39054
37417
39055
37416
37421
39056
37423
39057
37420
39058
37419
37426
39059
37424
39060
37421
39061
37428
39062
37426
39063
37425
39064
37425
39065
37427
39066
37427
39067
37428
39068
39069
37434
37430
37543
39070
37431
37589
39071
37432
37462
39072
37433
37461
39073
37434
38318
39074
37544
39075
37440
37436
37556
39076
37437
37490
39077
37438
37489
39078
37439
38083
39079
37440
37484
39080
37485
39081
37446
37442
37487
39082
37443
37486
39083
37444
39084
37445
37492
39085
37446
37490
39086
37557
39087
37452
37448
37482
39088
37449
37553
39089
37450
37485
39090
37451
37484
39091
37452
38087
39092
37483
39093
37458
37454
37487
39094
37455
37560
39095
37456
37542
39096
37457
37541
39097
37458
39098
37486
39099
37462
37460
37466
39100
37461
37465
39101
38312
39102
37565
39103
37466
37464
37468
39104
37465
37473
39105
38304
39106
37564
39107
37472
37468
37473
39108
37469
39109
37470
37474
39110
37471
37477
39111
37472
38164
39112
38792
39113
38292
39114
37475
37566
39115
37476
37478
39116
37477
37481
39117
38171
39118
37479
37568
39119
37480
37482
39120
37481
37483
39121
38175
39122
37554
39123
38179
39124
38078
39125
37561
39126
39127
37558
39128
37490
37489
37491
39129
38075
39130
39131
37492
38785
39132
39133
37498
37494
37508
39134
37495
37511
39135
37496
38381
39136
37497
37501
39137
37498
37500
39138
37574
39139
37501
37500
37551
37548
39140
38386
37507
37503
37577
39141
37504
37547
39142
37505
37550
39143
37506
37679
39144
37507
37545
39145
37546
39146
37509
37586
39147
37510
37543
39148
37511
37544
39149
38372
39150
37517
37513
37571
39151
37514
37546
39152
37515
37545
39153
37516
37650
39154
37517
37518
39155
37521
39156
37519
37717
39157
37520
37523
39158
37521
37522
39159
37572
39160
37525
37583
39161
37524
37711
39162
37525
37531
39163
37530
39164
37530
37527
37532
39165
37528
39166
37529
37534
39167
37530
37533
39168
39169
37532
37702
39170
38797
39171
37536
37581
39172
37535
39173
37536
37539
39174
37538
39175
37540
37538
37542
39176
37580
39177
37540
39178
37541
39179
39180
37578
39181
37587
39182
38377
39183
37683
39184
37593
39185
37548
37575
39186
37549
39187
37550
37552
39188
37672
39189
37552
37666
37555
37591
39190
37555
37569
39191
37597
39192
37557
37562
39193
37570
39194
37559
37570
39195
37560
37604
39196
37595
39197
37562
37591
39198
37605
39199
37565
37564
37613
39200
37566
39201
37590
39202
37567
39203
37568
37613
39204
37569
39205
37600
39206
37605
39207
37573
37594
39208
37573
37584
39209
37622
39210
37575
37585
39211
37576
39212
37577
37606
39213
37592
39214
37579
37595
39215
37580
37617
39216
37582
39217
37582
37583
39218
37623
39219
37584
39220
37623
39221
37586
37606
39222
37596
39223
37588
37596
39224
37589
37615
39225
37590
39226
37614
39227
37599
39228
37593
37610
39229
37594
39230
37626
39231
37618
39232
37609
39233
37598
37601
39234
37599
37639
39235
37602
39236
37601
37612
39237
37636
39238
37605
37603
39239
37604
37640
39240
37620
39241
39242
37607
39243
37608
37610
39244
37609
37629
39245
37627
39246
37625
39247
37614
37612
37632
39248
37613
39249
39250
37616
39251
37616
37627
39252
37631
39253
37619
37624
39254
37619
37620
39255
37637
39256
37642
39257
37624
37622
37638
39258
37628
39259
37624
39260
39261
37626
37634
39262
37628
39263
37630
39264
37635
39265
37630
37634
39266
37644
39267
37632
37644
39268
37636
39269
37635
37634
37645
39270
39271
37638
39272
37643
39273
37638
37641
39274
39275
37640
37643
39276
37642
39277
37642
37645
39278
39279
37646
39280
37646
39281
37646
39282
39283
37652
37648
37761
39284
37649
37718
39285
37650
37717
39286
37651
39287
37652
37683
39288
37682
39289
37658
37654
37662
39290
37655
37755
39291
37656
37693
39292
37657
37692
39293
37658
37915
39294
37659
39295
37660
37911
39296
37661
37690
39297
37662
37689
39298
37787
39299
37664
37667
39300
37665
37673
39301
37666
37672
39302
37669
39303
37669
37675
39304
37781
39305
37673
37671
37676
39306
37672
37679
39307
39308
37780
39309
37675
37681
39310
37783
39311
37677
37779
39312
37678
37682
39313
37679
37683
39314
39315
37681
37685
39316
37776
39317
37786
39318
39319
37685
37687
39320
37763
39321
37687
37694
39322
37758
39323
37691
37689
37730
39324
37789
39325
37691
37905
39326
37727
39327
37919
37695
39328
37695
37756
39329
39330
37701
37697
37702
39331
37698
37704
39332
37699
37705
39333
37700
37708
39334
37701
39335
38783
39336
37703
39337
37704
37711
39338
37710
39339
37706
37765
39340
37707
37716
39341
37708
37715
39342
39343
37712
37710
37718
39344
37764
39345
37712
39346
37717
39347
37716
37714
37719
39348
37715
37722
39349
39350
37753
39351
39352
37760
39353
37720
37752
39354
37721
37723
39355
37722
37726
39356
39357
37724
37773
39358
37725
37731
39359
37726
37734
39360
39361
37728
37897
39362
37729
37737
39363
37730
37736
39364
37793
39365
37732
37772
39366
37733
37739
39367
37734
37742
39368
39369
37738
37736
37746
39370
37770
39371
37738
37887
39372
37743
39373
37740
37774
39374
37741
37748
39375
37742
37751
39376
39377
37744
37881
39378
37745
37749
39379
37746
37748
39380
37768
39381
37749
37748
37750
39382
39383
37876
39384
37751
38788
39385
39386
37754
37794
39387
37754
37766
39388
37813
39389
37756
37788
39390
37757
39391
37758
37823
39392
37762
39393
37761
37760
37815
39394
37767
39395
37791
39396
37763
37820
39397
37777
39398
37765
37767
39399
37766
39400
37814
39401
37814
39402
37769
37774
39403
37770
37809
39404
37795
39405
37773
37772
37798
39406
37775
39407
37794
39408
37775
39409
37809
39410
37777
37782
39411
37801
39412
37780
37779
37802
39413
37785
39414
37781
39415
37784
39416
37783
37800
39417
37784
39418
37802
39419
37786
37804
39420
37791
39421
37788
37790
39422
37823
39423
37790
37792
39424
37816
39425
37806
39426
37793
37817
39427
37795
39428
37796
39429
37808
39430
37797
37826
39431
37798
37833
39432
37810
39433
37801
37800
37829
39434
37822
39435
37821
39436
37803
39437
37804
37822
39438
37805
39439
37806
37843
39440
37819
39441
37810
37808
37831
39442
37827
39443
37810
39444
39445
37814
37812
37815
39446
37813
37841
39447
37826
39448
39449
37819
39450
37818
37824
39451
37818
37827
39452
37839
39453
37840
39454
37821
37825
39455
37835
39456
37828
39457
37824
39458
37825
39459
37836
39460
37834
39461
37830
39462
37829
37843
39463
37837
39464
37831
37838
39465
37833
39466
37834
37833
37845
39467
39468
37841
39469
37836
37837
39470
37839
39471
37844
39472
37839
37845
39473
39474
37841
37842
39475
39476
37843
37844
39477
39478
37845
39479
39480
37851
37847
37974
39481
37848
37913
39482
37849
37914
39483
37850
38365
39484
37851
37904
39485
37903
39486
37857
37853
37924
39487
37854
37926
39488
37855
37937
39489
37856
37938
39490
37857
38104
39491
38795
39492
37863
37859
37860
38352
37861
37914
39493
37862
37913
39494
37863
37917
39495
37919
37869
37865
37903
39496
37866
37904
39497
37867
38325
39498
37868
37955
39499
37869
37954
39500
38004
39501
37875
37871
37876
39502
37872
37878
39503
37873
37883
39504
37874
37886
39505
37875
39506
38796
39507
37877
39508
37878
37881
39509
37880
39510
37882
37880
37890
39511
37994
39512
37882
39513
37887
39514
37884
37995
39515
37885
37891
39516
37886
37894
39517
39518
37888
39519
37889
37897
39520
37890
37896
39521
37999
39522
37892
37997
39523
37893
37899
39524
37894
37902
39525
39526
37898
37896
37908
39527
38000
39528
37898
39529
37905
39530
37900
37979
39531
37901
37920
39532
37902
37923
39533
39534
37975
39535
38369
39536
37906
39537
37907
37911
39538
37908
37910
39539
38002
39540
37912
37910
37918
39541
37973
39542
37912
39543
37915
39544
37971
39545
38359
39546
37916
39547
37917
37919
39548
37918
39549
37970
39550
37921
37978
39551
37922
37940
39552
37923
37939
39553
39554
37925
39555
37926
37935
39556
37934
39557
37932
37928
37983
39558
37929
37944
39559
37930
37943
39560
37931
38092
39561
37932
37938
39562
37937
39563
37936
37934
37940
39564
37981
39565
37936
39566
37939
39567
37980
39568
38097
39569
39570
37985
39571
37944
37942
37945
39572
37943
37948
39573
38133
39574
38011
39575
37946
37991
39576
37947
37949
39577
37948
37952
39578
38182
39579
37950
37990
39580
37951
37957
39581
37952
37960
39582
38185
39583
37956
37954
37964
39584
37988
39585
37956
38321
39586
37961
39587
37958
37993
39588
37959
37966
39589
37960
37969
39590
38066
39591
37962
38332
39592
37963
37967
39593
37964
37966
39594
37986
39595
37967
37966
37968
39596
39597
38338
39598
37969
38794
39599
38132
39600
37971
37972
39601
38008
39602
37973
38016
39603
38007
39604
37976
38008
39605
37976
38005
39606
38014
39607
37979
37978
38035
39608
38013
39609
38006
39610
37981
37982
39611
37984
39612
37983
38029
39613
38010
39614
37985
38029
39615
38013
39616
37987
37993
39617
37988
38022
39618
38009
39619
37991
37990
38036
39620
37992
39621
38012
39622
37993
38022
39623
39624
37995
38001
39625
37996
39626
37997
38028
39627
38006
39628
38000
37999
38025
39629
38001
39630
38003
39631
38028
39632
38003
38007
39633
38038
39634
38005
38009
39635
38020
39636
38037
39637
38017
39638
38016
39639
38021
39640
38011
38032
39641
38012
39642
38042
39643
38034
39644
38015
38019
39645
38016
38018
39646
39647
38018
38039
39648
38046
39649
38020
38047
39650
38045
39651
38024
38045
39652
38023
39653
38024
38036
39654
38057
39655
38026
38040
39656
38027
38050
39657
38028
38037
39658
39659
38030
39660
38031
38034
39661
38032
38052
39662
38044
39663
38035
38034
38059
39664
39665
38041
39666
38043
39667
38041
39668
38039
38040
39669
38048
39670
38049
39671
38055
39672
38043
38044
39673
38054
39674
38051
39675
38056
39676
38047
38048
39677
38061
39678
38060
39679
38050
38060
39680
38055
39681
38052
38053
39682
38059
39683
38054
38062
39684
38057
39685
38058
39686
38057
38061
39687
39688
38059
38063
39689
39690
38063
39691
38062
39692
38063
39693
39694
38069
38065
38184
39695
38066
38185
39696
38067
39697
38068
38132
39698
38069
38131
39699
38222
39700
38075
38071
38798
39701
38072
38127
39702
38073
38124
39703
38074
38082
39704
38075
38083
39705
39706
38081
38077
38084
39707
38078
38087
39708
38079
39709
38080
38083
39710
38081
38082
39711
38199
39712
38189
39713
39714
38085
38200
39715
38086
38178
39716
38087
38179
39717
39718
38093
38089
38136
39719
38090
38196
39720
38091
38094
39721
38092
38097
39722
38093
39723
38133
39724
38095
38195
39725
38096
38099
39726
38097
38104
39727
39728
38103
38099
38104
39729
38100
39730
38101
38105
39731
38102
38108
39732
38103
39733
38787
39734
39735
38106
38194
39736
38107
38112
39737
38108
38111
39738
39739
38112
38110
38113
39740
38111
38116
39741
39742
38193
39743
38114
38219
39744
38115
38129
39745
38116
38128
39746
39747
38122
38118
38129
39748
38119
38190
39749
38120
38123
39750
38121
38126
39751
38122
39752
38128
39753
38124
38188
39754
38125
39755
38126
38127
39756
39757
39758
39759
38215
39760
38132
38131
38186
39761
38139
39762
39763
38134
39764
38135
38182
39765
38136
38181
39766
38217
39767
38142
38138
38143
39768
38139
38213
39769
38140
39770
38141
38187
39771
38142
38341
39772
38144
39773
38146
38214
39774
38145
38335
39775
38146
38148
39776
38147
39777
38150
38228
39778
38149
38286
39779
38150
38152
39780
38151
39781
38154
38211
39782
38153
38313
39783
38154
38156
39784
38155
39785
38158
38209
39786
38157
38305
39787
38158
38160
39788
38159
39789
38162
38207
39790
38161
38299
39791
38162
38168
39792
38167
39793
38167
38164
38169
39794
38165
39795
38166
38171
39796
38167
38170
39797
39798
38169
38294
39799
38799
39800
38173
38205
39801
38172
39802
38173
38175
39803
38174
39804
38177
38204
39805
38176
39806
38177
38179
39807
38178
39808
38202
39809
39810
38183
38181
38184
39811
38225
39812
38183
39813
38185
39814
38224
39815
39816
38187
38790
39817
38345
39818
38189
38191
39819
38198
39820
38191
38216
39821
38237
39822
38194
38193
38235
39823
38221
39824
38195
39825
38197
39826
38197
38218
39827
38235
39828
38199
38237
39829
38201
39830
38201
38230
39831
38243
39832
38203
38230
39833
38204
38247
39834
38206
39835
38206
38207
39836
38251
39837
38208
39838
38209
38251
39839
38210
39840
38211
38252
39841
38227
39842
38214
38213
38241
39843
38222
39844
38229
39845
38216
38220
39846
38238
39847
38218
38226
39848
38232
39849
38220
38221
39850
38255
39851
38244
39852
38223
39853
38224
38241
39854
38231
39855
38226
38231
39856
38259
39857
38228
38245
39858
38229
39859
38239
39860
38248
39861
38262
39862
38233
38260
39863
38234
38269
39864
38235
38244
39865
39866
38238
38237
38242
39867
39868
38256
39869
38240
38246
39870
38241
38261
39871
39872
38243
38264
39873
38257
39874
38258
39875
38246
38253
39876
38271
39877
38249
38250
39878
38249
38257
39879
38267
39880
38251
38254
39881
39882
38253
38254
39883
38276
39884
38268
39885
38256
38258
39886
38279
39887
38265
39888
38277
39889
38260
38263
39890
38270
39891
38262
38272
39892
38263
39893
38274
39894
38265
38279
39895
38266
39896
38267
38280
39897
38268
39898
38276
39899
38270
38277
39900
38273
39901
38272
38275
39902
38274
39903
38274
38281
39904
39905
38276
38280
39906
39907
38278
39908
38279
38281
39909
39910
38281
39911
39912
38287
38283
38334
39913
38284
38416
39914
38285
38314
39915
38286
38313
39916
38287
39917
38335
39918
38293
38289
38294
39919
38290
38296
39920
38291
38301
39921
38292
38304
39922
38293
39923
38793
39924
38295
39925
38296
38299
39926
38298
39927
38300
38298
38308
39928
38409
39929
38300
39930
38305
39931
38302
38410
39932
38303
38309
39933
38304
38312
39934
39935
38306
39936
38307
38313
39937
38308
38314
39938
38388
39939
38310
38412
39940
38311
38315
39941
38312
38318
39942
39943
39944
38389
39945
38316
38406
39946
38317
38376
39947
38318
38377
39948
39949
38324
38320
38329
39950
38321
38332
39951
38322
39952
38323
38325
39953
38324
38328
39954
38393
39955
38326
39956
38327
38369
39957
38328
38368
39958
38419
39959
38330
38392
39960
38331
38339
39961
38332
38338
39962
39963
38336
38334
38340
39964
38395
39965
38336
39966
38341
39967
38339
38338
38344
39968
39969
38343
39970
38343
38396
39971
38342
39972
38343
38345
39973
39974
38345
38791
39975
39976
38347
38383
39977
38348
38402
39978
38382
39979
38350
38353
39980
38351
38356
39981
38352
38359
39982
38355
39983
38355
38361
39984
38420
39985
38357
38421
39986
38358
38362
39987
38359
38365
39988
39989
38361
38366
39990
38397
39991
38363
38423
39992
38364
38368
39993
38365
38369
39994
39995
38367
38398
39996
38382
39997
38424
39998
39999
38375
38371
38378
40000
38372
38381
40001
38373
40002
38374
38377
40003
38375
38376
40004
38405
40005
38408
40006
40007
38379
38403
40008
38380
38387
40009
38381
38386
40010
40011
38428
40012
38384
38400
40013
38387
40014
38387
38386
40015
38390
38414
40016
38390
38415
40017
38435
40018
38393
38392
38437
40019
38396
40020
38418
40021
38396
38395
38437
40022
38417
40023
40024
38399
38426
40025
38399
38429
40026
38440
40027
38401
38403
40028
38402
38453
40029
38431
40030
38404
40031
38405
38453
40032
38427
40033
38407
38413
40034
38408
38444
40035
38427
40036
38410
38414
40037
38411
40038
38412
38434
40039
38413
40040
38445
40041
38434
40042
38416
38443
40043
38417
40044
38436
40045
38419
38458
40046
38430
40047
38421
38426
40048
38422
40049
38423
38460
40050
38425
40051
38425
38430
40052
38447
40053
38460
40054
38455
40055
38429
38431
40056
38441
40057
38449
40058
38452
40059
38435
38433
38465
40060
38434
38445
40061
40062
38456
40063
38438
38442
40064
38438
40065
38457
40066
38441
38440
38467
40067
38461
40068
38463
40069
38443
38472
40070
38456
40071
38446
38454
40072
38446
40073
38468
40074
38448
38462
40075
38449
38476
40076
38459
40077
38453
38451
38455
40078
38452
38470
40079
38463
40080
40081
38455
38479
40082
40083
38464
40084
38458
38473
40085
38459
40086
38475
40087
38462
40088
38462
38466
40089
40090
38469
40091
38465
38477
40092
38468
40093
38467
38476
40094
38471
40095
38478
40096
38470
38471
40097
38479
40098
38481
40099
38473
38477
40100
38475
40101
38476
38475
38480
40102
40103
40104
38480
40105
38479
38481
40106
40107
38481
40108
40109
38483
38514
38633
40110
38485
38632
40111
38486
38520
38634
40112
38486
38636
40113
38553
38635
40114
38488
38489
38638
40115
38492
38637
40116
38491
38639
40117
38491
38495
38640
40118
38562
38641
40119
38493
38563
38642
40120
38496
38643
40121
38495
38499
38645
40122
38569
38644
40123
38497
38565
38646
40124
38500
38647
40125
38499
38510
38648
40126
38573
38649
40127
38501
38567
38651
40128
38519
38650
40129
38504
38503
38546
38652
40130
38517
38654
40131
38506
38653
40132
38506
38526
38656
40133
38570
38655
40134
38508
38512
38657
40135
38509
38542
38659
40136
38510
38658
40137
38574
38660
40138
38512
38515
38662
40139
38543
38661
40140
38514
38524
38663
40141
38551
38664
40142
38516
38665
40143
38517
38666
40144
38545
38667
40145
38519
38524
38668
40146
38580
38669
40147
38521
38555
38671
40148
38522
38670
40149
38523
38540
38672
40150
38527
38673
40151
38552
38674
40152
38526
38530
38675
40153
38549
38676
40154
38528
38539
38677
40155
38532
38678
40156
38530
38533
38679
40157
38547
38680
40158
38532
38535
38681
40159
38557
38682
40160
38534
38560
38683
40161
38537
38684
40162
38536
38556
38686
40163
38537
38685
40164
38687
40165
38540
38539
38596
38688
40166
38559
38690
40167
38578
38689
40168
38543
38542
38582
38691
40169
38577
38693
40170
38545
38692
40171
38546
38545
38582
38694
40172
38696
40173
38572
38695
40174
38548
38561
38697
40175
38549
38599
38699
40176
38571
38698
40177
38552
38551
38593
38700
40178
38553
38702
40179
38579
38701
40180
38554
38703
40181
38555
38593
38705
40182
38578
38704
40183
38558
38560
38706
40184
38558
38559
38708
40185
38600
38707
40186
38602
38709
40187
38561
38710
40188
38600
38711
40189
38563
38568
38712
40190
38564
38713
40191
38565
38606
38714
40192
38566
38715
40193
38567
38607
38716
40194
38581
38717
40195
38569
38606
38718
40196
38576
38719
40197
38571
38572
38720
40198
38587
38721
40199
38586
38722
40200
38575
38576
38723
40201
38575
38577
38725
40202
38589
38724
40203
38603
38726
40204
38584
38727
40205
38592
38728
40206
38580
38594
38729
40207
38581
38730
40208
38612
38731
40209
38583
38734
40210
38584
38609
38733
40211
38588
38732
40212
38587
38586
38614
38735
40213
38609
38737
40214
38608
38736
40215
38589
38618
38738
40216
38610
38739
40217
38593
38591
38594
38740
40218
38592
38625
38743
40219
38595
38742
40220
38741
40221
38613
38744
40222
38596
38624
38746
40223
38601
38745
40224
38600
38598
38602
38747
40225
38599
38617
38750
40226
38608
38749
40227
38748
40228
38602
38627
38752
40229
38751
40230
38604
38610
38756
40231
38605
38623
38755
40232
38606
38607
38754
40233
38753
40234
38611
38757
40235
38616
38758
40236
38615
38759
40237
38620
38760
40238
38612
38622
38762
40239
38613
38761
40240
38628
38763
40241
38615
38621
38764
40242
38618
38765
40243
38617
38621
38766
40244
38627
38767
40245
38619
38768
40246
38620
38631
38770
40247
38623
38769
40248
38630
38771
40249
38623
38629
38772
40250
38773
40251
38625
38626
38774
40252
38628
38775
40253
38627
38630
38777
40254
38776
40255
38629
38778
40256
38631
38779
40257
38631
38780
40258
38781
40259
38633
38636
40260
38664
40261
38635
38671
40262
38636
38703
40263
40264
38638
38642
40265
38639
40266
38641
40267
38641
38644
40268
38712
40269
38643
38713
40270
38646
40271
38645
38719
40272
38649
40273
38647
38715
40274
38651
40275
38649
38660
40276
38723
40277
38651
38669
40278
38717
40279
38654
38653
38695
40280
38655
40281
38667
40282
38656
38720
40283
38676
40284
38659
38661
40285
38659
38660
40286
38693
40287
38725
40288
38662
38692
40289
38665
40290
38664
38674
40291
38702
40292
38666
40293
38667
40294
38696
40295
38669
38674
40296
38730
40297
38671
38672
40298
38704
40299
38673
38689
40300
38677
40301
38701
40302
38676
38680
40303
38698
40304
38678
38690
40305
38682
40306
38680
38683
40307
38697
40308
38682
38686
40309
38708
40310
38684
38710
40311
38687
40312
38686
38687
40313
38706
40314
40315
38690
38689
38745
40316
38728
40317
38709
40318
38693
38692
38734
40319
38696
40320
38727
40321
38696
38695
38734
40322
38722
40323
40324
38699
38711
40325
38699
38721
40326
38749
40327
38702
38701
38741
40328
38729
40329
38703
40330
38705
40331
38705
38728
40332
38741
40333
38707
38710
40334
38708
38748
40335
38709
40336
38751
40337
38711
40338
38748
40339
38713
38718
40340
38714
40341
38715
38753
40342
38716
40343
38717
38757
40344
38731
40345
38719
38753
40346
38726
40347
38721
38722
40348
38736
40349
38737
40350
38724
38726
40351
38725
38739
40352
38727
40353
38756
40354
38732
40355
38742
40356
38730
38744
40357
38731
40358
38761
40359
38733
38738
40360
38734
38759
40361
40362
38737
38736
38764
40363
38758
40364
38759
40365
38739
38768
40366
38760
40367
38743
38741
38744
40368
40369
38743
38746
40370
38775
40371
38763
40372
38746
38752
40373
38774
40374
38750
38748
38751
40375
40376
38750
38758
40377
38767
40378
38752
40379
38776
40380
38754
40381
38755
38757
40382
38756
38773
40383
38760
40384
38762
40385
38766
40386
38765
40387
38769
40388
38762
38763
40389
38772
40390
38778
40391
38765
38771
40392
38768
40393
38767
38771
40394
38776
40395
38770
40396
38770
38773
40397
38781
40398
38780
40399
38773
38779
40400
40401
38775
38777
40402
38778
40403
38777
40404
38780
40405
38779
40406
38781
40407
38781
40408
40409
38783
38797
40410
38797
40411
38785
38798
40412
38798
40413
38787
38795
40414
38795
40415
38789
38796
40416
38796
40417
38791
38794
40418
38794
40419
38793
38799
40420
38799
40421
40422
40423
40424
40425
40426
40427
38803
40110
40428
38802
39330
40429
38803
38823
40430
38822
40431
38805
40261
40432
38806
38839
40433
38807
38838
40434
39983
40435
38813
38809
38814
40436
38810
38817
40437
38811
39310
40438
38812
38840
40439
38813
38843
40440
40125
40441
38815
40129
40442
38816
38821
40443
38817
38820
40444
39316
40445
38821
38819
38822
40446
38820
38823
40447
39320
40448
40146
40449
40141
40450
39322
40451
38829
38825
38833
40452
38826
40275
40453
38827
38844
40454
38828
38847
40455
38829
39979
40456
38830
40457
38831
39997
40458
38832
38836
40459
38833
38835
40460
40278
40461
38837
38835
38839
40462
40296
40463
38837
39990
40464
38838
40465
39984
40466
40291
40467
38841
39304
40468
38842
38848
40469
38843
38849
40470
40121
40471
38845
40271
40472
38846
38850
40473
38847
38851
40474
39977
40475
39303
40476
40116
40477
40265
40478
40014
40479
38857
38853
38908
40480
38854
38907
40481
38855
39173
40482
38856
38898
40483
38857
38897
40484
38983
40485
38862
38859
38972
40486
38860
38969
40487
38861
38975
40488
38862
38974
40489
39758
40490
38868
38864
38975
40491
38865
38980
40492
38866
38869
40493
38867
38872
40494
38868
39752
40495
38974
40496
38870
38979
40497
38871
38958
40498
38872
38959
40499
39759
40500
38878
38874
38954
40501
38875
38955
40502
38876
39570
40503
38877
38957
40504
38878
38956
40505
38997
40506
38884
38880
38895
40507
38881
38977
40508
38882
38886
40509
38883
38891
40510
38884
39739
40511
38892
40512
38889
38886
38890
40513
38887
40514
38888
38956
40515
38889
38957
40516
39555
40517
38891
40414
40518
39733
40519
38893
39742
40520
38894
38959
40521
38895
38958
40522
38978
40523
38898
38897
38952
40524
38900
40525
39166
40526
38904
38900
38982
40527
38901
40528
38902
38953
40529
38903
39343
40530
38904
38951
40531
38950
40532
38908
38906
38909
40533
38907
38912
40534
39178
40535
38993
40536
38910
38992
40537
38911
38960
40538
38912
38963
40539
39180
40540
38918
38914
38919
40541
38915
38922
40542
38916
39526
40543
38917
38948
40544
38918
38947
40545
38990
40546
38920
38989
40547
38921
38924
40548
38922
38929
40549
39518
40550
38928
38924
38929
40551
38925
40552
38926
38933
40553
38927
38932
40554
38928
39386
40555
40417
40556
39506
40557
38933
38931
38934
40558
38932
38937
40559
39377
40560
38988
40561
38935
38987
40562
38936
38938
40563
38937
38941
40564
39369
40565
38939
39011
40566
38940
38945
40567
38941
38944
40568
39361
40569
38945
38943
38950
40570
38944
38951
40571
39357
40572
39008
40573
38949
38947
38954
40574
39004
40575
38949
39534
40576
38955
40577
38984
40578
39350
40579
38953
40410
40580
39335
40581
39005
40582
39554
40583
38998
40584
39566
40585
39015
40586
39747
40587
38961
39003
40588
38962
38967
40589
38963
38966
40590
39098
40591
38967
38965
38968
40592
38966
38971
40593
39127
40594
39002
40595
38969
38999
40596
38970
40597
38971
38973
40598
39084
40599
38973
40412
40600
39133
40601
39757
40602
39000
40603
38978
38977
39022
40604
38998
40605
39016
40606
38981
39017
40607
38981
39018
40608
39040
40609
38983
38985
40610
38995
40611
38985
39009
40612
39026
40613
38988
38987
39030
40614
39013
40615
38989
40616
38991
40617
38991
39010
40618
39030
40619
38994
39014
40620
38994
38995
40621
39029
40622
39026
40623
38998
38997
39022
40624
39007
40625
40626
39000
39019
40627
39018
40628
39003
39002
39033
40629
39019
40630
39014
40631
39006
39010
40632
39006
39007
40633
39036
40634
39037
40635
39009
39012
40636
39027
40637
39041
40638
39012
39013
40639
39043
40640
39032
40641
39047
40642
39016
39017
40643
39020
40644
39024
40645
39035
40646
39035
40647
39021
39023
40648
39022
39049
40649
40650
39024
39065
40651
39051
40652
39027
39026
39028
40653
40654
39044
40655
39029
39058
40656
39048
40657
39031
40658
39032
39042
40659
39050
40660
39034
39046
40661
39035
39039
40662
40663
39038
39045
40664
39038
39049
40665
39059
40666
39040
39057
40667
39051
40668
39042
39045
40669
39052
40670
39044
39050
40671
39055
40672
39063
40673
39047
39056
40674
39048
40675
39061
40676
39060
40677
39053
40678
39064
40679
39053
39063
40680
39054
40681
39055
39069
40682
39058
40683
39057
39062
40684
39064
40685
39061
40686
39060
39067
40687
39065
40688
39062
40689
39069
40690
39067
40691
39066
40692
39066
40693
39068
40694
39068
40695
39069
40696
40697
39075
39071
39182
40698
39072
39226
40699
39073
39103
40700
39074
39102
40701
39075
39949
40702
39183
40703
39081
39077
39193
40704
39078
39131
40705
39079
39130
40706
39080
39714
40707
39081
39125
40708
39126
40709
39087
39083
39128
40710
39084
39127
40711
39085
40712
39086
39133
40713
39087
39131
40714
39194
40715
39093
39089
39123
40716
39090
39190
40717
39091
39126
40718
39092
39125
40719
39093
39718
40720
39124
40721
39099
39095
39128
40722
39096
39197
40723
39097
39181
40724
39098
39180
40725
39099
40726
39127
40727
39103
39101
39107
40728
39102
39106
40729
39943
40730
39202
40731
39107
39105
39109
40732
39106
39114
40733
39935
40734
39201
40735
39113
39109
39114
40736
39110
40737
39111
39115
40738
39112
39118
40739
39113
39795
40740
40420
40741
39923
40742
39116
39203
40743
39117
39119
40744
39118
39122
40745
39802
40746
39120
39205
40747
39121
39123
40748
39122
39124
40749
39806
40750
39191
40751
39810
40752
39709
40753
39198
40754
40755
39195
40756
39131
39130
39132
40757
39706
40758
40759
39133
40413
40760
40761
39139
39135
39147
40762
39136
39150
40763
39137
40011
40764
39138
40765
39139
39140
40766
39211
40767
39187
40768
39146
39142
39214
40769
39143
39186
40770
39144
39189
40771
39145
39315
40772
39146
39184
40773
39185
40774
39148
39223
40775
39149
39182
40776
39150
39183
40777
40002
40778
39156
39152
39208
40779
39153
39185
40780
39154
39184
40781
39155
39287
40782
39156
39157
40783
39160
40784
39158
39352
40785
39159
39162
40786
39160
39161
40787
39209
40788
39164
39220
40789
39163
39346
40790
39164
39170
40791
39169
40792
39169
39166
39171
40793
39167
40794
39168
39173
40795
39169
39172
40796
40797
39171
39337
40798
40425
40799
39175
39218
40800
39174
40801
39175
39178
40802
39177
40803
39179
39177
39181
40804
39217
40805
39179
40806
39180
40807
40808
39215
40809
39224
40810
40007
40811
39319
40812
39230
40813
39187
39212
40814
39188
40815
39189
40816
39308
40817
39192
39228
40818
39192
39206
40819
39234
40820
39194
39199
40821
39207
40822
39196
39207
40823
39197
39241
40824
39232
40825
39199
39228
40826
39242
40827
39202
39201
39250
40828
39203
40829
39227
40830
39204
40831
39205
39250
40832
39206
40833
39237
40834
39242
40835
39210
39231
40836
39210
39221
40837
39259
40838
39212
39222
40839
39213
40840
39214
39243
40841
39229
40842
39216
39232
40843
39217
39254
40844
39219
40845
39219
39220
40846
39260
40847
39221
40848
39260
40849
39223
39243
40850
39233
40851
39225
39233
40852
39226
39252
40853
39227
40854
39251
40855
39236
40856
39230
39247
40857
39231
40858
39263
40859
39255
40860
39246
40861
39235
39238
40862
39236
39276
40863
39239
40864
39238
39249
40865
39273
40866
39242
39240
40867
39241
39277
40868
39257
40869
40870
39244
40871
39245
39247
40872
39246
39266
40873
39264
40874
39262
40875
39251
39249
39269
40876
39250
40877
40878
39253
40879
39253
39264
40880
39268
40881
39256
39261
40882
39256
39257
40883
39274
40884
39279
40885
39261
39259
39275
40886
39265
40887
39261
40888
40889
39263
39271
40890
39265
40891
39267
40892
39272
40893
39267
39271
40894
39281
40895
39269
39281
40896
39273
40897
39272
39271
39282
40898
40899
39275
40900
39280
40901
39275
39278
40902
40903
39277
39280
40904
39279
40905
39279
39282
40906
40907
39283
40908
39283
40909
39283
40910
40911
39289
39285
39396
40912
39286
39353
40913
39287
39352
40914
39288
40915
39289
39319
40916
39318
40917
39295
39291
39299
40918
39292
39390
40919
39293
39328
40920
39294
40921
39295
39547
40922
39296
40923
39297
39543
40924
39298
39326
40925
39299
39325
40926
39422
40927
39301
39303
40928
39302
39309
40929
39308
40930
39305
40931
39305
39311
40932
39416
40933
39309
39307
39312
40934
39308
39315
40935
40936
39415
40937
39311
39317
40938
39418
40939
39313
39414
40940
39314
39318
40941
39315
39319
40942
40943
39317
39321
40944
39411
40945
39421
40946
40947
39321
39323
40948
39398
40949
39323
39329
40950
39393
40951
39327
39325
39365
40952
39424
40953
39327
39537
40954
39362
40955
39330
40956
39330
39391
40957
40958
39336
39332
39337
40959
39333
39339
40960
39334
39340
40961
39335
39343
40962
39336
40963
40411
40964
39338
40965
39339
39346
40966
39345
40967
39341
39400
40968
39342
39351
40969
39343
39350
40970
40971
39347
39345
39353
40972
39399
40973
39347
40974
39352
40975
39351
39349
39354
40976
39350
39357
40977
40978
39388
40979
40980
39395
40981
39355
39387
40982
39356
39358
40983
39357
39361
40984
40985
39359
39408
40986
39360
39366
40987
39361
39369
40988
40989
39363
39529
40990
39364
39372
40991
39365
39371
40992
39428
40993
39367
39407
40994
39368
39374
40995
39369
39377
40996
40997
39373
39371
39381
40998
39405
40999
39373
39519
41000
39378
41001
39375
39409
41002
39376
39383
41003
39377
39386
41004
41005
39379
39513
41006
39380
39384
41007
39381
39383
41008
39403
41009
39384
39383
39385
41010
41011
39508
41012
39386
40416
41013
41014
39389
39429
41015
39389
39401
41016
39448
41017
39391
39423
41018
39392
41019
39393
39458
41020
39397
41021
39396
39395
39450
41022
39402
41023
39426
41024
39398
39455
41025
39412
41026
39400
39402
41027
39401
41028
39449
41029
39449
41030
39404
39409
41031
39405
39444
41032
39430
41033
39408
39407
39433
41034
39410
41035
39429
41036
39410
41037
39444
41038
39412
39417
41039
39436
41040
39415
39414
39437
41041
39420
41042
39416
41043
39419
41044
39418
39435
41045
39419
41046
39437
41047
39421
39439
41048
39426
41049
39423
39425
41050
39458
41051
39425
39427
41052
39451
41053
39441
41054
39428
39452
41055
39430
41056
39431
41057
39443
41058
39432
39461
41059
39433
39468
41060
39445
41061
39436
39435
39464
41062
39457
41063
39456
41064
39438
41065
39439
39457
41066
39440
41067
39441
39478
41068
39454
41069
39445
39443
39466
41070
39462
41071
39445
41072
41073
39449
39447
39450
41074
39448
39476
41075
39461
41076
41077
39454
41078
39453
39459
41079
39453
39462
41080
39474
41081
39475
41082
39456
39460
41083
39470
41084
39463
41085
39459
41086
39460
41087
39471
41088
39469
41089
39465
41090
39464
39478
41091
39472
41092
39466
39473
41093
39468
41094
39469
39468
39480
41095
41096
39476
41097
39471
39472
41098
39474
41099
39479
41100
39474
39480
41101
41102
39476
39477
41103
41104
39478
39479
41105
41106
39480
41107
41108
39486
39482
39605
41109
39483
39545
41110
39484
39546
41111
39485
39995
41112
39486
39536
41113
39535
41114
39492
39488
39555
41115
39489
39557
41116
39490
39568
41117
39491
39569
41118
39492
39735
41119
40423
41120
39494
39546
41121
39495
39545
41122
39549
41123
39501
39497
39535
41124
39498
39536
41125
39499
39956
41126
39500
39586
41127
39501
39585
41128
39635
41129
39507
39503
39508
41130
39504
39510
41131
39505
39515
41132
39506
39518
41133
39507
41134
40424
41135
39509
41136
39510
39513
41137
39512
41138
39514
39512
39522
41139
39625
41140
39514
41141
39519
41142
39516
39626
41143
39517
39523
41144
39518
39526
41145
41146
39520
41147
39521
39529
41148
39522
39528
41149
39630
41150
39524
39628
41151
39525
39531
41152
39526
39534
41153
41154
39530
39528
39540
41155
39631
41156
39530
41157
39537
41158
39532
39610
41159
39533
39551
41160
39534
39554
41161
41162
39606
41163
39999
41164
39538
41165
39539
39543
41166
39540
39542
41167
39633
41168
39544
39542
39550
41169
39604
41170
39544
41171
39547
41172
39602
41173
39989
41174
39548
41175
39549
41176
39550
41177
39601
41178
39552
39609
41179
39553
39571
41180
39554
39570
41181
41182
39556
41183
39557
39566
41184
39565
41185
39563
39559
39614
41186
39560
39575
41187
39561
39574
41188
39562
39723
41189
39563
39569
41190
39568
41191
39567
39565
39571
41192
39612
41193
39567
41194
39570
41195
39611
41196
39728
41197
41198
39616
41199
39575
39573
39576
41200
39574
39579
41201
39764
41202
39642
41203
39577
39622
41204
39578
39580
41205
39579
39583
41206
39813
41207
39581
39621
41208
39582
39588
41209
39583
39591
41210
39816
41211
39587
39585
39595
41212
39619
41213
39587
39952
41214
39592
41215
39589
39624
41216
39590
39597
41217
39591
39600
41218
39697
41219
39593
39963
41220
39594
39598
41221
39595
39597
41222
39617
41223
39598
39597
39599
41224
41225
39969
41226
39600
40422
41227
39763
41228
39602
39603
41229
39639
41230
39604
39647
41231
39638
41232
39607
39639
41233
39607
39636
41234
39645
41235
39610
39609
39666
41236
39644
41237
39637
41238
39612
39613
41239
39615
41240
39614
39660
41241
39641
41242
39616
39660
41243
39644
41244
39618
39624
41245
39619
39653
41246
39640
41247
39622
39621
39667
41248
39623
41249
39643
41250
39624
39653
41251
41252
39626
39632
41253
39627
41254
39628
39659
41255
39637
41256
39631
39630
39656
41257
39632
41258
39634
41259
39659
41260
39634
39638
41261
39669
41262
39636
39640
41263
39651
41264
39668
41265
39648
41266
39647
41267
39652
41268
39642
39663
41269
39643
41270
39673
41271
39665
41272
39646
39650
41273
39647
39649
41274
41275
39649
39670
41276
39677
41277
39651
39678
41278
39676
41279
39655
39676
41280
39654
41281
39655
39667
41282
39688
41283
39657
39671
41284
39658
39681
41285
39659
39668
41286
41287
39661
41288
39662
39665
41289
39663
39683
41290
39675
41291
39666
39665
39690
41292
41293
39672
41294
39674
41295
39672
41296
39670
39671
41297
39679
41298
39680
41299
39686
41300
39674
39675
41301
39685
41302
39682
41303
39687
41304
39678
39679
41305
39692
41306
39691
41307
39681
39691
41308
39686
41309
39683
39684
41310
39690
41311
39685
39693
41312
39688
41313
39689
41314
39688
39692
41315
41316
39690
39694
41317
41318
39694
41319
39693
41320
39694
41321
41322
39700
39696
39815
41323
39697
39816
41324
39698
41325
39699
39763
41326
39700
39762
41327
39853
41328
39706
39702
40426
41329
39703
39758
41330
39704
39755
41331
39705
39713
41332
39706
39714
41333
41334
39712
39708
39715
41335
39709
39718
41336
39710
41337
39711
39714
41338
39712
39713
41339
39830
41340
39820
41341
41342
39716
39831
41343
39717
39809
41344
39718
39810
41345
41346
39724
39720
39767
41347
39721
39827
41348
39722
39725
41349
39723
39728
41350
39724
41351
39764
41352
39726
39826
41353
39727
39730
41354
39728
39735
41355
41356
39734
39730
39735
41357
39731
41358
39732
39736
41359
39733
39739
41360
39734
41361
40415
41362
41363
39737
39825
41364
39738
39743
41365
39739
39742
41366
41367
39743
39741
39744
41368
39742
39747
41369
41370
39824
41371
39745
39850
41372
39746
39760
41373
39747
39759
41374
41375
39753
39749
39760
41376
39750
39821
41377
39751
39754
41378
39752
39757
41379
39753
41380
39759
41381
39755
39819
41382
39756
41383
39757
39758
41384
41385
41386
41387
39846
41388
39763
39762
39817
41389
39770
41390
41391
39765
41392
39766
39813
41393
39767
39812
41394
39848
41395
39773
39769
39774
41396
39770
39844
41397
39771
41398
39772
39818
41399
39773
39972
41400
39775
41401
39777
39845
41402
39776
39966
41403
39777
39779
41404
39778
41405
39781
39859
41406
39780
39917
41407
39781
39783
41408
39782
41409
39785
39842
41410
39784
39944
41411
39785
39787
41412
39786
41413
39789
39840
41414
39788
39936
41415
39789
39791
41416
39790
41417
39793
39838
41418
39792
39930
41419
39793
39799
41420
39798
41421
39798
39795
39800
41422
39796
41423
39797
39802
41424
39798
39801
41425
41426
39800
39925
41427
40427
41428
39804
39836
41429
39803
41430
39804
39806
41431
39805
41432
39808
39835
41433
39807
41434
39808
39810
41435
39809
41436
39833
41437
41438
39814
39812
39815
41439
39856
41440
39814
41441
39816
41442
39855
41443
41444
39818
40418
41445
39976
41446
39820
39822
41447
39829
41448
39822
39847
41449
39868
41450
39825
39824
39866
41451
39852
41452
39826
41453
39828
41454
39828
39849
41455
39866
41456
39830
39868
41457
39832
41458
39832
39861
41459
39874
41460
39834
39861
41461
39835
39878
41462
39837
41463
39837
39838
41464
39882
41465
39839
41466
39840
39882
41467
39841
41468
39842
39883
41469
39858
41470
39845
39844
39872
41471
39853
41472
39860
41473
39847
39851
41474
39869
41475
39849
39857
41476
39863
41477
39851
39852
41478
39886
41479
39875
41480
39854
41481
39855
39872
41482
39862
41483
39857
39862
41484
39890
41485
39859
39876
41486
39860
41487
39870
41488
39879
41489
39893
41490
39864
39891
41491
39865
39900
41492
39866
39875
41493
41494
39869
39868
39873
41495
41496
39887
41497
39871
39877
41498
39872
39892
41499
41500
39874
39895
41501
39888
41502
39889
41503
39877
39884
41504
39902
41505
39880
39881
41506
39880
39888
41507
39898
41508
39882
39885
41509
41510
39884
39885
41511
39907
41512
39899
41513
39887
39889
41514
39910
41515
39896
41516
39908
41517
39891
39894
41518
39901
41519
39893
39903
41520
39894
41521
39905
41522
39896
39910
41523
39897
41524
39898
39911
41525
39899
41526
39907
41527
39901
39908
41528
39904
41529
39903
39906
41530
39905
41531
39905
39912
41532
41533
39907
39911
41534
41535
39909
41536
39910
39912
41537
41538
39912
41539
41540
39918
39914
39965
41541
39915
40044
41542
39916
39945
41543
39917
39944
41544
39918
41545
39966
41546
39924
39920
39925
41547
39921
39927
41548
39922
39932
41549
39923
39935
41550
39924
41551
40421
41552
39926
41553
39927
39930
41554
39929
41555
39931
39929
39939
41556
40037
41557
39931
41558
39936
41559
39933
40038
41560
39934
39940
41561
39935
39943
41562
41563
39937
41564
39938
39944
41565
39939
39945
41566
40016
41567
39941
40040
41568
39942
39946
41569
39943
39949
41570
41571
41572
40017
41573
39947
40034
41574
39948
40006
41575
39949
40007
41576
41577
39955
39951
39960
41578
39952
39963
41579
39953
41580
39954
39956
41581
39955
39959
41582
40021
41583
39957
41584
39958
39999
41585
39959
39998
41586
40047
41587
39961
40020
41588
39962
39970
41589
39963
39969
41590
41591
39967
39965
39971
41592
40023
41593
39967
41594
39972
41595
39970
39969
39975
41596
41597
39974
41598
39974
40024
41599
39973
41600
39974
39976
41601
41602
39976
40419
41603
41604
39978
40013
41605
39979
40030
41606
40012
41607
39981
39983
41608
39982
39986
41609
39989
41610
39985
41611
39985
39991
41612
40048
41613
39987
40049
41614
39988
39992
41615
39989
39995
41616
41617
39991
39996
41618
40025
41619
39993
40051
41620
39994
39998
41621
39995
39999
41622
41623
39997
40026
41624
40012
41625
40052
41626
41627
40005
40001
40008
41628
40002
40011
41629
40003
41630
40004
40007
41631
40005
40006
41632
40033
41633
40036
41634
41635
40009
40031
41636
40010
40015
41637
40011
41638
41639
40056
41640
40014
40028
41641
40015
41642
41643
40018
40042
41644
40018
40043
41645
40063
41646
40021
40020
40065
41647
40024
41648
40046
41649
40024
40023
40065
41650
40045
41651
41652
40027
40054
41653
40027
40057
41654
40068
41655
40029
40031
41656
40030
40081
41657
40059
41658
40032
41659
40033
40081
41660
40055
41661
40035
40041
41662
40036
40072
41663
40055
41664
40038
40042
41665
40039
41666
40040
40062
41667
40041
41668
40073
41669
40062
41670
40044
40071
41671
40045
41672
40064
41673
40047
40086
41674
40058
41675
40049
40054
41676
40050
41677
40051
40088
41678
40053
41679
40053
40058
41680
40075
41681
40088
41682
40083
41683
40057
40059
41684
40069
41685
40077
41686
40080
41687
40063
40061
40093
41688
40062
40073
41689
41690
40084
41691
40066
40070
41692
40066
41693
40085
41694
40069
40068
40095
41695
40089
41696
40091
41697
40071
40100
41698
40084
41699
40074
40082
41700
40074
41701
40096
41702
40076
40090
41703
40077
40104
41704
40087
41705
40081
40079
40083
41706
40080
40098
41707
40091
41708
41709
40083
40107
41710
41711
40092
41712
40086
40101
41713
40087
41714
40103
41715
40090
41716
40090
40094
41717
41718
40097
41719
40093
40105
41720
40096
41721
40095
40104
41722
40099
41723
40106
41724
40098
40099
41725
40107
41726
40109
41727
40101
40105
41728
40103
41729
40104
40103
40108
41730
41731
41732
40108
41733
40107
40109
41734
41735
40109
41736
41737
40111
40142
41738
40113
41739
40114
40148
41740
40114
41741
40181
41742
40116
40117
41743
40120
41744
40119
41745
40119
40123
41746
40190
41747
40121
40191
41748
40124
41749
40123
40127
41750
40197
41751
40125
40193
41752
40128
41753
40127
40138
41754
40201
41755
40129
40195
41756
40147
41757
40132
40131
40174
41758
40145
41759
40134
41760
40134
40154
41761
40198
41762
40136
40140
41763
40137
40170
41764
40138
41765
40202
41766
40140
40143
41767
40171
41768
40142
40152
41769
40179
41770
40144
41771
40145
41772
40173
41773
40147
40152
41774
40208
41775
40149
40183
41776
40150
41777
40151
40168
41778
40155
41779
40180
41780
40154
40158
41781
40177
41782
40156
40167
41783
40160
41784
40158
40161
41785
40175
41786
40160
40163
41787
40185
41788
40162
40188
41789
40165
41790
40164
40184
41791
40165
41792
41793
40168
40167
40224
41794
40187
41795
40206
41796
40171
40170
40210
41797
40205
41798
40173
41799
40174
40173
40210
41800
41801
40200
41802
40176
40189
41803
40177
40227
41804
40199
41805
40180
40179
40221
41806
40181
41807
40207
41808
40182
41809
40183
40221
41810
40206
41811
40186
40188
41812
40186
40187
41813
40228
41814
40230
41815
40189
41816
40228
41817
40191
40196
41818
40192
41819
40193
40234
41820
40194
41821
40195
40235
41822
40209
41823
40197
40234
41824
40204
41825
40199
40200
41826
40215
41827
40214
41828
40203
40204
41829
40203
40205
41830
40217
41831
40231
41832
40212
41833
40220
41834
40208
40222
41835
40209
41836
40240
41837
40211
41838
40212
40237
41839
40216
41840
40215
40214
40242
41841
40237
41842
40236
41843
40217
40246
41844
40238
41845
40221
40219
40222
41846
40220
40253
41847
40223
41848
41849
40241
41850
40224
40252
41851
40229
41852
40228
40226
40230
41853
40227
40245
41854
40236
41855
41856
40230
40255
41857
41858
40232
40238
41859
40233
40251
41860
40234
40235
41861
41862
40239
41863
40244
41864
40243
41865
40248
41866
40240
40250
41867
40241
41868
40256
41869
40243
40249
41870
40246
41871
40245
40249
41872
40255
41873
40247
41874
40248
40259
41875
40251
41876
40258
41877
40251
40257
41878
41879
40253
40254
41880
40256
41881
40255
40258
41882
41883
40257
41884
40259
41885
40259
41886
41887
40261
40264
41888
40292
41889
40263
40299
41890
40264
40331
41891
41892
40266
40270
41893
40267
41894
40269
41895
40269
40272
41896
40340
41897
40271
40341
41898
40274
41899
40273
40347
41900
40277
41901
40275
40343
41902
40279
41903
40277
40288
41904
40351
41905
40279
40297
41906
40345
41907
40282
40281
40323
41908
40283
41909
40295
41910
40284
40348
41911
40304
41912
40287
40289
41913
40287
40288
41914
40321
41915
40353
41916
40290
40320
41917
40293
41918
40292
40302
41919
40330
41920
40294
41921
40295
41922
40324
41923
40297
40302
41924
40358
41925
40299
40300
41926
40332
41927
40301
40317
41928
40305
41929
40329
41930
40304
40308
41931
40326
41932
40306
40318
41933
40310
41934
40308
40311
41935
40325
41936
40310
40314
41937
40336
41938
40312
40338
41939
40315
41940
40314
40315
41941
40334
41942
41943
40318
40317
40373
41944
40356
41945
40337
41946
40321
40320
40362
41947
40324
41948
40355
41949
40324
40323
40362
41950
40350
41951
41952
40327
40339
41953
40327
40349
41954
40377
41955
40330
40329
40369
41956
40357
41957
40331
41958
40333
41959
40333
40356
41960
40369
41961
40335
40338
41962
40336
40376
41963
40337
41964
40379
41965
40339
41966
40376
41967
40341
40346
41968
40342
41969
40343
40381
41970
40344
41971
40345
40385
41972
40359
41973
40347
40381
41974
40354
41975
40349
40350
41976
40364
41977
40365
41978
40352
40354
41979
40353
40367
41980
40355
41981
40384
41982
40360
41983
40370
41984
40358
40372
41985
40359
41986
40389
41987
40361
40366
41988
40362
40387
41989
41990
40365
40364
40392
41991
40386
41992
40387
41993
40367
40396
41994
40388
41995
40371
40369
40372
41996
41997
40371
40374
41998
40403
41999
40391
42000
40374
40380
42001
40402
42002
40378
40376
40379
42003
42004
40378
40386
42005
40395
42006
40380
42007
40404
42008
40382
42009
40383
40385
42010
40384
40401
42011
40388
42012
40390
42013
40394
42014
40393
42015
40397
42016
40390
40391
42017
40400
42018
40406
42019
40393
40399
42020
40396
42021
40395
40399
42022
40404
42023
40398
42024
40398
40401
42025
40409
42026
40408
42027
40401
40407
42028
42029
40403
40405
42030
40406
42031
40405
42032
40408
42033
40407
42034
40409
42035
40409
42036
42037
40411
40425
42038
40425
42039
40413
40426
42040
40426
42041
40415
40423
42042
40423
42043
40417
40424
42044
40424
42045
40419
40422
42046
40422
42047
40421
40427
42048
40427
42049
42050
42051
42052
42053
42054
42055
40431
41738
42056
40430
40958
42057
40431
40451
42058
40450
42059
40433
41889
42060
40434
40467
42061
40435
40466
42062
41611
42063
40441
40437
40442
42064
40438
40445
42065
40439
40938
42066
40440
40468
42067
40441
40471
42068
41753
42069
40443
41757
42070
40444
40449
42071
40445
40448
42072
40944
42073
40449
40447
40450
42074
40448
40451
42075
40948
42076
41774
42077
41769
42078
40950
42079
40457
40453
40461
42080
40454
41903
42081
40455
40472
42082
40456
40475
42083
40457
41607
42084
40458
42085
40459
41625
42086
40460
40464
42087
40461
40463
42088
41906
42089
40465
40463
40467
42090
41924
42091
40465
41618
42092
40466
42093
41612
42094
41919
42095
40469
40932
42096
40470
40476
42097
40471
40477
42098
41749
42099
40473
41899
42100
40474
40478
42101
40475
40479
42102
41605
42103
40931
42104
41744
42105
41893
42106
41642
42107
40485
40481
40536
42108
40482
40535
42109
40483
40801
42110
40484
40526
42111
40485
40525
42112
40611
42113
40490
40487
40600
42114
40488
40597
42115
40489
40603
42116
40490
40602
42117
41386
42118
40496
40492
40603
42119
40493
40608
42120
40494
40497
42121
40495
40500
42122
40496
41380
42123
40602
42124
40498
40607
42125
40499
40586
42126
40500
40587
42127
41387
42128
40506
40502
40582
42129
40503
40583
42130
40504
41198
42131
40505
40585
42132
40506
40584
42133
40625
42134
40512
40508
40523
42135
40509
40605
42136
40510
40514
42137
40511
40519
42138
40512
41367
42139
40520
42140
40517
40514
40518
42141
40515
42142
40516
40584
42143
40517
40585
42144
41183
42145
40519
42042
42146
41361
42147
40521
41370
42148
40522
40587
42149
40523
40586
42150
40606
42151
40526
40525
40580
42152
40528
42153
40794
42154
40532
40528
40610
42155
40529
42156
40530
40581
42157
40531
40971
42158
40532
40579
42159
40578
42160
40536
40534
40537
42161
40535
40540
42162
40806
42163
40621
42164
40538
40620
42165
40539
40588
42166
40540
40591
42167
40808
42168
40546
40542
40547
42169
40543
40550
42170
40544
41154
42171
40545
40576
42172
40546
40575
42173
40618
42174
40548
40617
42175
40549
40552
42176
40550
40557
42177
41146
42178
40556
40552
40557
42179
40553
42180
40554
40561
42181
40555
40560
42182
40556
41014
42183
42045
42184
41134
42185
40561
40559
40562
42186
40560
40565
42187
41005
42188
40616
42189
40563
40615
42190
40564
40566
42191
40565
40569
42192
40997
42193
40567
40639
42194
40568
40573
42195
40569
40572
42196
40989
42197
40573
40571
40578
42198
40572
40579
42199
40985
42200
40636
42201
40577
40575
40582
42202
40632
42203
40577
41162
42204
40583
42205
40612
42206
40978
42207
40581
42038
42208
40963
42209
40633
42210
41182
42211
40626
42212
41194
42213
40643
42214
41375
42215
40589
40631
42216
40590
40595
42217
40591
40594
42218
40726
42219
40595
40593
40596
42220
40594
40599
42221
40755
42222
40630
42223
40597
40627
42224
40598
42225
40599
40601
42226
40712
42227
40601
42040
42228
40761
42229
41385
42230
40628
42231
40606
40605
40650
42232
40626
42233
40644
42234
40609
40645
42235
40609
40646
42236
40668
42237
40611
40613
42238
40623
42239
40613
40637
42240
40654
42241
40616
40615
40658
42242
40641
42243
40617
42244
40619
42245
40619
40638
42246
40658
42247
40622
40642
42248
40622
40623
42249
40657
42250
40654
42251
40626
40625
40650
42252
40635
42253
42254
40628
40647
42255
40646
42256
40631
40630
40661
42257
40647
42258
40642
42259
40634
40638
42260
40634
40635
42261
40664
42262
40665
42263
40637
40640
42264
40655
42265
40669
42266
40640
40641
42267
40671
42268
40660
42269
40675
42270
40644
40645
42271
40648
42272
40652
42273
40663
42274
40663
42275
40649
40651
42276
40650
40677
42277
42278
40652
40693
42279
40679
42280
40655
40654
40656
42281
42282
40672
42283
40657
40686
42284
40676
42285
40659
42286
40660
40670
42287
40678
42288
40662
40674
42289
40663
40667
42290
42291
40666
40673
42292
40666
40677
42293
40687
42294
40668
40685
42295
40679
42296
40670
40673
42297
40680
42298
40672
40678
42299
40683
42300
40691
42301
40675
40684
42302
40676
42303
40689
42304
40688
42305
40681
42306
40692
42307
40681
40691
42308
40682
42309
40683
40697
42310
40686
42311
40685
40690
42312
40692
42313
40689
42314
40688
40695
42315
40693
42316
40690
42317
40697
42318
40695
42319
40694
42320
40694
42321
40696
42322
40696
42323
40697
42324
42325
40703
40699
40810
42326
40700
40854
42327
40701
40731
42328
40702
40730
42329
40703
41577
42330
40811
42331
40709
40705
40821
42332
40706
40759
42333
40707
40758
42334
40708
41342
42335
40709
40753
42336
40754
42337
40715
40711
40756
42338
40712
40755
42339
40713
42340
40714
40761
42341
40715
40759
42342
40822
42343
40721
40717
40751
42344
40718
40818
42345
40719
40754
42346
40720
40753
42347
40721
41346
42348
40752
42349
40727
40723
40756
42350
40724
40825
42351
40725
40809
42352
40726
40808
42353
40727
42354
40755
42355
40731
40729
40735
42356
40730
40734
42357
41571
42358
40830
42359
40735
40733
40737
42360
40734
40742
42361
41563
42362
40829
42363
40741
40737
40742
42364
40738
42365
40739
40743
42366
40740
40746
42367
40741
41423
42368
42048
42369
41551
42370
40744
40831
42371
40745
40747
42372
40746
40750
42373
41430
42374
40748
40833
42375
40749
40751
42376
40750
40752
42377
41434
42378
40819
42379
41438
42380
41337
42381
40826
42382
42383
40823
42384
40759
40758
40760
42385
41334
42386
42387
40761
42041
42388
42389
40767
40763
40775
42390
40764
40778
42391
40765
41639
42392
40766
42393
40767
40768
42394
40839
42395
40815
42396
40774
40770
40842
42397
40771
40814
42398
40772
40817
42399
40773
40943
42400
40774
40812
42401
40813
42402
40776
40851
42403
40777
40810
42404
40778
40811
42405
41630
42406
40784
40780
40836
42407
40781
40813
42408
40782
40812
42409
40783
40915
42410
40784
40785
42411
40788
42412
40786
40980
42413
40787
40790
42414
40788
40789
42415
40837
42416
40792
40848
42417
40791
40974
42418
40792
40798
42419
40797
42420
40797
40794
40799
42421
40795
42422
40796
40801
42423
40797
40800
42424
42425
40799
40965
42426
42053
42427
40803
40846
42428
40802
42429
40803
40806
42430
40805
42431
40807
40805
40809
42432
40845
42433
40807
42434
40808
42435
42436
40843
42437
40852
42438
41635
42439
40947
42440
40858
42441
40815
40840
42442
40816
42443
40817
42444
40936
42445
40820
40856
42446
40820
40834
42447
40862
42448
40822
40827
42449
40835
42450
40824
40835
42451
40825
40869
42452
40860
42453
40827
40856
42454
40870
42455
40830
40829
40878
42456
40831
42457
40855
42458
40832
42459
40833
40878
42460
40834
42461
40865
42462
40870
42463
40838
40859
42464
40838
40849
42465
40887
42466
40840
40850
42467
40841
42468
40842
40871
42469
40857
42470
40844
40860
42471
40845
40882
42472
40847
42473
40847
40848
42474
40888
42475
40849
42476
40888
42477
40851
40871
42478
40861
42479
40853
40861
42480
40854
40880
42481
40855
42482
40879
42483
40864
42484
40858
40875
42485
40859
42486
40891
42487
40883
42488
40874
42489
40863
40866
42490
40864
40904
42491
40867
42492
40866
40877
42493
40901
42494
40870
40868
42495
40869
40905
42496
40885
42497
42498
40872
42499
40873
40875
42500
40874
40894
42501
40892
42502
40890
42503
40879
40877
40897
42504
40878
42505
42506
40881
42507
40881
40892
42508
40896
42509
40884
40889
42510
40884
40885
42511
40902
42512
40907
42513
40889
40887
40903
42514
40893
42515
40889
42516
42517
40891
40899
42518
40893
42519
40895
42520
40900
42521
40895
40899
42522
40909
42523
40897
40909
42524
40901
42525
40900
40899
40910
42526
42527
40903
42528
40908
42529
40903
40906
42530
42531
40905
40908
42532
40907
42533
40907
40910
42534
42535
40911
42536
40911
42537
40911
42538
42539
40917
40913
41024
42540
40914
40981
42541
40915
40980
42542
40916
42543
40917
40947
42544
40946
42545
40923
40919
40927
42546
40920
41018
42547
40921
40956
42548
40922
42549
40923
41175
42550
40924
42551
40925
41171
42552
40926
40954
42553
40927
40953
42554
41050
42555
40929
40931
42556
40930
40937
42557
40936
42558
40933
42559
40933
40939
42560
41044
42561
40937
40935
40940
42562
40936
40943
42563
42564
41043
42565
40939
40945
42566
41046
42567
40941
41042
42568
40942
40946
42569
40943
40947
42570
42571
40945
40949
42572
41039
42573
41049
42574
42575
40949
40951
42576
41026
42577
40951
40957
42578
41021
42579
40955
40953
40993
42580
41052
42581
40955
41165
42582
40990
42583
40958
42584
40958
41019
42585
42586
40964
40960
40965
42587
40961
40967
42588
40962
40968
42589
40963
40971
42590
40964
42591
42039
42592
40966
42593
40967
40974
42594
40973
42595
40969
41028
42596
40970
40979
42597
40971
40978
42598
42599
40975
40973
40981
42600
41027
42601
40975
42602
40980
42603
40979
40977
40982
42604
40978
40985
42605
42606
41016
42607
42608
41023
42609
40983
41015
42610
40984
40986
42611
40985
40989
42612
42613
40987
41036
42614
40988
40994
42615
40989
40997
42616
42617
40991
41157
42618
40992
41000
42619
40993
40999
42620
41056
42621
40995
41035
42622
40996
41002
42623
40997
41005
42624
42625
41001
40999
41009
42626
41033
42627
41001
41147
42628
41006
42629
41003
41037
42630
41004
41011
42631
41005
41014
42632
42633
41007
41141
42634
41008
41012
42635
41009
41011
42636
41031
42637
41012
41011
41013
42638
42639
41136
42640
41014
42044
42641
42642
41017
41057
42643
41017
41029
42644
41076
42645
41019
41051
42646
41020
42647
41021
41086
42648
41025
42649
41024
41023
41078
42650
41030
42651
41054
42652
41026
41083
42653
41040
42654
41028
41030
42655
41029
42656
41077
42657
41077
42658
41032
41037
42659
41033
41072
42660
41058
42661
41036
41035
41061
42662
41038
42663
41057
42664
41038
42665
41072
42666
41040
41045
42667
41064
42668
41043
41042
41065
42669
41048
42670
41044
42671
41047
42672
41046
41063
42673
41047
42674
41065
42675
41049
41067
42676
41054
42677
41051
41053
42678
41086
42679
41053
41055
42680
41079
42681
41069
42682
41056
41080
42683
41058
42684
41059
42685
41071
42686
41060
41089
42687
41061
41096
42688
41073
42689
41064
41063
41092
42690
41085
42691
41084
42692
41066
42693
41067
41085
42694
41068
42695
41069
41106
42696
41082
42697
41073
41071
41094
42698
41090
42699
41073
42700
42701
41077
41075
41078
42702
41076
41104
42703
41089
42704
42705
41082
42706
41081
41087
42707
41081
41090
42708
41102
42709
41103
42710
41084
41088
42711
41098
42712
41091
42713
41087
42714
41088
42715
41099
42716
41097
42717
41093
42718
41092
41106
42719
41100
42720
41094
41101
42721
41096
42722
41097
41096
41108
42723
42724
41104
42725
41099
41100
42726
41102
42727
41107
42728
41102
41108
42729
42730
41104
41105
42731
42732
41106
41107
42733
42734
41108
42735
42736
41114
41110
41233
42737
41111
41173
42738
41112
41174
42739
41113
41623
42740
41114
41164
42741
41163
42742
41120
41116
41183
42743
41117
41185
42744
41118
41196
42745
41119
41197
42746
41120
41363
42747
42051
42748
41122
41174
42749
41123
41173
42750
41177
42751
41129
41125
41163
42752
41126
41164
42753
41127
41584
42754
41128
41214
42755
41129
41213
42756
41263
42757
41135
41131
41136
42758
41132
41138
42759
41133
41143
42760
41134
41146
42761
41135
42762
42052
42763
41137
42764
41138
41141
42765
41140
42766
41142
41140
41150
42767
41253
42768
41142
42769
41147
42770
41144
41254
42771
41145
41151
42772
41146
41154
42773
42774
41148
42775
41149
41157
42776
41150
41156
42777
41258
42778
41152
41256
42779
41153
41159
42780
41154
41162
42781
42782
41158
41156
41168
42783
41259
42784
41158
42785
41165
42786
41160
41238
42787
41161
41179
42788
41162
41182
42789
42790
41234
42791
41627
42792
41166
42793
41167
41171
42794
41168
41170
42795
41261
42796
41172
41170
41178
42797
41232
42798
41172
42799
41175
42800
41230
42801
41617
42802
41176
42803
41177
42804
41178
42805
41229
42806
41180
41237
42807
41181
41199
42808
41182
41198
42809
42810
41184
42811
41185
41194
42812
41193
42813
41191
41187
41242
42814
41188
41203
42815
41189
41202
42816
41190
41351
42817
41191
41197
42818
41196
42819
41195
41193
41199
42820
41240
42821
41195
42822
41198
42823
41239
42824
41356
42825
42826
41244
42827
41203
41201
41204
42828
41202
41207
42829
41392
42830
41270
42831
41205
41250
42832
41206
41208
42833
41207
41211
42834
41441
42835
41209
41249
42836
41210
41216
42837
41211
41219
42838
41444
42839
41215
41213
41223
42840
41247
42841
41215
41580
42842
41220
42843
41217
41252
42844
41218
41225
42845
41219
41228
42846
41325
42847
41221
41591
42848
41222
41226
42849
41223
41225
42850
41245
42851
41226
41225
41227
42852
42853
41597
42854
41228
42050
42855
41391
42856
41230
41231
42857
41267
42858
41232
41275
42859
41266
42860
41235
41267
42861
41235
41264
42862
41273
42863
41238
41237
41294
42864
41272
42865
41265
42866
41240
41241
42867
41243
42868
41242
41288
42869
41269
42870
41244
41288
42871
41272
42872
41246
41252
42873
41247
41281
42874
41268
42875
41250
41249
41295
42876
41251
42877
41271
42878
41252
41281
42879
42880
41254
41260
42881
41255
42882
41256
41287
42883
41265
42884
41259
41258
41284
42885
41260
42886
41262
42887
41287
42888
41262
41266
42889
41297
42890
41264
41268
42891
41279
42892
41296
42893
41276
42894
41275
42895
41280
42896
41270
41291
42897
41271
42898
41301
42899
41293
42900
41274
41278
42901
41275
41277
42902
42903
41277
41298
42904
41305
42905
41279
41306
42906
41304
42907
41283
41304
42908
41282
42909
41283
41295
42910
41316
42911
41285
41299
42912
41286
41309
42913
41287
41296
42914
42915
41289
42916
41290
41293
42917
41291
41311
42918
41303
42919
41294
41293
41318
42920
42921
41300
42922
41302
42923
41300
42924
41298
41299
42925
41307
42926
41308
42927
41314
42928
41302
41303
42929
41313
42930
41310
42931
41315
42932
41306
41307
42933
41320
42934
41319
42935
41309
41319
42936
41314
42937
41311
41312
42938
41318
42939
41313
41321
42940
41316
42941
41317
42942
41316
41320
42943
42944
41318
41322
42945
42946
41322
42947
41321
42948
41322
42949
42950
41328
41324
41443
42951
41325
41444
42952
41326
42953
41327
41391
42954
41328
41390
42955
41481
42956
41334
41330
42054
42957
41331
41386
42958
41332
41383
42959
41333
41341
42960
41334
41342
42961
42962
41340
41336
41343
42963
41337
41346
42964
41338
42965
41339
41342
42966
41340
41341
42967
41458
42968
41448
42969
42970
41344
41459
42971
41345
41437
42972
41346
41438
42973
42974
41352
41348
41395
42975
41349
41455
42976
41350
41353
42977
41351
41356
42978
41352
42979
41392
42980
41354
41454
42981
41355
41358
42982
41356
41363
42983
42984
41362
41358
41363
42985
41359
42986
41360
41364
42987
41361
41367
42988
41362
42989
42043
42990
42991
41365
41453
42992
41366
41371
42993
41367
41370
42994
42995
41371
41369
41372
42996
41370
41375
42997
42998
41452
42999
41373
41478
43000
41374
41388
43001
41375
41387
43002
43003
41381
41377
41388
43004
41378
41449
43005
41379
41382
43006
41380
41385
43007
41381
43008
41387
43009
41383
41447
43010
41384
43011
41385
41386
43012
43013
43014
43015
41474
43016
41391
41390
41445
43017
41398
43018
43019
41393
43020
41394
41441
43021
41395
41440
43022
41476
43023
41401
41397
41402
43024
41398
41472
43025
41399
43026
41400
41446
43027
41401
41600
43028
41403
43029
41405
41473
43030
41404
41594
43031
41405
41407
43032
41406
43033
41409
41487
43034
41408
41545
43035
41409
41411
43036
41410
43037
41413
41470
43038
41412
41572
43039
41413
41415
43040
41414
43041
41417
41468
43042
41416
41564
43043
41417
41419
43044
41418
43045
41421
41466
43046
41420
41558
43047
41421
41427
43048
41426
43049
41426
41423
41428
43050
41424
43051
41425
41430
43052
41426
41429
43053
43054
41428
41553
43055
42055
43056
41432
41464
43057
41431
43058
41432
41434
43059
41433
43060
41436
41463
43061
41435
43062
41436
41438
43063
41437
43064
41461
43065
43066
41442
41440
41443
43067
41484
43068
41442
43069
41444
43070
41483
43071
43072
41446
42046
43073
41604
43074
41448
41450
43075
41457
43076
41450
41475
43077
41496
43078
41453
41452
41494
43079
41480
43080
41454
43081
41456
43082
41456
41477
43083
41494
43084
41458
41496
43085
41460
43086
41460
41489
43087
41502
43088
41462
41489
43089
41463
41506
43090
41465
43091
41465
41466
43092
41510
43093
41467
43094
41468
41510
43095
41469
43096
41470
41511
43097
41486
43098
41473
41472
41500
43099
41481
43100
41488
43101
41475
41479
43102
41497
43103
41477
41485
43104
41491
43105
41479
41480
43106
41514
43107
41503
43108
41482
43109
41483
41500
43110
41490
43111
41485
41490
43112
41518
43113
41487
41504
43114
41488
43115
41498
43116
41507
43117
41521
43118
41492
41519
43119
41493
41528
43120
41494
41503
43121
43122
41497
41496
41501
43123
43124
41515
43125
41499
41505
43126
41500
41520
43127
43128
41502
41523
43129
41516
43130
41517
43131
41505
41512
43132
41530
43133
41508
41509
43134
41508
41516
43135
41526
43136
41510
41513
43137
43138
41512
41513
43139
41535
43140
41527
43141
41515
41517
43142
41538
43143
41524
43144
41536
43145
41519
41522
43146
41529
43147
41521
41531
43148
41522
43149
41533
43150
41524
41538
43151
41525
43152
41526
41539
43153
41527
43154
41535
43155
41529
41536
43156
41532
43157
41531
41534
43158
41533
43159
41533
41540
43160
43161
41535
41539
43162
43163
41537
43164
41538
41540
43165
43166
41540
43167
43168
41546
41542
41593
43169
41543
41672
43170
41544
41573
43171
41545
41572
43172
41546
43173
41594
43174
41552
41548
41553
43175
41549
41555
43176
41550
41560
43177
41551
41563
43178
41552
43179
42049
43180
41554
43181
41555
41558
43182
41557
43183
41559
41557
41567
43184
41665
43185
41559
43186
41564
43187
41561
41666
43188
41562
41568
43189
41563
41571
43190
43191
41565
43192
41566
41572
43193
41567
41573
43194
41644
43195
41569
41668
43196
41570
41574
43197
41571
41577
43198
43199
43200
41645
43201
41575
41662
43202
41576
41634
43203
41577
41635
43204
43205
41583
41579
41588
43206
41580
41591
43207
41581
43208
41582
41584
43209
41583
41587
43210
41649
43211
41585
43212
41586
41627
43213
41587
41626
43214
41675
43215
41589
41648
43216
41590
41598
43217
41591
41597
43218
43219
41595
41593
41599
43220
41651
43221
41595
43222
41600
43223
41598
41597
41603
43224
43225
41602
43226
41602
41652
43227
41601
43228
41602
41604
43229
43230
41604
42047
43231
43232
41606
41641
43233
41607
41658
43234
41640
43235
41609
41611
43236
41610
41614
43237
41617
43238
41613
43239
41613
41619
43240
41676
43241
41615
41677
43242
41616
41620
43243
41617
41623
43244
43245
41619
41624
43246
41653
43247
41621
41679
43248
41622
41626
43249
41623
41627
43250
43251
41625
41654
43252
41640
43253
41680
43254
43255
41633
41629
41636
43256
41630
41639
43257
41631
43258
41632
41635
43259
41633
41634
43260
41661
43261
41664
43262
43263
41637
41659
43264
41638
41643
43265
41639
43266
43267
41684
43268
41642
41656
43269
41643
43270
43271
41646
41670
43272
41646
41671
43273
41691
43274
41649
41648
41693
43275
41652
43276
41674
43277
41652
41651
41693
43278
41673
43279
43280
41655
41682
43281
41655
41685
43282
41696
43283
41657
41659
43284
41658
41709
43285
41687
43286
41660
43287
41661
41709
43288
41683
43289
41663
41669
43290
41664
41700
43291
41683
43292
41666
41670
43293
41667
43294
41668
41690
43295
41669
43296
41701
43297
41690
43298
41672
41699
43299
41673
43300
41692
43301
41675
41714
43302
41686
43303
41677
41682
43304
41678
43305
41679
41716
43306
41681
43307
41681
41686
43308
41703
43309
41716
43310
41711
43311
41685
41687
43312
41697
43313
41705
43314
41708
43315
41691
41689
41721
43316
41690
41701
43317
43318
41712
43319
41694
41698
43320
41694
43321
41713
43322
41697
41696
41723
43323
41717
43324
41719
43325
41699
41728
43326
41712
43327
41702
41710
43328
41702
43329
41724
43330
41704
41718
43331
41705
41732
43332
41715
43333
41709
41707
41711
43334
41708
41726
43335
41719
43336
43337
41711
41735
43338
43339
41720
43340
41714
41729
43341
41715
43342
41731
43343
41718
43344
41718
41722
43345
43346
41725
43347
41721
41733
43348
41724
43349
41723
41732
43350
41727
43351
41734
43352
41726
41727
43353
41735
43354
41737
43355
41729
41733
43356
41731
43357
41732
41731
41736
43358
43359
43360
41736
43361
41735
41737
43362
43363
41737
43364
43365
41739
41770
43366
41741
43367
41742
41776
43368
41742
43369
41809
43370
41744
41745
43371
41748
43372
41747
43373
41747
41751
43374
41818
43375
41749
41819
43376
41752
43377
41751
41755
43378
41825
43379
41753
41821
43380
41756
43381
41755
41766
43382
41829
43383
41757
41823
43384
41775
43385
41760
41759
41802
43386
41773
43387
41762
43388
41762
41782
43389
41826
43390
41764
41768
43391
41765
41798
43392
41766
43393
41830
43394
41768
41771
43395
41799
43396
41770
41780
43397
41807
43398
41772
43399
41773
43400
41801
43401
41775
41780
43402
41836
43403
41777
41811
43404
41778
43405
41779
41796
43406
41783
43407
41808
43408
41782
41786
43409
41805
43410
41784
41795
43411
41788
43412
41786
41789
43413
41803
43414
41788
41791
43415
41813
43416
41790
41816
43417
41793
43418
41792
41812
43419
41793
43420
43421
41796
41795
41852
43422
41815
43423
41834
43424
41799
41798
41838
43425
41833
43426
41801
43427
41802
41801
41838
43428
43429
41828
43430
41804
41817
43431
41805
41855
43432
41827
43433
41808
41807
41849
43434
41809
43435
41835
43436
41810
43437
41811
41849
43438
41834
43439
41814
41816
43440
41814
41815
43441
41856
43442
41858
43443
41817
43444
41856
43445
41819
41824
43446
41820
43447
41821
41862
43448
41822
43449
41823
41863
43450
41837
43451
41825
41862
43452
41832
43453
41827
41828
43454
41843
43455
41842
43456
41831
41832
43457
41831
41833
43458
41845
43459
41859
43460
41840
43461
41848
43462
41836
41850
43463
41837
43464
41868
43465
41839
43466
41840
41865
43467
41844
43468
41843
41842
41870
43469
41865
43470
41864
43471
41845
41874
43472
41866
43473
41849
41847
41850
43474
41848
41881
43475
41851
43476
43477
41869
43478
41852
41880
43479
41857
43480
41856
41854
41858
43481
41855
41873
43482
41864
43483
43484
41858
41883
43485
43486
41860
41866
43487
41861
41879
43488
41862
41863
43489
43490
41867
43491
41872
43492
41871
43493
41876
43494
41868
41878
43495
41869
43496
41884
43497
41871
41877
43498
41874
43499
41873
41877
43500
41883
43501
41875
43502
41876
41887
43503
41879
43504
41886
43505
41879
41885
43506
43507
41881
41882
43508
41884
43509
41883
41886
43510
43511
41885
43512
41887
43513
41887
43514
43515
41889
41892
43516
41920
43517
41891
41927
43518
41892
41959
43519
43520
41894
41898
43521
41895
43522
41897
43523
41897
41900
43524
41968
43525
41899
41969
43526
41902
43527
41901
41975
43528
41905
43529
41903
41971
43530
41907
43531
41905
41916
43532
41979
43533
41907
41925
43534
41973
43535
41910
41909
41951
43536
41911
43537
41923
43538
41912
41976
43539
41932
43540
41915
41917
43541
41915
41916
43542
41949
43543
41981
43544
41918
41948
43545
41921
43546
41920
41930
43547
41958
43548
41922
43549
41923
43550
41952
43551
41925
41930
43552
41986
43553
41927
41928
43554
41960
43555
41929
41945
43556
41933
43557
41957
43558
41932
41936
43559
41954
43560
41934
41946
43561
41938
43562
41936
41939
43563
41953
43564
41938
41942
43565
41964
43566
41940
41966
43567
41943
43568
41942
41943
43569
41962
43570
43571
41946
41945
42001
43572
41984
43573
41965
43574
41949
41948
41990
43575
41952
43576
41983
43577
41952
41951
41990
43578
41978
43579
43580
41955
41967
43581
41955
41977
43582
42005
43583
41958
41957
41997
43584
41985
43585
41959
43586
41961
43587
41961
41984
43588
41997
43589
41963
41966
43590
41964
42004
43591
41965
43592
42007
43593
41967
43594
42004
43595
41969
41974
43596
41970
43597
41971
42009
43598
41972
43599
41973
42013
43600
41987
43601
41975
42009
43602
41982
43603
41977
41978
43604
41992
43605
41993
43606
41980
41982
43607
41981
41995
43608
41983
43609
42012
43610
41988
43611
41998
43612
41986
42000
43613
41987
43614
42017
43615
41989
41994
43616
41990
42015
43617
43618
41993
41992
42020
43619
42014
43620
42015
43621
41995
42024
43622
42016
43623
41999
41997
42000
43624
43625
41999
42002
43626
42031
43627
42019
43628
42002
42008
43629
42030
43630
42006
42004
42007
43631
43632
42006
42014
43633
42023
43634
42008
43635
42032
43636
42010
43637
42011
42013
43638
42012
42029
43639
42016
43640
42018
43641
42022
43642
42021
43643
42025
43644
42018
42019
43645
42028
43646
42034
43647
42021
42027
43648
42024
43649
42023
42027
43650
42032
43651
42026
43652
42026
42029
43653
42037
43654
42036
43655
42029
42035
43656
43657
42031
42033
43658
42034
43659
42033
43660
42036
43661
42035
43662
42037
43663
42037
43664
43665
42039
42053
43666
42053
43667
42041
42054
43668
42054
43669
42043
42051
43670
42051
43671
42045
42052
43672
42052
43673
42047
42050
43674
42050
43675
42049
42055
43676
42055
43677
43678
43679
43680
43681
43682
43683
42059
43366
43684
42058
42586
43685
42059
42079
43686
42078
43687
42061
43517
43688
42062
42095
43689
42063
42094
43690
43239
43691
42069
42065
42070
43692
42066
42073
43693
42067
42566
43694
42068
42096
43695
42069
42099
43696
43381
43697
42071
43385
43698
42072
42077
43699
42073
42076
43700
42572
43701
42077
42075
42078
43702
42076
42079
43703
42576
43704
43402
43705
43397
43706
42578
43707
42085
42081
42089
43708
42082
43531
43709
42083
42100
43710
42084
42103
43711
42085
43235
43712
42086
43713
42087
43253
43714
42088
42092
43715
42089
42091
43716
43534
43717
42093
42091
42095
43718
43552
43719
42093
43246
43720
42094
43721
43240
43722
43547
43723
42097
42560
43724
42098
42104
43725
42099
42105
43726
43377
43727
42101
43527
43728
42102
42106
43729
42103
42107
43730
43233
43731
42559
43732
43372
43733
43521
43734
43270
43735
42113
42109
42164
43736
42110
42163
43737
42111
42429
43738
42112
42154
43739
42113
42153
43740
42239
43741
42118
42115
42228
43742
42116
42225
43743
42117
42231
43744
42118
42230
43745
43014
43746
42124
42120
42231
43747
42121
42236
43748
42122
42125
43749
42123
42128
43750
42124
43008
43751
42230
43752
42126
42235
43753
42127
42214
43754
42128
42215
43755
43015
43756
42134
42130
42210
43757
42131
42211
43758
42132
42826
43759
42133
42213
43760
42134
42212
43761
42253
43762
42140
42136
42151
43763
42137
42233
43764
42138
42142
43765
42139
42147
43766
42140
42995
43767
42148
43768
42145
42142
42146
43769
42143
43770
42144
42212
43771
42145
42213
43772
42811
43773
42147
43670
43774
42989
43775
42149
42998
43776
42150
42215
43777
42151
42214
43778
42234
43779
42154
42153
42208
43780
42156
43781
42422
43782
42160
42156
42238
43783
42157
43784
42158
42209
43785
42159
42599
43786
42160
42207
43787
42206
43788
42164
42162
42165
43789
42163
42168
43790
42434
43791
42249
43792
42166
42248
43793
42167
42216
43794
42168
42219
43795
42436
43796
42174
42170
42175
43797
42171
42178
43798
42172
42782
43799
42173
42204
43800
42174
42203
43801
42246
43802
42176
42245
43803
42177
42180
43804
42178
42185
43805
42774
43806
42184
42180
42185
43807
42181
43808
42182
42189
43809
42183
42188
43810
42184
42642
43811
43673
43812
42762
43813
42189
42187
42190
43814
42188
42193
43815
42633
43816
42244
43817
42191
42243
43818
42192
42194
43819
42193
42197
43820
42625
43821
42195
42267
43822
42196
42201
43823
42197
42200
43824
42617
43825
42201
42199
42206
43826
42200
42207
43827
42613
43828
42264
43829
42205
42203
42210
43830
42260
43831
42205
42790
43832
42211
43833
42240
43834
42606
43835
42209
43666
43836
42591
43837
42261
43838
42810
43839
42254
43840
42822
43841
42271
43842
43003
43843
42217
42259
43844
42218
42223
43845
42219
42222
43846
42354
43847
42223
42221
42224
43848
42222
42227
43849
42383
43850
42258
43851
42225
42255
43852
42226
43853
42227
42229
43854
42340
43855
42229
43668
43856
42389
43857
43013
43858
42256
43859
42234
42233
42278
43860
42254
43861
42272
43862
42237
42273
43863
42237
42274
43864
42296
43865
42239
42241
43866
42251
43867
42241
42265
43868
42282
43869
42244
42243
42286
43870
42269
43871
42245
43872
42247
43873
42247
42266
43874
42286
43875
42250
42270
43876
42250
42251
43877
42285
43878
42282
43879
42254
42253
42278
43880
42263
43881
43882
42256
42275
43883
42274
43884
42259
42258
42289
43885
42275
43886
42270
43887
42262
42266
43888
42262
42263
43889
42292
43890
42293
43891
42265
42268
43892
42283
43893
42297
43894
42268
42269
43895
42299
43896
42288
43897
42303
43898
42272
42273
43899
42276
43900
42280
43901
42291
43902
42291
43903
42277
42279
43904
42278
42305
43905
43906
42280
42321
43907
42307
43908
42283
42282
42284
43909
43910
42300
43911
42285
42314
43912
42304
43913
42287
43914
42288
42298
43915
42306
43916
42290
42302
43917
42291
42295
43918
43919
42294
42301
43920
42294
42305
43921
42315
43922
42296
42313
43923
42307
43924
42298
42301
43925
42308
43926
42300
42306
43927
42311
43928
42319
43929
42303
42312
43930
42304
43931
42317
43932
42316
43933
42309
43934
42320
43935
42309
42319
43936
42310
43937
42311
42325
43938
42314
43939
42313
42318
43940
42320
43941
42317
43942
42316
42323
43943
42321
43944
42318
43945
42325
43946
42323
43947
42322
43948
42322
43949
42324
43950
42324
43951
42325
43952
43953
42331
42327
42438
43954
42328
42482
43955
42329
42359
43956
42330
42358
43957
42331
43205
43958
42439
43959
42337
42333
42449
43960
42334
42387
43961
42335
42386
43962
42336
42970
43963
42337
42381
43964
42382
43965
42343
42339
42384
43966
42340
42383
43967
42341
43968
42342
42389
43969
42343
42387
43970
42450
43971
42349
42345
42379
43972
42346
42446
43973
42347
42382
43974
42348
42381
43975
42349
42974
43976
42380
43977
42355
42351
42384
43978
42352
42453
43979
42353
42437
43980
42354
42436
43981
42355
43982
42383
43983
42359
42357
42363
43984
42358
42362
43985
43199
43986
42458
43987
42363
42361
42365
43988
42362
42370
43989
43191
43990
42457
43991
42369
42365
42370
43992
42366
43993
42367
42371
43994
42368
42374
43995
42369
43051
43996
43676
43997
43179
43998
42372
42459
43999
42373
42375
44000
42374
42378
44001
43058
44002
42376
42461
44003
42377
42379
44004
42378
42380
44005
43062
44006
42447
44007
43066
44008
42965
44009
42454
44010
44011
42451
44012
42387
42386
42388
44013
42962
44014
44015
42389
43669
44016
44017
42395
42391
42403
44018
42392
42406
44019
42393
43267
44020
42394
44021
42395
42396
44022
42467
44023
42443
44024
42402
42398
42470
44025
42399
42442
44026
42400
42445
44027
42401
42571
44028
42402
42440
44029
42441
44030
42404
42479
44031
42405
42438
44032
42406
42439
44033
43258
44034
42412
42408
42464
44035
42409
42441
44036
42410
42440
44037
42411
42543
44038
42412
42413
44039
42416
44040
42414
42608
44041
42415
42418
44042
42416
42417
44043
42465
44044
42420
42476
44045
42419
42602
44046
42420
42426
44047
42425
44048
42425
42422
42427
44049
42423
44050
42424
42429
44051
42425
42428
44052
44053
42427
42593
44054
43681
44055
42431
42474
44056
42430
44057
42431
42434
44058
42433
44059
42435
42433
42437
44060
42473
44061
42435
44062
42436
44063
44064
42471
44065
42480
44066
43263
44067
42575
44068
42486
44069
42443
42468
44070
42444
44071
42445
44072
42564
44073
42448
42484
44074
42448
42462
44075
42490
44076
42450
42455
44077
42463
44078
42452
42463
44079
42453
42497
44080
42488
44081
42455
42484
44082
42498
44083
42458
42457
42506
44084
42459
44085
42483
44086
42460
44087
42461
42506
44088
42462
44089
42493
44090
42498
44091
42466
42487
44092
42466
42477
44093
42515
44094
42468
42478
44095
42469
44096
42470
42499
44097
42485
44098
42472
42488
44099
42473
42510
44100
42475
44101
42475
42476
44102
42516
44103
42477
44104
42516
44105
42479
42499
44106
42489
44107
42481
42489
44108
42482
42508
44109
42483
44110
42507
44111
42492
44112
42486
42503
44113
42487
44114
42519
44115
42511
44116
42502
44117
42491
42494
44118
42492
42532
44119
42495
44120
42494
42505
44121
42529
44122
42498
42496
44123
42497
42533
44124
42513
44125
44126
42500
44127
42501
42503
44128
42502
42522
44129
42520
44130
42518
44131
42507
42505
42525
44132
42506
44133
44134
42509
44135
42509
42520
44136
42524
44137
42512
42517
44138
42512
42513
44139
42530
44140
42535
44141
42517
42515
42531
44142
42521
44143
42517
44144
44145
42519
42527
44146
42521
44147
42523
44148
42528
44149
42523
42527
44150
42537
44151
42525
42537
44152
42529
44153
42528
42527
42538
44154
44155
42531
44156
42536
44157
42531
42534
44158
44159
42533
42536
44160
42535
44161
42535
42538
44162
44163
42539
44164
42539
44165
42539
44166
44167
42545
42541
42652
44168
42542
42609
44169
42543
42608
44170
42544
44171
42545
42575
44172
42574
44173
42551
42547
42555
44174
42548
42646
44175
42549
42584
44176
42550
44177
42551
42803
44178
42552
44179
42553
42799
44180
42554
42582
44181
42555
42581
44182
42678
44183
42557
42559
44184
42558
42565
44185
42564
44186
42561
44187
42561
42567
44188
42672
44189
42565
42563
42568
44190
42564
42571
44191
44192
42671
44193
42567
42573
44194
42674
44195
42569
42670
44196
42570
42574
44197
42571
42575
44198
44199
42573
42577
44200
42667
44201
42677
44202
44203
42577
42579
44204
42654
44205
42579
42585
44206
42649
44207
42583
42581
42621
44208
42680
44209
42583
42793
44210
42618
44211
42586
44212
42586
42647
44213
44214
42592
42588
42593
44215
42589
42595
44216
42590
42596
44217
42591
42599
44218
42592
44219
43667
44220
42594
44221
42595
42602
44222
42601
44223
42597
42656
44224
42598
42607
44225
42599
42606
44226
44227
42603
42601
42609
44228
42655
44229
42603
44230
42608
44231
42607
42605
42610
44232
42606
42613
44233
44234
42644
44235
44236
42651
44237
42611
42643
44238
42612
42614
44239
42613
42617
44240
44241
42615
42664
44242
42616
42622
44243
42617
42625
44244
44245
42619
42785
44246
42620
42628
44247
42621
42627
44248
42684
44249
42623
42663
44250
42624
42630
44251
42625
42633
44252
44253
42629
42627
42637
44254
42661
44255
42629
42775
44256
42634
44257
42631
42665
44258
42632
42639
44259
42633
42642
44260
44261
42635
42769
44262
42636
42640
44263
42637
42639
44264
42659
44265
42640
42639
42641
44266
44267
42764
44268
42642
43672
44269
44270
42645
42685
44271
42645
42657
44272
42704
44273
42647
42679
44274
42648
44275
42649
42714
44276
42653
44277
42652
42651
42706
44278
42658
44279
42682
44280
42654
42711
44281
42668
44282
42656
42658
44283
42657
44284
42705
44285
42705
44286
42660
42665
44287
42661
42700
44288
42686
44289
42664
42663
42689
44290
42666
44291
42685
44292
42666
44293
42700
44294
42668
42673
44295
42692
44296
42671
42670
42693
44297
42676
44298
42672
44299
42675
44300
42674
42691
44301
42675
44302
42693
44303
42677
42695
44304
42682
44305
42679
42681
44306
42714
44307
42681
42683
44308
42707
44309
42697
44310
42684
42708
44311
42686
44312
42687
44313
42699
44314
42688
42717
44315
42689
42724
44316
42701
44317
42692
42691
42720
44318
42713
44319
42712
44320
42694
44321
42695
42713
44322
42696
44323
42697
42734
44324
42710
44325
42701
42699
42722
44326
42718
44327
42701
44328
44329
42705
42703
42706
44330
42704
42732
44331
42717
44332
44333
42710
44334
42709
42715
44335
42709
42718
44336
42730
44337
42731
44338
42712
42716
44339
42726
44340
42719
44341
42715
44342
42716
44343
42727
44344
42725
44345
42721
44346
42720
42734
44347
42728
44348
42722
42729
44349
42724
44350
42725
42724
42736
44351
44352
42732
44353
42727
42728
44354
42730
44355
42735
44356
42730
42736
44357
44358
42732
42733
44359
44360
42734
42735
44361
44362
42736
44363
44364
42742
42738
42861
44365
42739
42801
44366
42740
42802
44367
42741
43251
44368
42742
42792
44369
42791
44370
42748
42744
42811
44371
42745
42813
44372
42746
42824
44373
42747
42825
44374
42748
42991
44375
43679
44376
42750
42802
44377
42751
42801
44378
42805
44379
42757
42753
42791
44380
42754
42792
44381
42755
43212
44382
42756
42842
44383
42757
42841
44384
42891
44385
42763
42759
42764
44386
42760
42766
44387
42761
42771
44388
42762
42774
44389
42763
44390
43680
44391
42765
44392
42766
42769
44393
42768
44394
42770
42768
42778
44395
42881
44396
42770
44397
42775
44398
42772
42882
44399
42773
42779
44400
42774
42782
44401
44402
42776
44403
42777
42785
44404
42778
42784
44405
42886
44406
42780
42884
44407
42781
42787
44408
42782
42790
44409
44410
42786
42784
42796
44411
42887
44412
42786
44413
42793
44414
42788
42866
44415
42789
42807
44416
42790
42810
44417
44418
42862
44419
43255
44420
42794
44421
42795
42799
44422
42796
42798
44423
42889
44424
42800
42798
42806
44425
42860
44426
42800
44427
42803
44428
42858
44429
43245
44430
42804
44431
42805
44432
42806
44433
42857
44434
42808
42865
44435
42809
42827
44436
42810
42826
44437
44438
42812
44439
42813
42822
44440
42821
44441
42819
42815
42870
44442
42816
42831
44443
42817
42830
44444
42818
42979
44445
42819
42825
44446
42824
44447
42823
42821
42827
44448
42868
44449
42823
44450
42826
44451
42867
44452
42984
44453
44454
42872
44455
42831
42829
42832
44456
42830
42835
44457
43020
44458
42898
44459
42833
42878
44460
42834
42836
44461
42835
42839
44462
43069
44463
42837
42877
44464
42838
42844
44465
42839
42847
44466
43072
44467
42843
42841
42851
44468
42875
44469
42843
43208
44470
42848
44471
42845
42880
44472
42846
42853
44473
42847
42856
44474
42953
44475
42849
43219
44476
42850
42854
44477
42851
42853
44478
42873
44479
42854
42853
42855
44480
44481
43225
44482
42856
43678
44483
43019
44484
42858
42859
44485
42895
44486
42860
42903
44487
42894
44488
42863
42895
44489
42863
42892
44490
42901
44491
42866
42865
42922
44492
42900
44493
42893
44494
42868
42869
44495
42871
44496
42870
42916
44497
42897
44498
42872
42916
44499
42900
44500
42874
42880
44501
42875
42909
44502
42896
44503
42878
42877
42923
44504
42879
44505
42899
44506
42880
42909
44507
44508
42882
42888
44509
42883
44510
42884
42915
44511
42893
44512
42887
42886
42912
44513
42888
44514
42890
44515
42915
44516
42890
42894
44517
42925
44518
42892
42896
44519
42907
44520
42924
44521
42904
44522
42903
44523
42908
44524
42898
42919
44525
42899
44526
42929
44527
42921
44528
42902
42906
44529
42903
42905
44530
44531
42905
42926
44532
42933
44533
42907
42934
44534
42932
44535
42911
42932
44536
42910
44537
42911
42923
44538
42944
44539
42913
42927
44540
42914
42937
44541
42915
42924
44542
44543
42917
44544
42918
42921
44545
42919
42939
44546
42931
44547
42922
42921
42946
44548
44549
42928
44550
42930
44551
42928
44552
42926
42927
44553
42935
44554
42936
44555
42942
44556
42930
42931
44557
42941
44558
42938
44559
42943
44560
42934
42935
44561
42948
44562
42947
44563
42937
42947
44564
42942
44565
42939
42940
44566
42946
44567
42941
42949
44568
42944
44569
42945
44570
42944
42948
44571
44572
42946
42950
44573
44574
42950
44575
42949
44576
42950
44577
44578
42956
42952
43071
44579
42953
43072
44580
42954
44581
42955
43019
44582
42956
43018
44583
43109
44584
42962
42958
43682
44585
42959
43014
44586
42960
43011
44587
42961
42969
44588
42962
42970
44589
44590
42968
42964
42971
44591
42965
42974
44592
42966
44593
42967
42970
44594
42968
42969
44595
43086
44596
43076
44597
44598
42972
43087
44599
42973
43065
44600
42974
43066
44601
44602
42980
42976
43023
44603
42977
43083
44604
42978
42981
44605
42979
42984
44606
42980
44607
43020
44608
42982
43082
44609
42983
42986
44610
42984
42991
44611
44612
42990
42986
42991
44613
42987
44614
42988
42992
44615
42989
42995
44616
42990
44617
43671
44618
44619
42993
43081
44620
42994
42999
44621
42995
42998
44622
44623
42999
42997
43000
44624
42998
43003
44625
44626
43080
44627
43001
43106
44628
43002
43016
44629
43003
43015
44630
44631
43009
43005
43016
44632
43006
43077
44633
43007
43010
44634
43008
43013
44635
43009
44636
43015
44637
43011
43075
44638
43012
44639
43013
43014
44640
44641
44642
44643
43102
44644
43019
43018
43073
44645
43026
44646
44647
43021
44648
43022
43069
44649
43023
43068
44650
43104
44651
43029
43025
43030
44652
43026
43100
44653
43027
44654
43028
43074
44655
43029
43228
44656
43031
44657
43033
43101
44658
43032
43222
44659
43033
43035
44660
43034
44661
43037
43115
44662
43036
43173
44663
43037
43039
44664
43038
44665
43041
43098
44666
43040
43200
44667
43041
43043
44668
43042
44669
43045
43096
44670
43044
43192
44671
43045
43047
44672
43046
44673
43049
43094
44674
43048
43186
44675
43049
43055
44676
43054
44677
43054
43051
43056
44678
43052
44679
43053
43058
44680
43054
43057
44681
44682
43056
43181
44683
43683
44684
43060
43092
44685
43059
44686
43060
43062
44687
43061
44688
43064
43091
44689
43063
44690
43064
43066
44691
43065
44692
43089
44693
44694
43070
43068
43071
44695
43112
44696
43070
44697
43072
44698
43111
44699
44700
43074
43674
44701
43232
44702
43076
43078
44703
43085
44704
43078
43103
44705
43124
44706
43081
43080
43122
44707
43108
44708
43082
44709
43084
44710
43084
43105
44711
43122
44712
43086
43124
44713
43088
44714
43088
43117
44715
43130
44716
43090
43117
44717
43091
43134
44718
43093
44719
43093
43094
44720
43138
44721
43095
44722
43096
43138
44723
43097
44724
43098
43139
44725
43114
44726
43101
43100
43128
44727
43109
44728
43116
44729
43103
43107
44730
43125
44731
43105
43113
44732
43119
44733
43107
43108
44734
43142
44735
43131
44736
43110
44737
43111
43128
44738
43118
44739
43113
43118
44740
43146
44741
43115
43132
44742
43116
44743
43126
44744
43135
44745
43149
44746
43120
43147
44747
43121
43156
44748
43122
43131
44749
44750
43125
43124
43129
44751
44752
43143
44753
43127
43133
44754
43128
43148
44755
44756
43130
43151
44757
43144
44758
43145
44759
43133
43140
44760
43158
44761
43136
43137
44762
43136
43144
44763
43154
44764
43138
43141
44765
44766
43140
43141
44767
43163
44768
43155
44769
43143
43145
44770
43166
44771
43152
44772
43164
44773
43147
43150
44774
43157
44775
43149
43159
44776
43150
44777
43161
44778
43152
43166
44779
43153
44780
43154
43167
44781
43155
44782
43163
44783
43157
43164
44784
43160
44785
43159
43162
44786
43161
44787
43161
43168
44788
44789
43163
43167
44790
44791
43165
44792
43166
43168
44793
44794
43168
44795
44796
43174
43170
43221
44797
43171
43300
44798
43172
43201
44799
43173
43200
44800
43174
44801
43222
44802
43180
43176
43181
44803
43177
43183
44804
43178
43188
44805
43179
43191
44806
43180
44807
43677
44808
43182
44809
43183
43186
44810
43185
44811
43187
43185
43195
44812
43293
44813
43187
44814
43192
44815
43189
43294
44816
43190
43196
44817
43191
43199
44818
44819
43193
44820
43194
43200
44821
43195
43201
44822
43272
44823
43197
43296
44824
43198
43202
44825
43199
43205
44826
44827
44828
43273
44829
43203
43290
44830
43204
43262
44831
43205
43263
44832
44833
43211
43207
43216
44834
43208
43219
44835
43209
44836
43210
43212
44837
43211
43215
44838
43277
44839
43213
44840
43214
43255
44841
43215
43254
44842
43303
44843
43217
43276
44844
43218
43226
44845
43219
43225
44846
44847
43223
43221
43227
44848
43279
44849
43223
44850
43228
44851
43226
43225
43231
44852
44853
43230
44854
43230
43280
44855
43229
44856
43230
43232
44857
44858
43232
43675
44859
44860
43234
43269
44861
43235
43286
44862
43268
44863
43237
43239
44864
43238
43242
44865
43245
44866
43241
44867
43241
43247
44868
43304
44869
43243
43305
44870
43244
43248
44871
43245
43251
44872
44873
43247
43252
44874
43281
44875
43249
43307
44876
43250
43254
44877
43251
43255
44878
44879
43253
43282
44880
43268
44881
43308
44882
44883
43261
43257
43264
44884
43258
43267
44885
43259
44886
43260
43263
44887
43261
43262
44888
43289
44889
43292
44890
44891
43265
43287
44892
43266
43271
44893
43267
44894
44895
43312
44896
43270
43284
44897
43271
44898
44899
43274
43298
44900
43274
43299
44901
43319
44902
43277
43276
43321
44903
43280
44904
43302
44905
43280
43279
43321
44906
43301
44907
44908
43283
43310
44909
43283
43313
44910
43324
44911
43285
43287
44912
43286
43337
44913
43315
44914
43288
44915
43289
43337
44916
43311
44917
43291
43297
44918
43292
43328
44919
43311
44920
43294
43298
44921
43295
44922
43296
43318
44923
43297
44924
43329
44925
43318
44926
43300
43327
44927
43301
44928
43320
44929
43303
43342
44930
43314
44931
43305
43310
44932
43306
44933
43307
43344
44934
43309
44935
43309
43314
44936
43331
44937
43344
44938
43339
44939
43313
43315
44940
43325
44941
43333
44942
43336
44943
43319
43317
43349
44944
43318
43329
44945
44946
43340
44947
43322
43326
44948
43322
44949
43341
44950
43325
43324
43351
44951
43345
44952
43347
44953
43327
43356
44954
43340
44955
43330
43338
44956
43330
44957
43352
44958
43332
43346
44959
43333
43360
44960
43343
44961
43337
43335
43339
44962
43336
43354
44963
43347
44964
44965
43339
43363
44966
44967
43348
44968
43342
43357
44969
43343
44970
43359
44971
43346
44972
43346
43350
44973
44974
43353
44975
43349
43361
44976
43352
44977
43351
43360
44978
43355
44979
43362
44980
43354
43355
44981
43363
44982
43365
44983
43357
43361
44984
43359
44985
43360
43359
43364
44986
44987
44988
43364
44989
43363
43365
44990
44991
43365
44992
44993
43367
43398
44994
43369
44995
43370
43404
44996
43370
44997
43437
44998
43372
43373
44999
43376
45000
43375
45001
43375
43379
45002
43446
45003
43377
43447
45004
43380
45005
43379
43383
45006
43453
45007
43381
43449
45008
43384
45009
43383
43394
45010
43457
45011
43385
43451
45012
43403
45013
43388
43387
43430
45014
43401
45015
43390
45016
43390
43410
45017
43454
45018
43392
43396
45019
43393
43426
45020
43394
45021
43458
45022
43396
43399
45023
43427
45024
43398
43408
45025
43435
45026
43400
45027
43401
45028
43429
45029
43403
43408
45030
43464
45031
43405
43439
45032
43406
45033
43407
43424
45034
43411
45035
43436
45036
43410
43414
45037
43433
45038
43412
43423
45039
43416
45040
43414
43417
45041
43431
45042
43416
43419
45043
43441
45044
43418
43444
45045
43421
45046
43420
43440
45047
43421
45048
45049
43424
43423
43480
45050
43443
45051
43462
45052
43427
43426
43466
45053
43461
45054
43429
45055
43430
43429
43466
45056
45057
43456
45058
43432
43445
45059
43433
43483
45060
43455
45061
43436
43435
43477
45062
43437
45063
43463
45064
43438
45065
43439
43477
45066
43462
45067
43442
43444
45068
43442
43443
45069
43484
45070
43486
45071
43445
45072
43484
45073
43447
43452
45074
43448
45075
43449
43490
45076
43450
45077
43451
43491
45078
43465
45079
43453
43490
45080
43460
45081
43455
43456
45082
43471
45083
43470
45084
43459
43460
45085
43459
43461
45086
43473
45087
43487
45088
43468
45089
43476
45090
43464
43478
45091
43465
45092
43496
45093
43467
45094
43468
43493
45095
43472
45096
43471
43470
43498
45097
43493
45098
43492
45099
43473
43502
45100
43494
45101
43477
43475
43478
45102
43476
43509
45103
43479
45104
45105
43497
45106
43480
43508
45107
43485
45108
43484
43482
43486
45109
43483
43501
45110
43492
45111
45112
43486
43511
45113
45114
43488
43494
45115
43489
43507
45116
43490
43491
45117
45118
43495
45119
43500
45120
43499
45121
43504
45122
43496
43506
45123
43497
45124
43512
45125
43499
43505
45126
43502
45127
43501
43505
45128
43511
45129
43503
45130
43504
43515
45131
43507
45132
43514
45133
43507
43513
45134
45135
43509
43510
45136
43512
45137
43511
43514
45138
45139
43513
45140
43515
45141
43515
45142
45143
43517
43520
45144
43548
45145
43519
43555
45146
43520
43587
45147
45148
43522
43526
45149
43523
45150
43525
45151
43525
43528
45152
43596
45153
43527
43597
45154
43530
45155
43529
43603
45156
43533
45157
43531
43599
45158
43535
45159
43533
43544
45160
43607
45161
43535
43553
45162
43601
45163
43538
43537
43579
45164
43539
45165
43551
45166
43540
43604
45167
43560
45168
43543
43545
45169
43543
43544
45170
43577
45171
43609
45172
43546
43576
45173
43549
45174
43548
43558
45175
43586
45176
43550
45177
43551
45178
43580
45179
43553
43558
45180
43614
45181
43555
43556
45182
43588
45183
43557
43573
45184
43561
45185
43585
45186
43560
43564
45187
43582
45188
43562
43574
45189
43566
45190
43564
43567
45191
43581
45192
43566
43570
45193
43592
45194
43568
43594
45195
43571
45196
43570
43571
45197
43590
45198
45199
43574
43573
43629
45200
43612
45201
43593
45202
43577
43576
43618
45203
43580
45204
43611
45205
43580
43579
43618
45206
43606
45207
45208
43583
43595
45209
43583
43605
45210
43633
45211
43586
43585
43625
45212
43613
45213
43587
45214
43589
45215
43589
43612
45216
43625
45217
43591
43594
45218
43592
43632
45219
43593
45220
43635
45221
43595
45222
43632
45223
43597
43602
45224
43598
45225
43599
43637
45226
43600
45227
43601
43641
45228
43615
45229
43603
43637
45230
43610
45231
43605
43606
45232
43620
45233
43621
45234
43608
43610
45235
43609
43623
45236
43611
45237
43640
45238
43616
45239
43626
45240
43614
43628
45241
43615
45242
43645
45243
43617
43622
45244
43618
43643
45245
45246
43621
43620
43648
45247
43642
45248
43643
45249
43623
43652
45250
43644
45251
43627
43625
43628
45252
45253
43627
43630
45254
43659
45255
43647
45256
43630
43636
45257
43658
45258
43634
43632
43635
45259
45260
43634
43642
45261
43651
45262
43636
45263
43660
45264
43638
45265
43639
43641
45266
43640
43657
45267
43644
45268
43646
45269
43650
45270
43649
45271
43653
45272
43646
43647
45273
43656
45274
43662
45275
43649
43655
45276
43652
45277
43651
43655
45278
43660
45279
43654
45280
43654
43657
45281
43665
45282
43664
45283
43657
43663
45284
45285
43659
43661
45286
43662
45287
43661
45288
43664
45289
43663
45290
43665
45291
43665
45292
45293
43667
43681
45294
43681
45295
43669
43682
45296
43682
45297
43671
43679
45298
43679
45299
43673
43680
45300
43680
45301
43675
43678
45302
43678
45303
43677
43683
45304
43683
45305
45306
45307
45308
45309
45310
45311
43687
44994
45312
43686
44214
45313
43687
43707
45314
43706
45315
43689
45145
45316
43690
43723
45317
43691
43722
45318
44867
45319
43697
43693
43698
45320
43694
43701
45321
43695
44194
45322
43696
43724
45323
43697
43727
45324
45009
45325
43699
45013
45326
43700
43705
45327
43701
43704
45328
44200
45329
43705
43703
43706
45330
43704
43707
45331
44204
45332
45030
45333
45025
45334
44206
45335
43713
43709
43717
45336
43710
45159
45337
43711
43728
45338
43712
43731
45339
43713
44863
45340
43714
45341
43715
44881
45342
43716
43720
45343
43717
43719
45344
45162
45345
43721
43719
43723
45346
45180
45347
43721
44874
45348
43722
45349
44868
45350
45175
45351
43725
44188
45352
43726
43732
45353
43727
43733
45354
45005
45355
43729
45155
45356
43730
43734
45357
43731
43735
45358
44861
45359
44187
45360
45000
45361
45149
45362
44898
45363
43741
43737
43792
45364
43738
43791
45365
43739
44057
45366
43740
43782
45367
43741
43781
45368
43867
45369
43746
43743
43856
45370
43744
43853
45371
43745
43859
45372
43746
43858
45373
44642
45374
43752
43748
43859
45375
43749
43864
45376
43750
43753
45377
43751
43756
45378
43752
44636
45379
43858
45380
43754
43863
45381
43755
43842
45382
43756
43843
45383
44643
45384
43762
43758
43838
45385
43759
43839
45386
43760
44454
45387
43761
43841
45388
43762
43840
45389
43881
45390
43768
43764
43779
45391
43765
43861
45392
43766
43770
45393
43767
43775
45394
43768
44623
45395
43776
45396
43773
43770
43774
45397
43771
45398
43772
43840
45399
43773
43841
45400
44439
45401
43775
45298
45402
44617
45403
43777
44626
45404
43778
43843
45405
43779
43842
45406
43862
45407
43782
43781
43836
45408
43784
45409
44050
45410
43788
43784
43866
45411
43785
45412
43786
43837
45413
43787
44227
45414
43788
43835
45415
43834
45416
43792
43790
43793
45417
43791
43796
45418
44062
45419
43877
45420
43794
43876
45421
43795
43844
45422
43796
43847
45423
44064
45424
43802
43798
43803
45425
43799
43806
45426
43800
44410
45427
43801
43832
45428
43802
43831
45429
43874
45430
43804
43873
45431
43805
43808
45432
43806
43813
45433
44402
45434
43812
43808
43813
45435
43809
45436
43810
43817
45437
43811
43816
45438
43812
44270
45439
45301
45440
44390
45441
43817
43815
43818
45442
43816
43821
45443
44261
45444
43872
45445
43819
43871
45446
43820
43822
45447
43821
43825
45448
44253
45449
43823
43895
45450
43824
43829
45451
43825
43828
45452
44245
45453
43829
43827
43834
45454
43828
43835
45455
44241
45456
43892
45457
43833
43831
43838
45458
43888
45459
43833
44418
45460
43839
45461
43868
45462
44234
45463
43837
45294
45464
44219
45465
43889
45466
44438
45467
43882
45468
44450
45469
43899
45470
44631
45471
43845
43887
45472
43846
43851
45473
43847
43850
45474
43982
45475
43851
43849
43852
45476
43850
43855
45477
44011
45478
43886
45479
43853
43883
45480
43854
45481
43855
43857
45482
43968
45483
43857
45296
45484
44017
45485
44641
45486
43884
45487
43862
43861
43906
45488
43882
45489
43900
45490
43865
43901
45491
43865
43902
45492
43924
45493
43867
43869
45494
43879
45495
43869
43893
45496
43910
45497
43872
43871
43914
45498
43897
45499
43873
45500
43875
45501
43875
43894
45502
43914
45503
43878
43898
45504
43878
43879
45505
43913
45506
43910
45507
43882
43881
43906
45508
43891
45509
45510
43884
43903
45511
43902
45512
43887
43886
43917
45513
43903
45514
43898
45515
43890
43894
45516
43890
43891
45517
43920
45518
43921
45519
43893
43896
45520
43911
45521
43925
45522
43896
43897
45523
43927
45524
43916
45525
43931
45526
43900
43901
45527
43904
45528
43908
45529
43919
45530
43919
45531
43905
43907
45532
43906
43933
45533
45534
43908
43949
45535
43935
45536
43911
43910
43912
45537
45538
43928
45539
43913
43942
45540
43932
45541
43915
45542
43916
43926
45543
43934
45544
43918
43930
45545
43919
43923
45546
45547
43922
43929
45548
43922
43933
45549
43943
45550
43924
43941
45551
43935
45552
43926
43929
45553
43936
45554
43928
43934
45555
43939
45556
43947
45557
43931
43940
45558
43932
45559
43945
45560
43944
45561
43937
45562
43948
45563
43937
43947
45564
43938
45565
43939
43953
45566
43942
45567
43941
43946
45568
43948
45569
43945
45570
43944
43951
45571
43949
45572
43946
45573
43953
45574
43951
45575
43950
45576
43950
45577
43952
45578
43952
45579
43953
45580
45581
43959
43955
44066
45582
43956
44110
45583
43957
43987
45584
43958
43986
45585
43959
44833
45586
44067
45587
43965
43961
44077
45588
43962
44015
45589
43963
44014
45590
43964
44598
45591
43965
44009
45592
44010
45593
43971
43967
44012
45594
43968
44011
45595
43969
45596
43970
44017
45597
43971
44015
45598
44078
45599
43977
43973
44007
45600
43974
44074
45601
43975
44010
45602
43976
44009
45603
43977
44602
45604
44008
45605
43983
43979
44012
45606
43980
44081
45607
43981
44065
45608
43982
44064
45609
43983
45610
44011
45611
43987
43985
43991
45612
43986
43990
45613
44827
45614
44086
45615
43991
43989
43993
45616
43990
43998
45617
44819
45618
44085
45619
43997
43993
43998
45620
43994
45621
43995
43999
45622
43996
44002
45623
43997
44679
45624
45304
45625
44807
45626
44000
44087
45627
44001
44003
45628
44002
44006
45629
44686
45630
44004
44089
45631
44005
44007
45632
44006
44008
45633
44690
45634
44075
45635
44694
45636
44593
45637
44082
45638
45639
44079
45640
44015
44014
44016
45641
44590
45642
45643
44017
45297
45644
45645
44023
44019
44031
45646
44020
44034
45647
44021
44895
45648
44022
45649
44023
44024
45650
44095
45651
44071
45652
44030
44026
44098
45653
44027
44070
45654
44028
44073
45655
44029
44199
45656
44030
44068
45657
44069
45658
44032
44107
45659
44033
44066
45660
44034
44067
45661
44886
45662
44040
44036
44092
45663
44037
44069
45664
44038
44068
45665
44039
44171
45666
44040
44041
45667
44044
45668
44042
44236
45669
44043
44046
45670
44044
44045
45671
44093
45672
44048
44104
45673
44047
44230
45674
44048
44054
45675
44053
45676
44053
44050
44055
45677
44051
45678
44052
44057
45679
44053
44056
45680
45681
44055
44221
45682
45309
45683
44059
44102
45684
44058
45685
44059
44062
45686
44061
45687
44063
44061
44065
45688
44101
45689
44063
45690
44064
45691
45692
44099
45693
44108
45694
44891
45695
44203
45696
44114
45697
44071
44096
45698
44072
45699
44073
45700
44192
45701
44076
44112
45702
44076
44090
45703
44118
45704
44078
44083
45705
44091
45706
44080
44091
45707
44081
44125
45708
44116
45709
44083
44112
45710
44126
45711
44086
44085
44134
45712
44087
45713
44111
45714
44088
45715
44089
44134
45716
44090
45717
44121
45718
44126
45719
44094
44115
45720
44094
44105
45721
44143
45722
44096
44106
45723
44097
45724
44098
44127
45725
44113
45726
44100
44116
45727
44101
44138
45728
44103
45729
44103
44104
45730
44144
45731
44105
45732
44144
45733
44107
44127
45734
44117
45735
44109
44117
45736
44110
44136
45737
44111
45738
44135
45739
44120
45740
44114
44131
45741
44115
45742
44147
45743
44139
45744
44130
45745
44119
44122
45746
44120
44160
45747
44123
45748
44122
44133
45749
44157
45750
44126
44124
45751
44125
44161
45752
44141
45753
45754
44128
45755
44129
44131
45756
44130
44150
45757
44148
45758
44146
45759
44135
44133
44153
45760
44134
45761
45762
44137
45763
44137
44148
45764
44152
45765
44140
44145
45766
44140
44141
45767
44158
45768
44163
45769
44145
44143
44159
45770
44149
45771
44145
45772
45773
44147
44155
45774
44149
45775
44151
45776
44156
45777
44151
44155
45778
44165
45779
44153
44165
45780
44157
45781
44156
44155
44166
45782
45783
44159
45784
44164
45785
44159
44162
45786
45787
44161
44164
45788
44163
45789
44163
44166
45790
45791
44167
45792
44167
45793
44167
45794
45795
44173
44169
44280
45796
44170
44237
45797
44171
44236
45798
44172
45799
44173
44203
45800
44202
45801
44179
44175
44183
45802
44176
44274
45803
44177
44212
45804
44178
45805
44179
44431
45806
44180
45807
44181
44427
45808
44182
44210
45809
44183
44209
45810
44306
45811
44185
44187
45812
44186
44193
45813
44192
45814
44189
45815
44189
44195
45816
44300
45817
44193
44191
44196
45818
44192
44199
45819
45820
44299
45821
44195
44201
45822
44302
45823
44197
44298
45824
44198
44202
45825
44199
44203
45826
45827
44201
44205
45828
44295
45829
44305
45830
45831
44205
44207
45832
44282
45833
44207
44213
45834
44277
45835
44211
44209
44249
45836
44308
45837
44211
44421
45838
44246
45839
44214
45840
44214
44275
45841
45842
44220
44216
44221
45843
44217
44223
45844
44218
44224
45845
44219
44227
45846
44220
45847
45295
45848
44222
45849
44223
44230
45850
44229
45851
44225
44284
45852
44226
44235
45853
44227
44234
45854
45855
44231
44229
44237
45856
44283
45857
44231
45858
44236
45859
44235
44233
44238
45860
44234
44241
45861
45862
44272
45863
45864
44279
45865
44239
44271
45866
44240
44242
45867
44241
44245
45868
45869
44243
44292
45870
44244
44250
45871
44245
44253
45872
45873
44247
44413
45874
44248
44256
45875
44249
44255
45876
44312
45877
44251
44291
45878
44252
44258
45879
44253
44261
45880
45881
44257
44255
44265
45882
44289
45883
44257
44403
45884
44262
45885
44259
44293
45886
44260
44267
45887
44261
44270
45888
45889
44263
44397
45890
44264
44268
45891
44265
44267
45892
44287
45893
44268
44267
44269
45894
45895
44392
45896
44270
45300
45897
45898
44273
44313
45899
44273
44285
45900
44332
45901
44275
44307
45902
44276
45903
44277
44342
45904
44281
45905
44280
44279
44334
45906
44286
45907
44310
45908
44282
44339
45909
44296
45910
44284
44286
45911
44285
45912
44333
45913
44333
45914
44288
44293
45915
44289
44328
45916
44314
45917
44292
44291
44317
45918
44294
45919
44313
45920
44294
45921
44328
45922
44296
44301
45923
44320
45924
44299
44298
44321
45925
44304
45926
44300
45927
44303
45928
44302
44319
45929
44303
45930
44321
45931
44305
44323
45932
44310
45933
44307
44309
45934
44342
45935
44309
44311
45936
44335
45937
44325
45938
44312
44336
45939
44314
45940
44315
45941
44327
45942
44316
44345
45943
44317
44352
45944
44329
45945
44320
44319
44348
45946
44341
45947
44340
45948
44322
45949
44323
44341
45950
44324
45951
44325
44362
45952
44338
45953
44329
44327
44350
45954
44346
45955
44329
45956
45957
44333
44331
44334
45958
44332
44360
45959
44345
45960
45961
44338
45962
44337
44343
45963
44337
44346
45964
44358
45965
44359
45966
44340
44344
45967
44354
45968
44347
45969
44343
45970
44344
45971
44355
45972
44353
45973
44349
45974
44348
44362
45975
44356
45976
44350
44357
45977
44352
45978
44353
44352
44364
45979
45980
44360
45981
44355
44356
45982
44358
45983
44363
45984
44358
44364
45985
45986
44360
44361
45987
45988
44362
44363
45989
45990
44364
45991
45992
44370
44366
44489
45993
44367
44429
45994
44368
44430
45995
44369
44879
45996
44370
44420
45997
44419
45998
44376
44372
44439
45999
44373
44441
46000
44374
44452
46001
44375
44453
46002
44376
44619
46003
45307
46004
44378
44430
46005
44379
44429
46006
44433
46007
44385
44381
44419
46008
44382
44420
46009
44383
44840
46010
44384
44470
46011
44385
44469
46012
44519
46013
44391
44387
44392
46014
44388
44394
46015
44389
44399
46016
44390
44402
46017
44391
46018
45308
46019
44393
46020
44394
44397
46021
44396
46022
44398
44396
44406
46023
44509
46024
44398
46025
44403
46026
44400
44510
46027
44401
44407
46028
44402
44410
46029
46030
44404
46031
44405
44413
46032
44406
44412
46033
44514
46034
44408
44512
46035
44409
44415
46036
44410
44418
46037
46038
44414
44412
44424
46039
44515
46040
44414
46041
44421
46042
44416
44494
46043
44417
44435
46044
44418
44438
46045
46046
44490
46047
44883
46048
44422
46049
44423
44427
46050
44424
44426
46051
44517
46052
44428
44426
44434
46053
44488
46054
44428
46055
44431
46056
44486
46057
44873
46058
44432
46059
44433
46060
44434
46061
44485
46062
44436
44493
46063
44437
44455
46064
44438
44454
46065
46066
44440
46067
44441
44450
46068
44449
46069
44447
44443
44498
46070
44444
44459
46071
44445
44458
46072
44446
44607
46073
44447
44453
46074
44452
46075
44451
44449
44455
46076
44496
46077
44451
46078
44454
46079
44495
46080
44612
46081
46082
44500
46083
44459
44457
44460
46084
44458
44463
46085
44648
46086
44526
46087
44461
44506
46088
44462
44464
46089
44463
44467
46090
44697
46091
44465
44505
46092
44466
44472
46093
44467
44475
46094
44700
46095
44471
44469
44479
46096
44503
46097
44471
44836
46098
44476
46099
44473
44508
46100
44474
44481
46101
44475
44484
46102
44581
46103
44477
44847
46104
44478
44482
46105
44479
44481
46106
44501
46107
44482
44481
44483
46108
46109
44853
46110
44484
45306
46111
44647
46112
44486
44487
46113
44523
46114
44488
44531
46115
44522
46116
44491
44523
46117
44491
44520
46118
44529
46119
44494
44493
44550
46120
44528
46121
44521
46122
44496
44497
46123
44499
46124
44498
44544
46125
44525
46126
44500
44544
46127
44528
46128
44502
44508
46129
44503
44537
46130
44524
46131
44506
44505
44551
46132
44507
46133
44527
46134
44508
44537
46135
46136
44510
44516
46137
44511
46138
44512
44543
46139
44521
46140
44515
44514
44540
46141
44516
46142
44518
46143
44543
46144
44518
44522
46145
44553
46146
44520
44524
46147
44535
46148
44552
46149
44532
46150
44531
46151
44536
46152
44526
44547
46153
44527
46154
44557
46155
44549
46156
44530
44534
46157
44531
44533
46158
46159
44533
44554
46160
44561
46161
44535
44562
46162
44560
46163
44539
44560
46164
44538
46165
44539
44551
46166
44572
46167
44541
44555
46168
44542
44565
46169
44543
44552
46170
46171
44545
46172
44546
44549
46173
44547
44567
46174
44559
46175
44550
44549
44574
46176
46177
44556
46178
44558
46179
44556
46180
44554
44555
46181
44563
46182
44564
46183
44570
46184
44558
44559
46185
44569
46186
44566
46187
44571
46188
44562
44563
46189
44576
46190
44575
46191
44565
44575
46192
44570
46193
44567
44568
46194
44574
46195
44569
44577
46196
44572
46197
44573
46198
44572
44576
46199
46200
44574
44578
46201
46202
44578
46203
44577
46204
44578
46205
46206
44584
44580
44699
46207
44581
44700
46208
44582
46209
44583
44647
46210
44584
44646
46211
44737
46212
44590
44586
45310
46213
44587
44642
46214
44588
44639
46215
44589
44597
46216
44590
44598
46217
46218
44596
44592
44599
46219
44593
44602
46220
44594
46221
44595
44598
46222
44596
44597
46223
44714
46224
44704
46225
46226
44600
44715
46227
44601
44693
46228
44602
44694
46229
46230
44608
44604
44651
46231
44605
44711
46232
44606
44609
46233
44607
44612
46234
44608
46235
44648
46236
44610
44710
46237
44611
44614
46238
44612
44619
46239
46240
44618
44614
44619
46241
44615
46242
44616
44620
46243
44617
44623
46244
44618
46245
45299
46246
46247
44621
44709
46248
44622
44627
46249
44623
44626
46250
46251
44627
44625
44628
46252
44626
44631
46253
46254
44708
46255
44629
44734
46256
44630
44644
46257
44631
44643
46258
46259
44637
44633
44644
46260
44634
44705
46261
44635
44638
46262
44636
44641
46263
44637
46264
44643
46265
44639
44703
46266
44640
46267
44641
44642
46268
46269
46270
46271
44730
46272
44647
44646
44701
46273
44654
46274
46275
44649
46276
44650
44697
46277
44651
44696
46278
44732
46279
44657
44653
44658
46280
44654
44728
46281
44655
46282
44656
44702
46283
44657
44856
46284
44659
46285
44661
44729
46286
44660
44850
46287
44661
44663
46288
44662
46289
44665
44743
46290
44664
44801
46291
44665
44667
46292
44666
46293
44669
44726
46294
44668
44828
46295
44669
44671
46296
44670
46297
44673
44724
46298
44672
44820
46299
44673
44675
46300
44674
46301
44677
44722
46302
44676
44814
46303
44677
44683
46304
44682
46305
44682
44679
44684
46306
44680
46307
44681
44686
46308
44682
44685
46309
46310
44684
44809
46311
45311
46312
44688
44720
46313
44687
46314
44688
44690
46315
44689
46316
44692
44719
46317
44691
46318
44692
44694
46319
44693
46320
44717
46321
46322
44698
44696
44699
46323
44740
46324
44698
46325
44700
46326
44739
46327
46328
44702
45302
46329
44860
46330
44704
44706
46331
44713
46332
44706
44731
46333
44752
46334
44709
44708
44750
46335
44736
46336
44710
46337
44712
46338
44712
44733
46339
44750
46340
44714
44752
46341
44716
46342
44716
44745
46343
44758
46344
44718
44745
46345
44719
44762
46346
44721
46347
44721
44722
46348
44766
46349
44723
46350
44724
44766
46351
44725
46352
44726
44767
46353
44742
46354
44729
44728
44756
46355
44737
46356
44744
46357
44731
44735
46358
44753
46359
44733
44741
46360
44747
46361
44735
44736
46362
44770
46363
44759
46364
44738
46365
44739
44756
46366
44746
46367
44741
44746
46368
44774
46369
44743
44760
46370
44744
46371
44754
46372
44763
46373
44777
46374
44748
44775
46375
44749
44784
46376
44750
44759
46377
46378
44753
44752
44757
46379
46380
44771
46381
44755
44761
46382
44756
44776
46383
46384
44758
44779
46385
44772
46386
44773
46387
44761
44768
46388
44786
46389
44764
44765
46390
44764
44772
46391
44782
46392
44766
44769
46393
46394
44768
44769
46395
44791
46396
44783
46397
44771
44773
46398
44794
46399
44780
46400
44792
46401
44775
44778
46402
44785
46403
44777
44787
46404
44778
46405
44789
46406
44780
44794
46407
44781
46408
44782
44795
46409
44783
46410
44791
46411
44785
44792
46412
44788
46413
44787
44790
46414
44789
46415
44789
44796
46416
46417
44791
44795
46418
46419
44793
46420
44794
44796
46421
46422
44796
46423
46424
44802
44798
44849
46425
44799
44928
46426
44800
44829
46427
44801
44828
46428
44802
46429
44850
46430
44808
44804
44809
46431
44805
44811
46432
44806
44816
46433
44807
44819
46434
44808
46435
45305
46436
44810
46437
44811
44814
46438
44813
46439
44815
44813
44823
46440
44921
46441
44815
46442
44820
46443
44817
44922
46444
44818
44824
46445
44819
44827
46446
46447
44821
46448
44822
44828
46449
44823
44829
46450
44900
46451
44825
44924
46452
44826
44830
46453
44827
44833
46454
46455
46456
44901
46457
44831
44918
46458
44832
44890
46459
44833
44891
46460
46461
44839
44835
44844
46462
44836
44847
46463
44837
46464
44838
44840
46465
44839
44843
46466
44905
46467
44841
46468
44842
44883
46469
44843
44882
46470
44931
46471
44845
44904
46472
44846
44854
46473
44847
44853
46474
46475
44851
44849
44855
46476
44907
46477
44851
46478
44856
46479
44854
44853
44859
46480
46481
44858
46482
44858
44908
46483
44857
46484
44858
44860
46485
46486
44860
45303
46487
46488
44862
44897
46489
44863
44914
46490
44896
46491
44865
44867
46492
44866
44870
46493
44873
46494
44869
46495
44869
44875
46496
44932
46497
44871
44933
46498
44872
44876
46499
44873
44879
46500
46501
44875
44880
46502
44909
46503
44877
44935
46504
44878
44882
46505
44879
44883
46506
46507
44881
44910
46508
44896
46509
44936
46510
46511
44889
44885
44892
46512
44886
44895
46513
44887
46514
44888
44891
46515
44889
44890
46516
44917
46517
44920
46518
46519
44893
44915
46520
44894
44899
46521
44895
46522
46523
44940
46524
44898
44912
46525
44899
46526
46527
44902
44926
46528
44902
44927
46529
44947
46530
44905
44904
44949
46531
44908
46532
44930
46533
44908
44907
44949
46534
44929
46535
46536
44911
44938
46537
44911
44941
46538
44952
46539
44913
44915
46540
44914
44965
46541
44943
46542
44916
46543
44917
44965
46544
44939
46545
44919
44925
46546
44920
44956
46547
44939
46548
44922
44926
46549
44923
46550
44924
44946
46551
44925
46552
44957
46553
44946
46554
44928
44955
46555
44929
46556
44948
46557
44931
44970
46558
44942
46559
44933
44938
46560
44934
46561
44935
44972
46562
44937
46563
44937
44942
46564
44959
46565
44972
46566
44967
46567
44941
44943
46568
44953
46569
44961
46570
44964
46571
44947
44945
44977
46572
44946
44957
46573
46574
44968
46575
44950
44954
46576
44950
46577
44969
46578
44953
44952
44979
46579
44973
46580
44975
46581
44955
44984
46582
44968
46583
44958
44966
46584
44958
46585
44980
46586
44960
44974
46587
44961
44988
46588
44971
46589
44965
44963
44967
46590
44964
44982
46591
44975
46592
46593
44967
44991
46594
46595
44976
46596
44970
44985
46597
44971
46598
44987
46599
44974
46600
44974
44978
46601
46602
44981
46603
44977
44989
46604
44980
46605
44979
44988
46606
44983
46607
44990
46608
44982
44983
46609
44991
46610
44993
46611
44985
44989
46612
44987
46613
44988
44987
44992
46614
46615
46616
44992
46617
44991
44993
46618
46619
44993
46620
46621
44995
45026
46622
44997
46623
44998
45032
46624
44998
46625
45065
46626
45000
45001
46627
45004
46628
45003
46629
45003
45007
46630
45074
46631
45005
45075
46632
45008
46633
45007
45011
46634
45081
46635
45009
45077
46636
45012
46637
45011
45022
46638
45085
46639
45013
45079
46640
45031
46641
45016
45015
45058
46642
45029
46643
45018
46644
45018
45038
46645
45082
46646
45020
45024
46647
45021
45054
46648
45022
46649
45086
46650
45024
45027
46651
45055
46652
45026
45036
46653
45063
46654
45028
46655
45029
46656
45057
46657
45031
45036
46658
45092
46659
45033
45067
46660
45034
46661
45035
45052
46662
45039
46663
45064
46664
45038
45042
46665
45061
46666
45040
45051
46667
45044
46668
45042
45045
46669
45059
46670
45044
45047
46671
45069
46672
45046
45072
46673
45049
46674
45048
45068
46675
45049
46676
46677
45052
45051
45108
46678
45071
46679
45090
46680
45055
45054
45094
46681
45089
46682
45057
46683
45058
45057
45094
46684
46685
45084
46686
45060
45073
46687
45061
45111
46688
45083
46689
45064
45063
45105
46690
45065
46691
45091
46692
45066
46693
45067
45105
46694
45090
46695
45070
45072
46696
45070
45071
46697
45112
46698
45114
46699
45073
46700
45112
46701
45075
45080
46702
45076
46703
45077
45118
46704
45078
46705
45079
45119
46706
45093
46707
45081
45118
46708
45088
46709
45083
45084
46710
45099
46711
45098
46712
45087
45088
46713
45087
45089
46714
45101
46715
45115
46716
45096
46717
45104
46718
45092
45106
46719
45093
46720
45124
46721
45095
46722
45096
45121
46723
45100
46724
45099
45098
45126
46725
45121
46726
45120
46727
45101
45130
46728
45122
46729
45105
45103
45106
46730
45104
45137
46731
45107
46732
46733
45125
46734
45108
45136
46735
45113
46736
45112
45110
45114
46737
45111
45129
46738
45120
46739
46740
45114
45139
46741
46742
45116
45122
46743
45117
45135
46744
45118
45119
46745
46746
45123
46747
45128
46748
45127
46749
45132
46750
45124
45134
46751
45125
46752
45140
46753
45127
45133
46754
45130
46755
45129
45133
46756
45139
46757
45131
46758
45132
45143
46759
45135
46760
45142
46761
45135
45141
46762
46763
45137
45138
46764
45140
46765
45139
45142
46766
46767
45141
46768
45143
46769
45143
46770
46771
45145
45148
46772
45176
46773
45147
45183
46774
45148
45215
46775
46776
45150
45154
46777
45151
46778
45153
46779
45153
45156
46780
45224
46781
45155
45225
46782
45158
46783
45157
45231
46784
45161
46785
45159
45227
46786
45163
46787
45161
45172
46788
45235
46789
45163
45181
46790
45229
46791
45166
45165
45207
46792
45167
46793
45179
46794
45168
45232
46795
45188
46796
45171
45173
46797
45171
45172
46798
45205
46799
45237
46800
45174
45204
46801
45177
46802
45176
45186
46803
45214
46804
45178
46805
45179
46806
45208
46807
45181
45186
46808
45242
46809
45183
45184
46810
45216
46811
45185
45201
46812
45189
46813
45213
46814
45188
45192
46815
45210
46816
45190
45202
46817
45194
46818
45192
45195
46819
45209
46820
45194
45198
46821
45220
46822
45196
45222
46823
45199
46824
45198
45199
46825
45218
46826
46827
45202
45201
45257
46828
45240
46829
45221
46830
45205
45204
45246
46831
45208
46832
45239
46833
45208
45207
45246
46834
45234
46835
46836
45211
45223
46837
45211
45233
46838
45261
46839
45214
45213
45253
46840
45241
46841
45215
46842
45217
46843
45217
45240
46844
45253
46845
45219
45222
46846
45220
45260
46847
45221
46848
45263
46849
45223
46850
45260
46851
45225
45230
46852
45226
46853
45227
45265
46854
45228
46855
45229
45269
46856
45243
46857
45231
45265
46858
45238
46859
45233
45234
46860
45248
46861
45249
46862
45236
45238
46863
45237
45251
46864
45239
46865
45268
46866
45244
46867
45254
46868
45242
45256
46869
45243
46870
45273
46871
45245
45250
46872
45246
45271
46873
46874
45249
45248
45276
46875
45270
46876
45271
46877
45251
45280
46878
45272
46879
45255
45253
45256
46880
46881
45255
45258
46882
45287
46883
45275
46884
45258
45264
46885
45286
46886
45262
45260
45263
46887
46888
45262
45270
46889
45279
46890
45264
46891
45288
46892
45266
46893
45267
45269
46894
45268
45285
46895
45272
46896
45274
46897
45278
46898
45277
46899
45281
46900
45274
45275
46901
45284
46902
45290
46903
45277
45283
46904
45280
46905
45279
45283
46906
45288
46907
45282
46908
45282
45285
46909
45293
46910
45292
46911
45285
45291
46912
46913
45287
45289
46914
45290
46915
45289
46916
45292
46917
45291
46918
45293
46919
45293
46920
46921
45295
45309
46922
45309
46923
45297
45310
46924
45310
46925
45299
45307
46926
45307
46927
45301
45308
46928
45308
46929
45303
45306
46930
45306
46931
45305
45311
46932
45311
46933
46934
46935
46936
46937
46938
46939
45315
46622
46940
45314
45842
46941
45315
45335
46942
45334
46943
45317
46773
46944
45318
45351
46945
45319
45350
46946
46495
46947
45325
45321
45326
46948
45322
45329
46949
45323
45822
46950
45324
45352
46951
45325
45355
46952
46637
46953
45327
46641
46954
45328
45333
46955
45329
45332
46956
45828
46957
45333
45331
45334
46958
45332
45335
46959
45832
46960
46658
46961
46653
46962
45834
46963
45341
45337
45345
46964
45338
46787
46965
45339
45356
46966
45340
45359
46967
45341
46491
46968
45342
46969
45343
46509
46970
45344
45348
46971
45345
45347
46972
46790
46973
45349
45347
45351
46974
46808
46975
45349
46502
46976
45350
46977
46496
46978
46803
46979
45353
45816
46980
45354
45360
46981
45355
45361
46982
46633
46983
45357
46783
46984
45358
45362
46985
45359
45363
46986
46489
46987
45815
46988
46628
46989
46777
46990
46526
46991
45369
45365
45420
46992
45366
45419
46993
45367
45685
46994
45368
45410
46995
45369
45409
46996
45495
46997
45374
45371
45484
46998
45372
45481
46999
45373
45487
47000
45374
45486
47001
46270
47002
45380
45376
45487
47003
45377
45492
47004
45378
45381
47005
45379
45384
47006
45380
46264
47007
45486
47008
45382
45491
47009
45383
45470
47010
45384
45471
47011
46271
47012
45390
45386
45466
47013
45387
45467
47014
45388
46082
47015
45389
45469
47016
45390
45468
47017
45509
47018
45396
45392
45407
47019
45393
45489
47020
45394
45398
47021
45395
45403
47022
45396
46251
47023
45404
47024
45401
45398
45402
47025
45399
47026
45400
45468
47027
45401
45469
47028
46067
47029
45403
46926
47030
46245
47031
45405
46254
47032
45406
45471
47033
45407
45470
47034
45490
47035
45410
45409
45464
47036
45412
47037
45678
47038
45416
45412
45494
47039
45413
47040
45414
45465
47041
45415
45855
47042
45416
45463
47043
45462
47044
45420
45418
45421
47045
45419
45424
47046
45690
47047
45505
47048
45422
45504
47049
45423
45472
47050
45424
45475
47051
45692
47052
45430
45426
45431
47053
45427
45434
47054
45428
46038
47055
45429
45460
47056
45430
45459
47057
45502
47058
45432
45501
47059
45433
45436
47060
45434
45441
47061
46030
47062
45440
45436
45441
47063
45437
47064
45438
45445
47065
45439
45444
47066
45440
45898
47067
46929
47068
46018
47069
45445
45443
45446
47070
45444
45449
47071
45889
47072
45500
47073
45447
45499
47074
45448
45450
47075
45449
45453
47076
45881
47077
45451
45523
47078
45452
45457
47079
45453
45456
47080
45873
47081
45457
45455
45462
47082
45456
45463
47083
45869
47084
45520
47085
45461
45459
45466
47086
45516
47087
45461
46046
47088
45467
47089
45496
47090
45862
47091
45465
46922
47092
45847
47093
45517
47094
46066
47095
45510
47096
46078
47097
45527
47098
46259
47099
45473
45515
47100
45474
45479
47101
45475
45478
47102
45610
47103
45479
45477
45480
47104
45478
45483
47105
45639
47106
45514
47107
45481
45511
47108
45482
47109
45483
45485
47110
45596
47111
45485
46924
47112
45645
47113
46269
47114
45512
47115
45490
45489
45534
47116
45510
47117
45528
47118
45493
45529
47119
45493
45530
47120
45552
47121
45495
45497
47122
45507
47123
45497
45521
47124
45538
47125
45500
45499
45542
47126
45525
47127
45501
47128
45503
47129
45503
45522
47130
45542
47131
45506
45526
47132
45506
45507
47133
45541
47134
45538
47135
45510
45509
45534
47136
45519
47137
47138
45512
45531
47139
45530
47140
45515
45514
45545
47141
45531
47142
45526
47143
45518
45522
47144
45518
45519
47145
45548
47146
45549
47147
45521
45524
47148
45539
47149
45553
47150
45524
45525
47151
45555
47152
45544
47153
45559
47154
45528
45529
47155
45532
47156
45536
47157
45547
47158
45547
47159
45533
45535
47160
45534
45561
47161
47162
45536
45577
47163
45563
47164
45539
45538
45540
47165
47166
45556
47167
45541
45570
47168
45560
47169
45543
47170
45544
45554
47171
45562
47172
45546
45558
47173
45547
45551
47174
47175
45550
45557
47176
45550
45561
47177
45571
47178
45552
45569
47179
45563
47180
45554
45557
47181
45564
47182
45556
45562
47183
45567
47184
45575
47185
45559
45568
47186
45560
47187
45573
47188
45572
47189
45565
47190
45576
47191
45565
45575
47192
45566
47193
45567
45581
47194
45570
47195
45569
45574
47196
45576
47197
45573
47198
45572
45579
47199
45577
47200
45574
47201
45581
47202
45579
47203
45578
47204
45578
47205
45580
47206
45580
47207
45581
47208
47209
45587
45583
45694
47210
45584
45738
47211
45585
45615
47212
45586
45614
47213
45587
46461
47214
45695
47215
45593
45589
45705
47216
45590
45643
47217
45591
45642
47218
45592
46226
47219
45593
45637
47220
45638
47221
45599
45595
45640
47222
45596
45639
47223
45597
47224
45598
45645
47225
45599
45643
47226
45706
47227
45605
45601
45635
47228
45602
45702
47229
45603
45638
47230
45604
45637
47231
45605
46230
47232
45636
47233
45611
45607
45640
47234
45608
45709
47235
45609
45693
47236
45610
45692
47237
45611
47238
45639
47239
45615
45613
45619
47240
45614
45618
47241
46455
47242
45714
47243
45619
45617
45621
47244
45618
45626
47245
46447
47246
45713
47247
45625
45621
45626
47248
45622
47249
45623
45627
47250
45624
45630
47251
45625
46307
47252
46932
47253
46435
47254
45628
45715
47255
45629
45631
47256
45630
45634
47257
46314
47258
45632
45717
47259
45633
45635
47260
45634
45636
47261
46318
47262
45703
47263
46322
47264
46221
47265
45710
47266
47267
45707
47268
45643
45642
45644
47269
46218
47270
47271
45645
46925
47272
47273
45651
45647
45659
47274
45648
45662
47275
45649
46523
47276
45650
47277
45651
45652
47278
45723
47279
45699
47280
45658
45654
45726
47281
45655
45698
47282
45656
45701
47283
45657
45827
47284
45658
45696
47285
45697
47286
45660
45735
47287
45661
45694
47288
45662
45695
47289
46514
47290
45668
45664
45720
47291
45665
45697
47292
45666
45696
47293
45667
45799
47294
45668
45669
47295
45672
47296
45670
45864
47297
45671
45674
47298
45672
45673
47299
45721
47300
45676
45732
47301
45675
45858
47302
45676
45682
47303
45681
47304
45681
45678
45683
47305
45679
47306
45680
45685
47307
45681
45684
47308
47309
45683
45849
47310
46937
47311
45687
45730
47312
45686
47313
45687
45690
47314
45689
47315
45691
45689
45693
47316
45729
47317
45691
47318
45692
47319
47320
45727
47321
45736
47322
46519
47323
45831
47324
45742
47325
45699
45724
47326
45700
47327
45701
47328
45820
47329
45704
45740
47330
45704
45718
47331
45746
47332
45706
45711
47333
45719
47334
45708
45719
47335
45709
45753
47336
45744
47337
45711
45740
47338
45754
47339
45714
45713
45762
47340
45715
47341
45739
47342
45716
47343
45717
45762
47344
45718
47345
45749
47346
45754
47347
45722
45743
47348
45722
45733
47349
45771
47350
45724
45734
47351
45725
47352
45726
45755
47353
45741
47354
45728
45744
47355
45729
45766
47356
45731
47357
45731
45732
47358
45772
47359
45733
47360
45772
47361
45735
45755
47362
45745
47363
45737
45745
47364
45738
45764
47365
45739
47366
45763
47367
45748
47368
45742
45759
47369
45743
47370
45775
47371
45767
47372
45758
47373
45747
45750
47374
45748
45788
47375
45751
47376
45750
45761
47377
45785
47378
45754
45752
47379
45753
45789
47380
45769
47381
47382
45756
47383
45757
45759
47384
45758
45778
47385
45776
47386
45774
47387
45763
45761
45781
47388
45762
47389
47390
45765
47391
45765
45776
47392
45780
47393
45768
45773
47394
45768
45769
47395
45786
47396
45791
47397
45773
45771
45787
47398
45777
47399
45773
47400
47401
45775
45783
47402
45777
47403
45779
47404
45784
47405
45779
45783
47406
45793
47407
45781
45793
47408
45785
47409
45784
45783
45794
47410
47411
45787
47412
45792
47413
45787
45790
47414
47415
45789
45792
47416
45791
47417
45791
45794
47418
47419
45795
47420
45795
47421
45795
47422
47423
45801
45797
45908
47424
45798
45865
47425
45799
45864
47426
45800
47427
45801
45831
47428
45830
47429
45807
45803
45811
47430
45804
45902
47431
45805
45840
47432
45806
47433
45807
46059
47434
45808
47435
45809
46055
47436
45810
45838
47437
45811
45837
47438
45934
47439
45813
45815
47440
45814
45821
47441
45820
47442
45817
47443
45817
45823
47444
45928
47445
45821
45819
45824
47446
45820
45827
47447
47448
45927
47449
45823
45829
47450
45930
47451
45825
45926
47452
45826
45830
47453
45827
45831
47454
47455
45829
45833
47456
45923
47457
45933
47458
47459
45833
45835
47460
45910
47461
45835
45841
47462
45905
47463
45839
45837
45877
47464
45936
47465
45839
46049
47466
45874
47467
45842
47468
45842
45903
47469
47470
45848
45844
45849
47471
45845
45851
47472
45846
45852
47473
45847
45855
47474
45848
47475
46923
47476
45850
47477
45851
45858
47478
45857
47479
45853
45912
47480
45854
45863
47481
45855
45862
47482
47483
45859
45857
45865
47484
45911
47485
45859
47486
45864
47487
45863
45861
45866
47488
45862
45869
47489
47490
45900
47491
47492
45907
47493
45867
45899
47494
45868
45870
47495
45869
45873
47496
47497
45871
45920
47498
45872
45878
47499
45873
45881
47500
47501
45875
46041
47502
45876
45884
47503
45877
45883
47504
45940
47505
45879
45919
47506
45880
45886
47507
45881
45889
47508
47509
45885
45883
45893
47510
45917
47511
45885
46031
47512
45890
47513
45887
45921
47514
45888
45895
47515
45889
45898
47516
47517
45891
46025
47518
45892
45896
47519
45893
45895
47520
45915
47521
45896
45895
45897
47522
47523
46020
47524
45898
46928
47525
47526
45901
45941
47527
45901
45913
47528
45960
47529
45903
45935
47530
45904
47531
45905
45970
47532
45909
47533
45908
45907
45962
47534
45914
47535
45938
47536
45910
45967
47537
45924
47538
45912
45914
47539
45913
47540
45961
47541
45961
47542
45916
45921
47543
45917
45956
47544
45942
47545
45920
45919
45945
47546
45922
47547
45941
47548
45922
47549
45956
47550
45924
45929
47551
45948
47552
45927
45926
45949
47553
45932
47554
45928
47555
45931
47556
45930
45947
47557
45931
47558
45949
47559
45933
45951
47560
45938
47561
45935
45937
47562
45970
47563
45937
45939
47564
45963
47565
45953
47566
45940
45964
47567
45942
47568
45943
47569
45955
47570
45944
45973
47571
45945
45980
47572
45957
47573
45948
45947
45976
47574
45969
47575
45968
47576
45950
47577
45951
45969
47578
45952
47579
45953
45990
47580
45966
47581
45957
45955
45978
47582
45974
47583
45957
47584
47585
45961
45959
45962
47586
45960
45988
47587
45973
47588
47589
45966
47590
45965
45971
47591
45965
45974
47592
45986
47593
45987
47594
45968
45972
47595
45982
47596
45975
47597
45971
47598
45972
47599
45983
47600
45981
47601
45977
47602
45976
45990
47603
45984
47604
45978
45985
47605
45980
47606
45981
45980
45992
47607
47608
45988
47609
45983
45984
47610
45986
47611
45991
47612
45986
45992
47613
47614
45988
45989
47615
47616
45990
45991
47617
47618
45992
47619
47620
45998
45994
46117
47621
45995
46057
47622
45996
46058
47623
45997
46507
47624
45998
46048
47625
46047
47626
46004
46000
46067
47627
46001
46069
47628
46002
46080
47629
46003
46081
47630
46004
46247
47631
46935
47632
46006
46058
47633
46007
46057
47634
46061
47635
46013
46009
46047
47636
46010
46048
47637
46011
46468
47638
46012
46098
47639
46013
46097
47640
46147
47641
46019
46015
46020
47642
46016
46022
47643
46017
46027
47644
46018
46030
47645
46019
47646
46936
47647
46021
47648
46022
46025
47649
46024
47650
46026
46024
46034
47651
46137
47652
46026
47653
46031
47654
46028
46138
47655
46029
46035
47656
46030
46038
47657
47658
46032
47659
46033
46041
47660
46034
46040
47661
46142
47662
46036
46140
47663
46037
46043
47664
46038
46046
47665
47666
46042
46040
46052
47667
46143
47668
46042
47669
46049
47670
46044
46122
47671
46045
46063
47672
46046
46066
47673
47674
46118
47675
46511
47676
46050
47677
46051
46055
47678
46052
46054
47679
46145
47680
46056
46054
46062
47681
46116
47682
46056
47683
46059
47684
46114
47685
46501
47686
46060
47687
46061
47688
46062
47689
46113
47690
46064
46121
47691
46065
46083
47692
46066
46082
47693
47694
46068
47695
46069
46078
47696
46077
47697
46075
46071
46126
47698
46072
46087
47699
46073
46086
47700
46074
46235
47701
46075
46081
47702
46080
47703
46079
46077
46083
47704
46124
47705
46079
47706
46082
47707
46123
47708
46240
47709
47710
46128
47711
46087
46085
46088
47712
46086
46091
47713
46276
47714
46154
47715
46089
46134
47716
46090
46092
47717
46091
46095
47718
46325
47719
46093
46133
47720
46094
46100
47721
46095
46103
47722
46328
47723
46099
46097
46107
47724
46131
47725
46099
46464
47726
46104
47727
46101
46136
47728
46102
46109
47729
46103
46112
47730
46209
47731
46105
46475
47732
46106
46110
47733
46107
46109
47734
46129
47735
46110
46109
46111
47736
47737
46481
47738
46112
46934
47739
46275
47740
46114
46115
47741
46151
47742
46116
46159
47743
46150
47744
46119
46151
47745
46119
46148
47746
46157
47747
46122
46121
46178
47748
46156
47749
46149
47750
46124
46125
47751
46127
47752
46126
46172
47753
46153
47754
46128
46172
47755
46156
47756
46130
46136
47757
46131
46165
47758
46152
47759
46134
46133
46179
47760
46135
47761
46155
47762
46136
46165
47763
47764
46138
46144
47765
46139
47766
46140
46171
47767
46149
47768
46143
46142
46168
47769
46144
47770
46146
47771
46171
47772
46146
46150
47773
46181
47774
46148
46152
47775
46163
47776
46180
47777
46160
47778
46159
47779
46164
47780
46154
46175
47781
46155
47782
46185
47783
46177
47784
46158
46162
47785
46159
46161
47786
47787
46161
46182
47788
46189
47789
46163
46190
47790
46188
47791
46167
46188
47792
46166
47793
46167
46179
47794
46200
47795
46169
46183
47796
46170
46193
47797
46171
46180
47798
47799
46173
47800
46174
46177
47801
46175
46195
47802
46187
47803
46178
46177
46202
47804
47805
46184
47806
46186
47807
46184
47808
46182
46183
47809
46191
47810
46192
47811
46198
47812
46186
46187
47813
46197
47814
46194
47815
46199
47816
46190
46191
47817
46204
47818
46203
47819
46193
46203
47820
46198
47821
46195
46196
47822
46202
47823
46197
46205
47824
46200
47825
46201
47826
46200
46204
47827
47828
46202
46206
47829
47830
46206
47831
46205
47832
46206
47833
47834
46212
46208
46327
47835
46209
46328
47836
46210
47837
46211
46275
47838
46212
46274
47839
46365
47840
46218
46214
46938
47841
46215
46270
47842
46216
46267
47843
46217
46225
47844
46218
46226
47845
47846
46224
46220
46227
47847
46221
46230
47848
46222
47849
46223
46226
47850
46224
46225
47851
46342
47852
46332
47853
47854
46228
46343
47855
46229
46321
47856
46230
46322
47857
47858
46236
46232
46279
47859
46233
46339
47860
46234
46237
47861
46235
46240
47862
46236
47863
46276
47864
46238
46338
47865
46239
46242
47866
46240
46247
47867
47868
46246
46242
46247
47869
46243
47870
46244
46248
47871
46245
46251
47872
46246
47873
46927
47874
47875
46249
46337
47876
46250
46255
47877
46251
46254
47878
47879
46255
46253
46256
47880
46254
46259
47881
47882
46336
47883
46257
46362
47884
46258
46272
47885
46259
46271
47886
47887
46265
46261
46272
47888
46262
46333
47889
46263
46266
47890
46264
46269
47891
46265
47892
46271
47893
46267
46331
47894
46268
47895
46269
46270
47896
47897
47898
47899
46358
47900
46275
46274
46329
47901
46282
47902
47903
46277
47904
46278
46325
47905
46279
46324
47906
46360
47907
46285
46281
46286
47908
46282
46356
47909
46283
47910
46284
46330
47911
46285
46484
47912
46287
47913
46289
46357
47914
46288
46478
47915
46289
46291
47916
46290
47917
46293
46371
47918
46292
46429
47919
46293
46295
47920
46294
47921
46297
46354
47922
46296
46456
47923
46297
46299
47924
46298
47925
46301
46352
47926
46300
46448
47927
46301
46303
47928
46302
47929
46305
46350
47930
46304
46442
47931
46305
46311
47932
46310
47933
46310
46307
46312
47934
46308
47935
46309
46314
47936
46310
46313
47937
47938
46312
46437
47939
46939
47940
46316
46348
47941
46315
47942
46316
46318
47943
46317
47944
46320
46347
47945
46319
47946
46320
46322
47947
46321
47948
46345
47949
47950
46326
46324
46327
47951
46368
47952
46326
47953
46328
47954
46367
47955
47956
46330
46930
47957
46488
47958
46332
46334
47959
46341
47960
46334
46359
47961
46380
47962
46337
46336
46378
47963
46364
47964
46338
47965
46340
47966
46340
46361
47967
46378
47968
46342
46380
47969
46344
47970
46344
46373
47971
46386
47972
46346
46373
47973
46347
46390
47974
46349
47975
46349
46350
47976
46394
47977
46351
47978
46352
46394
47979
46353
47980
46354
46395
47981
46370
47982
46357
46356
46384
47983
46365
47984
46372
47985
46359
46363
47986
46381
47987
46361
46369
47988
46375
47989
46363
46364
47990
46398
47991
46387
47992
46366
47993
46367
46384
47994
46374
47995
46369
46374
47996
46402
47997
46371
46388
47998
46372
47999
46382
48000
46391
48001
46405
48002
46376
46403
48003
46377
46412
48004
46378
46387
48005
48006
46381
46380
46385
48007
48008
46399
48009
46383
46389
48010
46384
46404
48011
48012
46386
46407
48013
46400
48014
46401
48015
46389
46396
48016
46414
48017
46392
46393
48018
46392
46400
48019
46410
48020
46394
46397
48021
48022
46396
46397
48023
46419
48024
46411
48025
46399
46401
48026
46422
48027
46408
48028
46420
48029
46403
46406
48030
46413
48031
46405
46415
48032
46406
48033
46417
48034
46408
46422
48035
46409
48036
46410
46423
48037
46411
48038
46419
48039
46413
46420
48040
46416
48041
46415
46418
48042
46417
48043
46417
46424
48044
48045
46419
46423
48046
48047
46421
48048
46422
46424
48049
48050
46424
48051
48052
46430
46426
46477
48053
46427
46556
48054
46428
46457
48055
46429
46456
48056
46430
48057
46478
48058
46436
46432
46437
48059
46433
46439
48060
46434
46444
48061
46435
46447
48062
46436
48063
46933
48064
46438
48065
46439
46442
48066
46441
48067
46443
46441
46451
48068
46549
48069
46443
48070
46448
48071
46445
46550
48072
46446
46452
48073
46447
46455
48074
48075
46449
48076
46450
46456
48077
46451
46457
48078
46528
48079
46453
46552
48080
46454
46458
48081
46455
46461
48082
48083
48084
46529
48085
46459
46546
48086
46460
46518
48087
46461
46519
48088
48089
46467
46463
46472
48090
46464
46475
48091
46465
48092
46466
46468
48093
46467
46471
48094
46533
48095
46469
48096
46470
46511
48097
46471
46510
48098
46559
48099
46473
46532
48100
46474
46482
48101
46475
46481
48102
48103
46479
46477
46483
48104
46535
48105
46479
48106
46484
48107
46482
46481
46487
48108
48109
46486
48110
46486
46536
48111
46485
48112
46486
46488
48113
48114
46488
46931
48115
48116
46490
46525
48117
46491
46542
48118
46524
48119
46493
46495
48120
46494
46498
48121
46501
48122
46497
48123
46497
46503
48124
46560
48125
46499
46561
48126
46500
46504
48127
46501
46507
48128
48129
46503
46508
48130
46537
48131
46505
46563
48132
46506
46510
48133
46507
46511
48134
48135
46509
46538
48136
46524
48137
46564
48138
48139
46517
46513
46520
48140
46514
46523
48141
46515
48142
46516
46519
48143
46517
46518
48144
46545
48145
46548
48146
48147
46521
46543
48148
46522
46527
48149
46523
48150
48151
46568
48152
46526
46540
48153
46527
48154
48155
46530
46554
48156
46530
46555
48157
46575
48158
46533
46532
46577
48159
46536
48160
46558
48161
46536
46535
46577
48162
46557
48163
48164
46539
46566
48165
46539
46569
48166
46580
48167
46541
46543
48168
46542
46593
48169
46571
48170
46544
48171
46545
46593
48172
46567
48173
46547
46553
48174
46548
46584
48175
46567
48176
46550
46554
48177
46551
48178
46552
46574
48179
46553
48180
46585
48181
46574
48182
46556
46583
48183
46557
48184
46576
48185
46559
46598
48186
46570
48187
46561
46566
48188
46562
48189
46563
46600
48190
46565
48191
46565
46570
48192
46587
48193
46600
48194
46595
48195
46569
46571
48196
46581
48197
46589
48198
46592
48199
46575
46573
46605
48200
46574
46585
48201
48202
46596
48203
46578
46582
48204
46578
48205
46597
48206
46581
46580
46607
48207
46601
48208
46603
48209
46583
46612
48210
46596
48211
46586
46594
48212
46586
48213
46608
48214
46588
46602
48215
46589
46616
48216
46599
48217
46593
46591
46595
48218
46592
46610
48219
46603
48220
48221
46595
46619
48222
48223
46604
48224
46598
46613
48225
46599
48226
46615
48227
46602
48228
46602
46606
48229
48230
46609
48231
46605
46617
48232
46608
48233
46607
46616
48234
46611
48235
46618
48236
46610
46611
48237
46619
48238
46621
48239
46613
46617
48240
46615
48241
46616
46615
46620
48242
48243
48244
46620
48245
46619
46621
48246
48247
46621
48248
48249
46623
46654
48250
46625
48251
46626
46660
48252
46626
48253
46693
48254
46628
46629
48255
46632
48256
46631
48257
46631
46635
48258
46702
48259
46633
46703
48260
46636
48261
46635
46639
48262
46709
48263
46637
46705
48264
46640
48265
46639
46650
48266
46713
48267
46641
46707
48268
46659
48269
46644
46643
46686
48270
46657
48271
46646
48272
46646
46666
48273
46710
48274
46648
46652
48275
46649
46682
48276
46650
48277
46714
48278
46652
46655
48279
46683
48280
46654
46664
48281
46691
48282
46656
48283
46657
48284
46685
48285
46659
46664
48286
46720
48287
46661
46695
48288
46662
48289
46663
46680
48290
46667
48291
46692
48292
46666
46670
48293
46689
48294
46668
46679
48295
46672
48296
46670
46673
48297
46687
48298
46672
46675
48299
46697
48300
46674
46700
48301
46677
48302
46676
46696
48303
46677
48304
48305
46680
46679
46736
48306
46699
48307
46718
48308
46683
46682
46722
48309
46717
48310
46685
48311
46686
46685
46722
48312
48313
46712
48314
46688
46701
48315
46689
46739
48316
46711
48317
46692
46691
46733
48318
46693
48319
46719
48320
46694
48321
46695
46733
48322
46718
48323
46698
46700
48324
46698
46699
48325
46740
48326
46742
48327
46701
48328
46740
48329
46703
46708
48330
46704
48331
46705
46746
48332
46706
48333
46707
46747
48334
46721
48335
46709
46746
48336
46716
48337
46711
46712
48338
46727
48339
46726
48340
46715
46716
48341
46715
46717
48342
46729
48343
46743
48344
46724
48345
46732
48346
46720
46734
48347
46721
48348
46752
48349
46723
48350
46724
46749
48351
46728
48352
46727
46726
46754
48353
46749
48354
46748
48355
46729
46758
48356
46750
48357
46733
46731
46734
48358
46732
46765
48359
46735
48360
48361
46753
48362
46736
46764
48363
46741
48364
46740
46738
46742
48365
46739
46757
48366
46748
48367
48368
46742
46767
48369
48370
46744
46750
48371
46745
46763
48372
46746
46747
48373
48374
46751
48375
46756
48376
46755
48377
46760
48378
46752
46762
48379
46753
48380
46768
48381
46755
46761
48382
46758
48383
46757
46761
48384
46767
48385
46759
48386
46760
46771
48387
46763
48388
46770
48389
46763
46769
48390
48391
46765
46766
48392
46768
48393
46767
46770
48394
48395
46769
48396
46771
48397
46771
48398
48399
46773
46776
48400
46804
48401
46775
46811
48402
46776
46843
48403
48404
46778
46782
48405
46779
48406
46781
48407
46781
46784
48408
46852
48409
46783
46853
48410
46786
48411
46785
46859
48412
46789
48413
46787
46855
48414
46791
48415
46789
46800
48416
46863
48417
46791
46809
48418
46857
48419
46794
46793
46835
48420
46795
48421
46807
48422
46796
46860
48423
46816
48424
46799
46801
48425
46799
46800
48426
46833
48427
46865
48428
46802
46832
48429
46805
48430
46804
46814
48431
46842
48432
46806
48433
46807
48434
46836
48435
46809
46814
48436
46870
48437
46811
46812
48438
46844
48439
46813
46829
48440
46817
48441
46841
48442
46816
46820
48443
46838
48444
46818
46830
48445
46822
48446
46820
46823
48447
46837
48448
46822
46826
48449
46848
48450
46824
46850
48451
46827
48452
46826
46827
48453
46846
48454
48455
46830
46829
46885
48456
46868
48457
46849
48458
46833
46832
46874
48459
46836
48460
46867
48461
46836
46835
46874
48462
46862
48463
48464
46839
46851
48465
46839
46861
48466
46889
48467
46842
46841
46881
48468
46869
48469
46843
48470
46845
48471
46845
46868
48472
46881
48473
46847
46850
48474
46848
46888
48475
46849
48476
46891
48477
46851
48478
46888
48479
46853
46858
48480
46854
48481
46855
46893
48482
46856
48483
46857
46897
48484
46871
48485
46859
46893
48486
46866
48487
46861
46862
48488
46876
48489
46877
48490
46864
46866
48491
46865
46879
48492
46867
48493
46896
48494
46872
48495
46882
48496
46870
46884
48497
46871
48498
46901
48499
46873
46878
48500
46874
46899
48501
48502
46877
46876
46904
48503
46898
48504
46899
48505
46879
46908
48506
46900
48507
46883
46881
46884
48508
48509
46883
46886
48510
46915
48511
46903
48512
46886
46892
48513
46914
48514
46890
46888
46891
48515
48516
46890
46898
48517
46907
48518
46892
48519
46916
48520
46894
48521
46895
46897
48522
46896
46913
48523
46900
48524
46902
48525
46906
48526
46905
48527
46909
48528
46902
46903
48529
46912
48530
46918
48531
46905
46911
48532
46908
48533
46907
46911
48534
46916
48535
46910
48536
46910
46913
48537
46921
48538
46920
48539
46913
46919
48540
48541
46915
46917
48542
46918
48543
46917
48544
46920
48545
46919
48546
46921
48547
46921
48548
48549
46923
46937
48550
46937
48551
46925
46938
48552
46938
48553
46927
46935
48554
46935
48555
46929
46936
48556
46936
48557
46931
46934
48558
46934
48559
46933
46939
48560
46939
48561
48562
48563
48564
48565
48566
48567
46943
48250
48568
46942
47470
48569
46943
46963
48570
46962
48571
46945
48401
48572
46946
46979
48573
46947
46978
48574
48123
48575
46953
46949
46954
48576
46950
46957
48577
46951
47450
48578
46952
46980
48579
46953
46983
48580
48265
48581
46955
48269
48582
46956
46961
48583
46957
46960
48584
47456
48585
46961
46959
46962
48586
46960
46963
48587
47460
48588
48286
48589
48281
48590
47462
48591
46969
46965
46973
48592
46966
48415
48593
46967
46984
48594
46968
46987
48595
46969
48119
48596
46970
48597
46971
48137
48598
46972
46976
48599
46973
46975
48600
48418
48601
46977
46975
46979
48602
48436
48603
46977
48130
48604
46978
48605
48124
48606
48431
48607
46981
47444
48608
46982
46988
48609
46983
46989
48610
48261
48611
46985
48411
48612
46986
46990
48613
46987
46991
48614
48117
48615
47443
48616
48256
48617
48405
48618
48154
48619
46997
46993
47048
48620
46994
47047
48621
46995
47313
48622
46996
47038
48623
46997
47037
48624
47123
48625
47002
46999
47112
48626
47000
47109
48627
47001
47115
48628
47002
47114
48629
47898
48630
47008
47004
47115
48631
47005
47120
48632
47006
47009
48633
47007
47012
48634
47008
47892
48635
47114
48636
47010
47119
48637
47011
47098
48638
47012
47099
48639
47899
48640
47018
47014
47094
48641
47015
47095
48642
47016
47710
48643
47017
47097
48644
47018
47096
48645
47137
48646
47024
47020
47035
48647
47021
47117
48648
47022
47026
48649
47023
47031
48650
47024
47879
48651
47032
48652
47029
47026
47030
48653
47027
48654
47028
47096
48655
47029
47097
48656
47695
48657
47031
48554
48658
47873
48659
47033
47882
48660
47034
47099
48661
47035
47098
48662
47118
48663
47038
47037
47092
48664
47040
48665
47306
48666
47044
47040
47122
48667
47041
48668
47042
47093
48669
47043
47483
48670
47044
47091
48671
47090
48672
47048
47046
47049
48673
47047
47052
48674
47318
48675
47133
48676
47050
47132
48677
47051
47100
48678
47052
47103
48679
47320
48680
47058
47054
47059
48681
47055
47062
48682
47056
47666
48683
47057
47088
48684
47058
47087
48685
47130
48686
47060
47129
48687
47061
47064
48688
47062
47069
48689
47658
48690
47068
47064
47069
48691
47065
48692
47066
47073
48693
47067
47072
48694
47068
47526
48695
48557
48696
47646
48697
47073
47071
47074
48698
47072
47077
48699
47517
48700
47128
48701
47075
47127
48702
47076
47078
48703
47077
47081
48704
47509
48705
47079
47151
48706
47080
47085
48707
47081
47084
48708
47501
48709
47085
47083
47090
48710
47084
47091
48711
47497
48712
47148
48713
47089
47087
47094
48714
47144
48715
47089
47674
48716
47095
48717
47124
48718
47490
48719
47093
48550
48720
47475
48721
47145
48722
47694
48723
47138
48724
47706
48725
47155
48726
47887
48727
47101
47143
48728
47102
47107
48729
47103
47106
48730
47238
48731
47107
47105
47108
48732
47106
47111
48733
47267
48734
47142
48735
47109
47139
48736
47110
48737
47111
47113
48738
47224
48739
47113
48552
48740
47273
48741
47897
48742
47140
48743
47118
47117
47162
48744
47138
48745
47156
48746
47121
47157
48747
47121
47158
48748
47180
48749
47123
47125
48750
47135
48751
47125
47149
48752
47166
48753
47128
47127
47170
48754
47153
48755
47129
48756
47131
48757
47131
47150
48758
47170
48759
47134
47154
48760
47134
47135
48761
47169
48762
47166
48763
47138
47137
47162
48764
47147
48765
48766
47140
47159
48767
47158
48768
47143
47142
47173
48769
47159
48770
47154
48771
47146
47150
48772
47146
47147
48773
47176
48774
47177
48775
47149
47152
48776
47167
48777
47181
48778
47152
47153
48779
47183
48780
47172
48781
47187
48782
47156
47157
48783
47160
48784
47164
48785
47175
48786
47175
48787
47161
47163
48788
47162
47189
48789
48790
47164
47205
48791
47191
48792
47167
47166
47168
48793
48794
47184
48795
47169
47198
48796
47188
48797
47171
48798
47172
47182
48799
47190
48800
47174
47186
48801
47175
47179
48802
48803
47178
47185
48804
47178
47189
48805
47199
48806
47180
47197
48807
47191
48808
47182
47185
48809
47192
48810
47184
47190
48811
47195
48812
47203
48813
47187
47196
48814
47188
48815
47201
48816
47200
48817
47193
48818
47204
48819
47193
47203
48820
47194
48821
47195
47209
48822
47198
48823
47197
47202
48824
47204
48825
47201
48826
47200
47207
48827
47205
48828
47202
48829
47209
48830
47207
48831
47206
48832
47206
48833
47208
48834
47208
48835
47209
48836
48837
47215
47211
47322
48838
47212
47366
48839
47213
47243
48840
47214
47242
48841
47215
48089
48842
47323
48843
47221
47217
47333
48844
47218
47271
48845
47219
47270
48846
47220
47854
48847
47221
47265
48848
47266
48849
47227
47223
47268
48850
47224
47267
48851
47225
48852
47226
47273
48853
47227
47271
48854
47334
48855
47233
47229
47263
48856
47230
47330
48857
47231
47266
48858
47232
47265
48859
47233
47858
48860
47264
48861
47239
47235
47268
48862
47236
47337
48863
47237
47321
48864
47238
47320
48865
47239
48866
47267
48867
47243
47241
47247
48868
47242
47246
48869
48083
48870
47342
48871
47247
47245
47249
48872
47246
47254
48873
48075
48874
47341
48875
47253
47249
47254
48876
47250
48877
47251
47255
48878
47252
47258
48879
47253
47935
48880
48560
48881
48063
48882
47256
47343
48883
47257
47259
48884
47258
47262
48885
47942
48886
47260
47345
48887
47261
47263
48888
47262
47264
48889
47946
48890
47331
48891
47950
48892
47849
48893
47338
48894
48895
47335
48896
47271
47270
47272
48897
47846
48898
48899
47273
48553
48900
48901
47279
47275
47287
48902
47276
47290
48903
47277
48151
48904
47278
48905
47279
47280
48906
47351
48907
47327
48908
47286
47282
47354
48909
47283
47326
48910
47284
47329
48911
47285
47455
48912
47286
47324
48913
47325
48914
47288
47363
48915
47289
47322
48916
47290
47323
48917
48142
48918
47296
47292
47348
48919
47293
47325
48920
47294
47324
48921
47295
47427
48922
47296
47297
48923
47300
48924
47298
47492
48925
47299
47302
48926
47300
47301
48927
47349
48928
47304
47360
48929
47303
47486
48930
47304
47310
48931
47309
48932
47309
47306
47311
48933
47307
48934
47308
47313
48935
47309
47312
48936
48937
47311
47477
48938
48565
48939
47315
47358
48940
47314
48941
47315
47318
48942
47317
48943
47319
47317
47321
48944
47357
48945
47319
48946
47320
48947
48948
47355
48949
47364
48950
48147
48951
47459
48952
47370
48953
47327
47352
48954
47328
48955
47329
48956
47448
48957
47332
47368
48958
47332
47346
48959
47374
48960
47334
47339
48961
47347
48962
47336
47347
48963
47337
47381
48964
47372
48965
47339
47368
48966
47382
48967
47342
47341
47390
48968
47343
48969
47367
48970
47344
48971
47345
47390
48972
47346
48973
47377
48974
47382
48975
47350
47371
48976
47350
47361
48977
47399
48978
47352
47362
48979
47353
48980
47354
47383
48981
47369
48982
47356
47372
48983
47357
47394
48984
47359
48985
47359
47360
48986
47400
48987
47361
48988
47400
48989
47363
47383
48990
47373
48991
47365
47373
48992
47366
47392
48993
47367
48994
47391
48995
47376
48996
47370
47387
48997
47371
48998
47403
48999
47395
49000
47386
49001
47375
47378
49002
47376
47416
49003
47379
49004
47378
47389
49005
47413
49006
47382
47380
49007
47381
47417
49008
47397
49009
49010
47384
49011
47385
47387
49012
47386
47406
49013
47404
49014
47402
49015
47391
47389
47409
49016
47390
49017
49018
47393
49019
47393
47404
49020
47408
49021
47396
47401
49022
47396
47397
49023
47414
49024
47419
49025
47401
47399
47415
49026
47405
49027
47401
49028
49029
47403
47411
49030
47405
49031
47407
49032
47412
49033
47407
47411
49034
47421
49035
47409
47421
49036
47413
49037
47412
47411
47422
49038
49039
47415
49040
47420
49041
47415
47418
49042
49043
47417
47420
49044
47419
49045
47419
47422
49046
49047
47423
49048
47423
49049
47423
49050
49051
47429
47425
47536
49052
47426
47493
49053
47427
47492
49054
47428
49055
47429
47459
49056
47458
49057
47435
47431
47439
49058
47432
47530
49059
47433
47468
49060
47434
49061
47435
47687
49062
47436
49063
47437
47683
49064
47438
47466
49065
47439
47465
49066
47562
49067
47441
47443
49068
47442
47449
49069
47448
49070
47445
49071
47445
47451
49072
47556
49073
47449
47447
47452
49074
47448
47455
49075
49076
47555
49077
47451
47457
49078
47558
49079
47453
47554
49080
47454
47458
49081
47455
47459
49082
49083
47457
47461
49084
47551
49085
47561
49086
49087
47461
47463
49088
47538
49089
47463
47469
49090
47533
49091
47467
47465
47505
49092
47564
49093
47467
47677
49094
47502
49095
47470
49096
47470
47531
49097
49098
47476
47472
47477
49099
47473
47479
49100
47474
47480
49101
47475
47483
49102
47476
49103
48551
49104
47478
49105
47479
47486
49106
47485
49107
47481
47540
49108
47482
47491
49109
47483
47490
49110
49111
47487
47485
47493
49112
47539
49113
47487
49114
47492
49115
47491
47489
47494
49116
47490
47497
49117
49118
47528
49119
49120
47535
49121
47495
47527
49122
47496
47498
49123
47497
47501
49124
49125
47499
47548
49126
47500
47506
49127
47501
47509
49128
49129
47503
47669
49130
47504
47512
49131
47505
47511
49132
47568
49133
47507
47547
49134
47508
47514
49135
47509
47517
49136
49137
47513
47511
47521
49138
47545
49139
47513
47659
49140
47518
49141
47515
47549
49142
47516
47523
49143
47517
47526
49144
49145
47519
47653
49146
47520
47524
49147
47521
47523
49148
47543
49149
47524
47523
47525
49150
49151
47648
49152
47526
48556
49153
49154
47529
47569
49155
47529
47541
49156
47588
49157
47531
47563
49158
47532
49159
47533
47598
49160
47537
49161
47536
47535
47590
49162
47542
49163
47566
49164
47538
47595
49165
47552
49166
47540
47542
49167
47541
49168
47589
49169
47589
49170
47544
47549
49171
47545
47584
49172
47570
49173
47548
47547
47573
49174
47550
49175
47569
49176
47550
49177
47584
49178
47552
47557
49179
47576
49180
47555
47554
47577
49181
47560
49182
47556
49183
47559
49184
47558
47575
49185
47559
49186
47577
49187
47561
47579
49188
47566
49189
47563
47565
49190
47598
49191
47565
47567
49192
47591
49193
47581
49194
47568
47592
49195
47570
49196
47571
49197
47583
49198
47572
47601
49199
47573
47608
49200
47585
49201
47576
47575
47604
49202
47597
49203
47596
49204
47578
49205
47579
47597
49206
47580
49207
47581
47618
49208
47594
49209
47585
47583
47606
49210
47602
49211
47585
49212
49213
47589
47587
47590
49214
47588
47616
49215
47601
49216
49217
47594
49218
47593
47599
49219
47593
47602
49220
47614
49221
47615
49222
47596
47600
49223
47610
49224
47603
49225
47599
49226
47600
49227
47611
49228
47609
49229
47605
49230
47604
47618
49231
47612
49232
47606
47613
49233
47608
49234
47609
47608
47620
49235
49236
47616
49237
47611
47612
49238
47614
49239
47619
49240
47614
47620
49241
49242
47616
47617
49243
49244
47618
47619
49245
49246
47620
49247
49248
47626
47622
47745
49249
47623
47685
49250
47624
47686
49251
47625
48135
49252
47626
47676
49253
47675
49254
47632
47628
47695
49255
47629
47697
49256
47630
47708
49257
47631
47709
49258
47632
47875
49259
48563
49260
47634
47686
49261
47635
47685
49262
47689
49263
47641
47637
47675
49264
47638
47676
49265
47639
48096
49266
47640
47726
49267
47641
47725
49268
47775
49269
47647
47643
47648
49270
47644
47650
49271
47645
47655
49272
47646
47658
49273
47647
49274
48564
49275
47649
49276
47650
47653
49277
47652
49278
47654
47652
47662
49279
47765
49280
47654
49281
47659
49282
47656
47766
49283
47657
47663
49284
47658
47666
49285
49286
47660
49287
47661
47669
49288
47662
47668
49289
47770
49290
47664
47768
49291
47665
47671
49292
47666
47674
49293
49294
47670
47668
47680
49295
47771
49296
47670
49297
47677
49298
47672
47750
49299
47673
47691
49300
47674
47694
49301
49302
47746
49303
48139
49304
47678
49305
47679
47683
49306
47680
47682
49307
47773
49308
47684
47682
47690
49309
47744
49310
47684
49311
47687
49312
47742
49313
48129
49314
47688
49315
47689
49316
47690
49317
47741
49318
47692
47749
49319
47693
47711
49320
47694
47710
49321
49322
47696
49323
47697
47706
49324
47705
49325
47703
47699
47754
49326
47700
47715
49327
47701
47714
49328
47702
47863
49329
47703
47709
49330
47708
49331
47707
47705
47711
49332
47752
49333
47707
49334
47710
49335
47751
49336
47868
49337
49338
47756
49339
47715
47713
47716
49340
47714
47719
49341
47904
49342
47782
49343
47717
47762
49344
47718
47720
49345
47719
47723
49346
47953
49347
47721
47761
49348
47722
47728
49349
47723
47731
49350
47956
49351
47727
47725
47735
49352
47759
49353
47727
48092
49354
47732
49355
47729
47764
49356
47730
47737
49357
47731
47740
49358
47837
49359
47733
48103
49360
47734
47738
49361
47735
47737
49362
47757
49363
47738
47737
47739
49364
49365
48109
49366
47740
48562
49367
47903
49368
47742
47743
49369
47779
49370
47744
47787
49371
47778
49372
47747
47779
49373
47747
47776
49374
47785
49375
47750
47749
47806
49376
47784
49377
47777
49378
47752
47753
49379
47755
49380
47754
47800
49381
47781
49382
47756
47800
49383
47784
49384
47758
47764
49385
47759
47793
49386
47780
49387
47762
47761
47807
49388
47763
49389
47783
49390
47764
47793
49391
49392
47766
47772
49393
47767
49394
47768
47799
49395
47777
49396
47771
47770
47796
49397
47772
49398
47774
49399
47799
49400
47774
47778
49401
47809
49402
47776
47780
49403
47791
49404
47808
49405
47788
49406
47787
49407
47792
49408
47782
47803
49409
47783
49410
47813
49411
47805
49412
47786
47790
49413
47787
47789
49414
49415
47789
47810
49416
47817
49417
47791
47818
49418
47816
49419
47795
47816
49420
47794
49421
47795
47807
49422
47828
49423
47797
47811
49424
47798
47821
49425
47799
47808
49426
49427
47801
49428
47802
47805
49429
47803
47823
49430
47815
49431
47806
47805
47830
49432
49433
47812
49434
47814
49435
47812
49436
47810
47811
49437
47819
49438
47820
49439
47826
49440
47814
47815
49441
47825
49442
47822
49443
47827
49444
47818
47819
49445
47832
49446
47831
49447
47821
47831
49448
47826
49449
47823
47824
49450
47830
49451
47825
47833
49452
47828
49453
47829
49454
47828
47832
49455
49456
47830
47834
49457
49458
47834
49459
47833
49460
47834
49461
49462
47840
47836
47955
49463
47837
47956
49464
47838
49465
47839
47903
49466
47840
47902
49467
47993
49468
47846
47842
48566
49469
47843
47898
49470
47844
47895
49471
47845
47853
49472
47846
47854
49473
49474
47852
47848
47855
49475
47849
47858
49476
47850
49477
47851
47854
49478
47852
47853
49479
47970
49480
47960
49481
49482
47856
47971
49483
47857
47949
49484
47858
47950
49485
49486
47864
47860
47907
49487
47861
47967
49488
47862
47865
49489
47863
47868
49490
47864
49491
47904
49492
47866
47966
49493
47867
47870
49494
47868
47875
49495
49496
47874
47870
47875
49497
47871
49498
47872
47876
49499
47873
47879
49500
47874
49501
48555
49502
49503
47877
47965
49504
47878
47883
49505
47879
47882
49506
49507
47883
47881
47884
49508
47882
47887
49509
49510
47964
49511
47885
47990
49512
47886
47900
49513
47887
47899
49514
49515
47893
47889
47900
49516
47890
47961
49517
47891
47894
49518
47892
47897
49519
47893
49520
47899
49521
47895
47959
49522
47896
49523
47897
47898
49524
49525
49526
49527
47986
49528
47903
47902
47957
49529
47910
49530
49531
47905
49532
47906
47953
49533
47907
47952
49534
47988
49535
47913
47909
47914
49536
47910
47984
49537
47911
49538
47912
47958
49539
47913
48112
49540
47915
49541
47917
47985
49542
47916
48106
49543
47917
47919
49544
47918
49545
47921
47999
49546
47920
48057
49547
47921
47923
49548
47922
49549
47925
47982
49550
47924
48084
49551
47925
47927
49552
47926
49553
47929
47980
49554
47928
48076
49555
47929
47931
49556
47930
49557
47933
47978
49558
47932
48070
49559
47933
47939
49560
47938
49561
47938
47935
47940
49562
47936
49563
47937
47942
49564
47938
47941
49565
49566
47940
48065
49567
48567
49568
47944
47976
49569
47943
49570
47944
47946
49571
47945
49572
47948
47975
49573
47947
49574
47948
47950
49575
47949
49576
47973
49577
49578
47954
47952
47955
49579
47996
49580
47954
49581
47956
49582
47995
49583
49584
47958
48558
49585
48116
49586
47960
47962
49587
47969
49588
47962
47987
49589
48008
49590
47965
47964
48006
49591
47992
49592
47966
49593
47968
49594
47968
47989
49595
48006
49596
47970
48008
49597
47972
49598
47972
48001
49599
48014
49600
47974
48001
49601
47975
48018
49602
47977
49603
47977
47978
49604
48022
49605
47979
49606
47980
48022
49607
47981
49608
47982
48023
49609
47998
49610
47985
47984
48012
49611
47993
49612
48000
49613
47987
47991
49614
48009
49615
47989
47997
49616
48003
49617
47991
47992
49618
48026
49619
48015
49620
47994
49621
47995
48012
49622
48002
49623
47997
48002
49624
48030
49625
47999
48016
49626
48000
49627
48010
49628
48019
49629
48033
49630
48004
48031
49631
48005
48040
49632
48006
48015
49633
49634
48009
48008
48013
49635
49636
48027
49637
48011
48017
49638
48012
48032
49639
49640
48014
48035
49641
48028
49642
48029
49643
48017
48024
49644
48042
49645
48020
48021
49646
48020
48028
49647
48038
49648
48022
48025
49649
49650
48024
48025
49651
48047
49652
48039
49653
48027
48029
49654
48050
49655
48036
49656
48048
49657
48031
48034
49658
48041
49659
48033
48043
49660
48034
49661
48045
49662
48036
48050
49663
48037
49664
48038
48051
49665
48039
49666
48047
49667
48041
48048
49668
48044
49669
48043
48046
49670
48045
49671
48045
48052
49672
49673
48047
48051
49674
49675
48049
49676
48050
48052
49677
49678
48052
49679
49680
48058
48054
48105
49681
48055
48184
49682
48056
48085
49683
48057
48084
49684
48058
49685
48106
49686
48064
48060
48065
49687
48061
48067
49688
48062
48072
49689
48063
48075
49690
48064
49691
48561
49692
48066
49693
48067
48070
49694
48069
49695
48071
48069
48079
49696
48177
49697
48071
49698
48076
49699
48073
48178
49700
48074
48080
49701
48075
48083
49702
49703
48077
49704
48078
48084
49705
48079
48085
49706
48156
49707
48081
48180
49708
48082
48086
49709
48083
48089
49710
49711
49712
48157
49713
48087
48174
49714
48088
48146
49715
48089
48147
49716
49717
48095
48091
48100
49718
48092
48103
49719
48093
49720
48094
48096
49721
48095
48099
49722
48161
49723
48097
49724
48098
48139
49725
48099
48138
49726
48187
49727
48101
48160
49728
48102
48110
49729
48103
48109
49730
49731
48107
48105
48111
49732
48163
49733
48107
49734
48112
49735
48110
48109
48115
49736
49737
48114
49738
48114
48164
49739
48113
49740
48114
48116
49741
49742
48116
48559
49743
49744
48118
48153
49745
48119
48170
49746
48152
49747
48121
48123
49748
48122
48126
49749
48129
49750
48125
49751
48125
48131
49752
48188
49753
48127
48189
49754
48128
48132
49755
48129
48135
49756
49757
48131
48136
49758
48165
49759
48133
48191
49760
48134
48138
49761
48135
48139
49762
49763
48137
48166
49764
48152
49765
48192
49766
49767
48145
48141
48148
49768
48142
48151
49769
48143
49770
48144
48147
49771
48145
48146
49772
48173
49773
48176
49774
49775
48149
48171
49776
48150
48155
49777
48151
49778
49779
48196
49780
48154
48168
49781
48155
49782
49783
48158
48182
49784
48158
48183
49785
48203
49786
48161
48160
48205
49787
48164
49788
48186
49789
48164
48163
48205
49790
48185
49791
49792
48167
48194
49793
48167
48197
49794
48208
49795
48169
48171
49796
48170
48221
49797
48199
49798
48172
49799
48173
48221
49800
48195
49801
48175
48181
49802
48176
48212
49803
48195
49804
48178
48182
49805
48179
49806
48180
48202
49807
48181
49808
48213
49809
48202
49810
48184
48211
49811
48185
49812
48204
49813
48187
48226
49814
48198
49815
48189
48194
49816
48190
49817
48191
48228
49818
48193
49819
48193
48198
49820
48215
49821
48228
49822
48223
49823
48197
48199
49824
48209
49825
48217
49826
48220
49827
48203
48201
48233
49828
48202
48213
49829
49830
48224
49831
48206
48210
49832
48206
49833
48225
49834
48209
48208
48235
49835
48229
49836
48231
49837
48211
48240
49838
48224
49839
48214
48222
49840
48214
49841
48236
49842
48216
48230
49843
48217
48244
49844
48227
49845
48221
48219
48223
49846
48220
48238
49847
48231
49848
49849
48223
48247
49850
49851
48232
49852
48226
48241
49853
48227
49854
48243
49855
48230
49856
48230
48234
49857
49858
48237
49859
48233
48245
49860
48236
49861
48235
48244
49862
48239
49863
48246
49864
48238
48239
49865
48247
49866
48249
49867
48241
48245
49868
48243
49869
48244
48243
48248
49870
49871
49872
48248
49873
48247
48249
49874
49875
48249
49876
49877
48251
48282
49878
48253
49879
48254
48288
49880
48254
49881
48321
49882
48256
48257
49883
48260
49884
48259
49885
48259
48263
49886
48330
49887
48261
48331
49888
48264
49889
48263
48267
49890
48337
49891
48265
48333
49892
48268
49893
48267
48278
49894
48341
49895
48269
48335
49896
48287
49897
48272
48271
48314
49898
48285
49899
48274
49900
48274
48294
49901
48338
49902
48276
48280
49903
48277
48310
49904
48278
49905
48342
49906
48280
48283
49907
48311
49908
48282
48292
49909
48319
49910
48284
49911
48285
49912
48313
49913
48287
48292
49914
48348
49915
48289
48323
49916
48290
49917
48291
48308
49918
48295
49919
48320
49920
48294
48298
49921
48317
49922
48296
48307
49923
48300
49924
48298
48301
49925
48315
49926
48300
48303
49927
48325
49928
48302
48328
49929
48305
49930
48304
48324
49931
48305
49932
49933
48308
48307
48364
49934
48327
49935
48346
49936
48311
48310
48350
49937
48345
49938
48313
49939
48314
48313
48350
49940
49941
48340
49942
48316
48329
49943
48317
48367
49944
48339
49945
48320
48319
48361
49946
48321
49947
48347
49948
48322
49949
48323
48361
49950
48346
49951
48326
48328
49952
48326
48327
49953
48368
49954
48370
49955
48329
49956
48368
49957
48331
48336
49958
48332
49959
48333
48374
49960
48334
49961
48335
48375
49962
48349
49963
48337
48374
49964
48344
49965
48339
48340
49966
48355
49967
48354
49968
48343
48344
49969
48343
48345
49970
48357
49971
48371
49972
48352
49973
48360
49974
48348
48362
49975
48349
49976
48380
49977
48351
49978
48352
48377
49979
48356
49980
48355
48354
48382
49981
48377
49982
48376
49983
48357
48386
49984
48378
49985
48361
48359
48362
49986
48360
48393
49987
48363
49988
49989
48381
49990
48364
48392
49991
48369
49992
48368
48366
48370
49993
48367
48385
49994
48376
49995
49996
48370
48395
49997
49998
48372
48378
49999
48373
48391
50000
48374
48375
50001
50002
48379
50003
48384
50004
48383
50005
48388
50006
48380
48390
50007
48381
50008
48396
50009
48383
48389
50010
48386
50011
48385
48389
50012
48395
50013
48387
50014
48388
48399
50015
48391
50016
48398
50017
48391
48397
50018
50019
48393
48394
50020
48396
50021
48395
48398
50022
50023
48397
50024
48399
50025
48399
50026
50027
48401
48404
50028
48432
50029
48403
48439
50030
48404
48471
50031
50032
48406
48410
50033
48407
50034
48409
50035
48409
48412
50036
48480
50037
48411
48481
50038
48414
50039
48413
48487
50040
48417
50041
48415
48483
50042
48419
50043
48417
48428
50044
48491
50045
48419
48437
50046
48485
50047
48422
48421
48463
50048
48423
50049
48435
50050
48424
48488
50051
48444
50052
48427
48429
50053
48427
48428
50054
48461
50055
48493
50056
48430
48460
50057
48433
50058
48432
48442
50059
48470
50060
48434
50061
48435
50062
48464
50063
48437
48442
50064
48498
50065
48439
48440
50066
48472
50067
48441
48457
50068
48445
50069
48469
50070
48444
48448
50071
48466
50072
48446
48458
50073
48450
50074
48448
48451
50075
48465
50076
48450
48454
50077
48476
50078
48452
48478
50079
48455
50080
48454
48455
50081
48474
50082
50083
48458
48457
48513
50084
48496
50085
48477
50086
48461
48460
48502
50087
48464
50088
48495
50089
48464
48463
48502
50090
48490
50091
50092
48467
48479
50093
48467
48489
50094
48517
50095
48470
48469
48509
50096
48497
50097
48471
50098
48473
50099
48473
48496
50100
48509
50101
48475
48478
50102
48476
48516
50103
48477
50104
48519
50105
48479
50106
48516
50107
48481
48486
50108
48482
50109
48483
48521
50110
48484
50111
48485
48525
50112
48499
50113
48487
48521
50114
48494
50115
48489
48490
50116
48504
50117
48505
50118
48492
48494
50119
48493
48507
50120
48495
50121
48524
50122
48500
50123
48510
50124
48498
48512
50125
48499
50126
48529
50127
48501
48506
50128
48502
48527
50129
50130
48505
48504
48532
50131
48526
50132
48527
50133
48507
48536
50134
48528
50135
48511
48509
48512
50136
50137
48511
48514
50138
48543
50139
48531
50140
48514
48520
50141
48542
50142
48518
48516
48519
50143
50144
48518
48526
50145
48535
50146
48520
50147
48544
50148
48522
50149
48523
48525
50150
48524
48541
50151
48528
50152
48530
50153
48534
50154
48533
50155
48537
50156
48530
48531
50157
48540
50158
48546
50159
48533
48539
50160
48536
50161
48535
48539
50162
48544
50163
48538
50164
48538
48541
50165
48549
50166
48548
50167
48541
48547
50168
50169
48543
48545
50170
48546
50171
48545
50172
48548
50173
48547
50174
48549
50175
48549
50176
50177
48551
48565
50178
48565
50179
48553
48566
50180
48566
50181
48555
48563
50182
48563
50183
48557
48564
50184
48564
50185
48559
48562
50186
48562
50187
48561
48567
50188
48567
50189
50190
50191
50192
50193
50194
50195
48571
49878
50196
48570
49098
50197
48571
48591
50198
48590
50199
48573
50029
50200
48574
48607
50201
48575
48606
50202
49751
50203
48581
48577
48582
50204
48578
48585
50205
48579
49078
50206
48580
48608
50207
48581
48611
50208
49893
50209
48583
49897
50210
48584
48589
50211
48585
48588
50212
49084
50213
48589
48587
48590
50214
48588
48591
50215
49088
50216
49914
50217
49909
50218
49090
50219
48597
48593
48601
50220
48594
50043
50221
48595
48612
50222
48596
48615
50223
48597
49747
50224
48598
50225
48599
49765
50226
48600
48604
50227
48601
48603
50228
50046
50229
48605
48603
48607
50230
50064
50231
48605
49758
50232
48606
50233
49752
50234
50059
50235
48609
49072
50236
48610
48616
50237
48611
48617
50238
49889
50239
48613
50039
50240
48614
48618
50241
48615
48619
50242
49745
50243
49071
50244
49884
50245
50033
50246
49782
50247
48625
48621
48676
50248
48622
48675
50249
48623
48941
50250
48624
48666
50251
48625
48665
50252
48751
50253
48630
48627
48740
50254
48628
48737
50255
48629
48743
50256
48630
48742
50257
49526
50258
48636
48632
48743
50259
48633
48748
50260
48634
48637
50261
48635
48640
50262
48636
49520
50263
48742
50264
48638
48747
50265
48639
48726
50266
48640
48727
50267
49527
50268
48646
48642
48722
50269
48643
48723
50270
48644
49338
50271
48645
48725
50272
48646
48724
50273
48765
50274
48652
48648
48663
50275
48649
48745
50276
48650
48654
50277
48651
48659
50278
48652
49507
50279
48660
50280
48657
48654
48658
50281
48655
50282
48656
48724
50283
48657
48725
50284
49323
50285
48659
50182
50286
49501
50287
48661
49510
50288
48662
48727
50289
48663
48726
50290
48746
50291
48666
48665
48720
50292
48668
50293
48934
50294
48672
48668
48750
50295
48669
50296
48670
48721
50297
48671
49111
50298
48672
48719
50299
48718
50300
48676
48674
48677
50301
48675
48680
50302
48946
50303
48761
50304
48678
48760
50305
48679
48728
50306
48680
48731
50307
48948
50308
48686
48682
48687
50309
48683
48690
50310
48684
49294
50311
48685
48716
50312
48686
48715
50313
48758
50314
48688
48757
50315
48689
48692
50316
48690
48697
50317
49286
50318
48696
48692
48697
50319
48693
50320
48694
48701
50321
48695
48700
50322
48696
49154
50323
50185
50324
49274
50325
48701
48699
48702
50326
48700
48705
50327
49145
50328
48756
50329
48703
48755
50330
48704
48706
50331
48705
48709
50332
49137
50333
48707
48779
50334
48708
48713
50335
48709
48712
50336
49129
50337
48713
48711
48718
50338
48712
48719
50339
49125
50340
48776
50341
48717
48715
48722
50342
48772
50343
48717
49302
50344
48723
50345
48752
50346
49118
50347
48721
50178
50348
49103
50349
48773
50350
49322
50351
48766
50352
49334
50353
48783
50354
49515
50355
48729
48771
50356
48730
48735
50357
48731
48734
50358
48866
50359
48735
48733
48736
50360
48734
48739
50361
48895
50362
48770
50363
48737
48767
50364
48738
50365
48739
48741
50366
48852
50367
48741
50180
50368
48901
50369
49525
50370
48768
50371
48746
48745
48790
50372
48766
50373
48784
50374
48749
48785
50375
48749
48786
50376
48808
50377
48751
48753
50378
48763
50379
48753
48777
50380
48794
50381
48756
48755
48798
50382
48781
50383
48757
50384
48759
50385
48759
48778
50386
48798
50387
48762
48782
50388
48762
48763
50389
48797
50390
48794
50391
48766
48765
48790
50392
48775
50393
50394
48768
48787
50395
48786
50396
48771
48770
48801
50397
48787
50398
48782
50399
48774
48778
50400
48774
48775
50401
48804
50402
48805
50403
48777
48780
50404
48795
50405
48809
50406
48780
48781
50407
48811
50408
48800
50409
48815
50410
48784
48785
50411
48788
50412
48792
50413
48803
50414
48803
50415
48789
48791
50416
48790
48817
50417
50418
48792
48833
50419
48819
50420
48795
48794
48796
50421
50422
48812
50423
48797
48826
50424
48816
50425
48799
50426
48800
48810
50427
48818
50428
48802
48814
50429
48803
48807
50430
50431
48806
48813
50432
48806
48817
50433
48827
50434
48808
48825
50435
48819
50436
48810
48813
50437
48820
50438
48812
48818
50439
48823
50440
48831
50441
48815
48824
50442
48816
50443
48829
50444
48828
50445
48821
50446
48832
50447
48821
48831
50448
48822
50449
48823
48837
50450
48826
50451
48825
48830
50452
48832
50453
48829
50454
48828
48835
50455
48833
50456
48830
50457
48837
50458
48835
50459
48834
50460
48834
50461
48836
50462
48836
50463
48837
50464
50465
48843
48839
48950
50466
48840
48994
50467
48841
48871
50468
48842
48870
50469
48843
49717
50470
48951
50471
48849
48845
48961
50472
48846
48899
50473
48847
48898
50474
48848
49482
50475
48849
48893
50476
48894
50477
48855
48851
48896
50478
48852
48895
50479
48853
50480
48854
48901
50481
48855
48899
50482
48962
50483
48861
48857
48891
50484
48858
48958
50485
48859
48894
50486
48860
48893
50487
48861
49486
50488
48892
50489
48867
48863
48896
50490
48864
48965
50491
48865
48949
50492
48866
48948
50493
48867
50494
48895
50495
48871
48869
48875
50496
48870
48874
50497
49711
50498
48970
50499
48875
48873
48877
50500
48874
48882
50501
49703
50502
48969
50503
48881
48877
48882
50504
48878
50505
48879
48883
50506
48880
48886
50507
48881
49563
50508
50188
50509
49691
50510
48884
48971
50511
48885
48887
50512
48886
48890
50513
49570
50514
48888
48973
50515
48889
48891
50516
48890
48892
50517
49574
50518
48959
50519
49578
50520
49477
50521
48966
50522
50523
48963
50524
48899
48898
48900
50525
49474
50526
50527
48901
50181
50528
50529
48907
48903
48915
50530
48904
48918
50531
48905
49779
50532
48906
50533
48907
48908
50534
48979
50535
48955
50536
48914
48910
48982
50537
48911
48954
50538
48912
48957
50539
48913
49083
50540
48914
48952
50541
48953
50542
48916
48991
50543
48917
48950
50544
48918
48951
50545
49770
50546
48924
48920
48976
50547
48921
48953
50548
48922
48952
50549
48923
49055
50550
48924
48925
50551
48928
50552
48926
49120
50553
48927
48930
50554
48928
48929
50555
48977
50556
48932
48988
50557
48931
49114
50558
48932
48938
50559
48937
50560
48937
48934
48939
50561
48935
50562
48936
48941
50563
48937
48940
50564
50565
48939
49105
50566
50193
50567
48943
48986
50568
48942
50569
48943
48946
50570
48945
50571
48947
48945
48949
50572
48985
50573
48947
50574
48948
50575
50576
48983
50577
48992
50578
49775
50579
49087
50580
48998
50581
48955
48980
50582
48956
50583
48957
50584
49076
50585
48960
48996
50586
48960
48974
50587
49002
50588
48962
48967
50589
48975
50590
48964
48975
50591
48965
49009
50592
49000
50593
48967
48996
50594
49010
50595
48970
48969
49018
50596
48971
50597
48995
50598
48972
50599
48973
49018
50600
48974
50601
49005
50602
49010
50603
48978
48999
50604
48978
48989
50605
49027
50606
48980
48990
50607
48981
50608
48982
49011
50609
48997
50610
48984
49000
50611
48985
49022
50612
48987
50613
48987
48988
50614
49028
50615
48989
50616
49028
50617
48991
49011
50618
49001
50619
48993
49001
50620
48994
49020
50621
48995
50622
49019
50623
49004
50624
48998
49015
50625
48999
50626
49031
50627
49023
50628
49014
50629
49003
49006
50630
49004
49044
50631
49007
50632
49006
49017
50633
49041
50634
49010
49008
50635
49009
49045
50636
49025
50637
50638
49012
50639
49013
49015
50640
49014
49034
50641
49032
50642
49030
50643
49019
49017
49037
50644
49018
50645
50646
49021
50647
49021
49032
50648
49036
50649
49024
49029
50650
49024
49025
50651
49042
50652
49047
50653
49029
49027
49043
50654
49033
50655
49029
50656
50657
49031
49039
50658
49033
50659
49035
50660
49040
50661
49035
49039
50662
49049
50663
49037
49049
50664
49041
50665
49040
49039
49050
50666
50667
49043
50668
49048
50669
49043
49046
50670
50671
49045
49048
50672
49047
50673
49047
49050
50674
50675
49051
50676
49051
50677
49051
50678
50679
49057
49053
49164
50680
49054
49121
50681
49055
49120
50682
49056
50683
49057
49087
50684
49086
50685
49063
49059
49067
50686
49060
49158
50687
49061
49096
50688
49062
50689
49063
49315
50690
49064
50691
49065
49311
50692
49066
49094
50693
49067
49093
50694
49190
50695
49069
49071
50696
49070
49077
50697
49076
50698
49073
50699
49073
49079
50700
49184
50701
49077
49075
49080
50702
49076
49083
50703
50704
49183
50705
49079
49085
50706
49186
50707
49081
49182
50708
49082
49086
50709
49083
49087
50710
50711
49085
49089
50712
49179
50713
49189
50714
50715
49089
49091
50716
49166
50717
49091
49097
50718
49161
50719
49095
49093
49133
50720
49192
50721
49095
49305
50722
49130
50723
49098
50724
49098
49159
50725
50726
49104
49100
49105
50727
49101
49107
50728
49102
49108
50729
49103
49111
50730
49104
50731
50179
50732
49106
50733
49107
49114
50734
49113
50735
49109
49168
50736
49110
49119
50737
49111
49118
50738
50739
49115
49113
49121
50740
49167
50741
49115
50742
49120
50743
49119
49117
49122
50744
49118
49125
50745
50746
49156
50747
50748
49163
50749
49123
49155
50750
49124
49126
50751
49125
49129
50752
50753
49127
49176
50754
49128
49134
50755
49129
49137
50756
50757
49131
49297
50758
49132
49140
50759
49133
49139
50760
49196
50761
49135
49175
50762
49136
49142
50763
49137
49145
50764
50765
49141
49139
49149
50766
49173
50767
49141
49287
50768
49146
50769
49143
49177
50770
49144
49151
50771
49145
49154
50772
50773
49147
49281
50774
49148
49152
50775
49149
49151
50776
49171
50777
49152
49151
49153
50778
50779
49276
50780
49154
50184
50781
50782
49157
49197
50783
49157
49169
50784
49216
50785
49159
49191
50786
49160
50787
49161
49226
50788
49165
50789
49164
49163
49218
50790
49170
50791
49194
50792
49166
49223
50793
49180
50794
49168
49170
50795
49169
50796
49217
50797
49217
50798
49172
49177
50799
49173
49212
50800
49198
50801
49176
49175
49201
50802
49178
50803
49197
50804
49178
50805
49212
50806
49180
49185
50807
49204
50808
49183
49182
49205
50809
49188
50810
49184
50811
49187
50812
49186
49203
50813
49187
50814
49205
50815
49189
49207
50816
49194
50817
49191
49193
50818
49226
50819
49193
49195
50820
49219
50821
49209
50822
49196
49220
50823
49198
50824
49199
50825
49211
50826
49200
49229
50827
49201
49236
50828
49213
50829
49204
49203
49232
50830
49225
50831
49224
50832
49206
50833
49207
49225
50834
49208
50835
49209
49246
50836
49222
50837
49213
49211
49234
50838
49230
50839
49213
50840
50841
49217
49215
49218
50842
49216
49244
50843
49229
50844
50845
49222
50846
49221
49227
50847
49221
49230
50848
49242
50849
49243
50850
49224
49228
50851
49238
50852
49231
50853
49227
50854
49228
50855
49239
50856
49237
50857
49233
50858
49232
49246
50859
49240
50860
49234
49241
50861
49236
50862
49237
49236
49248
50863
50864
49244
50865
49239
49240
50866
49242
50867
49247
50868
49242
49248
50869
50870
49244
49245
50871
50872
49246
49247
50873
50874
49248
50875
50876
49254
49250
49373
50877
49251
49313
50878
49252
49314
50879
49253
49763
50880
49254
49304
50881
49303
50882
49260
49256
49323
50883
49257
49325
50884
49258
49336
50885
49259
49337
50886
49260
49503
50887
50191
50888
49262
49314
50889
49263
49313
50890
49317
50891
49269
49265
49303
50892
49266
49304
50893
49267
49724
50894
49268
49354
50895
49269
49353
50896
49403
50897
49275
49271
49276
50898
49272
49278
50899
49273
49283
50900
49274
49286
50901
49275
50902
50192
50903
49277
50904
49278
49281
50905
49280
50906
49282
49280
49290
50907
49393
50908
49282
50909
49287
50910
49284
49394
50911
49285
49291
50912
49286
49294
50913
50914
49288
50915
49289
49297
50916
49290
49296
50917
49398
50918
49292
49396
50919
49293
49299
50920
49294
49302
50921
50922
49298
49296
49308
50923
49399
50924
49298
50925
49305
50926
49300
49378
50927
49301
49319
50928
49302
49322
50929
50930
49374
50931
49767
50932
49306
50933
49307
49311
50934
49308
49310
50935
49401
50936
49312
49310
49318
50937
49372
50938
49312
50939
49315
50940
49370
50941
49757
50942
49316
50943
49317
50944
49318
50945
49369
50946
49320
49377
50947
49321
49339
50948
49322
49338
50949
50950
49324
50951
49325
49334
50952
49333
50953
49331
49327
49382
50954
49328
49343
50955
49329
49342
50956
49330
49491
50957
49331
49337
50958
49336
50959
49335
49333
49339
50960
49380
50961
49335
50962
49338
50963
49379
50964
49496
50965
50966
49384
50967
49343
49341
49344
50968
49342
49347
50969
49532
50970
49410
50971
49345
49390
50972
49346
49348
50973
49347
49351
50974
49581
50975
49349
49389
50976
49350
49356
50977
49351
49359
50978
49584
50979
49355
49353
49363
50980
49387
50981
49355
49720
50982
49360
50983
49357
49392
50984
49358
49365
50985
49359
49368
50986
49465
50987
49361
49731
50988
49362
49366
50989
49363
49365
50990
49385
50991
49366
49365
49367
50992
50993
49737
50994
49368
50190
50995
49531
50996
49370
49371
50997
49407
50998
49372
49415
50999
49406
51000
49375
49407
51001
49375
49404
51002
49413
51003
49378
49377
49434
51004
49412
51005
49405
51006
49380
49381
51007
49383
51008
49382
49428
51009
49409
51010
49384
49428
51011
49412
51012
49386
49392
51013
49387
49421
51014
49408
51015
49390
49389
49435
51016
49391
51017
49411
51018
49392
49421
51019
51020
49394
49400
51021
49395
51022
49396
49427
51023
49405
51024
49399
49398
49424
51025
49400
51026
49402
51027
49427
51028
49402
49406
51029
49437
51030
49404
49408
51031
49419
51032
49436
51033
49416
51034
49415
51035
49420
51036
49410
49431
51037
49411
51038
49441
51039
49433
51040
49414
49418
51041
49415
49417
51042
51043
49417
49438
51044
49445
51045
49419
49446
51046
49444
51047
49423
49444
51048
49422
51049
49423
49435
51050
49456
51051
49425
49439
51052
49426
49449
51053
49427
49436
51054
51055
49429
51056
49430
49433
51057
49431
49451
51058
49443
51059
49434
49433
49458
51060
51061
49440
51062
49442
51063
49440
51064
49438
49439
51065
49447
51066
49448
51067
49454
51068
49442
49443
51069
49453
51070
49450
51071
49455
51072
49446
49447
51073
49460
51074
49459
51075
49449
49459
51076
49454
51077
49451
49452
51078
49458
51079
49453
49461
51080
49456
51081
49457
51082
49456
49460
51083
51084
49458
49462
51085
51086
49462
51087
49461
51088
49462
51089
51090
49468
49464
49583
51091
49465
49584
51092
49466
51093
49467
49531
51094
49468
49530
51095
49621
51096
49474
49470
50194
51097
49471
49526
51098
49472
49523
51099
49473
49481
51100
49474
49482
51101
51102
49480
49476
49483
51103
49477
49486
51104
49478
51105
49479
49482
51106
49480
49481
51107
49598
51108
49588
51109
51110
49484
49599
51111
49485
49577
51112
49486
49578
51113
51114
49492
49488
49535
51115
49489
49595
51116
49490
49493
51117
49491
49496
51118
49492
51119
49532
51120
49494
49594
51121
49495
49498
51122
49496
49503
51123
51124
49502
49498
49503
51125
49499
51126
49500
49504
51127
49501
49507
51128
49502
51129
50183
51130
51131
49505
49593
51132
49506
49511
51133
49507
49510
51134
51135
49511
49509
49512
51136
49510
49515
51137
51138
49592
51139
49513
49618
51140
49514
49528
51141
49515
49527
51142
51143
49521
49517
49528
51144
49518
49589
51145
49519
49522
51146
49520
49525
51147
49521
51148
49527
51149
49523
49587
51150
49524
51151
49525
49526
51152
51153
51154
51155
49614
51156
49531
49530
49585
51157
49538
51158
51159
49533
51160
49534
49581
51161
49535
49580
51162
49616
51163
49541
49537
49542
51164
49538
49612
51165
49539
51166
49540
49586
51167
49541
49740
51168
49543
51169
49545
49613
51170
49544
49734
51171
49545
49547
51172
49546
51173
49549
49627
51174
49548
49685
51175
49549
49551
51176
49550
51177
49553
49610
51178
49552
49712
51179
49553
49555
51180
49554
51181
49557
49608
51182
49556
49704
51183
49557
49559
51184
49558
51185
49561
49606
51186
49560
49698
51187
49561
49567
51188
49566
51189
49566
49563
49568
51190
49564
51191
49565
49570
51192
49566
49569
51193
51194
49568
49693
51195
50195
51196
49572
49604
51197
49571
51198
49572
49574
51199
49573
51200
49576
49603
51201
49575
51202
49576
49578
51203
49577
51204
49601
51205
51206
49582
49580
49583
51207
49624
51208
49582
51209
49584
51210
49623
51211
51212
49586
50186
51213
49744
51214
49588
49590
51215
49597
51216
49590
49615
51217
49636
51218
49593
49592
49634
51219
49620
51220
49594
51221
49596
51222
49596
49617
51223
49634
51224
49598
49636
51225
49600
51226
49600
49629
51227
49642
51228
49602
49629
51229
49603
49646
51230
49605
51231
49605
49606
51232
49650
51233
49607
51234
49608
49650
51235
49609
51236
49610
49651
51237
49626
51238
49613
49612
49640
51239
49621
51240
49628
51241
49615
49619
51242
49637
51243
49617
49625
51244
49631
51245
49619
49620
51246
49654
51247
49643
51248
49622
51249
49623
49640
51250
49630
51251
49625
49630
51252
49658
51253
49627
49644
51254
49628
51255
49638
51256
49647
51257
49661
51258
49632
49659
51259
49633
49668
51260
49634
49643
51261
51262
49637
49636
49641
51263
51264
49655
51265
49639
49645
51266
49640
49660
51267
51268
49642
49663
51269
49656
51270
49657
51271
49645
49652
51272
49670
51273
49648
49649
51274
49648
49656
51275
49666
51276
49650
49653
51277
51278
49652
49653
51279
49675
51280
49667
51281
49655
49657
51282
49678
51283
49664
51284
49676
51285
49659
49662
51286
49669
51287
49661
49671
51288
49662
51289
49673
51290
49664
49678
51291
49665
51292
49666
49679
51293
49667
51294
49675
51295
49669
49676
51296
49672
51297
49671
49674
51298
49673
51299
49673
49680
51300
51301
49675
49679
51302
51303
49677
51304
49678
49680
51305
51306
49680
51307
51308
49686
49682
49733
51309
49683
49812
51310
49684
49713
51311
49685
49712
51312
49686
51313
49734
51314
49692
49688
49693
51315
49689
49695
51316
49690
49700
51317
49691
49703
51318
49692
51319
50189
51320
49694
51321
49695
49698
51322
49697
51323
49699
49697
49707
51324
49805
51325
49699
51326
49704
51327
49701
49806
51328
49702
49708
51329
49703
49711
51330
51331
49705
51332
49706
49712
51333
49707
49713
51334
49784
51335
49709
49808
51336
49710
49714
51337
49711
49717
51338
51339
51340
49785
51341
49715
49802
51342
49716
49774
51343
49717
49775
51344
51345
49723
49719
49728
51346
49720
49731
51347
49721
51348
49722
49724
51349
49723
49727
51350
49789
51351
49725
51352
49726
49767
51353
49727
49766
51354
49815
51355
49729
49788
51356
49730
49738
51357
49731
49737
51358
51359
49735
49733
49739
51360
49791
51361
49735
51362
49740
51363
49738
49737
49743
51364
51365
49742
51366
49742
49792
51367
49741
51368
49742
49744
51369
51370
49744
50187
51371
51372
49746
49781
51373
49747
49798
51374
49780
51375
49749
49751
51376
49750
49754
51377
49757
51378
49753
51379
49753
49759
51380
49816
51381
49755
49817
51382
49756
49760
51383
49757
49763
51384
51385
49759
49764
51386
49793
51387
49761
49819
51388
49762
49766
51389
49763
49767
51390
51391
49765
49794
51392
49780
51393
49820
51394
51395
49773
49769
49776
51396
49770
49779
51397
49771
51398
49772
49775
51399
49773
49774
51400
49801
51401
49804
51402
51403
49777
49799
51404
49778
49783
51405
49779
51406
51407
49824
51408
49782
49796
51409
49783
51410
51411
49786
49810
51412
49786
49811
51413
49831
51414
49789
49788
49833
51415
49792
51416
49814
51417
49792
49791
49833
51418
49813
51419
51420
49795
49822
51421
49795
49825
51422
49836
51423
49797
49799
51424
49798
49849
51425
49827
51426
49800
51427
49801
49849
51428
49823
51429
49803
49809
51430
49804
49840
51431
49823
51432
49806
49810
51433
49807
51434
49808
49830
51435
49809
51436
49841
51437
49830
51438
49812
49839
51439
49813
51440
49832
51441
49815
49854
51442
49826
51443
49817
49822
51444
49818
51445
49819
49856
51446
49821
51447
49821
49826
51448
49843
51449
49856
51450
49851
51451
49825
49827
51452
49837
51453
49845
51454
49848
51455
49831
49829
49861
51456
49830
49841
51457
51458
49852
51459
49834
49838
51460
49834
51461
49853
51462
49837
49836
49863
51463
49857
51464
49859
51465
49839
49868
51466
49852
51467
49842
49850
51468
49842
51469
49864
51470
49844
49858
51471
49845
49872
51472
49855
51473
49849
49847
49851
51474
49848
49866
51475
49859
51476
51477
49851
49875
51478
51479
49860
51480
49854
49869
51481
49855
51482
49871
51483
49858
51484
49858
49862
51485
51486
49865
51487
49861
49873
51488
49864
51489
49863
49872
51490
49867
51491
49874
51492
49866
49867
51493
49875
51494
49877
51495
49869
49873
51496
49871
51497
49872
49871
49876
51498
51499
51500
49876
51501
49875
49877
51502
51503
49877
51504
51505
49879
49910
51506
49881
51507
49882
49916
51508
49882
51509
49949
51510
49884
49885
51511
49888
51512
49887
51513
49887
49891
51514
49958
51515
49889
49959
51516
49892
51517
49891
49895
51518
49965
51519
49893
49961
51520
49896
51521
49895
49906
51522
49969
51523
49897
49963
51524
49915
51525
49900
49899
49942
51526
49913
51527
49902
51528
49902
49922
51529
49966
51530
49904
49908
51531
49905
49938
51532
49906
51533
49970
51534
49908
49911
51535
49939
51536
49910
49920
51537
49947
51538
49912
51539
49913
51540
49941
51541
49915
49920
51542
49976
51543
49917
49951
51544
49918
51545
49919
49936
51546
49923
51547
49948
51548
49922
49926
51549
49945
51550
49924
49935
51551
49928
51552
49926
49929
51553
49943
51554
49928
49931
51555
49953
51556
49930
49956
51557
49933
51558
49932
49952
51559
49933
51560
51561
49936
49935
49992
51562
49955
51563
49974
51564
49939
49938
49978
51565
49973
51566
49941
51567
49942
49941
49978
51568
51569
49968
51570
49944
49957
51571
49945
49995
51572
49967
51573
49948
49947
49989
51574
49949
51575
49975
51576
49950
51577
49951
49989
51578
49974
51579
49954
49956
51580
49954
49955
51581
49996
51582
49998
51583
49957
51584
49996
51585
49959
49964
51586
49960
51587
49961
50002
51588
49962
51589
49963
50003
51590
49977
51591
49965
50002
51592
49972
51593
49967
49968
51594
49983
51595
49982
51596
49971
49972
51597
49971
49973
51598
49985
51599
49999
51600
49980
51601
49988
51602
49976
49990
51603
49977
51604
50008
51605
49979
51606
49980
50005
51607
49984
51608
49983
49982
50010
51609
50005
51610
50004
51611
49985
50014
51612
50006
51613
49989
49987
49990
51614
49988
50021
51615
49991
51616
51617
50009
51618
49992
50020
51619
49997
51620
49996
49994
49998
51621
49995
50013
51622
50004
51623
51624
49998
50023
51625
51626
50000
50006
51627
50001
50019
51628
50002
50003
51629
51630
50007
51631
50012
51632
50011
51633
50016
51634
50008
50018
51635
50009
51636
50024
51637
50011
50017
51638
50014
51639
50013
50017
51640
50023
51641
50015
51642
50016
50027
51643
50019
51644
50026
51645
50019
50025
51646
51647
50021
50022
51648
50024
51649
50023
50026
51650
51651
50025
51652
50027
51653
50027
51654
51655
50029
50032
51656
50060
51657
50031
50067
51658
50032
50099
51659
51660
50034
50038
51661
50035
51662
50037
51663
50037
50040
51664
50108
51665
50039
50109
51666
50042
51667
50041
50115
51668
50045
51669
50043
50111
51670
50047
51671
50045
50056
51672
50119
51673
50047
50065
51674
50113
51675
50050
50049
50091
51676
50051
51677
50063
51678
50052
50116
51679
50072
51680
50055
50057
51681
50055
50056
51682
50089
51683
50121
51684
50058
50088
51685
50061
51686
50060
50070
51687
50098
51688
50062
51689
50063
51690
50092
51691
50065
50070
51692
50126
51693
50067
50068
51694
50100
51695
50069
50085
51696
50073
51697
50097
51698
50072
50076
51699
50094
51700
50074
50086
51701
50078
51702
50076
50079
51703
50093
51704
50078
50082
51705
50104
51706
50080
50106
51707
50083
51708
50082
50083
51709
50102
51710
51711
50086
50085
50141
51712
50124
51713
50105
51714
50089
50088
50130
51715
50092
51716
50123
51717
50092
50091
50130
51718
50118
51719
51720
50095
50107
51721
50095
50117
51722
50145
51723
50098
50097
50137
51724
50125
51725
50099
51726
50101
51727
50101
50124
51728
50137
51729
50103
50106
51730
50104
50144
51731
50105
51732
50147
51733
50107
51734
50144
51735
50109
50114
51736
50110
51737
50111
50149
51738
50112
51739
50113
50153
51740
50127
51741
50115
50149
51742
50122
51743
50117
50118
51744
50132
51745
50133
51746
50120
50122
51747
50121
50135
51748
50123
51749
50152
51750
50128
51751
50138
51752
50126
50140
51753
50127
51754
50157
51755
50129
50134
51756
50130
50155
51757
51758
50133
50132
50160
51759
50154
51760
50155
51761
50135
50164
51762
50156
51763
50139
50137
50140
51764
51765
50139
50142
51766
50171
51767
50159
51768
50142
50148
51769
50170
51770
50146
50144
50147
51771
51772
50146
50154
51773
50163
51774
50148
51775
50172
51776
50150
51777
50151
50153
51778
50152
50169
51779
50156
51780
50158
51781
50162
51782
50161
51783
50165
51784
50158
50159
51785
50168
51786
50174
51787
50161
50167
51788
50164
51789
50163
50167
51790
50172
51791
50166
51792
50166
50169
51793
50177
51794
50176
51795
50169
50175
51796
51797
50171
50173
51798
50174
51799
50173
51800
50176
51801
50175
51802
50177
51803
50177
51804
51805
50179
50193
51806
50193
51807
50181
50194
51808
50194
51809
50183
50191
51810
50191
51811
50185
50192
51812
50192
51813
50187
50190
51814
50190
51815
50189
50195
51816
50195
51817
51818
51819
51820
51821
51822
51823
50199
51506
51824
50198
50726
51825
50199
50219
51826
50218
51827
50201
51657
51828
50202
50235
51829
50203
50234
51830
51379
51831
50209
50205
50210
51832
50206
50213
51833
50207
50706
51834
50208
50236
51835
50209
50239
51836
51521
51837
50211
51525
51838
50212
50217
51839
50213
50216
51840
50712
51841
50217
50215
50218
51842
50216
50219
51843
50716
51844
51542
51845
51537
51846
50718
51847
50225
50221
50229
51848
50222
51671
51849
50223
50240
51850
50224
50243
51851
50225
51375
51852
50226
51853
50227
51393
51854
50228
50232
51855
50229
50231
51856
51674
51857
50233
50231
50235
51858
51692
51859
50233
51386
51860
50234
51861
51380
51862
51687
51863
50237
50700
51864
50238
50244
51865
50239
50245
51866
51517
51867
50241
51667
51868
50242
50246
51869
50243
50247
51870
51373
51871
50699
51872
51512
51873
51661
51874
51410
51875
50253
50249
50304
51876
50250
50303
51877
50251
50569
51878
50252
50294
51879
50253
50293
51880
50379
51881
50258
50255
50368
51882
50256
50365
51883
50257
50371
51884
50258
50370
51885
51154
51886
50264
50260
50371
51887
50261
50376
51888
50262
50265
51889
50263
50268
51890
50264
51148
51891
50370
51892
50266
50375
51893
50267
50354
51894
50268
50355
51895
51155
51896
50274
50270
50350
51897
50271
50351
51898
50272
50966
51899
50273
50353
51900
50274
50352
51901
50393
51902
50280
50276
50291
51903
50277
50373
51904
50278
50282
51905
50279
50287
51906
50280
51135
51907
50288
51908
50285
50282
50286
51909
50283
51910
50284
50352
51911
50285
50353
51912
50951
51913
50287
51810
51914
51129
51915
50289
51138
51916
50290
50355
51917
50291
50354
51918
50374
51919
50294
50293
50348
51920
50296
51921
50562
51922
50300
50296
50378
51923
50297
51924
50298
50349
51925
50299
50739
51926
50300
50347
51927
50346
51928
50304
50302
50305
51929
50303
50308
51930
50574
51931
50389
51932
50306
50388
51933
50307
50356
51934
50308
50359
51935
50576
51936
50314
50310
50315
51937
50311
50318
51938
50312
50922
51939
50313
50344
51940
50314
50343
51941
50386
51942
50316
50385
51943
50317
50320
51944
50318
50325
51945
50914
51946
50324
50320
50325
51947
50321
51948
50322
50329
51949
50323
50328
51950
50324
50782
51951
51813
51952
50902
51953
50329
50327
50330
51954
50328
50333
51955
50773
51956
50384
51957
50331
50383
51958
50332
50334
51959
50333
50337
51960
50765
51961
50335
50407
51962
50336
50341
51963
50337
50340
51964
50757
51965
50341
50339
50346
51966
50340
50347
51967
50753
51968
50404
51969
50345
50343
50350
51970
50400
51971
50345
50930
51972
50351
51973
50380
51974
50746
51975
50349
51806
51976
50731
51977
50401
51978
50950
51979
50394
51980
50962
51981
50411
51982
51143
51983
50357
50399
51984
50358
50363
51985
50359
50362
51986
50494
51987
50363
50361
50364
51988
50362
50367
51989
50523
51990
50398
51991
50365
50395
51992
50366
51993
50367
50369
51994
50480
51995
50369
51808
51996
50529
51997
51153
51998
50396
51999
50374
50373
50418
52000
50394
52001
50412
52002
50377
50413
52003
50377
50414
52004
50436
52005
50379
50381
52006
50391
52007
50381
50405
52008
50422
52009
50384
50383
50426
52010
50409
52011
50385
52012
50387
52013
50387
50406
52014
50426
52015
50390
50410
52016
50390
50391
52017
50425
52018
50422
52019
50394
50393
50418
52020
50403
52021
52022
50396
50415
52023
50414
52024
50399
50398
50429
52025
50415
52026
50410
52027
50402
50406
52028
50402
50403
52029
50432
52030
50433
52031
50405
50408
52032
50423
52033
50437
52034
50408
50409
52035
50439
52036
50428
52037
50443
52038
50412
50413
52039
50416
52040
50420
52041
50431
52042
50431
52043
50417
50419
52044
50418
50445
52045
52046
50420
50461
52047
50447
52048
50423
50422
50424
52049
52050
50440
52051
50425
50454
52052
50444
52053
50427
52054
50428
50438
52055
50446
52056
50430
50442
52057
50431
50435
52058
52059
50434
50441
52060
50434
50445
52061
50455
52062
50436
50453
52063
50447
52064
50438
50441
52065
50448
52066
50440
50446
52067
50451
52068
50459
52069
50443
50452
52070
50444
52071
50457
52072
50456
52073
50449
52074
50460
52075
50449
50459
52076
50450
52077
50451
50465
52078
50454
52079
50453
50458
52080
50460
52081
50457
52082
50456
50463
52083
50461
52084
50458
52085
50465
52086
50463
52087
50462
52088
50462
52089
50464
52090
50464
52091
50465
52092
52093
50471
50467
50578
52094
50468
50622
52095
50469
50499
52096
50470
50498
52097
50471
51345
52098
50579
52099
50477
50473
50589
52100
50474
50527
52101
50475
50526
52102
50476
51110
52103
50477
50521
52104
50522
52105
50483
50479
50524
52106
50480
50523
52107
50481
52108
50482
50529
52109
50483
50527
52110
50590
52111
50489
50485
50519
52112
50486
50586
52113
50487
50522
52114
50488
50521
52115
50489
51114
52116
50520
52117
50495
50491
50524
52118
50492
50593
52119
50493
50577
52120
50494
50576
52121
50495
52122
50523
52123
50499
50497
50503
52124
50498
50502
52125
51339
52126
50598
52127
50503
50501
50505
52128
50502
50510
52129
51331
52130
50597
52131
50509
50505
50510
52132
50506
52133
50507
50511
52134
50508
50514
52135
50509
51191
52136
51816
52137
51319
52138
50512
50599
52139
50513
50515
52140
50514
50518
52141
51198
52142
50516
50601
52143
50517
50519
52144
50518
50520
52145
51202
52146
50587
52147
51206
52148
51105
52149
50594
52150
52151
50591
52152
50527
50526
50528
52153
51102
52154
52155
50529
51809
52156
52157
50535
50531
50543
52158
50532
50546
52159
50533
51407
52160
50534
52161
50535
50536
52162
50607
52163
50583
52164
50542
50538
50610
52165
50539
50582
52166
50540
50585
52167
50541
50711
52168
50542
50580
52169
50581
52170
50544
50619
52171
50545
50578
52172
50546
50579
52173
51398
52174
50552
50548
50604
52175
50549
50581
52176
50550
50580
52177
50551
50683
52178
50552
50553
52179
50556
52180
50554
50748
52181
50555
50558
52182
50556
50557
52183
50605
52184
50560
50616
52185
50559
50742
52186
50560
50566
52187
50565
52188
50565
50562
50567
52189
50563
52190
50564
50569
52191
50565
50568
52192
52193
50567
50733
52194
51821
52195
50571
50614
52196
50570
52197
50571
50574
52198
50573
52199
50575
50573
50577
52200
50613
52201
50575
52202
50576
52203
52204
50611
52205
50620
52206
51403
52207
50715
52208
50626
52209
50583
50608
52210
50584
52211
50585
52212
50704
52213
50588
50624
52214
50588
50602
52215
50630
52216
50590
50595
52217
50603
52218
50592
50603
52219
50593
50637
52220
50628
52221
50595
50624
52222
50638
52223
50598
50597
50646
52224
50599
52225
50623
52226
50600
52227
50601
50646
52228
50602
52229
50633
52230
50638
52231
50606
50627
52232
50606
50617
52233
50655
52234
50608
50618
52235
50609
52236
50610
50639
52237
50625
52238
50612
50628
52239
50613
50650
52240
50615
52241
50615
50616
52242
50656
52243
50617
52244
50656
52245
50619
50639
52246
50629
52247
50621
50629
52248
50622
50648
52249
50623
52250
50647
52251
50632
52252
50626
50643
52253
50627
52254
50659
52255
50651
52256
50642
52257
50631
50634
52258
50632
50672
52259
50635
52260
50634
50645
52261
50669
52262
50638
50636
52263
50637
50673
52264
50653
52265
52266
50640
52267
50641
50643
52268
50642
50662
52269
50660
52270
50658
52271
50647
50645
50665
52272
50646
52273
52274
50649
52275
50649
50660
52276
50664
52277
50652
50657
52278
50652
50653
52279
50670
52280
50675
52281
50657
50655
50671
52282
50661
52283
50657
52284
52285
50659
50667
52286
50661
52287
50663
52288
50668
52289
50663
50667
52290
50677
52291
50665
50677
52292
50669
52293
50668
50667
50678
52294
52295
50671
52296
50676
52297
50671
50674
52298
52299
50673
50676
52300
50675
52301
50675
50678
52302
52303
50679
52304
50679
52305
50679
52306
52307
50685
50681
50792
52308
50682
50749
52309
50683
50748
52310
50684
52311
50685
50715
52312
50714
52313
50691
50687
50695
52314
50688
50786
52315
50689
50724
52316
50690
52317
50691
50943
52318
50692
52319
50693
50939
52320
50694
50722
52321
50695
50721
52322
50818
52323
50697
50699
52324
50698
50705
52325
50704
52326
50701
52327
50701
50707
52328
50812
52329
50705
50703
50708
52330
50704
50711
52331
52332
50811
52333
50707
50713
52334
50814
52335
50709
50810
52336
50710
50714
52337
50711
50715
52338
52339
50713
50717
52340
50807
52341
50817
52342
52343
50717
50719
52344
50794
52345
50719
50725
52346
50789
52347
50723
50721
50761
52348
50820
52349
50723
50933
52350
50758
52351
50726
52352
50726
50787
52353
52354
50732
50728
50733
52355
50729
50735
52356
50730
50736
52357
50731
50739
52358
50732
52359
51807
52360
50734
52361
50735
50742
52362
50741
52363
50737
50796
52364
50738
50747
52365
50739
50746
52366
52367
50743
50741
50749
52368
50795
52369
50743
52370
50748
52371
50747
50745
50750
52372
50746
50753
52373
52374
50784
52375
52376
50791
52377
50751
50783
52378
50752
50754
52379
50753
50757
52380
52381
50755
50804
52382
50756
50762
52383
50757
50765
52384
52385
50759
50925
52386
50760
50768
52387
50761
50767
52388
50824
52389
50763
50803
52390
50764
50770
52391
50765
50773
52392
52393
50769
50767
50777
52394
50801
52395
50769
50915
52396
50774
52397
50771
50805
52398
50772
50779
52399
50773
50782
52400
52401
50775
50909
52402
50776
50780
52403
50777
50779
52404
50799
52405
50780
50779
50781
52406
52407
50904
52408
50782
51812
52409
52410
50785
50825
52411
50785
50797
52412
50844
52413
50787
50819
52414
50788
52415
50789
50854
52416
50793
52417
50792
50791
50846
52418
50798
52419
50822
52420
50794
50851
52421
50808
52422
50796
50798
52423
50797
52424
50845
52425
50845
52426
50800
50805
52427
50801
50840
52428
50826
52429
50804
50803
50829
52430
50806
52431
50825
52432
50806
52433
50840
52434
50808
50813
52435
50832
52436
50811
50810
50833
52437
50816
52438
50812
52439
50815
52440
50814
50831
52441
50815
52442
50833
52443
50817
50835
52444
50822
52445
50819
50821
52446
50854
52447
50821
50823
52448
50847
52449
50837
52450
50824
50848
52451
50826
52452
50827
52453
50839
52454
50828
50857
52455
50829
50864
52456
50841
52457
50832
50831
50860
52458
50853
52459
50852
52460
50834
52461
50835
50853
52462
50836
52463
50837
50874
52464
50850
52465
50841
50839
50862
52466
50858
52467
50841
52468
52469
50845
50843
50846
52470
50844
50872
52471
50857
52472
52473
50850
52474
50849
50855
52475
50849
50858
52476
50870
52477
50871
52478
50852
50856
52479
50866
52480
50859
52481
50855
52482
50856
52483
50867
52484
50865
52485
50861
52486
50860
50874
52487
50868
52488
50862
50869
52489
50864
52490
50865
50864
50876
52491
52492
50872
52493
50867
50868
52494
50870
52495
50875
52496
50870
50876
52497
52498
50872
50873
52499
52500
50874
50875
52501
52502
50876
52503
52504
50882
50878
51001
52505
50879
50941
52506
50880
50942
52507
50881
51391
52508
50882
50932
52509
50931
52510
50888
50884
50951
52511
50885
50953
52512
50886
50964
52513
50887
50965
52514
50888
51131
52515
51819
52516
50890
50942
52517
50891
50941
52518
50945
52519
50897
50893
50931
52520
50894
50932
52521
50895
51352
52522
50896
50982
52523
50897
50981
52524
51031
52525
50903
50899
50904
52526
50900
50906
52527
50901
50911
52528
50902
50914
52529
50903
52530
51820
52531
50905
52532
50906
50909
52533
50908
52534
50910
50908
50918
52535
51021
52536
50910
52537
50915
52538
50912
51022
52539
50913
50919
52540
50914
50922
52541
52542
50916
52543
50917
50925
52544
50918
50924
52545
51026
52546
50920
51024
52547
50921
50927
52548
50922
50930
52549
52550
50926
50924
50936
52551
51027
52552
50926
52553
50933
52554
50928
51006
52555
50929
50947
52556
50930
50950
52557
52558
51002
52559
51395
52560
50934
52561
50935
50939
52562
50936
50938
52563
51029
52564
50940
50938
50946
52565
51000
52566
50940
52567
50943
52568
50998
52569
51385
52570
50944
52571
50945
52572
50946
52573
50997
52574
50948
51005
52575
50949
50967
52576
50950
50966
52577
52578
50952
52579
50953
50962
52580
50961
52581
50959
50955
51010
52582
50956
50971
52583
50957
50970
52584
50958
51119
52585
50959
50965
52586
50964
52587
50963
50961
50967
52588
51008
52589
50963
52590
50966
52591
51007
52592
51124
52593
52594
51012
52595
50971
50969
50972
52596
50970
50975
52597
51160
52598
51038
52599
50973
51018
52600
50974
50976
52601
50975
50979
52602
51209
52603
50977
51017
52604
50978
50984
52605
50979
50987
52606
51212
52607
50983
50981
50991
52608
51015
52609
50983
51348
52610
50988
52611
50985
51020
52612
50986
50993
52613
50987
50996
52614
51093
52615
50989
51359
52616
50990
50994
52617
50991
50993
52618
51013
52619
50994
50993
50995
52620
52621
51365
52622
50996
51818
52623
51159
52624
50998
50999
52625
51035
52626
51000
51043
52627
51034
52628
51003
51035
52629
51003
51032
52630
51041
52631
51006
51005
51062
52632
51040
52633
51033
52634
51008
51009
52635
51011
52636
51010
51056
52637
51037
52638
51012
51056
52639
51040
52640
51014
51020
52641
51015
51049
52642
51036
52643
51018
51017
51063
52644
51019
52645
51039
52646
51020
51049
52647
52648
51022
51028
52649
51023
52650
51024
51055
52651
51033
52652
51027
51026
51052
52653
51028
52654
51030
52655
51055
52656
51030
51034
52657
51065
52658
51032
51036
52659
51047
52660
51064
52661
51044
52662
51043
52663
51048
52664
51038
51059
52665
51039
52666
51069
52667
51061
52668
51042
51046
52669
51043
51045
52670
52671
51045
51066
52672
51073
52673
51047
51074
52674
51072
52675
51051
51072
52676
51050
52677
51051
51063
52678
51084
52679
51053
51067
52680
51054
51077
52681
51055
51064
52682
52683
51057
52684
51058
51061
52685
51059
51079
52686
51071
52687
51062
51061
51086
52688
52689
51068
52690
51070
52691
51068
52692
51066
51067
52693
51075
52694
51076
52695
51082
52696
51070
51071
52697
51081
52698
51078
52699
51083
52700
51074
51075
52701
51088
52702
51087
52703
51077
51087
52704
51082
52705
51079
51080
52706
51086
52707
51081
51089
52708
51084
52709
51085
52710
51084
51088
52711
52712
51086
51090
52713
52714
51090
52715
51089
52716
51090
52717
52718
51096
51092
51211
52719
51093
51212
52720
51094
52721
51095
51159
52722
51096
51158
52723
51249
52724
51102
51098
51822
52725
51099
51154
52726
51100
51151
52727
51101
51109
52728
51102
51110
52729
52730
51108
51104
51111
52731
51105
51114
52732
51106
52733
51107
51110
52734
51108
51109
52735
51226
52736
51216
52737
52738
51112
51227
52739
51113
51205
52740
51114
51206
52741
52742
51120
51116
51163
52743
51117
51223
52744
51118
51121
52745
51119
51124
52746
51120
52747
51160
52748
51122
51222
52749
51123
51126
52750
51124
51131
52751
52752
51130
51126
51131
52753
51127
52754
51128
51132
52755
51129
51135
52756
51130
52757
51811
52758
52759
51133
51221
52760
51134
51139
52761
51135
51138
52762
52763
51139
51137
51140
52764
51138
51143
52765
52766
51220
52767
51141
51246
52768
51142
51156
52769
51143
51155
52770
52771
51149
51145
51156
52772
51146
51217
52773
51147
51150
52774
51148
51153
52775
51149
52776
51155
52777
51151
51215
52778
51152
52779
51153
51154
52780
52781
52782
52783
51242
52784
51159
51158
51213
52785
51166
52786
52787
51161
52788
51162
51209
52789
51163
51208
52790
51244
52791
51169
51165
51170
52792
51166
51240
52793
51167
52794
51168
51214
52795
51169
51368
52796
51171
52797
51173
51241
52798
51172
51362
52799
51173
51175
52800
51174
52801
51177
51255
52802
51176
51313
52803
51177
51179
52804
51178
52805
51181
51238
52806
51180
51340
52807
51181
51183
52808
51182
52809
51185
51236
52810
51184
51332
52811
51185
51187
52812
51186
52813
51189
51234
52814
51188
51326
52815
51189
51195
52816
51194
52817
51194
51191
51196
52818
51192
52819
51193
51198
52820
51194
51197
52821
52822
51196
51321
52823
51823
52824
51200
51232
52825
51199
52826
51200
51202
52827
51201
52828
51204
51231
52829
51203
52830
51204
51206
52831
51205
52832
51229
52833
52834
51210
51208
51211
52835
51252
52836
51210
52837
51212
52838
51251
52839
52840
51214
51814
52841
51372
52842
51216
51218
52843
51225
52844
51218
51243
52845
51264
52846
51221
51220
51262
52847
51248
52848
51222
52849
51224
52850
51224
51245
52851
51262
52852
51226
51264
52853
51228
52854
51228
51257
52855
51270
52856
51230
51257
52857
51231
51274
52858
51233
52859
51233
51234
52860
51278
52861
51235
52862
51236
51278
52863
51237
52864
51238
51279
52865
51254
52866
51241
51240
51268
52867
51249
52868
51256
52869
51243
51247
52870
51265
52871
51245
51253
52872
51259
52873
51247
51248
52874
51282
52875
51271
52876
51250
52877
51251
51268
52878
51258
52879
51253
51258
52880
51286
52881
51255
51272
52882
51256
52883
51266
52884
51275
52885
51289
52886
51260
51287
52887
51261
51296
52888
51262
51271
52889
52890
51265
51264
51269
52891
52892
51283
52893
51267
51273
52894
51268
51288
52895
52896
51270
51291
52897
51284
52898
51285
52899
51273
51280
52900
51298
52901
51276
51277
52902
51276
51284
52903
51294
52904
51278
51281
52905
52906
51280
51281
52907
51303
52908
51295
52909
51283
51285
52910
51306
52911
51292
52912
51304
52913
51287
51290
52914
51297
52915
51289
51299
52916
51290
52917
51301
52918
51292
51306
52919
51293
52920
51294
51307
52921
51295
52922
51303
52923
51297
51304
52924
51300
52925
51299
51302
52926
51301
52927
51301
51308
52928
52929
51303
51307
52930
52931
51305
52932
51306
51308
52933
52934
51308
52935
52936
51314
51310
51361
52937
51311
51440
52938
51312
51341
52939
51313
51340
52940
51314
52941
51362
52942
51320
51316
51321
52943
51317
51323
52944
51318
51328
52945
51319
51331
52946
51320
52947
51817
52948
51322
52949
51323
51326
52950
51325
52951
51327
51325
51335
52952
51433
52953
51327
52954
51332
52955
51329
51434
52956
51330
51336
52957
51331
51339
52958
52959
51333
52960
51334
51340
52961
51335
51341
52962
51412
52963
51337
51436
52964
51338
51342
52965
51339
51345
52966
52967
52968
51413
52969
51343
51430
52970
51344
51402
52971
51345
51403
52972
52973
51351
51347
51356
52974
51348
51359
52975
51349
52976
51350
51352
52977
51351
51355
52978
51417
52979
51353
52980
51354
51395
52981
51355
51394
52982
51443
52983
51357
51416
52984
51358
51366
52985
51359
51365
52986
52987
51363
51361
51367
52988
51419
52989
51363
52990
51368
52991
51366
51365
51371
52992
52993
51370
52994
51370
51420
52995
51369
52996
51370
51372
52997
52998
51372
51815
52999
53000
51374
51409
53001
51375
51426
53002
51408
53003
51377
51379
53004
51378
51382
53005
51385
53006
51381
53007
51381
51387
53008
51444
53009
51383
51445
53010
51384
51388
53011
51385
51391
53012
53013
51387
51392
53014
51421
53015
51389
51447
53016
51390
51394
53017
51391
51395
53018
53019
51393
51422
53020
51408
53021
51448
53022
53023
51401
51397
51404
53024
51398
51407
53025
51399
53026
51400
51403
53027
51401
51402
53028
51429
53029
51432
53030
53031
51405
51427
53032
51406
51411
53033
51407
53034
53035
51452
53036
51410
51424
53037
51411
53038
53039
51414
51438
53040
51414
51439
53041
51459
53042
51417
51416
51461
53043
51420
53044
51442
53045
51420
51419
51461
53046
51441
53047
53048
51423
51450
53049
51423
51453
53050
51464
53051
51425
51427
53052
51426
51477
53053
51455
53054
51428
53055
51429
51477
53056
51451
53057
51431
51437
53058
51432
51468
53059
51451
53060
51434
51438
53061
51435
53062
51436
51458
53063
51437
53064
51469
53065
51458
53066
51440
51467
53067
51441
53068
51460
53069
51443
51482
53070
51454
53071
51445
51450
53072
51446
53073
51447
51484
53074
51449
53075
51449
51454
53076
51471
53077
51484
53078
51479
53079
51453
51455
53080
51465
53081
51473
53082
51476
53083
51459
51457
51489
53084
51458
51469
53085
53086
51480
53087
51462
51466
53088
51462
53089
51481
53090
51465
51464
51491
53091
51485
53092
51487
53093
51467
51496
53094
51480
53095
51470
51478
53096
51470
53097
51492
53098
51472
51486
53099
51473
51500
53100
51483
53101
51477
51475
51479
53102
51476
51494
53103
51487
53104
53105
51479
51503
53106
53107
51488
53108
51482
51497
53109
51483
53110
51499
53111
51486
53112
51486
51490
53113
53114
51493
53115
51489
51501
53116
51492
53117
51491
51500
53118
51495
53119
51502
53120
51494
51495
53121
51503
53122
51505
53123
51497
51501
53124
51499
53125
51500
51499
51504
53126
53127
53128
51504
53129
51503
51505
53130
53131
51505
53132
53133
51507
51538
53134
51509
53135
51510
51544
53136
51510
53137
51577
53138
51512
51513
53139
51516
53140
51515
53141
51515
51519
53142
51586
53143
51517
51587
53144
51520
53145
51519
51523
53146
51593
53147
51521
51589
53148
51524
53149
51523
51534
53150
51597
53151
51525
51591
53152
51543
53153
51528
51527
51570
53154
51541
53155
51530
53156
51530
51550
53157
51594
53158
51532
51536
53159
51533
51566
53160
51534
53161
51598
53162
51536
51539
53163
51567
53164
51538
51548
53165
51575
53166
51540
53167
51541
53168
51569
53169
51543
51548
53170
51604
53171
51545
51579
53172
51546
53173
51547
51564
53174
51551
53175
51576
53176
51550
51554
53177
51573
53178
51552
51563
53179
51556
53180
51554
51557
53181
51571
53182
51556
51559
53183
51581
53184
51558
51584
53185
51561
53186
51560
51580
53187
51561
53188
53189
51564
51563
51620
53190
51583
53191
51602
53192
51567
51566
51606
53193
51601
53194
51569
53195
51570
51569
51606
53196
53197
51596
53198
51572
51585
53199
51573
51623
53200
51595
53201
51576
51575
51617
53202
51577
53203
51603
53204
51578
53205
51579
51617
53206
51602
53207
51582
51584
53208
51582
51583
53209
51624
53210
51626
53211
51585
53212
51624
53213
51587
51592
53214
51588
53215
51589
51630
53216
51590
53217
51591
51631
53218
51605
53219
51593
51630
53220
51600
53221
51595
51596
53222
51611
53223
51610
53224
51599
51600
53225
51599
51601
53226
51613
53227
51627
53228
51608
53229
51616
53230
51604
51618
53231
51605
53232
51636
53233
51607
53234
51608
51633
53235
51612
53236
51611
51610
51638
53237
51633
53238
51632
53239
51613
51642
53240
51634
53241
51617
51615
51618
53242
51616
51649
53243
51619
53244
53245
51637
53246
51620
51648
53247
51625
53248
51624
51622
51626
53249
51623
51641
53250
51632
53251
53252
51626
51651
53253
53254
51628
51634
53255
51629
51647
53256
51630
51631
53257
53258
51635
53259
51640
53260
51639
53261
51644
53262
51636
51646
53263
51637
53264
51652
53265
51639
51645
53266
51642
53267
51641
51645
53268
51651
53269
51643
53270
51644
51655
53271
51647
53272
51654
53273
51647
51653
53274
53275
51649
51650
53276
51652
53277
51651
51654
53278
53279
51653
53280
51655
53281
51655
53282
53283
51657
51660
53284
51688
53285
51659
51695
53286
51660
51727
53287
53288
51662
51666
53289
51663
53290
51665
53291
51665
51668
53292
51736
53293
51667
51737
53294
51670
53295
51669
51743
53296
51673
53297
51671
51739
53298
51675
53299
51673
51684
53300
51747
53301
51675
51693
53302
51741
53303
51678
51677
51719
53304
51679
53305
51691
53306
51680
51744
53307
51700
53308
51683
51685
53309
51683
51684
53310
51717
53311
51749
53312
51686
51716
53313
51689
53314
51688
51698
53315
51726
53316
51690
53317
51691
53318
51720
53319
51693
51698
53320
51754
53321
51695
51696
53322
51728
53323
51697
51713
53324
51701
53325
51725
53326
51700
51704
53327
51722
53328
51702
51714
53329
51706
53330
51704
51707
53331
51721
53332
51706
51710
53333
51732
53334
51708
51734
53335
51711
53336
51710
51711
53337
51730
53338
53339
51714
51713
51769
53340
51752
53341
51733
53342
51717
51716
51758
53343
51720
53344
51751
53345
51720
51719
51758
53346
51746
53347
53348
51723
51735
53349
51723
51745
53350
51773
53351
51726
51725
51765
53352
51753
53353
51727
53354
51729
53355
51729
51752
53356
51765
53357
51731
51734
53358
51732
51772
53359
51733
53360
51775
53361
51735
53362
51772
53363
51737
51742
53364
51738
53365
51739
51777
53366
51740
53367
51741
51781
53368
51755
53369
51743
51777
53370
51750
53371
51745
51746
53372
51760
53373
51761
53374
51748
51750
53375
51749
51763
53376
51751
53377
51780
53378
51756
53379
51766
53380
51754
51768
53381
51755
53382
51785
53383
51757
51762
53384
51758
51783
53385
53386
51761
51760
51788
53387
51782
53388
51783
53389
51763
51792
53390
51784
53391
51767
51765
51768
53392
53393
51767
51770
53394
51799
53395
51787
53396
51770
51776
53397
51798
53398
51774
51772
51775
53399
53400
51774
51782
53401
51791
53402
51776
53403
51800
53404
51778
53405
51779
51781
53406
51780
51797
53407
51784
53408
51786
53409
51790
53410
51789
53411
51793
53412
51786
51787
53413
51796
53414
51802
53415
51789
51795
53416
51792
53417
51791
51795
53418
51800
53419
51794
53420
51794
51797
53421
51805
53422
51804
53423
51797
51803
53424
53425
51799
51801
53426
51802
53427
51801
53428
51804
53429
51803
53430
51805
53431
51805
53432
53433
51807
51821
53434
51821
53435
51809
51822
53436
51822
53437
51811
51819
53438
51819
53439
51813
51820
53440
51820
53441
51815
51818
53442
51818
53443
51817
51823
53444
51823
53445
53446
53447
53448
53449
53450
53451
51827
53134
51826
52354
51827
51847
51846
51829
53285
51830
51863
51831
51862
53007
51837
51833
51838
51834
51841
51835
52334
51836
51864
51837
51867
53149
51839
53153
51840
51845
51841
51844
52340
51845
51843
51846
51844
51847
52344
53170
53165
52346
51853
51849
51857
51850
53299
51851
51868
51852
51871
51853
53003
51854
51855
53021
51856
51860
51857
51859
53302
51861
51859
51863
53320
51861
53014
51862
53008
53315
51865
52328
51866
51872
51867
51873
53145
51869
53295
51870
51874
51871
51875
53001
52327
53140
53289
53038
51881
51877
51932
51878
51931
51879
52197
51880
51922
51881
51921
52007
51886
51883
51996
51884
51993
51885
51999
51886
51998
52782
51892
51888
51999
51889
52004
51890
51893
51891
51896
51892
52776
51998
51894
52003
51895
51982
51896
51983
52783
51902
51898
51978
51899
51979
51900
52594
51901
51981
51902
51980
52021
51908
51904
51919
51905
52001
51906
51910
51907
51915
51908
52763
51916
51913
51910
51914
51911
51912
51980
51913
51981
52579
51915
53438
52757
51917
52766
51918
51983
51919
51982
52002
51922
51921
51976
51924
52190
51928
51924
52006
51925
51926
51977
51927
52367
51928
51975
51974
51932
51930
51933
51931
51936
52202
52017
51934
52016
51935
51984
51936
51987
52204
51942
51938
51943
51939
51946
51940
52550
51941
51972
51942
51971
52014
51944
52013
51945
51948
51946
51953
52542
51952
51948
51953
51949
51950
51957
51951
51956
51952
52410
53441
52530
51957
51955
51958
51956
51961
52401
52012
51959
52011
51960
51962
51961
51965
52393
51963
52035
51964
51969
51965
51968
52385
51969
51967
51974
51968
51975
52381
52032
51973
51971
51978
52028
51973
52558
51979
52008
52374
51977
53434
52359
52029
52578
52022
52590
52039
52771
51985
52027
51986
51991
51987
51990
52122
51991
51989
51992
51990
51995
52151
52026
51993
52023
51994
51995
51997
52108
51997
53436
52157
52781
52024
52002
52001
52046
52022
52040
52005
52041
52005
52042
52064
52007
52009
52019
52009
52033
52050
52012
52011
52054
52037
52013
52015
52015
52034
52054
52018
52038
52018
52019
52053
52050
52022
52021
52046
52031
52024
52043
52042
52027
52026
52057
52043
52038
52030
52034
52030
52031
52060
52061
52033
52036
52051
52065
52036
52037
52067
52056
52071
52040
52041
52044
52048
52059
52059
52045
52047
52046
52073
52048
52089
52075
52051
52050
52052
52068
52053
52082
52072
52055
52056
52066
52074
52058
52070
52059
52063
52062
52069
52062
52073
52083
52064
52081
52075
52066
52069
52076
52068
52074
52079
52087
52071
52080
52072
52085
52084
52077
52088
52077
52087
52078
52079
52093
52082
52081
52086
52088
52085
52084
52091
52089
52086
52093
52091
52090
52090
52092
52092
52093
52099
52095
52206
52096
52250
52097
52127
52098
52126
52099
52973
52207
52105
52101
52217
52102
52155
52103
52154
52104
52738
52105
52149
52150
52111
52107
52152
52108
52151
52109
52110
52157
52111
52155
52218
52117
52113
52147
52114
52214
52115
52150
52116
52149
52117
52742
52148
52123
52119
52152
52120
52221
52121
52205
52122
52204
52123
52151
52127
52125
52131
52126
52130
52967
52226
52131
52129
52133
52130
52138
52959
52225
52137
52133
52138
52134
52135
52139
52136
52142
52137
52819
53444
52947
52140
52227
52141
52143
52142
52146
52826
52144
52229
52145
52147
52146
52148
52830
52215
52834
52733
52222
52219
52155
52154
52156
52730
52157
53437
52163
52159
52171
52160
52174
52161
53035
52162
52163
52164
52235
52211
52170
52166
52238
52167
52210
52168
52213
52169
52339
52170
52208
52209
52172
52247
52173
52206
52174
52207
53026
52180
52176
52232
52177
52209
52178
52208
52179
52311
52180
52181
52184
52182
52376
52183
52186
52184
52185
52233
52188
52244
52187
52370
52188
52194
52193
52193
52190
52195
52191
52192
52197
52193
52196
52195
52361
53449
52199
52242
52198
52199
52202
52201
52203
52201
52205
52241
52203
52204
52239
52248
53031
52343
52254
52211
52236
52212
52213
52332
52216
52252
52216
52230
52258
52218
52223
52231
52220
52231
52221
52265
52256
52223
52252
52266
52226
52225
52274
52227
52251
52228
52229
52274
52230
52261
52266
52234
52255
52234
52245
52283
52236
52246
52237
52238
52267
52253
52240
52256
52241
52278
52243
52243
52244
52284
52245
52284
52247
52267
52257
52249
52257
52250
52276
52251
52275
52260
52254
52271
52255
52287
52279
52270
52259
52262
52260
52300
52263
52262
52273
52297
52266
52264
52265
52301
52281
52268
52269
52271
52270
52290
52288
52286
52275
52273
52293
52274
52277
52277
52288
52292
52280
52285
52280
52281
52298
52303
52285
52283
52299
52289
52285
52287
52295
52289
52291
52296
52291
52295
52305
52293
52305
52297
52296
52295
52306
52299
52304
52299
52302
52301
52304
52303
52303
52306
52307
52307
52307
52313
52309
52420
52310
52377
52311
52376
52312
52313
52343
52342
52319
52315
52323
52316
52414
52317
52352
52318
52319
52571
52320
52321
52567
52322
52350
52323
52349
52446
52325
52327
52326
52333
52332
52329
52329
52335
52440
52333
52331
52336
52332
52339
52439
52335
52341
52442
52337
52438
52338
52342
52339
52343
52341
52345
52435
52445
52345
52347
52422
52347
52353
52417
52351
52349
52389
52448
52351
52561
52386
52354
52354
52415
52360
52356
52361
52357
52363
52358
52364
52359
52367
52360
53435
52362
52363
52370
52369
52365
52424
52366
52375
52367
52374
52371
52369
52377
52423
52371
52376
52375
52373
52378
52374
52381
52412
52419
52379
52411
52380
52382
52381
52385
52383
52432
52384
52390
52385
52393
52387
52553
52388
52396
52389
52395
52452
52391
52431
52392
52398
52393
52401
52397
52395
52405
52429
52397
52543
52402
52399
52433
52400
52407
52401
52410
52403
52537
52404
52408
52405
52407
52427
52408
52407
52409
52532
52410
53440
52413
52453
52413
52425
52472
52415
52447
52416
52417
52482
52421
52420
52419
52474
52426
52450
52422
52479
52436
52424
52426
52425
52473
52473
52428
52433
52429
52468
52454
52432
52431
52457
52434
52453
52434
52468
52436
52441
52460
52439
52438
52461
52444
52440
52443
52442
52459
52443
52461
52445
52463
52450
52447
52449
52482
52449
52451
52475
52465
52452
52476
52454
52455
52467
52456
52485
52457
52492
52469
52460
52459
52488
52481
52480
52462
52463
52481
52464
52465
52502
52478
52469
52467
52490
52486
52469
52473
52471
52474
52472
52500
52485
52478
52477
52483
52477
52486
52498
52499
52480
52484
52494
52487
52483
52484
52495
52493
52489
52488
52502
52496
52490
52497
52492
52493
52492
52504
52500
52495
52496
52498
52503
52498
52504
52500
52501
52502
52503
52504
52510
52506
52629
52507
52569
52508
52570
52509
53019
52510
52560
52559
52516
52512
52579
52513
52581
52514
52592
52515
52593
52516
52759
53447
52518
52570
52519
52569
52573
52525
52521
52559
52522
52560
52523
52980
52524
52610
52525
52609
52659
52531
52527
52532
52528
52534
52529
52539
52530
52542
52531
53448
52533
52534
52537
52536
52538
52536
52546
52649
52538
52543
52540
52650
52541
52547
52542
52550
52544
52545
52553
52546
52552
52654
52548
52652
52549
52555
52550
52558
52554
52552
52564
52655
52554
52561
52556
52634
52557
52575
52558
52578
52630
53023
52562
52563
52567
52564
52566
52657
52568
52566
52574
52628
52568
52571
52626
53013
52572
52573
52574
52625
52576
52633
52577
52595
52578
52594
52580
52581
52590
52589
52587
52583
52638
52584
52599
52585
52598
52586
52747
52587
52593
52592
52591
52589
52595
52636
52591
52594
52635
52752
52640
52599
52597
52600
52598
52603
52788
52666
52601
52646
52602
52604
52603
52607
52837
52605
52645
52606
52612
52607
52615
52840
52611
52609
52619
52643
52611
52976
52616
52613
52648
52614
52621
52615
52624
52721
52617
52987
52618
52622
52619
52621
52641
52622
52621
52623
52993
52624
53446
52787
52626
52627
52663
52628
52671
52662
52631
52663
52631
52660
52669
52634
52633
52690
52668
52661
52636
52637
52639
52638
52684
52665
52640
52684
52668
52642
52648
52643
52677
52664
52646
52645
52691
52647
52667
52648
52677
52650
52656
52651
52652
52683
52661
52655
52654
52680
52656
52658
52683
52658
52662
52693
52660
52664
52675
52692
52672
52671
52676
52666
52687
52667
52697
52689
52670
52674
52671
52673
52673
52694
52701
52675
52702
52700
52679
52700
52678
52679
52691
52712
52681
52695
52682
52705
52683
52692
52685
52686
52689
52687
52707
52699
52690
52689
52714
52696
52698
52696
52694
52695
52703
52704
52710
52698
52699
52709
52706
52711
52702
52703
52716
52715
52705
52715
52710
52707
52708
52714
52709
52717
52712
52713
52712
52716
52714
52718
52718
52717
52718
52724
52720
52839
52721
52840
52722
52723
52787
52724
52786
52877
52730
52726
53450
52727
52782
52728
52779
52729
52737
52730
52738
52736
52732
52739
52733
52742
52734
52735
52738
52736
52737
52854
52844
52740
52855
52741
52833
52742
52834
52748
52744
52791
52745
52851
52746
52749
52747
52752
52748
52788
52750
52850
52751
52754
52752
52759
52758
52754
52759
52755
52756
52760
52757
52763
52758
53439
52761
52849
52762
52767
52763
52766
52767
52765
52768
52766
52771
52848
52769
52874
52770
52784
52771
52783
52777
52773
52784
52774
52845
52775
52778
52776
52781
52777
52783
52779
52843
52780
52781
52782
52870
52787
52786
52841
52794
52789
52790
52837
52791
52836
52872
52797
52793
52798
52794
52868
52795
52796
52842
52797
52996
52799
52801
52869
52800
52990
52801
52803
52802
52805
52883
52804
52941
52805
52807
52806
52809
52866
52808
52968
52809
52811
52810
52813
52864
52812
52960
52813
52815
52814
52817
52862
52816
52954
52817
52823
52822
52822
52819
52824
52820
52821
52826
52822
52825
52824
52949
53451
52828
52860
52827
52828
52830
52829
52832
52859
52831
52832
52834
52833
52857
52838
52836
52839
52880
52838
52840
52879
52842
53442
53000
52844
52846
52853
52846
52871
52892
52849
52848
52890
52876
52850
52852
52852
52873
52890
52854
52892
52856
52856
52885
52898
52858
52885
52859
52902
52861
52861
52862
52906
52863
52864
52906
52865
52866
52907
52882
52869
52868
52896
52877
52884
52871
52875
52893
52873
52881
52887
52875
52876
52910
52899
52878
52879
52896
52886
52881
52886
52914
52883
52900
52884
52894
52903
52917
52888
52915
52889
52924
52890
52899
52893
52892
52897
52911
52895
52901
52896
52916
52898
52919
52912
52913
52901
52908
52926
52904
52905
52904
52912
52922
52906
52909
52908
52909
52931
52923
52911
52913
52934
52920
52932
52915
52918
52925
52917
52927
52918
52929
52920
52934
52921
52922
52935
52923
52931
52925
52932
52928
52927
52930
52929
52929
52936
52931
52935
52933
52934
52936
52936
52942
52938
52989
52939
53068
52940
52969
52941
52968
52942
52990
52948
52944
52949
52945
52951
52946
52956
52947
52959
52948
53445
52950
52951
52954
52953
52955
52953
52963
53061
52955
52960
52957
53062
52958
52964
52959
52967
52961
52962
52968
52963
52969
53040
52965
53064
52966
52970
52967
52973
53041
52971
53058
52972
53030
52973
53031
52979
52975
52984
52976
52987
52977
52978
52980
52979
52983
53045
52981
52982
53023
52983
53022
53071
52985
53044
52986
52994
52987
52993
52991
52989
52995
53047
52991
52996
52994
52993
52999
52998
52998
53048
52997
52998
53000
53000
53443
53002
53037
53003
53054
53036
53005
53007
53006
53010
53013
53009
53009
53015
53072
53011
53073
53012
53016
53013
53019
53015
53020
53049
53017
53075
53018
53022
53019
53023
53021
53050
53036
53076
53029
53025
53032
53026
53035
53027
53028
53031
53029
53030
53057
53060
53033
53055
53034
53039
53035
53080
53038
53052
53039
53042
53066
53042
53067
53087
53045
53044
53089
53048
53070
53048
53047
53089
53069
53051
53078
53051
53081
53092
53053
53055
53054
53105
53083
53056
53057
53105
53079
53059
53065
53060
53096
53079
53062
53066
53063
53064
53086
53065
53097
53086
53068
53095
53069
53088
53071
53110
53082
53073
53078
53074
53075
53112
53077
53077
53082
53099
53112
53107
53081
53083
53093
53101
53104
53087
53085
53117
53086
53097
53108
53090
53094
53090
53109
53093
53092
53119
53113
53115
53095
53124
53108
53098
53106
53098
53120
53100
53114
53101
53128
53111
53105
53103
53107
53104
53122
53115
53107
53131
53116
53110
53125
53111
53127
53114
53114
53118
53121
53117
53129
53120
53119
53128
53123
53130
53122
53123
53131
53133
53125
53129
53127
53128
53127
53132
53132
53131
53133
53133
53135
53166
53137
53138
53172
53138
53205
53140
53141
53144
53143
53143
53147
53214
53145
53215
53148
53147
53151
53221
53149
53217
53152
53151
53162
53225
53153
53219
53171
53156
53155
53198
53169
53158
53158
53178
53222
53160
53164
53161
53194
53162
53226
53164
53167
53195
53166
53176
53203
53168
53169
53197
53171
53176
53232
53173
53207
53174
53175
53192
53179
53204
53178
53182
53201
53180
53191
53184
53182
53185
53199
53184
53187
53209
53186
53212
53189
53188
53208
53189
53192
53191
53248
53211
53230
53195
53194
53234
53229
53197
53198
53197
53234
53224
53200
53213
53201
53251
53223
53204
53203
53245
53205
53231
53206
53207
53245
53230
53210
53212
53210
53211
53252
53254
53213
53252
53215
53220
53216
53217
53258
53218
53219
53259
53233
53221
53258
53228
53223
53224
53239
53238
53227
53228
53227
53229
53241
53255
53236
53244
53232
53246
53233
53264
53235
53236
53261
53240
53239
53238
53266
53261
53260
53241
53270
53262
53245
53243
53246
53244
53277
53247
53265
53248
53276
53253
53252
53250
53254
53251
53269
53260
53254
53279
53256
53262
53257
53275
53258
53259
53263
53268
53267
53272
53264
53274
53265
53280
53267
53273
53270
53269
53273
53279
53271
53272
53283
53275
53282
53275
53281
53277
53278
53280
53279
53282
53281
53283
53283
53285
53288
53316
53287
53323
53288
53355
53290
53294
53291
53293
53293
53296
53364
53295
53365
53298
53297
53371
53301
53299
53367
53303
53301
53312
53375
53303
53321
53369
53306
53305
53347
53307
53319
53308
53372
53328
53311
53313
53311
53312
53345
53377
53314
53344
53317
53316
53326
53354
53318
53319
53348
53321
53326
53382
53323
53324
53356
53325
53341
53329
53353
53328
53332
53350
53330
53342
53334
53332
53335
53349
53334
53338
53360
53336
53362
53339
53338
53339
53358
53342
53341
53397
53380
53361
53345
53344
53386
53348
53379
53348
53347
53386
53374
53351
53363
53351
53373
53401
53354
53353
53393
53381
53355
53357
53357
53380
53393
53359
53362
53360
53400
53361
53403
53363
53400
53365
53370
53366
53367
53405
53368
53369
53409
53383
53371
53405
53378
53373
53374
53388
53389
53376
53378
53377
53391
53379
53408
53384
53394
53382
53396
53383
53413
53385
53390
53386
53411
53389
53388
53416
53410
53411
53391
53420
53412
53395
53393
53396
53395
53398
53427
53415
53398
53404
53426
53402
53400
53403
53402
53410
53419
53404
53428
53406
53407
53409
53408
53425
53412
53414
53418
53417
53421
53414
53415
53424
53430
53417
53423
53420
53419
53423
53428
53422
53422
53425
53433
53432
53425
53431
53427
53429
53430
53429
53432
53431
53433
53433
53435
53449
53449
53437
53450
53450
53439
53447
53447
53441
53448
53448
53443
53446
53446
53445
53451
53451
-1
-1
-1
-1
-1
-1
-1
-1
-1
-1
-1
-1
-1
-1
-1
-1
-1
-1
-1
-1
-1
-1
-1
-1
-1
-1
-1
-1
-1
-1
-1
-1
-1
-1
-1
-1
-1
-1
-1
-1
-1
-1
-1
-1
-1
-1
-1
-1
-1
-1
-1
-1
-1
-1
-1
-1
-1
-1
-1
-1
-1
-1
-1
-1
-1
-1
-1
-1
-1
-1
-1
-1
-1
-1
-1
-1
-1
-1
-1
-1
-1
-1
-1
-1
-1
-1
-1
-1
-1
-1
-1
-1
-1
-1
-1
-1
-1
-1
-1
-1
-1
-1
-1
-1
-1
-1
-1
-1
-1
-1
-1
-1
-1
-1
-1
-1
-1
-1
-1
-1
-1
-1
-1
-1
-1
-1
-1
-1
-1
-1
-1
-1
-1
-1
-1
-1
-1
-1
-1
-1
-1
-1
-1
-1
-1
-1
-1
-1
-1
-1
-1
-1
-1
-1
-1
-1
-1
-1
-1
-1
-1
-1
-1
-1
-1
-1
-1
-1
-1
-1
-1
-1
-1
-1
-1
-1
-1
-1
-1
-1
-1
-1
-1
-1
-1
-1
-1
-1
-1
-1
-1
-1
-1
-1
-1
-1
-1
-1
-1
-1
-1
-1
-1
-1
-1
-1
-1
-1
-1
-1
-1
-1
-1
-1
-1
-1
-1
-1
-1
-1
-1
-1
-1
-1
-1
-1
-1
-1
-1
-1
-1
-1
-1
-1
-1
-1
-1
-1
-1
-1
-1
-1
-1
-1
-1
-1
-1
-1
-1
-1
-1
-1
-1
-1
-1
-1
-1
-1
-1
-1
-1
-1
-1
-1
-1
-1
-1
-1
-1
-1
-1
-1
-1
-1
-1
-1
-1
-1
-1
-1
-1
-1
-1
-1
-1
-1
-1
-1
-1
-1
-1
-1
-1
-1
-1
-1
-1
-1
-1
-1
-1
-1
-1
-1
-1
-1
-1
-1
-1
-1
-1
-1
-1
-1
-1
-1
-1
-1
-1
-1
-1
-1
-1
-1
-1
-1
-1
-1
-1
-1
-1
-1
-1
-1
-1
-1
-1
-1
-1
-1
-1
-1
-1
-1
-1
-1
-1
-1
-1
-1
-1
-1
-1
-1
-1
-1
-1
-1
-1
-1
-1
-1
-1
-1
-1
-1
-1
-1
-1
-1
-1
-1
-1
-1
-1
-1
-1
-1
-1
-1
-1
-1
-1
-1
-1
-1
-1
-1
-1
-1
-1
-1
-1
-1
-1
-1
-1
-1
-1
-1
-1
-1
-1
-1
-1
-1
-1
-1
-1
-1
-1
-1
-1
-1
-1
-1
-1
-1
-1
-1
-1
-1
-1
-1
-1
-1
-1
-1
-1
-1
-1
-1
-1
-1
-1
-1
-1
-1
-1
-1
-1
-1
-1
-1
-1
-1
-1
-1
-1
-1
-1
-1
-1
-1
-1
-1
-1
-1
-1
-1
-1
-1
-1
-1
-1
-1
-1
-1
-1
-1
-1
-1
-1
-1
-1
-1
-1
-1
-1
-1
-1
-1
-1
-1
-1
-1
-1
-1
-1
-1
-1
-1
-1
-1
-1
-1
-1
-1
-1
-1
-1
-1
-1
-1
-1
-1
-1
-1
-1
-1
-1
-1
-1
-1
-1
-1
-1
-1
-1
-1
-1
-1
-1
-1
-1
-1
-1
-1
-1
-1
-1
-1
-1
-1
-1
-1
-1
-1
-1
-1
-1
-1
-1
-1
-1
-1
-1
-1
-1
-1
-1
-1
-1
-1
-1
-1
-1
-1
-1
-1
-1
-1
-1
-1
-1
-1
-1
-1
-1
-1
-1
-1
-1
-1
-1
-1
-1
-1
-1
-1
-1
-1
-1
-1
-1
-1
-1
-1
-1
-1
-1
-1
-1
-1
-1
-1
-1
-1
-1
-1
-1
-1
-1
-1
-1
-1
-1
-1
-1
-1
-1
-1
-1
-1
-1
-1
-1
-1
-1
-1
-1
-1
-1
-1
-1
-1
-1
-1
-1
-1
-1
-1
-1
-1
-1
-1
-1
-1
-1
-1
-1
-1
-1
-1
-1
-1
-1
-1
-1
-1
-1
-1
-1
-1
-1
-1
-1
-1
-1
-1
-1
-1
-1
-1
-1
-1
-1
-1
-1
-1
-1
-1
-1
-1
-1
-1
-1
-1
-1
-1
-1
-1
-1
-1
-1
-1
-1
-1
-1
-1
-1
-1
-1
-1
-1
-1
-1
-1
-1
-1
-1
-1
-1
-1
-1
-1
-1
-1
-1
-1
-1
-1
-1
-1
-1
-1
-1
-1
-1
-1
-1
-1
-1
-1
-1
-1
-1
-1
-1
-1
-1
-1
-1
-1
-1
-1
-1
-1
-1
-1
-1
-1
-1
-1
-1
-1
-1
-1
-1
-1
-1
-1
-1
-1
-1
-1
-1
-1
-1
-1
-1
-1
-1
-1
-1
-1
-1
-1
-1
-1
-1
-1
-1
-1
-1
-1
-1
-1
-1
-1
-1
-1
-1
-1
-1
-1
-1
-1
-1
-1
-1
-1
-1
-1
-1
-1
-1
-1
-1
-1
-1
-1
-1
-1
-1
-1
-1
-1
-1
-1
-1
-1
-1
-1
-1
-1
-1
-1
-1
-1
-1
-1
-1
-1
-1
-1
-1
-1
-1
-1
-1
-1
-1
-1
-1
-1
-1
-1
-1
-1
-1
-1
-1
-1
-1
-1
-1
-1
-1
-1
-1
-1
-1
-1
-1
-1
-1
-1
-1
-1
-1
-1
-1
-1
-1
-1
-1
-1
-1
-1
-1
-1
-1
-1
-1
-1
-1
-1
-1
-1
-1
-1
-1
-1
-1
-1
-1
-1
-1
-1
-1
-1
-1
-1
-1
-1
-1
-1
-1
-1
-1
-1
-1
-1
-1
-1
-1
-1
-1
-1
-1
-1
-1
-1
-1
-1
-1
-1
-1
-1
-1
-1
-1
-1
-1
-1
-1
-1
-1
-1
-1
-1
-1
-1
-1
-1
-1
-1
-1
-1
-1
-1
-1
-1
-1
-1
-1
-1
-1
-1
-1
-1
-1
-1
-1
-1
-1
-1
-1
-1
-1
-1
-1
-1
-1
-1
-1
-1
-1
-1
-1
-1
-1
-1
-1
-1
-1
-1
-1
-1
-1
-1
-1
-1
-1
-1
-1
-1
-1
-1
-1
-1
-1
-1
-1
-1
-1
-1
-1
-1
-1
-1
-1
-1
-1
-1
-1
-1
-1
-1
-1
-1
-1
-1
-1
-1
-1
-1
-1
-1
-1
-1
-1
-1
-1
-1
-1
-1
-1
-1
-1
-1
-1
-1
-1
-1
-1
-1
-1
-1
-1
-1
-1
-1
-1
-1
-1
-1
-1
-1
-1
-1
-1
-1
-1
-1
-1
-1
-1
-1
-1
-1
-1
-1
-1
-1
-1
-1
-1
-1
-1
-1
-1
-1
-1
-1
-1
-1
-1
-1
-1
-1
-1
-1
-1
-1
-1
-1
-1
-1
-1
-1
-1
-1
-1
-1
-1
-1
-1
-1
-1
-1
-1
-1
-1
-1
-1
-1
-1
-1
-1
-1
-1
-1
-1
-1
-1
-1
-1
-1
-1
-1
-1
-1
-1
-1
-1
-1
-1
-1
-1
-1
-1
-1
-1
-1
-1
-1
-1
-1
-1
-1
-1
-1
-1
-1
-1
-1
-1
-1
-1
-1
-1
-1
-1
-1
-1
-1
-1
-1
-1
-1
-1
-1
-1
-1
-1
-1
-1
-1
-1
-1
-1
-1
-1
-1
-1
-1
-1
-1
-1
-1
-1
-1
-1
-1
-1
-1
-1
-1
-1
-1
-1
-1
-1
-1
-1
-1
-1
-1
-1
-1
-1
-1
-1
-1
-1
-1
-1
-1
-1
-1
-1
-1
-1
-1
-1
-1
-1
-1
-1
-1
-1
-1
-1
-1
-1
-1
-1
-1
-1
-1
-1
-1
-1
-1
-1
-1
-1
-1
-1
-1
-1
-1
-1
-1
-1
-1
-1
-1
-1
-1
-1
-1
-1
-1
-1
-1
-1
-1
-1
-1
-1
-1
-1
-1
-1
-1
-1
-1
-1
-1
-1
-1
-1
-1
-1
-1
-1
-1
-1
-1
-1
-1
-1
-1
-1
-1
-1
-1
-1
-1
-1
-1
-1
-1
-1
-1
-1
-1
-1
-1
-1
-1
-1
-1
-1
-1
-1
-1
-1
-1
-1
-1
-1
-1
-1
-1
-1
-1
-1
-1
-1
-1
-1
-1
-1
-1
-1
-1
-1
-1
-1
-1
-1
-1
-1
-1
-1
-1
-1
-1
-1
-1
-1
-1
-1
-1
-1
-1
-1
-1
-1
-1
-1
-1
-1
-1
-1
-1
-1
-1
-1
-1
-1
-1
-1
-1
-1
-1
-1
-1
-1
-1
-1
-1
-1
-1
-1
-1
-1
-1
-1
-1
-1
-1
-1
-1
-1
-1
-1
-1
-1
-1
-1
-1
-1
-1
-1
-1
-1
-1
-1
-1
-1
-1
-1
-1
-1
-1
-1
-1
-1
-1
-1
-1
-1
-1
-1
-1
-1
-1
-1
-1
-1
-1
-1
-1
-1
-1
-1
-1
-1
-1
-1
-1
-1
-1
-1
-1
-1
-1
-1
-1
-1
-1
-1
-1
-1
-1
-1
-1
-1
-1
-1
-1
-1
-1
-1
-1
-1
-1
-1
-1
-1
-1
-1
-1
-1
-1
-1
-1
-1
-1
-1
-1
-1
-1
-1
-1
-1
-1
-1
-1
-1
-1
-1
-1
-1
-1
-1
-1
-1
-1
-1
-1
-1
-1
-1
-1
-1
-1
-1
-1
-1
-1
-1
-1
-1
-1
-1
-1
-1
-1
-1
-1
-1
-1
-1
-1
-1
-1
-1
-1
-1
-1
-1
-1
-1
-1
-1
-1
-1
-1
-1
-1
-1
-1
-1
-1
-1
-1
-1
-1
-1
-1
-1
-1
-1
-1
-1
-1
-1
-1
-1
-1
-1
-1
-1
-1
-1
-1
-1
-1
-1
-1
-1
-1
-1
-1
-1
-1
-1
-1
-1
-1
-1
-1
-1
-1
-1
-1
-1
-1
-1
-1
-1
-1
-1
-1
-1
-1
-1
-1
-1
-1
-1
-1
-1
-1
-1
-1
-1
-1
-1
-1
-1
-1
-1
-1
-1
-1
-1
-1
-1
-1
-1
-1
-1
-1
-1
-1
-1
-1
-1
-1
-1
-1
-1
-1
-1
-1
-1
-1
-1
-1
-1
-1
-1
-1
-1
-1
-1
-1
-1
-1
-1
-1
-1
-1
-1
-1
-1
-1
-1
-1
-1
-1
-1
-1
-1
-1
-1
-1
-1
-1
-1
-1
-1
-1
-1
-1
-1
-1
-1
-1
-1
-1
-1
-1
-1
-1
-1
-1
-1
-1
-1
-1
-1
-1
-1
-1
-1
-1
-1
-1
-1
-1
-1
-1
-1
-1
-1
-1
-1
-1
-1
-1
-1
-1
-1
-1
-1
-1
-1
-1
-1
-1
-1
-1
-1
-1
-1
-1
-1
-1
-1
-1
-1
-1
-1
-1
-1
-1
-1
-1
-1
-1
-1
-1
-1
-1
-1
-1
-1
-1
-1
-1
-1
-1
-1
-1
-1
-1
-1
-1
-1
-1
-1
-1
-1
-1
-1
-1
-1
-1
-1
-1
-1
-1
-1
-1
-1
-1
-1
-1
-1
-1
-1
-1
-1
-1
-1
-1
-1
-1
-1
-1
-1
-1
-1
-1
-1
-1
-1
-1
-1
-1
-1
-1
-1
-1
-1
-1
-1
-1
-1
-1
-1
-1
-1
-1
-1
-1
-1
-1
-1
-1
-1
-1
-1
-1
-1
-1
-1
-1
-1
-1
-1
-1
-1
-1
-1
-1
-1
-1
-1
-1
-1
-1
-1
-1
-1
-1
-1
-1
-1
-1
-1
-1
-1
-1
-1
-1
-1
-1
-1
-1
-1
-1
-1
-1
-1
-1
-1
-1
-1
-1
-1
-1
-1
-1
-1
-1
-1
-1
-1
-1
-1
-1
-1
-1
-1
-1
-1
-1
-1
-1
-1
-1
-1
-1
-1
-1
-1
-1
-1
-1
-1
-1
-1
-1
-1
-1
-1
-1
-1
-1
-1
-1
-1
-1
-1
-1
-1
-1
-1
-1
-1
-1
-1
-1
-1
-1
-1
-1
-1
-1
-1
-1
-1
-1
-1
-1
-1
-1
-1
-1
-1
-1
-1
-1
-1
-1
-1
-1
-1
-1
-1
-1
-1
-1
-1
-1
-1
-1
-1
-1
-1
-1
-1
-1
-1
-1
-1
-1
-1
-1
-1
-1
-1
-1
-1
-1
-1
-1
-1
-1
-1
-1
-1
-1
-1
-1
-1
-1
)
