/*--------------------------------*- C++ -*----------------------------------*\
| =========                 |                                                 |
| \\      /  F ield         | OpenFOAM: The Open Source CFD Toolbox           |
|  \\    /   O peration     | Version:  2406                                  |
|   \\  /    A nd           | Website:  www.openfoam.com                      |
|    \\/     M anipulation  |                                                 |
\*---------------------------------------------------------------------------*/
FoamFile
{
    version     2.0;
    format      ascii;
    arch        "LSB;label=32;scalar=64";
    class       faceSet;
    location    "constant/polyMesh/sets";
    object      upperTriangularFace;
}
// * * * * * * * * * * * * * * * * * * * * * * * * * * * * * * * * * * * * * //


133657
(
0
262145
2
262147
262149
8
262152
9
10
262156
13
14
16
262161
18
20
21
24
26
262170
262172
29
262173
262176
34
36
37
262182
41
262185
44
262188
45
49
262194
262197
262199
56
60
262204
62
262206
65
66
262210
262211
70
262215
73
76
77
262221
81
262225
262228
85
88
262232
90
262234
92
262237
94
262239
96
262240
786529
98
262243
262244
101
262246
106
262251
262252
262255
112
114
262259
116
262261
120
262268
125
128
129
262273
262275
134
262278
136
786568
262282
140
262284
262286
144
262289
148
262292
786581
150
262295
152
262299
156
158
160
161
162
262306
164
262309
170
262314
172
262318
176
262320
178
262322
180
262324
186
262330
262334
192
262337
194
262339
196
197
262343
200
262345
205
208
262353
210
212
262356
786646
216
217
262362
220
222
262367
224
262368
262370
229
230
262375
232
262377
236
237
262381
262382
240
262384
241
262386
244
262389
262391
248
249
262393
253
254
262400
257
262403
262406
262408
262409
266
268
262412
269
262415
272
262416
262419
276
262420
277
262422
281
262425
284
285
288
289
262434
262436
294
262438
262441
298
262444
302
262447
304
262448
308
310
262454
314
317
262461
262463
320
262464
321
324
326
262470
329
262475
332
334
336
262480
337
262482
262483
340
262485
342
262486
344
348
350
352
262496
262497
262499
356
357
361
262505
262506
262508
368
262512
369
262513
372
262516
374
376
262521
378
262522
262524
381
385
262530
388
262532
262534
392
393
262537
394
262539
396
397
262541
262544
401
262549
406
262550
408
410
262555
412
414
416
262560
417
262563
420
262565
423
262568
427
262571
428
262573
432
262576
435
436
262580
262582
262583
440
262585
443
444
262588
447
262592
451
262595
452
455
262599
457
262601
460
262605
463
464
262608
467
262611
468
471
262615
262616
262618
262619
476
477
262621
262622
480
484
262630
487
489
262634
262635
262637
262638
496
262640
262642
262644
501
504
508
262652
511
262656
515
262661
262662
519
262665
523
262668
527
262673
531
262676
262678
535
536
537
262682
262684
541
262686
543
262687
545
262690
548
549
262693
551
553
262697
555
262699
556
559
262703
262705
262708
566
262712
569
570
262714
572
262717
576
577
262722
580
262727
584
262728
585
262730
262732
589
262734
592
262738
595
262739
596
597
599
601
262745
262746
604
262749
606
607
262751
262754
612
262757
614
262758
615
262761
618
619
262763
262764
524909
622
262766
623
262770
627
262773
630
262777
634
262780
637
641
262786
643
262788
645
646
262790
649
262793
262794
653
262797
654
262800
524945
659
262804
661
662
262806
663
665
262809
666
262812
262813
673
675
262820
677
262821
678
681
524969
682
686
262831
688
787123
262836
694
696
262840
698
700
704
705
708
711
787143
712
262857
715
262860
717
262863
721
262867
725
727
262872
729
731
732
735
262879
262882
739
743
262889
262890
747
262892
750
262896
754
262898
755
262900
758
759
763
262907
262910
767
262911
768
262913
525058
771
262915
775
262919
776
778
525066
779
262925
782
262927
784
262929
787
788
262932
790
791
262935
262937
794
262939
525083
796
798
262942
799
802
262948
262949
806
262953
810
262954
811
262957
814
262959
816
262962
819
262965
823
262968
262969
826
830
262974
262975
834
262978
262980
262981
262985
842
843
847
848
854
262998
858
859
263003
263004
862
263006
863
263009
866
263012
263015
525159
872
263017
263018
876
263020
878
263022
879
263023
263025
882
263026
263028
885
263030
525175
889
263033
891
263035
893
263037
894
897
263041
898
901
902
263046
905
263049
263052
909
910
913
263057
914
263059
918
263062
919
525208
922
263066
924
263069
263070
928
263073
930
263075
932
933
263077
263080
937
940
941
263085
263087
946
263091
948
263095
952
263097
954
263100
958
263102
960
961
263106
965
966
968
972
263116
973
263117
263119
525263
976
977
263123
980
263125
982
263127
984
985
263130
988
263132
263135
263136
993
263138
997
263141
263143
263145
263146
1004
263148
263151
263153
1010
263155
1012
1013
263158
1017
263161
263163
1020
263166
263167
1026
1028
1029
263175
1032
1033
263179
1036
263181
1039
263184
1043
263187
1044
263190
1047
263191
1048
263193
1051
1052
263198
1055
263202
263203
1063
1064
263208
263209
1066
1067
263213
1070
1073
263217
263220
1077
263221
263224
1081
1082
263227
1085
263230
263231
1089
1090
263234
263237
1094
263239
1097
1098
263245
1103
263247
1106
1108
263255
1112
263256
1114
263259
1116
263262
1121
263267
1124
263270
263271
1128
1129
1130
263276
1135
1136
1137
1139
263284
263285
1143
1144
1145
1147
263291
1148
1151
263296
1155
263299
1159
263303
263306
1164
263309
1167
263312
1169
263313
1171
263318
1175
1181
263326
1183
263328
1185
1188
263334
1191
1193
263337
263339
1196
263341
1198
1199
1202
263347
263349
263350
1210
1213
1217
1218
263362
263364
1222
263367
1224
263368
1225
263372
1229
263375
1235
1237
263381
1240
263384
1243
263387
263388
1247
263391
1248
263392
1251
263395
263397
1254
263399
263401
1258
1259
263403
1262
1263
1266
1267
263411
263414
1271
263416
263419
1277
263421
1281
263425
263428
1285
263430
263431
1289
263433
263435
1292
263437
1295
1296
263440
1299
263443
263445
263446
263449
1306
263451
263453
1310
263455
1314
263458
1315
1318
1320
1322
1323
263467
263468
263469
525613
1326
1327
263471
1330
263474
1332
1334
1335
263479
263480
1337
1340
1341
1342
263486
1344
263489
1346
263490
1348
263492
1351
525639
1353
263498
1355
263500
1358
263502
1359
263504
1362
1363
263507
263510
1367
263511
263513
1371
263516
263517
1374
1375
263522
1379
263524
263526
263527
263529
263531
1388
263532
1392
263536
263538
1397
263541
263543
1400
1404
1405
1406
263551
1408
263553
1412
1413
263557
1416
1417
263561
263562
1420
1421
1422
263566
1424
263569
1427
263571
1428
787860
1429
263574
263576
1435
1439
263583
1440
263585
1442
1443
263590
787881
1450
263594
263596
1454
263598
263600
1457
263602
1459
787893
1463
263607
1467
263612
1469
1470
263614
263617
1477
1479
787912
1483
263627
263628
263630
1487
787921
263634
1491
263637
1494
1496
1498
263642
1499
263644
1502
1503
263647
787936
1506
1509
1512
263656
263657
263660
1518
263662
787951
1522
1523
263669
1526
787959
263672
263674
1531
263676
1533
263679
263680
263683
1541
787973
1544
1545
1546
263691
1548
1549
263693
1552
1554
263699
1556
1557
1558
263702
1561
263705
263706
1564
263708
1565
263710
787998
1567
263713
263714
1571
1572
263718
1575
263719
1576
263722
1579
1580
263726
1583
1585
263729
263730
1588
1590
263734
1591
263735
1594
263740
1598
1599
263743
263745
1602
1603
1606
263751
1609
263754
1611
1612
263756
263757
263759
1617
263761
1619
1623
263767
1624
263768
1627
263771
1628
263772
1631
263777
1634
1635
263779
1638
1641
1642
1643
788075
1645
263790
1648
263793
1651
263795
1652
263796
1654
263799
1656
1657
1659
263803
1660
1661
1663
263807
788097
1666
263810
1667
263813
525958
263816
1673
1674
1677
263823
1680
263824
1683
263829
1686
263830
263832
525976
1689
1691
1692
263837
788126
1695
263840
1698
263843
1702
263846
788134
263847
1704
1705
263849
263852
1710
263855
1713
1714
263858
263860
1718
263862
263864
1721
1723
263868
1725
1727
263871
1728
263873
1731
263875
1732
263877
1735
263879
1737
263881
1738
263884
1741
263886
1743
1748
263892
263893
263894
1752
263896
1753
1757
263901
263903
1760
1761
1763
263907
1765
263909
263911
1768
1770
1771
1774
263919
1776
263920
1778
263922
1779
1781
263925
1782
1784
263928
1785
263930
1788
1789
1791
1792
263936
1794
263938
1796
1798
263944
1801
263948
1807
263951
263955
1813
263957
263958
1817
263965
1822
263966
1825
263975
263976
1833
263979
1836
263980
1838
1839
1842
263986
1843
263989
1848
1849
263993
1851
263995
1855
1856
1857
264001
1859
1860
264008
1865
264012
1870
264016
1873
264019
1876
264020
1877
1878
264022
1880
264024
264026
1883
264029
1886
1889
264033
1890
264034
1893
1894
1896
264041
264042
264044
1904
264049
1906
1907
264051
264054
1911
1915
264060
1918
1919
264065
1922
264066
1923
1925
264069
1928
264072
1929
1931
264076
264077
1934
1937
264081
264082
1940
1942
264087
1944
1945
264090
264093
1951
264095
1952
1954
264100
1958
1959
264104
1963
1966
264110
1973
1974
264118
264119
1976
264122
1979
264124
1981
264126
1984
264129
264130
1987
1988
264132
1989
264133
264135
1992
264136
264138
1999
264143
2002
264146
264149
2007
2008
264152
264153
2010
2011
264155
2013
264157
2014
264158
264160
2017
2020
264165
264169
2027
264171
2028
2031
264175
264177
2034
2037
264181
2041
2046
264190
2050
264194
2052
264197
2056
2058
2060
2061
264205
2063
2067
264211
2070
264214
2071
2074
2075
264219
264221
2078
264223
2080
2082
264226
264227
264229
264232
2089
264234
2091
2094
264238
2095
264239
2096
2098
264242
2099
264244
2102
264246
264247
2104
2105
264249
2108
264252
2111
264255
264257
2115
264259
2116
2118
264263
264265
2122
264266
2123
264269
2126
2127
2130
2131
264275
2133
264278
2135
2137
264281
2138
264284
2141
264286
2146
264290
2149
264294
264296
2153
264298
788587
2157
264304
2161
2163
264307
2165
264310
2167
2169
2170
264314
2173
2175
264319
2178
264323
2181
264325
2182
264326
2184
264328
2188
2190
264334
2192
2193
264337
264341
2198
2199
2202
264346
2203
264349
264351
264352
2209
2210
264354
2213
2214
2219
264364
264365
2222
2224
264369
2226
264372
2229
264374
2233
264378
2237
2239
264383
2240
2241
264386
264389
2247
2248
264392
2249
264394
264397
2255
264401
2259
2260
264404
2263
264407
2264
264408
2267
2268
264413
2270
2272
264417
2276
264420
2277
2279
264424
264426
2283
2284
264429
264430
2287
2288
264432
2291
264436
2293
2296
264440
2298
264443
2300
264446
2305
264450
264451
2308
2309
264453
2311
264456
2314
2316
2317
264461
2319
264465
2322
2323
264467
2325
264472
264473
2331
264476
2335
2338
2341
2342
264486
2343
264491
2348
264494
2354
264499
264500
2358
264502
264504
2362
264509
2367
264511
264513
2370
264514
2371
264518
264520
2377
264521
2378
264524
2381
2382
2385
264529
264531
2388
2389
264535
2392
264536
2393
264538
2397
264542
2400
264544
2402
2403
264547
2407
264551
2410
264554
2411
264555
2414
264558
2415
264560
2417
2420
2421
264566
2424
264569
2427
2428
264572
264573
2431
264575
2432
2435
264581
2438
264582
2440
264585
2443
264587
2444
264589
2447
2449
264593
2452
2453
264598
264599
2457
264601
264603
2461
526753
264610
2468
2470
2472
264616
264617
526761
2474
264620
2479
264625
2482
2483
2484
264628
2486
2491
264635
2492
264638
2495
264639
264641
2499
264644
264645
2502
2504
264649
2506
264653
2510
264656
264657
2514
2515
264660
2518
2519
264663
2520
2522
264668
2526
2527
264671
2529
264674
2531
264675
2534
2535
264680
526824
2537
264681
2538
264683
2541
2542
2544
264689
2550
264694
264699
2556
264702
526850
2563
264708
264709
2567
2569
264713
526858
2572
264716
264717
2575
264720
264723
264725
2582
2583
2586
2587
264731
526876
2589
2591
264736
2594
264740
2597
2599
264743
2601
264746
2605
2607
264751
2609
264754
2611
2614
264758
264760
2618
264763
2622
264767
264768
264771
2630
264774
264776
264777
264779
264780
2637
2638
264782
2640
264784
789072
264786
264787
2644
264789
526933
2646
2648
264792
2651
264797
264801
526946
2660
2662
2665
264809
2666
2668
264812
2669
2673
264817
2675
2677
264821
2679
2680
264824
2682
264827
2686
264832
2691
264836
2694
264838
264840
264841
2698
264843
2703
264847
526991
264851
2708
264852
264854
2711
2712
264857
2715
2717
264861
264863
264864
2721
264866
2724
264868
2725
264869
264871
2728
2729
264874
2732
2733
264877
2734
264878
2736
264880
2737
2739
264883
2741
264887
2745
264890
264891
2748
2749
527039
264896
2755
264900
264901
2758
264903
2761
527049
2762
264906
264907
2765
264909
264913
2771
264915
2772
2774
2778
264922
2779
264923
2781
2784
264928
264929
2786
2788
2790
264936
2793
2794
264939
2796
264940
2799
264943
2802
264946
2804
264948
2806
2809
2811
264955
2813
264958
2816
2820
264965
2823
2825
264969
2826
264972
264973
264975
2832
264976
2833
2834
2836
264980
2837
2840
264984
2843
264987
2847
264992
264994
2851
2852
264997
2854
2855
265000
265001
2858
265003
2860
2861
265006
2863
2866
2867
2869
265017
2875
265020
2877
265022
2881
2885
265032
2889
265033
265037
2895
265040
2898
265042
2901
265045
2904
2905
265049
2906
2908
2909
265053
265054
2911
265055
2912
265057
2914
265058
265060
2917
789349
265063
2920
2921
265065
265067
265068
2926
265070
2927
789360
2929
265073
2930
265074
265077
265079
2937
2938
789371
2941
2943
2944
265088
2945
2947
265092
2949
2950
789382
265095
265096
2953
265098
2956
2957
265101
2959
265103
265105
789393
2964
265108
2967
265111
2970
2971
265115
265116
789404
265118
2975
2978
2979
265124
2983
789415
2984
2986
265133
2990
265134
2993
265137
789426
2997
265141
3000
265145
3002
265146
3004
789437
265151
3008
3009
265154
3011
265155
3012
265158
3015
3016
789448
3019
3020
265165
3022
265166
3025
265169
789459
3028
3030
3032
265176
3034
265179
3036
265180
265182
789470
3040
3042
265189
3046
265192
3049
789481
3051
265195
3053
3054
265198
3055
3057
265201
3058
265202
789492
3061
265205
3062
265207
3065
265209
265212
3069
3070
789503
265216
3073
3075
3077
3078
265222
3081
265225
3082
789514
265228
265229
3088
265232
3090
789525
3094
3096
265240
3103
789536
265249
3107
3115
789547
3116
265260
3119
265263
3120
265265
3122
265267
265268
265270
789558
3127
265273
3130
3133
3134
3137
265281
789569
265283
3141
265286
3145
265291
789580
3149
265293
265294
3152
3153
265299
3156
265300
789591
3160
265304
3161
3164
265308
265310
3167
265312
265314
3171
3173
265318
265320
3177
3178
265322
265324
3181
789613
3182
265326
265327
3184
3185
265330
265331
3188
3189
265333
265335
3192
789624
527481
3195
3196
265341
3198
3199
265344
3202
3203
265347
789635
3205
3206
265350
265351
3208
3209
265353
3211
265355
527499
3212
265361
3218
3219
265364
265365
3222
3223
265370
3227
265373
3230
265375
265376
3233
3234
265378
265379
265381
265382
265385
3242
3245
3246
265391
265392
3249
3250
265395
3253
265397
3254
265400
3257
3259
265404
3261
265407
3265
265409
265410
3269
3273
3274
265418
3276
265422
265423
3280
3282
265426
3283
3284
265428
3286
265430
265432
265433
3290
3291
265436
3293
265442
265444
3301
265447
265448
3305
265451
265454
3312
265456
265459
3316
265462
3319
3321
265465
265466
3323
3324
265468
3327
265471
3328
265474
3331
265477
3334
265478
3336
265481
3338
3339
265487
3344
265489
265494
265497
3354
265499
3356
789789
3358
265502
265505
3362
3365
265513
3370
3371
265516
3375
265519
3380
265524
265526
265528
3385
265529
265531
3389
265533
3390
3393
3394
3397
3401
265546
3403
265547
3404
3405
3407
265551
265553
3412
265556
3414
3416
265560
3419
265564
3421
265566
3424
3425
265570
265572
265574
3432
265576
265577
3434
265579
3436
265584
3441
3443
265589
3446
265593
3450
265596
3454
3458
265602
3460
3462
265606
3463
3464
265608
265610
265612
3469
3470
265618
3475
3477
3478
3480
3481
265626
3484
265629
3486
265632
3490
265635
3492
265639
3497
265642
3500
265645
265648
3505
265649
265651
3508
265652
265654
3511
265657
3514
265660
265662
3523
265667
265668
3525
3528
265673
527818
3532
265676
3535
265679
265682
265685
3542
3543
3545
3548
265692
3551
265696
3555
265699
265700
3559
265703
3560
265705
265707
265709
3566
3567
3568
3570
265716
3573
3574
265719
265720
3577
265722
265723
3580
3581
265725
3584
265728
3585
3587
265732
3590
265736
3593
3594
265739
265741
790031
3601
265746
3606
265750
265751
3608
3609
265754
790042
3611
265755
3616
3619
265763
3620
790053
3622
265766
265768
3625
265769
3626
265771
3628
265772
3631
265775
790064
265777
3635
3636
265780
265783
3640
265786
3643
790075
265788
3646
265790
3648
265792
3650
3654
790086
3656
265804
3662
265806
265808
3665
265811
3670
3673
265819
3676
265820
790108
265822
3679
3683
265827
3684
3686
265830
3687
790119
3690
3691
265835
3694
265838
3697
265841
790130
3701
265845
3702
265847
265850
790141
265854
3711
265857
3715
265860
3719
265863
790152
265865
3724
265868
265869
3728
265872
3731
265875
265878
3735
265880
265883
3740
265884
790174
3743
265888
3746
265891
265892
3749
265895
3753
790185
265898
3756
3759
3760
265904
265906
3763
3764
265908
790196
3765
265909
3767
265911
3770
265914
265915
3774
265918
3775
790207
265921
3778
265922
3779
3781
265926
3783
265930
3788
3789
265934
3792
265936
265939
3796
790229
3799
265944
3804
3806
3808
790240
3809
265954
3811
3812
3813
265959
265961
3818
790251
265965
3822
3825
265971
3829
265973
265975
3832
3836
265982
3839
3840
265985
790273
3844
265988
3845
265989
3847
3848
265995
790284
3854
3857
266001
266003
3860
266004
3863
790295
266008
3865
3867
266012
266013
3870
266018
790306
266019
3876
266022
3880
266024
3881
266025
266027
3884
266028
3887
266031
3891
3893
266037
3896
790328
266041
3899
3900
266045
3903
266047
266050
266051
790339
3910
3911
266055
266057
3914
3916
266060
3918
266062
790350
266066
3923
3924
266069
3926
266071
3929
266073
790361
266074
3931
3933
266078
266079
3936
3939
266083
3940
790372
3943
3946
266090
3950
3951
266098
3955
3956
266102
3961
266105
790394
3963
266108
3966
3968
3972
266116
266117
790405
3974
3977
266121
266123
266125
3982
266127
3984
790416
3986
266130
3988
266136
266138
3995
790427
266141
3999
266145
4003
4004
266150
790438
4007
266153
4010
266156
4015
266161
4018
266163
266165
266166
266167
4024
4026
4027
266171
266172
790460
4030
4031
266176
4033
266177
4035
266179
4038
266182
790471
4041
266185
266186
4045
266192
4049
266194
790482
266195
4052
266196
4055
266199
266202
4059
266204
790493
4062
266206
4063
266209
4067
4069
4071
266216
790504
4073
4075
266219
4077
266221
4078
266224
4081
4082
790515
4085
266229
4086
266231
4089
266234
4093
266238
266240
4098
266243
266244
4101
4104
4105
790537
266250
4108
266252
266254
4111
4113
266258
4115
790548
4117
4119
266264
4124
266268
4125
790559
4129
4131
266275
4132
4135
266279
4138
790570
4142
266286
4143
4146
266292
4149
790581
4153
266297
4154
266299
4157
4161
266305
266307
4165
266309
4166
266310
266312
266313
4171
266316
266321
4179
4180
4182
266327
4185
266330
4187
4189
266333
266336
4193
4194
266340
4197
4198
4199
4202
266347
266350
4207
4210
266356
4214
266358
4215
266360
4218
266362
266363
4220
266365
4225
4228
266373
4230
266374
4232
266377
266378
266380
266383
4241
266386
4243
266388
266390
4247
4248
266393
4250
266394
4251
266396
4254
4256
4258
266402
4260
266405
266406
4264
266408
4265
266411
4270
266414
4271
266416
4274
266420
4277
266421
266423
528568
4281
266425
266427
4285
4286
266430
528576
266434
4293
266437
4294
266440
528584
4297
4298
4299
4301
4302
266446
266450
4309
266454
4313
4315
266459
266461
4318
266462
266465
4322
4323
266468
266470
4327
266472
266475
4333
4334
266478
4336
4337
266484
528628
266487
4344
266488
266492
4351
4352
266496
4354
4359
4362
266506
4363
266510
266513
4370
4371
4372
266516
4374
4375
266519
266520
4377
266523
266526
4383
4385
266530
4387
266533
4391
4394
266539
4398
266542
4399
4400
266544
266545
4402
266549
4407
4410
266554
266555
4413
266559
4416
4419
4421
266568
4427
266571
4428
266572
4432
266577
4434
528722
266581
4440
528730
4443
266589
4447
266592
4450
266594
266595
266597
4454
4455
266600
266601
4460
266605
4462
4463
266610
266611
4469
266613
266615
4473
266619
4477
4478
266622
4481
266626
4484
266631
4488
4489
266633
266636
528780
4493
4496
266640
266643
4501
266646
4503
4504
266649
266650
4508
266653
4510
266655
528799
4513
266657
266658
4515
4516
266661
266662
4519
4521
4526
266670
528814
4528
266673
266674
4531
266676
4534
266678
266681
4538
266683
4541
266685
4544
266688
4546
266690
4550
266694
4551
266696
266698
4557
266702
4561
266705
4564
266711
266714
4571
266717
266721
4578
4579
266724
4581
266726
4585
266729
4587
4589
266734
4593
266737
266739
4596
4597
4598
266745
4602
4604
266748
4605
4606
266752
4609
266754
266755
266757
4614
266760
4617
4619
266763
4623
4624
266768
4626
4628
266772
4629
266774
266775
4632
266778
4635
4637
266781
4639
266783
4642
266787
4645
266790
266792
4649
4652
266796
266799
4656
266801
4660
266805
4662
4663
4664
266808
4666
4667
4669
4670
4672
266817
266818
4675
4678
266822
4681
266827
4684
4685
266829
266832
266833
4692
266837
4696
266840
4697
266842
4700
266845
4704
266848
4705
266851
4708
4712
266856
4713
266859
266861
4718
4719
4722
4724
4726
266870
266871
4729
4731
266875
266876
266878
4735
4738
266883
4741
4742
266888
4746
266890
4749
266893
266894
4753
266897
4755
266899
4756
4757
4759
4760
266905
4763
4764
4765
266910
4767
266911
4768
266913
4771
4774
4775
266921
4778
4779
266924
4782
266926
266927
4786
266930
4790
266934
266937
4794
4795
266939
4798
266942
266944
266946
266949
4807
4809
266953
4812
266956
266957
4815
266959
4817
266962
266964
4823
4824
266968
4827
266971
4828
4831
266975
4832
4833
4835
266979
4836
266980
4838
4842
266987
4846
4847
266991
4851
266995
4855
4857
4860
267005
4863
267007
4864
267009
4866
4867
4870
267017
4874
4875
267020
4882
267026
4884
4886
4887
267032
267033
4890
267035
4892
267038
4896
4898
4899
267043
4902
267046
267047
4904
267050
4907
4910
4913
267058
267060
4918
267063
4921
4924
267068
4926
4927
267072
4931
791364
4934
4935
267079
4938
267082
4941
267086
4943
791375
4945
4946
267090
4949
267093
267096
267097
791386
4955
267099
267100
267102
4959
267105
4963
267107
791397
267110
267111
267113
4970
4971
4974
4976
791408
4977
267121
4980
4981
267126
4984
529275
791419
267133
4991
267136
4996
267141
791430
4999
267143
529288
267146
5003
5004
267149
267151
5009
791441
5011
5014
267160
5018
267164
791452
5021
5024
5027
267171
5028
267172
529316
5029
5034
267178
5035
5038
267182
5039
5040
5042
267187
5045
267190
5048
5049
267193
267195
5052
5055
267199
5056
5058
267202
5061
5064
267208
5065
5067
5068
267212
5071
5072
267216
267217
267218
5075
267220
267221
5079
5080
267224
267227
5084
267228
5087
267234
5091
5092
267238
5095
5100
5103
267247
5107
267251
5108
267253
5114
5115
267261
5119
267264
267267
5125
5128
267273
267275
267276
5133
267279
5137
267281
5139
267283
267285
5143
267288
5145
5147
267292
5150
267294
5154
267300
267301
5158
267304
5162
267307
5166
267311
5170
5171
267315
5174
267318
5175
5177
267321
267322
267326
5184
5185
267330
5189
267333
267334
5191
267337
5196
267342
267343
5200
5204
267348
5206
5208
5209
5211
267355
267358
5215
5220
267364
5223
267368
5225
5227
267372
5229
267376
5234
267379
5237
5238
267382
267384
5241
267385
5243
267387
267389
5247
267391
5248
5250
267396
267399
5256
267402
5260
267405
267407
5264
5267
267413
5272
267417
267420
267421
5278
5279
5282
267426
5285
267429
267431
5289
267434
5291
267437
5295
5296
267443
5301
267445
5304
5307
5308
5310
267456
5313
267460
5317
267463
5321
5323
267468
5325
267470
5327
5329
267474
5332
267478
267480
5337
267481
5341
5344
267488
5349
267494
5351
5352
267497
5355
5356
267501
5358
267503
5363
267507
5364
5367
267511
5368
5370
267514
5371
5372
267518
267520
5377
5378
267523
267524
5381
5384
267531
5391
5392
267537
5394
267539
5396
5398
267543
5400
267544
267547
5407
267551
267553
5411
5412
267557
5415
267559
5416
5417
267562
5419
5422
5423
267567
267568
5425
267571
5428
5429
267574
267578
5435
267581
5440
267587
5444
5446
267590
267591
5448
5450
5452
267597
5456
5457
267602
5459
5460
267605
5462
5467
267615
5472
5473
267618
267619
5476
5478
267623
5480
5484
267630
267631
5488
5491
267637
5494
267640
5498
267642
5499
267643
267645
5502
5504
267648
267650
5507
267651
5508
5509
267654
5514
5519
267663
5520
267664
5523
5526
267670
5527
267671
5529
267673
5531
267675
5533
267677
5534
5535
5538
5541
267686
5543
267688
267691
5549
267693
267694
267696
267697
5554
5556
267700
5557
267702
5559
5560
267705
5563
5565
5568
267712
5569
5571
267715
5572
267718
5575
5576
5577
5580
267727
5587
5590
5592
5594
267738
267742
5599
5600
267744
5602
267746
5603
792035
267749
5606
5608
5611
267757
5614
5617
267761
5620
5624
267771
5628
5629
267774
267775
267777
5636
267780
5638
267782
5639
5642
267786
267787
5644
5646
267790
5649
267793
5653
5655
267801
267802
5659
267804
5662
267809
267811
5668
5669
5672
267816
5674
267818
267821
5680
5681
5684
5685
267830
5688
267834
5691
5692
5695
267842
5699
267845
267847
267849
5706
5707
5710
267854
5712
267857
5717
267861
5719
5721
267865
5723
5724
267868
5727
267871
5728
5730
5733
267877
267878
267886
5745
5746
267890
5747
5749
267893
267894
5752
5753
267899
267902
5759
267904
5763
267909
267911
5768
267913
5771
5772
267916
5774
5775
267921
5778
267922
5779
267924
5782
5783
5784
267928
5786
267931
5790
5793
5794
5795
5801
267946
267948
5805
267951
5811
267960
5818
267962
267963
267965
5825
5826
267970
267971
5828
267974
5832
5835
5836
267980
267982
5839
5840
267987
5844
5846
5849
5850
267996
5853
5855
5856
268000
268004
5862
268009
5867
268011
5870
5871
268015
5873
268017
5874
268019
5877
5878
268023
5880
268027
5884
5885
268030
5887
5888
268033
5892
5893
5897
5899
5900
268045
268046
5903
5904
5907
5908
268054
5912
5913
5915
268060
5917
5919
5920
5923
268067
268070
5927
5930
5931
268076
5934
268078
5935
268081
5938
5942
268086
268088
5946
5947
5951
268095
5952
5954
5955
5958
268102
268103
5961
5962
268106
268109
5967
5968
268112
5971
268115
5972
268116
5976
268121
5978
5979
268124
5982
5984
5985
268129
268131
5988
268134
5991
5992
268137
5995
5997
268141
268143
6002
6003
268148
268149
6006
6007
268153
6015
6016
6017
6019
268163
268165
268166
6025
268169
6027
268172
6029
268173
6032
268176
268180
6039
268184
6041
6042
268187
6045
268190
268191
6049
6050
268197
6054
6056
268201
6059
268204
6061
6063
6064
268208
6066
6067
6071
268216
6076
268220
268221
530366
6080
268224
6082
6084
268228
6086
268231
792519
268234
6091
6095
268239
6098
792530
268244
6102
268246
6105
268250
6108
268253
792541
530398
6112
268256
6113
268258
6115
268260
268262
6119
6120
268264
792552
268266
6125
268270
6127
268271
6128
792563
6134
6135
268279
6137
268281
268282
6139
530427
6140
268286
792574
6143
6146
268293
6150
268295
268297
792585
6154
6155
268299
6157
6158
268302
6160
530448
6161
268307
6164
792596
6167
530456
268313
6171
268315
6173
6174
268319
792607
6177
268321
6178
268324
6181
6183
268327
268329
6186
792618
6187
268332
6190
6194
6195
6196
268340
792629
6198
268342
6200
268344
6204
268350
792640
268353
6210
268354
6211
6214
268358
268361
6219
792651
268364
268369
6226
6228
268372
6229
6230
792662
6232
268377
6234
6235
6238
268382
6241
268385
792673
6243
6245
268389
268390
6248
268393
6252
268396
792684
268397
6254
268399
6258
268402
6261
268405
6262
792695
6265
6268
6269
268413
6271
268416
6273
268418
792706
6275
268420
6277
268421
6278
268423
6280
6281
6284
6285
792717
6287
268433
6290
268434
6291
268436
6293
6294
792728
6298
268443
268446
6305
268449
268450
6307
792739
6309
6310
268454
6313
268458
6315
268459
6317
268461
792750
268463
6321
268466
6323
268468
530613
6327
268471
268473
792761
6330
6332
268477
6334
268479
268480
268482
268484
792772
6343
6347
268491
6348
268493
6350
792783
6353
268500
6357
268503
6361
268506
792794
6364
268509
6368
268512
268515
268517
6374
268519
6376
6378
6380
268524
792816
6385
6387
268531
6390
268534
6393
6394
268539
6397
6398
268543
6401
268545
268547
268551
6408
268553
6411
268559
6417
268561
6421
268565
6423
268567
6426
268570
6427
268575
530719
268576
6434
6438
268585
6442
268587
6445
6449
6451
6452
268598
6455
268604
6461
268606
6463
6464
268608
6467
268611
6468
6472
268617
6475
268619
6479
268623
6480
268626
6484
6487
268631
6488
6489
6491
6493
268637
268639
6496
268642
6499
268644
6503
268649
6507
268654
6511
6512
268658
6516
268660
6518
268662
6519
268663
6520
6522
268666
6523
268667
268669
6528
268672
6530
268674
268676
6536
268683
6540
268685
6544
268688
6546
6548
6550
268695
6553
6554
6555
268699
268700
6557
6558
268703
6561
6562
268707
6565
268709
6566
268710
268712
6569
6570
6571
268715
268716
6573
6578
268723
6580
268727
6584
268728
6586
268731
6588
6589
268734
6592
268737
268739
6596
268740
6599
6601
6604
6605
6607
6608
268752
268754
6611
6612
268757
6615
268761
6619
6621
268766
6623
268769
6627
268774
6631
268776
6634
793069
6638
6639
268784
6641
6642
268787
6645
268790
268793
6650
6651
6654
6655
268799
268800
6657
793091
268805
6663
6668
6670
268815
6673
6674
6675
268820
6677
6678
6680
268824
268825
793113
268827
6684
6685
268831
6688
6689
268834
268835
6692
268838
6696
268840
268842
6700
6701
268845
6703
793135
268848
268849
6706
268851
268854
268858
6715
268860
6719
268863
6723
268867
6724
6725
793157
268870
6727
268873
268875
6732
268877
6735
268880
793168
6739
268883
6743
268888
6746
268892
6749
6750
268894
6753
6757
268901
268903
6760
6761
268907
6764
268908
6767
6768
531056
6771
268915
6774
6776
268920
6778
268922
268923
6781
531069
6784
268928
6788
268934
6792
268936
6794
268939
6796
268941
6799
268943
268945
268946
6803
6804
268949
6806
6808
268952
268953
6810
268955
6812
268957
6814
268959
268961
6818
6819
268963
6822
6825
6826
268970
6828
6829
268974
268977
6834
6837
268981
6838
268982
6839
268984
6845
6846
268991
6849
268993
6851
268995
6853
6854
268998
269000
6857
6858
269002
269003
269006
269008
269012
6870
269016
6874
6876
269020
269023
6880
6881
6883
269028
6885
269030
269032
6889
269035
6892
269036
269039
6896
269040
269042
269045
269046
6906
269050
6909
269053
269056
6913
6914
269058
6915
6917
269062
269064
6921
6922
269067
6924
6928
269074
6931
6932
269077
6936
269080
6937
269081
6940
269086
6943
6945
269090
6947
6948
6951
269095
6955
6956
269100
6959
269104
6962
6963
6964
269109
6966
269110
6969
6970
269114
6972
6975
269120
6980
269125
6982
6983
269127
269128
6986
269130
6987
6991
269135
6992
269138
6997
6999
7002
269147
7005
269150
7008
7009
7012
269156
7013
269158
7019
269163
7020
269164
269166
7023
269167
7026
7027
269172
7030
269176
7033
269179
7036
7037
269181
269183
7040
7044
7045
7047
7048
269192
7051
269195
7054
269198
269202
269204
7064
7065
269210
7068
269212
269213
7072
7075
7076
269220
7080
531369
7084
269228
7086
269230
269231
269233
7090
7093
7095
7096
269242
7099
269243
7101
269246
7104
269248
7108
269253
7110
269254
7114
269258
269260
7118
269262
7119
7121
7122
7125
269269
269271
7128
7129
269274
7131
7134
269278
7135
7138
269285
269287
7145
7146
7148
269293
269294
269296
269297
7155
7158
269302
269304
7162
269306
7164
7165
269311
7168
7169
269313
7170
269314
269317
7175
269320
7178
7179
269324
269327
7184
269328
7186
7188
269332
7190
7193
7194
7198
269342
7201
269349
269351
269352
7213
269359
7217
7218
269362
7221
269365
7223
7226
269371
7228
269375
7232
269377
7234
7236
269380
7241
7246
7247
269391
269393
7250
7251
7254
7255
7256
269401
7259
269403
7262
269407
7265
269410
7267
269413
7270
7271
7273
269419
7276
7278
269423
7280
7283
269428
7286
269431
7289
269433
7290
269436
269437
7295
7297
7298
269442
269445
7302
7305
7306
269451
7308
7310
269454
7312
269459
7316
7317
269461
7318
7320
7324
7325
7328
269473
269475
7332
7333
269478
7336
269480
269482
7340
7341
269485
269488
7347
7348
269493
7350
7351
269495
269496
7353
269498
7355
269501
7358
7361
269507
7364
7367
269511
269514
7372
269516
7373
7375
269519
7376
269522
7379
269526
7383
7387
269531
7389
7393
7395
269540
7397
7399
7401
269546
7403
269549
7408
7412
269557
7414
7416
269560
7418
269562
7419
269565
7422
269566
7424
7427
269571
7430
269576
7433
269579
7437
269581
7438
269583
7441
269585
269587
7445
269589
7446
269592
7449
7450
269594
7453
269598
269600
7459
7460
7462
269606
7465
7466
269613
7470
7471
269615
269617
7474
269620
7478
269622
7481
269626
269628
7485
269629
7486
7487
7489
7491
269635
7493
269637
7494
7496
269640
7500
269644
7501
269647
7506
7509
7510
269654
7513
7514
269660
7517
269661
7518
7520
7521
7522
269666
7524
269668
7527
7528
7531
269676
7534
7535
269681
7538
269683
7541
269685
269687
7544
269690
7547
269691
269695
7552
269696
7557
269702
7560
269706
7563
269707
793995
7564
269709
7566
269710
7569
7573
269717
269719
7577
269721
269723
7581
269725
7583
269728
7586
269730
269731
269733
7590
7591
7594
269739
794027
7597
7598
269742
269745
7603
7605
269749
269751
269752
7609
269754
794043
269756
7613
7614
7615
269759
7617
269761
7620
7623
7627
269771
7628
269773
269775
7632
269779
7636
269782
7639
269784
7641
7643
7644
269790
7647
269791
269793
7650
7651
7658
7659
269805
7663
269808
269809
7666
269812
7669
269816
7673
7674
269818
7677
269822
269823
7681
269825
269827
7685
7688
269833
7691
269835
7692
7694
269839
7696
7698
269842
7702
7703
269848
7706
269851
7708
269853
269854
7711
269855
7712
7715
269860
7718
269865
7722
7723
7726
7727
269871
7730
269874
7732
269877
269879
7738
7741
7742
269886
269888
7745
7746
269890
7749
269893
7751
7754
269898
7755
7761
7764
269908
7766
269911
7768
269912
7771
269915
7772
7775
269919
7777
7779
269923
7780
269927
269928
269930
7787
269932
269933
7790
7791
269935
7793
7794
7797
532086
7799
7802
269946
7804
7806
269950
532094
269952
269953
7810
7811
7812
7814
269958
7817
269961
269962
532107
7820
7821
269968
7825
269969
7828
7829
269974
269975
7832
7834
7836
269981
269982
7839
269984
7841
269985
269987
7845
532133
7848
269994
7852
7855
269999
270001
7858
7859
270003
7862
270007
7864
270010
7867
7869
270013
7871
270015
270019
7877
270021
270022
7879
7881
270025
7883
7886
270031
532178
7892
270036
7893
270039
270040
7897
7898
270043
7900
270048
7906
7907
270051
7908
7910
270055
7913
7915
7917
270063
7920
270066
270069
7926
270070
270072
7930
270075
270077
270080
7940
270085
7943
7944
7947
270091
7950
270095
7953
7954
270098
7956
270100
7959
270103
7960
270105
270106
7964
7965
270109
7968
7971
270115
270117
7974
7976
270120
7980
270124
7981
270125
7983
7986
270130
7990
270136
7993
7994
270138
7997
8000
270144
8003
270148
8005
270150
8012
532300
8013
8015
8016
8019
8020
8023
270168
8027
270171
8028
270174
8031
8032
270176
270177
8035
270179
8036
270180
270181
8039
270183
8042
8043
270187
8046
8047
270191
270193
8050
270196
8054
8055
270203
8060
8061
270206
270209
8067
270212
8069
8070
8072
270217
8074
8077
270221
8078
270222
8081
8082
270226
270230
8087
8089
270233
8090
270235
8094
270239
8096
8097
270241
270242
8100
270247
8104
270248
8106
270251
8108
8110
8113
8115
270260
270261
8119
270264
8122
8123
270267
8124
270269
8126
270271
8128
270273
270275
8134
270279
8137
8138
270282
270283
8140
8142
8144
270288
8145
270290
8148
270293
8150
270296
8154
8156
270300
8157
270301
8160
270305
8164
270308
8165
270310
8172
270319
8176
270321
8179
270325
8182
8186
8187
270333
8190
270335
270336
8193
8196
8197
270341
270343
8200
270344
270346
270347
532491
8205
270350
8208
270352
8209
270354
270355
8212
270357
8215
270360
270361
8218
270364
8222
8223
270367
8225
8230
8232
270376
8235
270382
8240
270384
8241
270385
8243
270388
8246
270390
8248
8250
8254
270402
8259
8263
8267
270411
8270
270415
8272
270417
8277
8279
270424
270426
8283
270429
8287
270434
8291
8292
270440
8297
270441
270444
8301
8302
8305
8307
270452
8309
8312
8313
8314
8316
8319
8320
270464
8322
270468
270470
8328
270473
270477
8334
8335
270480
8341
270485
8343
8344
270489
8346
8347
270493
8350
270496
8353
8355
8359
8361
8363
8364
8366
8367
270511
8371
270515
270518
8377
270521
8379
8380
270525
8383
270529
8387
270532
270533
8390
270535
8392
270537
8394
8396
270541
8398
8401
270545
270547
8405
270549
8409
270553
8410
270554
8414
8415
8416
270561
8418
270563
8422
270567
270569
8426
8428
270574
270577
8439
270584
8442
8443
8444
270589
8446
8447
270591
8449
270594
8452
270597
8454
270599
8456
8457
270602
8460
270604
8461
270606
270607
8465
270610
8467
270611
8468
270615
8479
270623
8481
270629
8487
270632
270635
8492
270637
8496
8498
270642
8500
8501
270648
8505
8508
270652
8509
270655
8512
270656
270657
8515
270660
270661
8519
8520
8522
8523
270667
8526
8527
270671
8530
8533
270677
8536
8537
270682
8539
532828
8542
270686
270689
8546
270691
8549
270693
8553
270698
8557
270701
8558
8560
270705
8564
270710
270711
8568
270713
270714
8571
270717
8575
8576
8577
270721
270723
8583
270728
8586
8587
8590
8591
8594
8596
270740
8599
270743
8600
8602
8603
270747
8605
8609
270753
270756
8613
270757
8614
270759
270760
8617
8619
270764
8622
270766
8625
270769
8628
270773
8631
8632
8636
270780
8638
270782
8639
270785
8644
8645
270791
8648
8649
8652
270797
270800
8657
270802
8659
8660
270804
270807
8664
270808
8667
8670
8671
270817
270818
8676
270821
8680
270824
8681
270826
270828
8687
8688
270833
8691
8695
8699
270844
8702
270846
8704
270849
8706
270851
8709
8710
8711
270855
8713
270857
8715
8717
270861
8718
8719
270864
270865
8724
8725
8726
270871
8728
8729
270873
270874
8734
8735
270880
8737
8738
8741
8742
8744
8745
270892
8750
270894
270895
8752
8756
270902
8759
270905
8762
270906
270909
8768
8770
270914
8771
270915
8774
270919
8777
270923
8784
270928
8788
8789
270933
8793
8794
270938
8796
8797
8800
8801
270946
8803
8805
270949
8809
8810
270955
270956
270958
270959
8816
270962
8819
8822
270968
8825
270970
8828
270973
8830
8832
270977
8835
270981
8838
270985
8842
8845
270989
270991
270993
270996
270998
271001
8858
8862
271006
8865
8867
271012
8871
8873
8875
8876
271021
271022
8879
8881
8882
271028
8885
271033
8890
271036
8893
8894
8895
271039
8897
271041
271042
8899
8900
8903
271048
8905
8906
271052
8909
271056
8913
271059
8916
8921
271066
8923
8924
271069
8927
8928
271073
8931
8934
8935
8936
271081
8938
271084
8941
8942
271087
271088
8945
271089
8946
271091
271094
271095
8952
271097
271099
271102
8960
8964
8969
271115
8972
271122
8981
271126
271128
8985
271133
8990
8991
271135
271137
8994
8997
271141
8998
271144
9001
271147
271149
271151
9009
271153
9010
9013
271157
9015
271160
9017
9018
271164
9021
9024
271168
271170
9027
9028
9032
271178
9035
9036
271182
271183
9041
271186
9043
9044
9046
271191
271193
9050
271195
271200
9058
271202
9062
9064
9065
271210
271211
9068
9069
9072
271217
9074
271218
9076
271221
9078
271223
9080
9082
271226
9084
9085
271229
271231
9089
271234
271236
9093
9096
9097
9098
9101
271245
9102
271248
9106
271250
9107
271253
9110
795542
9114
271258
9115
9116
9119
271263
271268
9125
271271
271273
9131
271277
271280
9137
9140
271285
9142
9143
271287
9146
271292
9149
271293
9152
271296
9155
9156
271302
271304
9163
271307
9165
271312
9170
9173
271320
9177
9178
271322
795610
271323
9180
9181
271327
9184
271329
795618
9187
271332
9192
9194
271339
271340
9197
271342
9199
9201
9203
271347
9206
9209
271355
9213
271363
9220
9221
271367
9224
9225
271370
9228
271374
271377
9234
9235
271381
9241
9242
271386
271388
271389
271391
9248
9251
9252
9255
9256
271401
9259
271403
9261
271405
271406
9264
9266
271410
9268
9269
271413
9272
271416
271418
795707
9276
9279
9280
271425
9283
795715
271428
9286
9287
271432
9289
271434
9291
271438
9296
9297
271441
271442
9300
271444
795732
9306
271451
9308
271453
9310
795742
9311
9313
271457
9316
9317
271461
9320
271464
795752
9322
9323
9325
9326
271470
9329
9330
795762
271475
9333
271477
9334
271478
271480
9337
271482
9340
271484
795772
271485
271487
9344
9349
271493
271499
271503
9361
9363
9365
271509
9367
9369
9370
9371
9373
9374
9377
271521
9378
271526
9383
9384
271529
9386
9390
271534
9392
9394
271538
9395
271539
9396
9398
271542
9402
271546
9405
9406
271551
271553
9411
9412
9418
9419
271565
9422
9423
271567
271568
9426
9431
271576
271578
9435
9437
271581
9438
9444
9446
271591
9448
9449
9452
9453
9457
9460
9461
271607
9464
271609
271611
9468
271617
9479
9485
271629
9486
271631
9490
271637
9496
271640
271642
9499
9503
271649
9506
271652
9510
271654
9512
271656
271657
533801
271659
9516
271660
9520
271665
9522
271666
9523
271668
9526
9527
271671
9528
9530
271676
9533
9534
533822
9538
9539
9542
271686
9545
271689
9546
271692
271694
9551
9553
271699
271704
9562
9565
271710
271712
9570
9572
271716
9578
9579
271725
9582
271728
9586
271730
9587
9589
271734
9591
271736
9593
9594
9598
271742
533888
9601
9604
271748
9605
9607
9608
271752
9611
9613
9618
9619
9620
271764
9622
9625
9626
9627
271771
9629
271773
9630
271774
9636
9638
271782
9640
271784
271787
9644
9645
9648
271792
9651
9654
271798
9655
9658
271804
9661
9664
271809
271810
9667
271814
9671
271816
9673
9674
271819
9677
271821
9678
9680
271824
9681
9683
9685
271830
9687
271831
9689
271835
9692
271837
9694
9697
9700
271845
9702
271849
9711
271857
9714
9718
271862
9719
271864
534008
9722
9723
9726
271873
9731
9734
9735
9737
9738
271883
9741
9743
271887
9744
271888
271890
9749
9751
271898
9755
9756
9761
9762
271908
9765
271911
271913
9770
9773
534061
271920
9779
271923
9780
271925
534069
9783
9786
271932
9789
271934
271935
534079
271937
271939
9798
271942
271945
9802
271947
9806
271950
9807
9810
9812
271956
9813
271959
9816
9818
271962
9820
271964
271966
9823
9825
9826
271970
271972
9829
271977
271978
9835
271980
9837
271982
9839
9841
271985
271986
9844
271988
9848
271992
9849
271996
9853
9854
271998
9858
9860
272006
9864
9865
272010
9868
9869
272016
9875
272022
9880
9883
9884
9887
9888
272033
9891
272035
9892
9893
9895
272039
9898
272043
9901
9902
272047
9905
9907
272052
9912
9913
272057
9916
272060
9919
272063
272064
9922
272067
9924
9926
272070
534214
272073
9931
9935
272079
9937
272081
9938
9941
272085
9942
272086
9945
9946
9948
272092
272093
9950
9952
9954
9956
9957
272102
9960
272105
272107
9964
9965
272109
9968
9969
272113
9970
9972
9973
272119
272120
9979
9981
272125
272127
9985
9989
272133
9990
272136
9993
272137
9996
9997
10000
10003
10004
10006
272151
10008
272152
272154
10011
10013
272158
10015
10019
10020
272164
10022
10024
272168
10026
272170
10027
272173
10030
10032
10034
10037
272181
10038
272183
10040
272185
10043
272187
10048
10050
10054
10055
10058
272202
10059
10061
272205
272208
10065
10066
272210
10070
10071
10072
10075
10077
10078
10080
10081
272225
272227
10084
10086
10089
10091
10092
272236
272238
272240
10098
10099
272243
796532
10102
272246
10104
10107
272253
10111
10112
272256
10114
10115
272261
10118
272263
10121
10122
272266
10124
10125
10127
272271
10128
10131
272275
272277
10134
10136
272281
10138
272282
10139
10142
272286
10143
272288
272289
10146
10147
10149
272294
10154
272298
272300
272302
272306
10164
10165
272309
272310
10167
10168
10171
10174
272318
272320
10178
272322
272324
10181
272325
272329
10186
10189
272333
10190
10193
10194
272339
272340
10197
10199
272343
272344
10201
10202
272347
10205
272349
10208
10209
272353
272355
10212
272356
272359
10216
272362
10219
10221
272365
272367
10224
272370
10227
272375
10234
10235
272383
10241
10244
272388
10245
10248
272393
10253
272397
272399
10256
272401
272403
10262
10265
10267
272412
534556
10269
272414
10273
272419
10277
272422
272424
10282
10284
272428
10287
272431
272433
10290
10294
272441
10299
10301
272448
10306
272451
10310
272456
10313
10315
272460
272461
10318
272464
272466
10324
272469
272470
272471
10328
10329
10332
272477
10334
10336
272481
10340
10341
10342
272487
10344
10345
272492
10350
272495
10352
10353
272497
10356
10358
272502
10360
272504
272506
10367
10368
272514
10371
10374
10378
272522
10379
272525
10382
272528
10385
272530
10388
272532
272534
10391
10393
272537
10395
272542
272543
10403
10405
272550
10408
10409
10410
272554
272557
10414
10415
272559
10417
10419
272563
10421
10424
10425
10428
10432
10434
10441
272586
272588
10445
272589
10446
10448
272592
10452
10453
272598
10457
272601
272602
10460
10461
272606
272607
10464
10465
272609
10467
272611
10469
272614
10472
272616
272618
10476
10478
272623
272624
10483
272627
10485
272629
10486
272631
10488
272633
10490
272634
10492
272636
10494
10496
10498
10500
10502
10504
272648
10505
272651
10508
10516
272660
10519
10523
272667
272669
10527
272673
10535
272679
272680
10539
10540
272687
272689
10546
272692
10549
272694
10552
10553
272697
10556
272702
10559
272705
10563
272707
10566
272710
10567
272713
10570
10573
272717
10575
10576
10577
272721
10579
272723
10582
272726
272728
272729
10587
272731
10590
272735
10594
272738
10597
272742
10599
272744
10601
272745
10603
10604
10607
272752
10612
272757
272758
10616
272761
10619
272764
10623
272769
10626
272770
272774
272776
10633
272777
10636
272782
272783
10640
10641
272786
10644
10645
272790
10648
10651
10652
272796
10655
272799
272800
10657
10658
10661
272805
272807
10666
272810
272812
10669
10674
272819
272821
10678
272824
272825
10682
272829
10688
10689
10693
272837
10695
272839
10696
272841
10699
10700
272849
10707
272852
10710
272855
10713
272857
10715
272859
272860
10717
272864
10721
272867
10725
10726
272870
10728
10729
10732
272876
272880
10737
10738
272882
10739
10741
272886
272889
10746
10747
272893
10750
10753
10755
272900
10757
10758
272904
10765
272910
10769
272914
10772
272916
10773
272917
272919
10776
272920
10779
272923
10782
10783
10785
272929
272931
10788
272933
10790
10791
10792
272936
10796
272940
10797
10800
272944
272945
272948
10805
272950
272951
272954
10811
272956
10817
272961
10818
272963
10821
272965
10822
10824
272971
10828
10831
10832
272977
10834
10835
272979
272981
10839
10841
272985
10842
10843
272987
272988
10845
10846
10849
10850
10852
10853
273001
10858
10859
273005
273007
10864
10865
10870
273014
273016
10874
273018
10875
273020
10878
10880
273025
10882
273028
10885
273029
10886
273032
10889
10890
273036
10893
273038
10897
10898
273044
10901
10902
273046
273048
273049
10906
10908
273054
273056
10914
273058
10915
10917
273061
273063
273066
10923
10925
10926
273072
10929
273075
10932
273084
10941
273086
10943
273087
273090
273093
10950
273095
10952
273097
10956
273100
10957
10958
10960
10961
10963
273108
797396
10966
10967
10968
10971
10972
10975
273120
10978
10979
273124
273126
10984
273132
10990
273135
273138
10995
10996
273142
797430
10999
11000
273144
11003
11007
273152
11013
797445
11015
273159
273160
11018
273162
273163
11020
11021
273168
11025
273171
11028
273172
273176
11034
273180
11038
273183
273185
11042
11044
11045
11048
273192
273194
11051
11054
11055
273201
11058
273203
273204
11062
11064
273209
11067
11069
273214
11071
273216
11074
11075
11078
11079
273223
11080
273224
11082
273230
11087
11090
273235
273236
11093
11094
273238
797526
11096
11097
11099
11100
273244
11103
273247
11104
797536
11105
273249
273250
11107
11108
273254
11111
11112
273257
797546
273263
11121
11122
797556
11125
273269
11128
273273
11130
11132
273276
11134
273279
797569
11139
273286
11143
11144
11146
273290
273291
11149
273295
11153
273298
797586
11155
273299
535443
11159
273306
11163
11164
273308
11167
273313
273314
11173
273318
11176
11177
273321
11185
273329
273331
11188
273334
11193
273338
11197
11198
273342
11201
11205
273349
11207
273352
273353
11211
11212
273357
11215
273359
11217
11219
273364
11222
11226
11230
11233
273377
11235
11236
273381
11239
273383
11242
11245
273389
535533
11246
11248
11250
273394
11251
273395
11252
273397
11254
273398
11255
11258
273403
11261
273405
535549
273407
11265
273409
11268
273415
11272
273416
11276
273423
11280
11282
273428
11285
273430
11288
273434
11291
273436
11293
273438
273440
11297
273444
11301
273446
11303
273449
11306
11310
11314
273458
273459
11317
11318
273462
11320
11321
273465
11328
11330
273474
11332
273478
11335
11336
11339
11340
11343
11344
273488
273490
11347
11348
273493
11351
11352
273498
11355
11356
273502
11359
273503
11364
273509
11368
273513
11371
273515
11374
11378
273522
273531
11388
11389
273533
273535
11392
535681
273538
11396
11397
11399
273543
273544
535689
11403
11404
273548
11406
273552
11410
273554
11412
11415
273561
11419
273566
11424
11425
273569
11428
11429
273574
273577
11435
11436
273581
11438
11439
11442
273588
11446
273590
11447
273591
11450
11451
273595
11454
273599
11457
11458
273602
273603
11463
535752
273610
11467
273611
11470
11475
273619
273622
11480
273624
11484
273628
11486
11488
11489
273634
11493
11495
11496
11497
273643
273644
11501
11503
273648
11505
11506
273650
11509
11510
11513
273657
273658
273659
11516
11517
273662
11519
11520
273666
11524
273669
11526
273672
11530
273675
11532
11533
273677
11536
11537
273685
11545
11548
11549
273693
11551
11554
273698
11555
273699
11557
273702
11560
11563
273709
11566
11570
11571
11573
273717
11576
273720
11578
11579
11584
273728
11586
273730
11588
11589
273733
11592
11593
11596
11598
11603
11605
11607
11608
273752
11611
11612
11615
11616
273760
11619
273764
11623
273767
11624
11626
273771
11629
11630
273774
11633
11634
11637
273783
273784
11641
11642
273787
11645
11649
273794
11652
11653
273797
11656
11657
11658
11660
273805
273807
11664
273809
11671
273815
11672
273817
11675
273819
11676
11678
11682
11685
273829
11686
11687
11689
273833
11692
273836
11696
273840
11698
273845
11702
273848
273850
11709
11711
273855
11713
273858
11715
273860
11717
273861
11719
11721
11724
273868
11728
273872
11729
11732
273876
11733
273878
11735
273880
11738
273882
11741
11743
273887
11745
273889
273891
11748
11752
11753
273897
11756
11757
273904
273906
11763
273907
11766
273912
11769
273916
11773
11776
11780
273924
11783
273927
11785
11786
273931
11788
273933
11791
273935
11792
11795
11796
273940
11798
11799
11802
273946
11806
273951
11809
273953
11810
273956
273958
11815
273960
11819
273964
11822
273966
11825
11826
273970
273972
273974
273976
11833
273978
273980
11839
273984
11841
273986
11843
11845
11847
11848
273992
11850
11852
11860
274005
274006
11865
11868
274012
274014
11871
11874
11875
274021
11878
11881
274026
11884
274028
11886
11889
11894
11895
274040
274041
274043
11901
11905
11908
274052
11910
11912
274057
11918
274063
274066
11924
11926
11928
536217
11930
274077
274078
11935
11937
274082
11940
11942
11945
274091
11948
274094
11953
274097
11954
11957
274101
274102
11961
11962
11965
11968
274114
11971
11973
11974
274119
11976
11977
274122
11980
274128
11986
11987
11989
11993
274139
11998
274142
12000
12001
274145
12002
12005
798438
12007
274151
274153
274155
274157
12014
798446
274160
12018
274163
12020
12023
12026
274170
12028
274173
12030
12032
274176
12034
12036
274180
12038
274182
12040
12041
274185
274188
12046
12047
12049
12050
274195
12055
274199
274200
798489
12059
12060
274204
12062
274206
274207
12065
274210
12067
274211
12072
274218
12075
12076
274220
274221
12079
12080
798514
12083
274228
274230
12087
12088
12090
274234
274237
12094
12097
12100
12101
274245
274248
12106
274250
274251
12108
274254
12111
274259
12116
12117
12119
12120
12121
12123
12127
12130
274275
274277
12134
12135
274279
274281
12138
274282
12142
12143
274289
274295
12152
12156
274300
12157
274302
12160
12164
12165
274309
274311
12169
12171
12173
12177
274322
12182
12184
274329
12187
274331
12190
274335
12194
274338
12197
12199
274344
12201
274347
12204
274348
12207
274354
12214
274361
274363
12220
12221
274365
274367
12224
12228
12229
274377
12234
12236
12237
274384
12241
12243
12244
12247
274392
12251
274396
274399
12256
12257
12260
274405
12263
274407
12267
12269
12270
274414
274416
12273
12275
12278
274423
274426
12284
12285
274429
274431
12289
12291
12292
274437
12295
274439
12296
274440
274443
12301
274445
12305
12307
274451
12310
274454
12312
12313
274457
12314
12317
274462
12319
274465
12324
12327
274471
12328
12332
274476
12333
12335
12336
274483
12340
274487
274488
12346
12347
274491
12350
274494
274496
12354
274500
12357
274502
274504
12361
12364
274508
12366
274510
274512
12369
274514
12372
12373
274518
12376
274522
12379
12381
274525
12383
12384
274528
12385
274530
274532
12392
12394
274541
12398
274543
274544
12403
274547
12404
274549
12407
12408
274552
12412
274556
274557
12414
12417
274563
12420
12421
274565
274566
274568
274570
274573
12431
274577
274579
12436
12437
274584
12442
12446
274591
12448
274592
12450
274594
12452
12455
12458
274603
12462
12464
274610
12468
274615
12472
274618
12476
274620
12477
274622
12480
274626
12483
274630
12489
274633
12492
274637
12495
12497
12498
274642
12501
12502
12505
274651
12508
274654
12512
274660
12517
274663
12520
274664
12521
12523
12524
274670
12528
12529
12531
12532
12535
274681
12538
274683
12542
274688
12545
12547
12548
274693
274694
12552
12554
12559
274703
12561
12562
274707
12565
12566
12568
12569
274713
12571
12575
274719
12576
274721
12579
12580
12583
12585
274729
12587
274735
12592
12594
12595
274740
12598
12601
274745
12602
274748
12606
274752
12611
274755
12618
274764
12621
12622
274766
12623
12625
274769
274771
12628
12632
12633
274777
12635
12636
12639
12641
12643
274788
274789
274791
12650
274794
274797
12654
274799
12656
274800
274802
274803
12660
12663
12667
274813
12670
274815
12677
12680
274824
12686
274832
274833
12690
12691
274837
274839
12696
274842
12700
12702
274846
12704
274848
12707
12711
274856
12713
274858
12715
274859
12716
12718
274863
12720
274866
12724
274868
12725
274869
274872
12730
274874
274877
12734
274879
12736
12738
274882
274883
12744
274888
12746
12752
274897
12756
274900
12757
12758
12760
12761
12764
274908
274909
12766
12767
12769
12771
12773
12775
12777
537065
12779
274923
274925
12782
12783
274927
274928
12786
12787
274933
537078
12791
274936
12796
12797
274942
274943
12800
12801
274948
12805
274950
12807
12809
274953
12810
12813
274957
12814
274961
274963
12820
12821
274967
12824
274968
799256
12825
12827
12828
274973
12831
274977
12834
12836
274980
12838
274983
12840
274984
12842
274987
12844
274989
12846
274991
12848
12850
274994
12851
12854
274998
12855
274999
799287
275001
12858
12861
275005
12862
12865
799297
12867
12868
12871
12872
12874
275018
12875
12878
275022
12879
275026
275027
12884
275032
799321
12890
275035
12893
12894
275039
12897
12899
275043
12900
275046
12903
275049
12906
12907
537195
275052
12912
799344
12913
275057
275060
12917
275063
12920
12923
12926
12927
275074
12934
12935
12938
12939
275083
12943
12945
275089
12947
12948
537239
275099
12956
275103
12960
275105
12963
275107
275111
275113
12970
275116
275118
275120
537264
12977
12978
275122
12979
12981
275125
799413
275126
12984
275129
275131
12988
799421
12990
275137
12996
275141
275144
13001
275145
13004
799438
13007
275151
13012
275156
275159
799448
13018
275163
537307
13022
275166
275168
13025
275171
13029
13030
275175
13033
13034
275183
13042
275187
13046
13047
275193
13050
13051
275195
13058
275202
13059
275204
13065
13066
275210
13069
275215
13072
13073
275217
13076
13078
275225
13082
13083
275227
275229
275232
799520
275234
13092
275237
13094
13098
275244
799533
275247
13105
275249
13107
275252
13109
275253
275255
13113
275258
799546
13115
275259
275261
13118
13120
275264
13121
275266
13124
275270
275272
275276
13133
275280
13137
275283
13140
13141
275288
13145
13147
13149
13150
275294
13153
275297
13155
13157
275303
13160
13164
275308
275310
13168
275313
13171
275315
13172
275318
13178
275323
13181
13182
13183
13185
275332
13189
13190
275334
13193
275337
13194
275338
799627
13196
275341
13199
13200
13202
275347
13204
275349
13206
13209
13210
275355
13212
13213
13218
13220
275364
275367
13224
13225
275370
13228
13230
275375
275376
13234
275380
13239
13241
13242
275386
13243
13247
13248
275392
275395
13252
13253
275397
13255
275400
13257
275403
13261
275407
13266
275410
13267
13269
275413
13271
13273
275418
275422
275424
275427
275428
275430
13288
275432
275434
13292
275437
13295
13298
13301
13303
275448
275450
13307
275452
13310
13311
275455
13314
13315
13318
13319
275464
13322
275468
13325
13326
275472
275473
13331
13334
13335
13336
275481
13341
13342
275486
13348
275492
13351
13352
275496
13354
13355
275499
275501
13359
275504
13361
13365
275510
275515
13372
13374
13376
13380
275525
275526
275528
13385
275530
275532
13390
275535
275537
275538
13396
13401
13402
275546
13405
13408
275552
13409
13410
13412
13416
275560
13417
13418
275564
13421
13422
13425
275569
275571
13429
13430
275574
13433
275578
13436
275582
13439
13440
13443
275587
13444
13445
275589
275590
13447
275592
13450
13455
13457
275603
275606
13463
13466
275610
275612
13469
13470
13473
275618
13475
275621
13478
275625
13482
275627
13485
13488
275634
275636
13494
13498
275642
13499
13501
275645
13502
13504
275650
275653
13510
275654
13512
13513
13514
275660
13519
13521
13527
537817
13530
275674
13531
275677
13534
13535
13537
13540
275684
13541
275687
275689
13546
275691
799980
13549
13550
275696
13553
13554
13557
275701
13560
275704
13561
13562
275707
13564
13567
13569
275714
13571
13573
13575
275719
13576
13578
275722
13579
275724
275725
13582
13586
13589
275737
13594
13596
13597
13600
13601
13604
275748
13605
13608
275755
13613
13614
13616
13617
13618
13620
275764
13621
13626
275771
275773
13630
13634
275778
13635
275781
13638
275783
275785
13642
13643
13647
13650
275796
13654
13656
275800
275801
13658
13659
275804
13662
275806
13666
275812
13671
275816
275817
275820
13678
13679
275823
13683
275828
13686
275830
13688
13690
275836
275839
13697
275841
13699
275844
13702
275850
275851
13708
13709
13711
275857
13714
275859
275861
275863
13722
275868
13725
13726
275870
13728
13729
13735
275880
13738
13742
275888
13745
275889
13746
275891
13749
13750
13752
275896
13753
13755
275899
275900
13757
275901
13759
275903
13761
275905
275907
13764
13765
275910
13768
13769
13774
13775
275920
275921
13778
13779
13782
275929
13786
13788
13792
13793
275938
13796
275940
275941
13800
13801
13802
13804
275948
275951
13808
13810
275955
13813
275957
13815
13816
275960
13820
275964
13821
13823
275967
275969
13826
13827
13830
13831
275975
13834
13837
275983
13841
275986
13843
13846
275990
13847
275992
275994
13852
13854
13855
275999
276001
13859
276004
13861
13864
276008
13866
13867
276013
13870
13873
800307
13876
276020
13879
13880
13883
800315
276030
276032
13890
13895
276040
13899
276045
800333
13903
13907
276051
13908
276052
13911
276055
13914
13917
13918
276063
13921
13923
276067
13925
276070
13927
276072
13929
13930
13933
276079
13937
13938
13941
276085
276086
13943
276088
13945
13946
276094
13951
13953
276097
13955
13956
13959
276104
276109
13967
276111
13970
276115
276120
13979
13982
13983
13986
276130
276131
276132
13989
13990
13991
13993
276138
276140
13997
276141
13998
276144
14004
14005
276150
276151
14008
276153
14011
14016
14019
14025
14027
276171
276172
14030
276174
14031
14036
14041
276186
14043
14045
14048
14049
14052
14054
276198
276200
276202
14060
14061
276205
14063
14064
276209
14066
276213
276215
14072
14074
14075
14076
276221
14078
276224
14082
14083
276227
14084
14086
14089
276233
276234
14092
276236
14093
276239
14096
276242
14099
276246
14103
276248
14106
14107
276252
14109
276254
276258
14115
14116
276266
14123
276268
14126
276270
14127
276273
14130
276275
14133
276279
14136
14137
14139
276284
276286
14143
276288
14147
14148
276292
14150
14154
276298
14155
276301
14158
14159
276304
14163
276307
276308
14166
276311
276312
14169
276315
14175
14178
14179
276325
14182
14183
14186
14188
14190
276335
14193
276338
14196
14200
276344
276348
14205
14207
276352
14210
14211
14214
276359
14216
14217
276363
14220
14221
14224
14225
14228
276372
14229
276374
14232
276377
276379
14236
14237
14238
276383
14240
14241
276385
14242
14244
14245
276389
276391
14248
14249
276395
14252
276398
14255
14256
276401
276404
14264
276408
14266
14269
276413
14272
14276
276420
276421
276422
14279
14280
276424
14282
276426
14283
14284
14286
14288
276433
14290
14291
14293
14295
276442
14299
276444
276447
14305
14306
276450
14307
14309
276456
276460
14318
276462
14320
276465
14323
14327
276471
14328
14331
276477
14334
14338
276483
14341
276488
14346
276492
14349
276493
14350
14352
14353
14356
14359
14362
14363
14365
14366
276510
276512
538657
14370
276514
276519
14377
538665
276523
14380
14381
276525
276527
14384
14385
14389
14390
14394
276538
14397
14400
276544
14401
276545
538693
14406
276550
14407
276553
14414
14415
276559
14416
276562
14420
14423
14424
276568
14426
14427
276572
14430
14434
276579
14439
276583
276585
276587
14444
14446
276590
276592
14449
14451
276595
538739
276597
276598
14455
14460
14463
276607
14467
276611
14470
276614
14471
276618
14475
14477
276622
14481
14483
14485
276629
14487
276631
14488
14493
14495
14499
276645
14503
276647
14508
276654
14511
14515
14519
14522
14525
276669
14527
276673
14531
14532
276678
14535
276681
14539
14542
538830
14543
276687
14545
276689
14546
276691
14549
276694
14555
276699
14558
276703
276705
14562
14565
14567
14569
276713
14571
276715
14573
276717
14575
14579
276723
14582
14583
276729
14586
14587
276733
14593
276737
276741
14599
276744
14605
14606
276750
276752
14615
276761
276762
14619
14621
14622
276767
14626
276770
14629
276774
276777
14634
14636
14639
276783
14641
14644
276790
14649
14651
276795
14652
276796
276797
14656
14658
276805
14663
14666
14669
276813
801102
14675
14678
276824
14681
14683
276827
14687
14688
14690
276834
14691
276836
14694
14698
801131
276844
14702
14703
276848
14706
276852
14709
276858
14715
14716
276860
14718
276862
276865
14722
276868
14726
276871
14729
276873
14730
14733
276877
276879
14738
14739
276883
14741
276885
276887
14745
276890
14747
276891
276896
14753
14756
276900
276902
14761
801194
14764
14766
14771
14773
14774
276919
276920
14777
276922
276923
276924
14781
276927
14785
276931
14788
276934
276936
14793
14795
801228
276942
14799
14801
276945
14803
14805
276949
276950
14807
276952
14809
276956
14814
276959
14816
276962
14819
276963
14822
14824
276968
14827
14829
14830
276974
14832
14833
14836
276980
276982
14839
14842
14843
276988
276990
276991
14851
276995
14856
14857
277002
14859
277003
277004
14861
14863
14865
277010
14867
801299
277012
14869
277015
14872
14875
277021
14878
14879
801312
277026
277027
14884
14885
277029
14887
14889
14891
14893
14894
277039
14897
277041
14901
277045
14903
277049
14906
277051
14909
277053
14912
277057
14915
14916
14917
14919
277063
277070
14927
277072
277073
277077
14934
277079
14936
14938
277082
14939
277084
14942
277086
14944
14946
277091
14949
14952
277096
14954
14957
14958
277102
801393
14963
277108
14966
277110
14967
14969
277114
277117
14974
277119
277121
14978
14980
277124
14983
277130
277133
14990
277134
14993
277137
14995
14997
277141
277142
277144
15002
277146
15004
277149
15006
15008
277152
277154
15012
277156
277157
15016
277162
15020
277165
15025
277169
15027
15029
15030
15033
277177
15037
15039
277183
15040
277186
15043
15045
15047
15048
277193
15050
15051
15054
15058
15059
15060
15063
15064
15066
277213
15070
277214
15072
277216
15073
277218
15077
15078
277222
277224
15082
539370
15083
277228
277230
15087
15088
277236
15093
277238
15096
277240
15099
15100
277245
277246
15103
15104
277248
15107
277251
15108
15111
277256
15114
15115
277259
277264
277269
277270
15128
15131
15133
277278
277279
277282
15140
277288
15145
15149
15150
277294
15151
15153
15155
15156
277300
15157
277304
15161
15163
277307
15165
277310
277311
15169
15172
277317
15174
15175
277319
15182
277329
15187
277331
277333
15190
15191
277336
15194
277339
15197
277341
277343
277345
15204
15205
15206
277350
15208
15209
15212
277356
15213
277358
15216
277360
15219
277363
15220
277366
15224
277369
15227
277371
277373
277375
15232
277377
15234
15236
277380
15238
277383
277385
15243
277388
15246
277390
277393
277394
15252
277397
15254
15256
15258
15261
277408
277412
15272
277417
15274
15275
15277
277426
15283
15284
277429
15287
277432
15289
277434
277436
15294
15297
15298
277442
15300
277446
15303
15304
277448
15306
15307
15308
15310
15311
277458
15315
277459
15318
277462
15321
277466
15323
15324
277468
277470
15327
277473
15330
277476
15333
277477
277479
15336
15339
277483
15340
277485
15346
15347
15349
277493
15352
15355
277500
15358
277503
15360
15363
15364
15369
15371
277517
277518
15375
15377
15379
277523
277524
15381
15382
277526
277527
15384
15386
15388
277532
15390
15391
277536
15395
277540
15397
15399
15402
277546
277547
15404
15406
15407
15409
277553
277555
801843
277559
277561
15419
277563
277568
15425
15428
277572
15430
277574
15431
15433
277577
15434
15436
277581
15438
15440
15442
277586
15444
15445
277591
15448
15449
15451
277595
277597
15454
277601
15458
15460
15462
277607
15464
277608
15469
277613
15471
15472
277620
15477
277622
277624
15481
15483
15486
277631
15488
15489
15492
277638
15495
15498
15499
277643
15502
277646
15503
277648
15506
15509
277653
15511
15513
15514
15515
15518
15520
15521
15522
15524
15525
277671
15528
15531
277675
15533
15535
277679
277680
15542
15545
15546
15547
15549
15553
277697
15554
277698
15557
277701
277702
15562
277706
15564
15565
15567
15568
15569
15571
277715
277717
15574
15576
15578
277724
15582
277727
15586
277730
15587
15588
277732
15590
277734
15591
277736
15594
15595
15597
15599
15600
15605
277751
15609
277756
15613
277757
15614
15616
277762
15619
277763
15621
15623
277767
277769
15628
15629
277773
15631
277777
15635
15637
277781
277783
15640
15642
15643
277788
15645
15647
15648
15651
15652
277797
277798
15655
277800
277802
277804
15661
15662
277806
277808
15665
15669
277815
277816
15673
15675
277820
15678
15679
277824
15685
15687
15691
277835
277837
15694
15698
277844
15701
277846
15703
15705
15709
15710
277854
15712
15713
277858
15716
277862
15719
15721
15722
277867
802155
15728
277872
15731
15732
277877
277878
15735
15736
15738
15741
277885
15743
277887
15745
15746
277890
802178
277891
15749
277893
15751
15752
277897
15754
277900
15757
15760
277904
15764
277909
277910
15767
15769
277914
15771
277916
15773
277918
15775
277919
15778
15780
277926
15783
277927
15784
15787
277931
15788
15790
277934
15791
277936
15793
15795
277941
15798
15801
277945
277952
277953
15810
15811
277957
15816
277960
277963
15820
277966
15824
15825
15827
15828
277972
15829
15831
277975
15833
15834
15837
277981
15838
277983
277984
15841
15842
15845
277989
15848
277992
15850
15853
277998
15856
278001
278003
15860
278005
15862
15871
278015
15872
15875
278019
15878
278022
540166
15881
15882
278026
15884
15887
15889
278034
15891
278037
15894
15895
15898
15902
15903
278048
540195
15908
15912
15915
540203
15918
278062
15922
278067
15926
278070
15927
15929
15932
15934
15935
278080
278085
15944
278088
540232
278089
15948
15949
278094
15952
278096
15953
15955
15962
278106
278107
15964
278109
15969
278115
15973
278117
278119
15976
278121
278122
278123
15980
15982
278126
15984
278129
278131
15989
278135
278137
15995
278139
15996
15998
278142
16003
278151
16011
278155
16014
278158
278161
16018
278162
278164
16022
278167
16024
278169
16028
16029
278173
16032
278176
278177
16034
278178
16035
16037
16038
278183
16041
16045
16048
16050
278194
16053
16054
278198
16059
16061
278207
16065
16066
278211
16068
278213
16071
16072
278217
16074
16075
278221
16083
16085
16086
278230
16091
16092
278236
16094
278240
16097
278243
16100
278246
16107
16108
278252
278253
16111
278255
16114
278259
278262
16119
16120
16123
16124
16125
278270
16128
278272
278275
278278
16135
16138
16139
16141
16143
278288
16145
16147
16149
278293
16150
278296
16153
278297
16154
16156
16159
16160
278305
16162
16165
278309
16169
278314
16172
16173
278318
16176
278322
16182
16185
16188
16190
278334
278337
16194
16195
278339
278341
278344
16203
278347
16206
278350
16208
278352
278353
16212
16215
16219
278364
16222
16225
278369
16227
278371
16229
16231
16232
278376
16235
278380
16238
16239
16241
278385
278386
16243
16246
278390
16247
16249
16250
16252
16253
278397
16256
16258
278402
278404
16265
278409
16268
278412
16271
278415
16275
278424
16283
278427
278429
16287
278431
278434
16291
16292
16295
278439
16298
278443
16303
16310
278455
278457
16315
278462
16320
16321
278466
16323
16326
16327
278471
278472
16330
278475
16332
16334
16336
16337
16339
16343
16346
16347
16350
16352
278499
16356
278504
278508
16365
16368
16369
16371
278515
16372
278516
16375
16378
278523
278527
16384
16385
16387
278533
16391
16395
16398
278542
16401
16403
16405
278553
16410
16415
16418
278563
16421
16423
278567
16426
278571
16430
16431
278575
16436
278581
16440
278584
16441
16446
278591
16450
278594
16451
16454
16458
16459
278604
16462
278606
16464
16465
16468
16470
278614
278617
16474
278619
16478
278623
16481
16482
16486
278631
16489
16491
16494
278638
802928
16498
16502
16503
802936
16505
278649
278652
278654
16512
16513
16517
16519
278664
16524
16525
16527
16531
16533
278678
16536
802968
16537
278682
16539
16540
278688
16546
278691
16548
278695
16554
278698
278701
16558
16559
16562
802997
16567
278711
16572
278716
16575
16579
16583
278727
16586
540874
278732
16589
16592
278737
16595
278741
16599
278743
16602
278746
16604
278749
16608
278752
278753
16616
278760
16619
16620
278764
278768
16625
16627
16629
278774
16633
278779
278781
16638
16641
16644
278788
803077
16647
278791
16650
16653
803085
278799
16661
16662
16665
278809
16666
278811
278814
16671
16682
278827
16684
16687
16689
278833
16691
16692
16695
278840
16697
16698
16701
803136
16705
278849
278851
16710
278856
16713
278858
278859
278861
16718
16719
16721
16724
16725
278869
16728
16729
278873
278875
16732
278877
803170
16741
16743
278888
16746
278890
278893
16750
278896
16753
16756
278900
16758
16766
16769
278913
803201
16771
16773
16785
278930
16788
16790
278934
16794
278938
16799
16803
16807
278953
16811
278957
278960
16818
16822
278967
278969
16826
16829
16830
16832
278976
16833
16837
16839
16841
16844
278988
16845
16852
16856
279001
16858
16860
16862
16864
16865
279009
16869
16871
16872
279017
16877
279021
16879
279023
16882
16885
16887
279032
16891
279038
279041
16899
279044
279046
16903
279047
16905
16906
16909
16910
279055
16912
279056
279058
16915
16918
279063
16920
16922
16924
16927
279071
16929
279080
16938
279082
16940
16941
16943
16944
279088
16946
279092
279095
16952
16953
279098
16956
16957
16959
16960
279104
16962
279107
16965
16966
16969
279114
16971
279116
16974
16977
279123
16980
279126
16983
279129
279131
16988
16989
16990
279134
16992
279136
16993
16995
16996
279142
279145
17003
17007
279153
17011
279155
17012
279157
279159
17019
279166
17023
17025
17027
17030
17033
17034
17042
279187
279189
17048
279192
17049
279193
17051
279196
17053
279199
17058
279202
17059
17062
279208
17065
17069
17071
279215
279220
17077
17080
279225
17083
17084
17086
279232
17089
17092
279236
17096
279241
279242
17099
279244
17104
17105
17107
17110
279257
17114
279259
17116
17119
17120
279266
17125
17128
17132
279278
17135
17136
279280
17138
17139
17142
279286
17144
17146
279290
17150
279295
279298
279302
17161
279305
17163
279309
17166
17167
17170
17178
17182
279327
17184
279330
17188
279333
17190
17191
17193
17196
17198
17199
279343
17202
279346
279348
803639
17208
279352
17211
279355
17217
17218
279362
17221
279365
17222
17227
279377
17234
279379
17237
17238
279385
17243
17250
17255
17256
279402
279404
17263
279408
279410
279412
17269
17274
279418
17276
17277
279421
17280
17281
279428
17286
279431
17289
17290
17293
279438
17295
17296
17298
279448
17306
279451
17308
17309
279453
17313
279457
279458
17315
17317
17322
279466
17325
279470
279472
17329
279474
17332
279478
17335
279485
17342
17345
17349
279493
17353
17357
279502
17359
17360
279504
279507
279508
17365
17369
17370
279515
17374
17376
17378
279522
279524
279526
279527
17385
279529
279532
17390
279535
17392
279538
17396
17397
17398
17402
279546
17403
17405
17406
279550
17409
279553
279557
17414
279558
17416
17419
279564
17423
279567
541711
17426
17427
17429
279574
17433
17435
279580
541724
279582
17439
17441
279585
17445
279594
17451
279596
17453
17455
279605
17463
17464
17468
279612
279613
17472
279617
17475
17477
541765
17479
279623
17483
17485
541773
17487
17490
279634
279635
17492
279638
17496
279641
17498
17500
17501
279645
541789
279647
17504
17505
17508
279653
279654
17511
17514
279658
803949
17518
17523
17527
279672
279674
17531
17534
279678
17538
17539
17541
17546
279690
17547
279691
17549
279695
17553
17555
17559
279703
17561
17565
17571
17573
17577
279729
17592
17593
17594
17597
279743
17602
17605
279749
279752
17612
17613
17615
17616
17618
279762
17622
279768
17625
17627
279773
17630
279776
279779
17638
17643
279787
17644
279790
17647
279792
279793
279795
17652
279797
279801
279804
279805
17664
17665
17668
17673
279818
279821
17678
17679
279823
17681
279826
17684
17688
17689
279836
279837
17694
17697
17699
17700
17702
279849
279857
17714
17715
17718
279867
17724
17727
279872
17730
17738
17740
17742
17748
17752
279896
17755
17756
279900
17760
17763
279907
17766
17769
279916
17773
279919
17776
279920
279922
279926
17783
17784
17787
279934
17794
279941
17800
17802
17807
279953
17812
279957
17815
17818
279963
279968
17828
279972
17830
279974
17832
279978
17836
279982
17840
17843
17846
279991
17848
17850
279994
17851
17853
17854
279999
17857
280002
17862
17863
280007
17865
17866
17869
280016
17876
280021
17879
17882
280029
17886
17889
280034
17893
17896
280041
17898
17900
280044
17901
280046
17904
17907
17908
17912
17913
17916
17917
17918
280062
280063
17920
17924
17928
280072
17930
17932
17934
280078
280079
280087
17944
17945
17948
280093
17950
17953
280097
17956
280101
17960
280107
17964
280109
17966
17969
280113
17972
280116
280119
17976
17978
280122
280125
17983
17985
17986
280131
17989
17991
17993
17995
17999
280147
18004
280150
18007
280151
280152
18009
18012
280157
18016
18017
18021
280165
18024
280169
18026
18029
18030
18032
280176
18036
280180
18040
280184
280186
18043
18044
280188
18046
280190
18047
18051
18053
542343
18056
18060
280205
18064
18069
18071
18072
280217
280218
18075
280222
18079
280225
18083
18084
280231
18088
280232
18091
18092
18094
18098
280242
18102
280246
18103
280248
18106
280252
18109
18110
18113
18114
280260
18120
18121
18123
280268
18126
18127
18131
18132
280277
18134
18135
18138
280282
18142
280286
18145
18151
18153
280297
18154
18157
18160
18161
280305
18168
280312
18170
280314
280316
18177
280321
18181
280325
280330
280333
280336
18194
280338
18197
18198
280343
18201
18203
280349
280350
18207
18209
280354
280355
18213
280358
18216
18221
18225
280369
280375
280380
18237
18238
18240
280385
18244
280388
18246
280391
18252
18256
18259
804694
18263
280408
18266
18267
280411
18268
280413
280415
18272
18273
18275
18277
280421
280422
18284
18286
18287
804720
18289
280436
18298
804730
18302
280446
18304
18305
18308
18309
18312
18316
18317
18319
18321
280466
18323
280468
18325
18327
280471
18331
280476
18334
280479
18338
18340
280485
18342
280486
18343
18344
280489
18348
280497
18355
18356
280501
280502
280505
18362
280507
18364
804796
18365
280509
18366
280511
18368
280512
18369
280514
18372
280516
18374
18376
280520
804809
18379
280526
18383
280528
18386
280531
18390
18393
18396
280540
18400
18402
18405
280550
18408
280552
18413
804846
18416
280563
18420
280566
280568
18425
18427
280572
18430
18433
18434
280579
18436
280581
280583
18440
18441
280594
18452
280598
18455
280602
18461
18464
18465
18468
18469
18470
18472
18473
18475
280619
18477
280621
18478
280623
280627
18484
18489
280635
18493
280637
18494
280640
18497
280642
18499
18500
280644
18505
18507
18508
18510
280654
18512
18514
280660
18517
18522
18523
280672
18529
18532
18533
280678
18536
18538
18540
18542
18544
18548
18552
280696
18554
804987
280700
18558
18562
804995
18565
18566
280710
18567
18573
18577
280722
18580
18581
18582
18584
18588
18589
280733
18592
18595
280739
18601
280745
18604
280751
18608
18611
18614
18615
280760
18618
18623
280767
18624
18625
280770
18628
280774
280781
18643
280787
280788
18645
18648
280792
18650
18652
18655
280800
280802
18661
280808
18665
280812
18670
280815
18677
18678
18680
18681
18685
18687
18694
18698
18699
280844
280846
18706
280851
18708
18711
18712
280856
18715
18717
280861
18720
18722
280867
18724
18725
280871
18728
280873
18731
280875
18732
18735
280881
280883
280885
18743
18744
280890
18748
280893
280895
280898
18757
18762
280908
280910
18768
18770
280914
280916
18776
18778
280926
280928
18785
18786
18789
18791
18793
280937
18794
18795
18797
280942
18800
280945
18805
18808
18811
280956
18813
18814
280960
18817
18818
543106
18821
18822
18825
543114
18827
18829
280973
18831
280975
18832
18834
18835
18839
280983
18842
18843
18846
280990
18847
18851
280999
18856
18862
281009
18869
18870
18872
18873
281018
281020
281022
18880
18881
18886
281032
18890
281035
18893
281038
18895
18897
18899
281047
18905
281049
281052
18909
281059
18919
18920
18923
18930
281075
18934
18935
18939
281085
18942
18943
543232
281089
281092
18949
18950
281097
18954
18957
281103
18960
18962
18964
281109
18966
18968
18972
18973
18974
18976
18977
281121
18980
18981
18983
281127
18984
18986
281130
18987
18989
18990
18992
281137
18994
281138
18997
281141
19002
19008
19010
281154
19012
281157
281158
19017
19021
19022
281168
19026
281172
19030
281175
19033
281186
19046
19050
19052
19055
281201
19058
281205
19063
281207
19065
19068
19069
281217
19074
281219
19076
19077
19079
281224
19084
19087
19088
281235
19093
281237
281242
19100
19104
19105
19109
19114
19116
281263
19120
19121
281267
19124
19125
281271
19128
19129
281275
19132
19137
19142
19145
19146
281292
19152
281297
19154
19155
281299
19157
281302
19159
19161
19164
281308
281309
281311
19168
19172
281318
19176
281322
19179
19182
281327
19184
19186
19187
19190
281334
281336
19193
19194
281340
19197
19198
19200
19201
19203
19205
281349
19208
281352
19211
19218
19225
281369
19229
281373
19232
281378
19235
19238
19240
281384
19242
19244
281390
19248
281393
281395
19252
281398
281399
19256
19259
19260
281405
19263
19264
19266
281411
19270
19271
281417
19274
19280
19284
281428
281430
19288
281432
19290
281434
805723
19293
281438
19297
805731
19303
281448
19307
19309
19311
19312
19315
19318
281462
281465
19325
19329
281474
281477
19334
19337
19341
281485
19344
19347
281501
281505
19363
19367
281513
19370
19371
19374
19375
19378
281522
19380
19382
19385
281529
19386
281532
19389
19391
19392
19396
19400
19402
281546
19406
281550
19407
19410
281555
19413
19414
281561
281564
19421
281565
19424
281568
281570
19427
19428
19432
19436
19440
19441
19443
19444
19447
19451
281598
281600
19458
19461
19465
281609
19468
19470
19472
19473
281617
19475
19478
281622
281623
19483
281628
19486
19488
543778
19491
281635
19494
19496
19504
19507
19510
19514
19519
19522
19523
281667
19526
19527
281671
19529
281673
19537
19539
19542
19544
19545
281690
281694
19552
281700
19558
19563
19564
19567
19572
281717
19575
19578
281724
19581
19585
19586
19588
19589
281733
19592
19594
19597
19598
281743
281746
19604
19606
281752
19609
19610
19613
19616
19620
19621
19625
281769
19628
281772
19631
19634
281779
19638
19642
281786
19644
281789
19646
19648
281795
19652
19653
19657
281802
19659
281806
19665
19669
19671
281815
19675
281824
281829
19687
19688
19689
19692
19697
19699
19705
281849
19707
19711
281857
19714
19715
19719
19721
281865
281867
19730
281874
19733
281878
19735
281880
19737
19742
19748
19750
19753
19758
281902
19760
281912
19769
19772
19774
19777
19778
19780
281924
281925
19783
19784
281930
19787
19788
19791
19792
19794
19797
19800
19801
19803
281948
19806
19808
281952
281957
19815
281959
19817
19818
19819
19822
19827
19829
281973
19831
19833
19835
19836
19844
19845
281990
19848
19851
19855
282000
19857
19860
282004
19861
19863
19864
282009
19867
19871
282015
19874
282018
282020
19879
282024
19881
282028
19885
282029
19888
19890
282038
19896
282040
282041
19900
19902
282047
19906
282051
19909
19910
19914
19917
19920
19922
19925
19926
19928
19931
282076
282077
19935
19937
19942
19945
19947
19949
282093
19954
282098
19955
19956
282103
19961
19963
19964
19969
19973
19975
19976
19979
19980
19983
19984
282130
19987
19989
19991
282135
19994
282139
19999
20001
282146
20003
20005
20007
282151
20009
20010
20011
20015
282159
806448
20018
20020
20024
282169
282171
20030
20034
806468
20039
20040
282184
20043
282190
806481
20050
20051
20055
20059
20061
20065
282209
20066
20069
282213
282214
20071
282217
20074
20077
20081
282227
20084
282229
806518
20088
282232
20093
20094
806526
20096
282240
20104
20107
20108
20110
20112
20114
282260
20117
20120
20122
20126
282271
20129
20130
282275
20134
282280
20139
282284
20144
282288
20145
20148
20151
282295
20153
20157
20164
20170
282315
20173
20176
282322
20179
20184
282329
20187
20195
282341
20199
282343
282345
20203
282350
282353
20214
282359
20216
282362
20219
20221
282366
20224
20225
806659
20228
20229
282374
20233
282385
20243
282387
282392
20249
20252
20253
282397
282399
20256
20260
20263
806696
20267
20270
20271
20274
282421
20278
20280
20281
282426
20284
20286
20289
20292
20293
20296
282440
544585
20298
282444
20302
20306
282451
20308
20315
20316
20320
20321
20324
20327
282471
282475
20333
282479
544624
20338
20339
20342
20343
20346
544637
20350
20352
20355
806787
282500
20358
20362
20366
20367
282513
20370
20371
20374
282519
20377
20381
20382
20385
282530
20387
20388
20391
20392
20393
20399
20401
20402
20405
20406
20408
20409
20413
544702
20416
282562
20420
282567
20427
20431
20432
282576
20437
282581
20438
20441
282585
20442
20444
282588
20445
20448
20451
282596
20453
20455
282601
20459
20460
20463
20466
20470
282617
20474
282619
20477
20478
282622
20482
282626
20483
20485
20488
20490
20492
20496
20498
20499
282646
20504
20506
282651
20511
282658
20516
282660
282667
20524
20525
282670
20527
20529
282674
20531
282676
282678
20537
282683
20542
282686
20543
20544
282689
20547
20550
282700
20557
20561
20562
20564
20567
20571
282715
20573
282720
282722
20579
282724
20583
282728
20585
20586
20590
282739
20597
282742
20600
20601
20605
20608
20611
20613
20616
282761
20622
282766
282767
282770
20629
20630
20633
20636
20637
282781
20638
282782
20643
282788
20645
20647
20649
20650
20653
282798
282799
20657
282808
20665
282810
20669
20672
282816
20675
20676
20679
20682
20683
282829
20689
20696
20698
20699
20702
20705
20706
20709
20713
282858
20716
20717
282861
20722
282867
282868
20727
20729
20730
282874
20732
20733
20736
282880
20740
20743
20748
282892
20751
282895
282898
282899
20757
20758
20761
20762
20764
20766
20770
20771
20774
20777
20778
20781
20782
282927
20784
20785
20788
282932
20794
20799
282944
20801
20802
20805
282952
20810
282955
282956
20813
282964
20821
20822
20824
20825
20827
282971
20828
282973
20831
20832
282976
20835
20837
20840
282984
20841
20847
282995
20854
20858
20863
20866
283016
20876
283020
20879
20882
20885
20887
20888
283034
545179
20898
283042
20899
20903
20907
20909
545199
20914
20915
20918
20921
283066
20925
283070
20930
283076
20936
20937
283083
20940
20941
20944
20948
283092
283097
20954
283104
20961
283110
20968
20970
20971
20974
20978
20979
20982
283126
807417
20986
283130
20988
20991
20993
20995
21002
283146
21004
21006
21007
21009
21013
283157
283159
21016
21018
283166
21024
807457
21026
21027
283172
21030
283174
21031
21032
283177
21034
21038
21039
21044
21045
21047
283194
21055
21058
283202
283211
21068
21069
21072
21074
21076
21077
21079
21082
21085
283231
21088
21091
283237
21094
21097
283243
21101
283245
21102
283251
21109
21111
21113
21114
21117
21118
21125
21128
21129
21135
21139
21141
21150
283294
21152
21157
21158
21160
21161
21166
21169
21172
283316
21175
21176
21179
21180
283326
21188
21191
21194
21195
21197
283341
21198
21200
21203
21204
21207
21211
21214
21215
283363
21221
21227
21234
21240
21242
21246
21248
21250
21255
21258
283404
21261
21263
21265
21268
21269
21272
21273
21284
21287
21288
21290
283434
21295
21296
21301
21302
21303
21305
21308
21310
21311
21314
21316
283460
21320
21323
21325
21327
21329
21330
21333
21335
283480
21337
283483
21341
283486
21344
283489
21346
21348
283492
21349
21352
21354
21355
21357
21358
283502
21361
21367
21372
21373
283517
283519
21377
283522
21379
21382
283527
21384
21386
21390
283535
283539
21397
21401
21408
283552
21412
21414
21417
21420
283565
283567
21424
21426
21428
21429
21431
21432
21434
283580
21437
283583
21441
21443
21445
21447
21452
283597
21455
21457
283604
283608
21466
21467
21470
21471
21472
283617
21474
21475
21477
21480
21483
21490
21491
21494
21496
21498
283646
21504
21506
21509
21512
21513
21516
21518
283663
21520
21523
21526
21528
283675
21533
21535
21537
21538
21541
21546
21547
283692
21552
283696
21554
283701
21558
21560
283704
21562
21566
21567
283711
21571
21573
21576
283722
21579
21582
283727
21584
21586
21587
21590
283734
283737
21594
283740
21597
21598
21601
21602
21607
21611
21614
21618
21621
283766
21623
21626
545916
21632
283777
283779
21636
283780
21640
283785
21643
283787
283789
283792
545937
283795
283796
21654
283798
283799
21656
283802
21660
21661
283805
545949
21664
283808
283811
283812
283813
21670
283815
21673
21675
283819
283823
21680
283824
545968
21681
283826
283829
21688
283832
545977
283835
21693
283839
21696
283840
283842
21699
283843
283845
21702
283846
545992
283849
21706
21707
283851
283852
21709
21710
21712
283859
283860
21718
283863
546007
283864
21722
283868
21726
546015
283873
21730
283877
21734
808166
283879
21738
283883
21741
546029
283886
283887
21744
283889
283890
21747
283892
283895
21752
283896
21754
283899
21757
283903
283904
21761
21763
21765
283909
283910
546054
283913
283914
21772
283916
21777
21780
283925
21782
21787
283931
21788
283932
21789
21791
283935
21794
21797
283941
21799
283943
21800
21803
283947
283948
21806
283950
21807
21809
283954
808242
283955
21812
283957
283958
21817
283963
283965
21822
283967
283970
808258
21827
283972
283973
21831
283975
283976
283978
283980
21837
283981
21838
283983
21840
283986
21843
546131
283989
21850
283994
283995
21852
21854
284000
21857
284001
21859
284004
21862
284006
546153
21866
284010
21869
284014
21872
21873
284019
21876
21877
284022
284028
808316
21885
284029
21887
21888
21890
284035
284036
21894
546182
284039
21896
21898
21900
284045
546190
21904
21907
284051
284053
21911
21913
21914
284058
21916
284060
284062
284063
21920
284064
284066
284067
21924
21925
21927
284072
21930
284075
21933
21936
284080
21937
21939
284083
808372
21942
284088
21945
284091
21948
808380
284094
21951
21953
284097
21955
284100
21957
284102
21959
21961
284107
21964
284110
21967
21968
284113
21971
284115
284116
21973
21974
284118
21977
21980
284125
808413
21983
21984
284128
284129
284132
808421
284134
21991
21992
284137
284138
284140
21997
21999
284145
284146
284148
22005
284150
22007
284152
22009
284153
22011
284155
22012
284156
284158
22015
284159
284161
284162
22019
284164
284165
284167
22024
284169
22026
284172
284173
22030
22031
284175
284176
22033
22034
22035
284179
284180
284182
22040
22041
284185
284187
22044
284190
284191
22050
284194
284196
284197
22054
284199
284200
22057
284202
22061
22062
284206
284210
284211
284213
22070
284214
22072
284217
22075
284221
22078
22079
284223
284224
22081
284226
284228
22085
284230
22088
284233
284235
22093
284237
284238
284240
22098
284242
284244
284245
22102
284248
22105
284249
284252
22109
284254
22112
22113
284257
22116
284262
284265
22123
284268
22126
22127
284272
22129
284274
22133
284277
22135
22136
284281
22139
22140
284284
22142
284286
22143
22144
284288
22146
284292
22150
284295
22154
284298
284299
22156
22158
284302
284304
22162
284306
22164
22165
284309
284310
22167
284312
284313
284317
22175
284319
22178
284322
284325
284328
22185
22187
284333
22191
284336
22194
284338
22195
284340
22198
284342
284345
284346
22206
284350
22207
22208
284354
22211
22213
284358
22215
284360
22217
284363
22220
284364
22221
284367
22224
22225
284370
22228
284374
22231
284375
22232
284377
22234
284380
284381
22239
22240
22242
284386
284387
22246
284390
22249
284393
22252
284396
22253
22256
22260
22263
284407
284409
22266
284412
22269
284415
284417
22274
22275
284420
22277
22278
284422
22281
22283
284427
22285
284429
22286
284430
22288
284433
284434
22292
22293
284437
22295
284440
22297
284442
22302
284448
22305
284449
22307
284451
284454
22311
22313
284457
284460
22317
22320
284464
22322
284469
22326
284470
22329
284473
284476
22334
284480
22337
22339
284483
22340
284487
284489
22348
284492
284494
22352
284497
22354
284499
546643
284500
22357
22360
284505
284507
22366
284511
284512
22370
22372
284516
284518
22376
284521
22378
284524
22381
284526
22383
22385
22386
284531
22389
284534
22392
284536
22394
22396
284540
284541
284543
22401
284545
22402
284548
22406
22409
284553
22411
22413
284558
284562
284563
22420
284565
284566
22424
284568
284570
22427
284573
22430
284575
22432
284576
22433
284582
22439
284583
22442
284589
22448
22451
22452
22455
22456
284600
284601
22458
284603
22460
22462
284606
22463
284608
284609
284611
22468
22471
284615
284616
284618
284619
22476
284621
284624
22482
284626
284628
22485
284631
22488
284633
284636
22493
22496
284640
22498
22499
284643
284646
22504
284649
22508
284652
284653
284655
22512
284656
22515
284659
284660
22519
284663
284666
22524
284670
22528
284673
22533
284677
22536
284681
22540
284684
22543
284687
22544
22546
284691
284692
22549
22550
284694
22553
284698
22556
284700
22558
284703
22563
284707
22564
284708
22565
284710
22567
284711
22570
284714
284715
284718
284719
22576
284721
22579
284724
22583
22584
22587
284731
22588
284733
284734
22591
22593
284740
22597
284742
284743
22601
284746
284747
22604
284749
22606
284750
22607
22610
284754
284756
22613
22617
22618
284762
22621
284765
284768
284772
22631
284775
22634
284778
22636
284782
22639
284784
22641
22644
284788
22647
284791
284792
22649
284796
22655
284799
284802
22661
284805
22662
284807
284808
22665
22669
284813
22671
22672
284816
22675
22676
22679
284824
22683
284827
22686
284831
22688
22690
284834
284836
22694
22698
284842
22700
22701
284845
284846
284848
284852
22709
284853
22712
22713
22715
22716
284860
809149
284862
22719
284864
284866
22723
22725
809157
284872
22731
22732
284876
284878
284880
284883
22740
22742
284887
22746
284892
22749
284894
22753
22758
284902
22760
284904
22762
284906
22765
284909
22768
284912
22769
22771
284915
284918
22775
284921
284922
22781
284925
22782
22786
22787
284931
284934
22791
22792
284938
284939
22796
284941
22799
22801
284946
284947
284949
284951
22808
284954
22811
22813
284957
22814
284958
22816
284960
22819
284964
22822
284968
22826
284971
284972
284974
284976
22834
284978
22837
284981
284983
547128
284985
284987
22845
22846
284993
22851
284995
284996
22853
22856
22857
285001
285002
22860
285004
285005
22864
285008
285011
285012
285014
22871
285018
22875
285021
285023
22881
285026
285029
285032
22889
22891
285035
22892
285036
22893
22896
285041
22898
22902
285047
22908
285053
22911
285055
22914
285058
22915
285059
22917
285065
22922
285066
22924
285071
285073
22932
22934
285081
22939
22942
285088
22948
285094
22952
22953
285097
22955
22956
22958
22959
285105
285106
285108
22969
285113
22972
285116
285118
285119
22980
285124
22983
285127
285129
285132
22989
285133
22990
22992
22993
285138
22996
22998
285142
23000
285145
285147
23004
285149
23007
285152
23009
285153
285155
23012
23013
285158
285160
285165
23024
285168
23025
285171
285175
23032
285179
23036
285182
23040
285186
23043
285188
285192
23049
23051
285195
23053
285199
23057
23061
23063
23068
23069
285215
285217
23077
285221
23080
285224
23081
285227
285228
23088
285232
285233
23091
285235
23094
285238
23096
285241
285242
23099
285245
285248
23105
285250
23109
285253
23111
285255
23114
285258
285261
547405
23119
285264
23122
285266
23123
23124
285269
285271
23128
285272
547416
285275
23133
285278
23135
23139
285283
547427
23140
285284
23143
285287
285288
285291
23148
285292
23150
285294
547438
23152
23156
285300
285304
285305
547449
285307
23164
285310
285312
285313
547460
23173
23174
285319
285321
23179
285323
23180
285325
23182
547471
285328
23185
23188
285335
23192
23194
285338
547482
23196
285341
285342
285345
23202
285348
23205
547493
23206
23208
285353
285355
23213
285357
285359
23216
285360
547504
23217
23219
285364
23221
285366
23223
23224
23225
23227
547515
23228
285372
285375
23232
285377
23234
23236
23238
285382
547526
23239
285384
23246
285391
547537
23250
23254
285398
23257
285401
23260
285404
547548
23261
23266
285410
23269
285413
285414
547559
23273
23276
285421
23278
23279
285424
285425
547570
23283
285427
285431
23290
285436
547581
23294
285439
23298
285442
285444
285447
547592
23305
23307
285451
23308
285453
23311
23313
285457
285459
547603
23317
285463
285465
23322
285469
23326
547614
285472
23329
285473
285475
23332
285477
23334
285478
23335
285481
547625
23338
285485
23343
23345
547636
23350
285494
23354
23356
285502
809790
547647
285504
23361
23362
285507
23365
23366
285510
809798
23370
285514
285516
23373
285519
23376
23379
285524
547669
285526
809814
285527
285529
23387
285532
285533
285536
547680
23393
809827
285541
23399
285543
23402
547691
23405
285550
23410
23413
23414
285559
23416
23417
285561
285563
23421
23422
285567
285569
285571
23429
285574
23432
285577
809865
23434
23436
285581
23439
23441
809873
23443
285588
285590
285593
23453
285597
285599
23457
285602
23459
285605
285606
23463
285608
23466
23469
285615
23473
23474
285618
23477
285622
23479
285624
23483
285627
23485
285629
23486
285630
23490
285634
23493
285637
23497
285641
285643
23500
285644
285646
23503
285649
23506
23507
285651
23510
285654
23512
285657
23514
23515
285659
285662
23521
285667
23526
285670
23531
23535
23538
285682
285685
285690
285696
23554
285701
547845
285705
23563
285707
23566
285712
23569
23571
285717
23574
285720
23580
285724
23581
285725
23582
285727
23584
23585
285730
23587
285731
23588
285734
810022
23591
285737
23594
23597
285742
810030
23599
285744
23601
285748
23605
23607
23608
285752
285753
23611
23613
285757
23617
285761
285763
23620
23621
285768
285770
810058
23627
285771
285773
23630
285775
23632
285777
23637
23639
23640
285788
23645
285789
285791
23648
23651
23652
23654
23656
285802
23659
23660
285805
23663
23666
285811
23668
23670
285815
285818
285820
23679
285823
23680
23682
285826
23686
23687
285831
23689
285834
285835
23692
23693
285837
23696
23697
285841
285842
285844
23701
285845
23702
285848
23705
285852
23709
285856
23713
285862
23721
23722
285867
23727
23732
285876
23733
285878
285881
285883
23740
23743
23744
285889
23746
285892
23750
23751
285896
23753
285899
23757
23758
285906
23767
285912
23769
23770
23774
23775
285919
285920
285922
23779
23781
285925
285926
23785
285930
23788
23790
285934
23792
285941
285942
23799
548087
285944
285949
23806
23809
285954
548098
285956
23813
23815
23816
23819
285963
548109
285966
285967
23824
23828
285972
285974
23832
548120
285977
23834
285979
285983
23840
285984
23841
548131
23844
285989
23847
285991
23850
285994
285997
548142
286000
23857
286001
23858
23862
286008
286009
286012
23869
286014
23871
23874
23875
286020
548164
23877
23878
286022
23880
286024
23884
286030
548175
286032
23891
23893
286037
23894
23897
286041
548186
23900
286045
23903
23908
23909
286053
548197
286055
286058
23915
286060
23918
286062
286063
23920
548208
23922
286067
23926
286071
23929
286073
286078
23935
286080
23937
286084
286085
23942
548230
286087
23947
286092
23950
23952
286096
548241
286098
23956
286100
23958
23961
23962
286106
286107
548252
286109
286110
286111
23968
286113
23971
286116
23973
23975
548263
23977
286123
23980
23981
286126
23983
286129
23986
23992
286136
23994
23996
548285
24000
24001
286146
24003
286148
286150
286152
548296
24009
24010
286154
286155
24016
286161
548307
24020
286164
24022
286166
286167
24025
24026
286171
24029
24030
286175
24032
286178
286179
24036
24037
286181
24040
286185
548329
24043
24044
286188
24047
286192
24050
24051
286196
548340
24053
286198
286200
286202
24059
286203
24062
286207
548351
286208
24065
286211
24069
286214
24071
24073
286218
548362
24076
24077
286222
24080
286224
286226
24084
286229
24086
286231
286232
286234
24091
286236
24093
286238
548384
24097
286241
24098
24099
24102
24106
286250
548395
286253
24110
24112
286257
24114
286259
286262
548406
24119
286264
24122
286271
24128
286273
548417
286275
24132
24134
24136
286280
24140
548428
286285
24142
24148
286293
24152
286296
24153
24155
286302
24159
24162
548450
286309
24166
24168
286314
24172
286317
548461
24174
286318
24176
286320
286321
286324
286327
24184
548472
24185
24187
286331
286335
24192
286336
24195
286339
548483
24198
286342
24202
286347
24206
548494
24208
286352
24210
286355
24214
286360
24217
24218
286363
24220
286365
24222
286367
24226
286370
286371
24228
548516
286374
24232
286376
24237
24238
286382
24239
548527
286384
24241
24242
286386
24245
286389
286391
24248
548538
24252
286400
24258
286403
548549
286406
24264
24267
24270
24272
286416
548560
24274
286419
24279
286423
24281
548571
24285
286430
24289
24291
286436
286437
24294
24295
286440
286444
24302
24303
286449
548593
24306
24310
24312
24313
286458
24315
24316
286460
548604
286464
24321
24322
286468
24325
548615
24328
24334
810767
286481
24338
548626
286483
24340
286485
286487
810775
286489
548637
286494
24351
286497
24354
24355
286500
24357
24358
286502
24360
286505
24362
286506
24363
286508
24366
24367
286513
24372
24374
286520
286521
24378
286523
24385
286529
24388
286532
24389
24391
286536
24394
286539
286540
286542
24402
24403
286547
286549
24407
286551
24410
24413
286557
24415
24417
24420
24424
286569
24426
286572
286573
24431
286576
286580
24438
24439
286583
286585
24443
286589
286590
24448
24449
286594
24451
24452
286597
24456
286601
286602
24459
24462
24464
286608
286610
24467
286613
286614
24472
286617
24475
286621
24479
286626
24483
286627
24484
286631
24488
24490
286634
286635
24494
24498
286643
286645
24502
24504
24506
24507
286653
24510
286655
24513
24514
286658
24517
286661
24518
286665
286667
24524
286668
24527
24529
24530
286675
24533
24535
24537
286681
286683
24540
24544
286688
24545
286690
286692
286696
286697
24556
24558
24559
286703
286705
24562
286712
24571
24572
24574
24579
24581
286727
286729
24587
286734
24592
286737
24594
24595
286740
24598
286742
24599
24601
286747
24605
286749
24606
286752
24611
286755
286759
24617
24618
286762
286764
24621
24623
24625
286771
24628
24629
24633
286777
24635
24636
24637
286781
286782
24639
286786
24643
286789
24647
286792
286793
24650
286798
24655
286800
24658
24659
286804
24661
286807
24664
286810
24668
24672
24673
286817
286819
24676
24679
286823
286824
24682
286826
286829
24686
24693
24695
24697
24701
286845
286847
286849
24709
286855
24712
24715
24716
286861
24719
286864
286868
24726
24727
24728
286872
24730
286875
24736
24739
286884
286886
24743
24745
286889
286890
24752
286897
24755
286899
24758
24760
286906
286908
24765
286911
24768
286913
24771
286915
24772
24773
24776
24778
24780
24783
286929
24786
286930
24789
24792
24793
286939
24796
24797
24798
24800
286946
24804
286948
24806
24807
24810
24811
24813
24814
286959
24817
286961
24819
286965
24823
286968
286969
24827
24831
286975
24832
286977
24835
24839
24840
24845
286989
24847
24849
24851
286997
24854
24857
24858
287002
24860
287004
24862
287006
287009
24866
287012
24870
287014
24874
287018
287021
24878
287022
287024
24881
287026
24883
24885
287029
287033
24894
24897
24899
24903
287047
24907
287051
287052
287054
24911
287056
24915
24917
24919
287063
287064
24922
24923
287067
24925
287069
287071
24930
287078
24935
287081
24938
24941
24946
24949
287093
24953
24958
287104
24965
287109
24966
287111
24968
24969
24971
287117
811405
24974
287119
24976
287123
24981
287125
811413
287127
24984
287129
24988
811421
24990
24992
287136
24998
287142
25001
25002
25004
287150
25008
25010
287155
25013
25014
25016
287163
25020
287165
811453
25022
287167
25024
25028
25029
287173
25030
25032
25034
25038
287183
25041
287185
25042
25044
287189
25048
287194
25054
25056
25058
25060
287205
287208
25066
25067
287212
287215
25072
811504
25074
287221
25078
25082
25084
287229
25086
25088
25089
287233
25092
25093
287237
25097
287241
25102
287246
25106
25108
25109
287253
25113
25114
287258
25116
287261
25118
25122
287266
287267
25125
25128
25130
287274
25132
549420
287277
25134
287279
25136
25138
287282
25139
549431
25144
287288
25146
25148
287294
287295
25152
811585
549442
25156
287300
287302
811593
287306
25163
25164
287308
549453
25166
25167
287314
25171
287316
287318
549464
25177
25179
25181
287325
287331
549475
25190
25193
25195
287341
25198
549486
811631
25202
287346
25203
287349
287351
25208
549497
25213
287359
25216
287361
25219
287364
549508
25222
25225
287369
25228
25230
287374
25232
25233
25235
25237
25238
287382
287383
25240
25241
25243
25247
287391
25249
287395
25253
287398
287401
25260
287404
25261
25265
25266
287411
25271
25272
287416
25274
25277
287422
25280
25282
25284
287430
25288
287434
25292
287439
287441
25298
287445
25303
287448
25306
287452
25309
287455
25313
287462
25319
25322
25324
287470
25328
25332
287476
287478
287480
25337
287481
25340
287484
25342
25343
25346
287490
25348
25351
287495
25353
287497
25354
287499
25359
25360
287504
25362
25363
287507
287511
25370
287515
25376
25378
287523
287525
25382
25386
25388
287536
25395
25397
25399
25401
25403
287548
287549
25407
287551
25408
25411
25414
25416
287560
25420
25421
25424
25425
287569
25427
287571
25430
25431
25433
287579
25440
287584
25443
25445
25447
25451
25453
287597
25455
25459
25460
287604
287608
25466
25470
287616
25473
25477
25479
25480
25482
25487
25490
287636
25493
287639
25498
287648
25506
287653
287656
287661
25518
25521
287665
25523
25524
287671
25528
25531
25533
287677
25537
287683
25540
25542
287686
25546
25547
287691
25550
287696
25554
25557
287702
25560
25562
25563
287707
287708
25568
25571
25574
25576
287721
25579
287724
25582
287726
25585
25586
25588
25589
25591
287736
287738
25596
25600
25602
287746
25605
25606
25610
25612
287757
25614
25616
25617
25619
287763
287766
287768
25625
25626
287772
25630
25632
25633
287777
25634
25636
287780
287782
25639
25641
25642
25644
287790
25648
287797
25655
287801
25660
287804
25661
287806
25664
25667
287811
25669
25671
287815
25673
287818
25679
287823
287824
25683
287831
25688
25689
25694
25695
25697
25698
25706
287851
25711
25713
25715
25717
287862
25720
25722
25725
25729
25732
25733
25735
287879
287881
25738
287884
287886
25743
25747
25750
25751
25753
287897
287899
25756
287900
25760
287904
25762
287909
25767
25768
25773
25776
287921
25778
25780
287924
25784
25785
25788
287938
25795
25797
287943
550091
25804
287948
25806
25807
25810
287954
25811
25813
25814
25816
287962
25820
25821
25823
25824
25827
25829
287974
25836
25838
287982
25841
25842
25845
287991
25848
25849
287994
25852
25853
25856
25859
25861
25862
25863
288008
25865
25868
25870
288015
25873
25876
25879
25880
288025
288026
25886
288030
288034
25891
288037
25894
25897
25898
25900
25902
25903
25905
288051
25909
25910
288056
25913
288058
25915
288059
25917
25918
25920
25922
25925
288069
25928
288074
25931
25933
288077
288079
812367
288082
25942
25945
288089
288097
25954
25957
25961
288108
288111
25970
288114
288116
25973
25974
288120
25977
288123
25980
288125
25984
288129
25988
25990
25993
25998
288142
26001
26002
26005
288149
26006
288151
26011
26014
288159
26017
26020
26021
288171
26029
288173
26032
26035
26036
288180
288182
26041
26044
288189
288195
26052
26053
26055
26056
288200
26058
26059
288203
26067
26071
26075
288219
26077
26080
26082
26089
288233
26092
288236
26093
26095
26096
288241
26100
288246
26104
26105
288249
26108
26112
26113
26116
26117
26119
26125
288270
26128
26130
288278
26136
288281
26139
288284
288286
26147
26149
288293
26151
288295
26156
26160
26162
26165
288316
288317
26174
26178
26182
26183
26186
26187
288332
26189
26192
26193
26196
26197
26199
26203
26205
26207
288352
26209
26211
288357
26215
26216
26222
26224
288368
26227
26228
288372
26232
288376
26233
26235
288381
26239
288383
26241
288385
26242
26246
288392
26249
288393
288396
288400
26257
288402
26259
288403
26260
288405
26262
288406
26266
288411
288413
26270
26271
26276
26277
26280
26281
288426
26284
26286
288430
550575
26288
288432
26289
288433
26294
26295
288440
288442
550586
26299
288444
26304
288448
26306
288450
26308
288452
550597
26311
26313
288458
26316
288462
288464
550608
288465
26322
26324
288468
26326
288470
288472
26329
288473
26330
288475
550619
26334
288478
26335
26337
550630
288487
26348
26349
288493
550641
288500
26360
288505
26363
288507
550652
288509
288511
288512
26371
26374
288519
550663
288522
26379
288526
26383
288528
26386
550674
288533
26390
288535
288539
26396
550685
26398
288542
26400
288547
26404
288548
26405
550696
26410
288555
288560
26418
288563
550707
288565
26423
288567
26424
26427
288571
288573
550718
26431
288575
26434
26436
288580
288582
26441
550729
26442
288587
26444
288590
26447
288591
26448
288593
26450
26451
288596
550740
26453
288599
26458
26463
288607
550751
288609
26467
288611
288614
26472
288616
26473
550762
26475
288619
26477
288621
26480
288626
288628
550773
288631
288634
26491
26493
288637
288639
550784
26499
288643
288645
288648
26505
288651
550795
26508
26510
26512
288658
26515
550806
26521
288666
26524
288669
288671
26528
288672
26529
550817
26530
288674
288676
26534
26535
288679
288681
26538
26540
288684
550828
26541
26543
812975
288689
26546
288690
26548
288692
26550
288694
26551
288695
550839
26552
288699
288701
288702
26559
812992
26561
288705
550850
26563
288708
288710
288714
26571
26573
288717
26575
288719
26578
288722
288723
288725
288726
550872
26585
288730
26587
288731
26589
288734
26591
288736
288739
26597
288741
26598
288743
26600
288744
26604
288748
288753
26611
288756
26613
288759
26616
288762
288764
26621
288766
26624
288768
288769
26626
26628
288773
26632
288777
813067
26636
288782
26639
288784
26641
288786
26643
813075
26644
288789
26647
26649
288793
26651
288796
26654
288798
26660
288804
288807
288808
288810
26668
813101
26671
288817
26674
26677
26681
288826
288829
26686
26688
288833
288835
288836
813124
26693
288839
288843
288844
26702
26703
288847
288848
26706
288850
26708
288857
288859
26716
26725
288869
26727
26728
288873
813162
288875
26733
288877
26737
26739
288886
288889
26746
26747
288892
813181
288894
288895
26753
288900
26757
26758
288903
288905
26764
288909
26766
288914
26772
288917
26776
288920
26778
288923
26781
288925
26783
288928
288929
26787
288932
26790
288934
288936
26793
26796
288940
288944
26802
26804
26806
288951
26808
288953
26812
288958
26815
288960
288961
26819
26822
26824
288969
26826
288971
288974
288976
26833
288981
551125
26838
26839
288984
26841
26842
288987
288988
288990
288991
26849
26850
26852
288997
289002
551147
26861
289006
26864
289008
26866
26870
289014
289020
289022
551169
26882
289027
26887
26889
289033
26893
289038
289040
289042
26902
26903
551191
26906
289053
289055
289060
26918
26919
289065
289067
26924
289069
551213
26927
26929
289074
289075
26934
289078
289080
551224
26937
26939
289084
26942
289086
289088
26945
289091
26948
289093
26951
26952
289096
26954
26955
289100
289101
26958
289103
26962
26963
289107
289109
26967
289112
289114
26972
289118
289121
26978
289122
289124
26981
289125
289127
26984
289129
26986
289130
26989
26992
289138
26995
26997
26999
27000
289148
27006
289150
27007
289152
27010
289155
27012
289161
27018
27019
289163
289164
27022
289166
27023
289168
27026
289173
27030
289175
27033
289177
289179
27036
27037
27039
289183
289189
289192
27051
289198
27055
289200
27060
27062
27064
289208
289209
27067
289212
27072
289216
27074
289220
27078
289223
27081
289225
27082
289228
27085
27087
289231
27088
289233
289234
27091
27093
289237
289239
27096
27099
27100
289245
27102
27107
289251
27108
289253
27115
289261
289263
27120
289266
27126
289272
27130
27131
27134
289278
27137
27138
27143
289289
27147
289291
27148
289292
289294
27152
27156
289300
27157
289302
27160
289304
27162
289306
27163
289307
289309
27166
289312
27170
27173
27174
289319
27176
289320
27179
289327
27184
27188
289332
27190
27193
289338
27195
27197
289341
289343
27201
27202
289347
27205
289349
27206
289352
27209
27212
27213
289358
27216
27218
27220
289364
27223
27224
27226
289371
289374
27233
27234
289379
27237
289383
289386
289390
289391
289393
27251
289395
27253
27256
289401
27258
289403
27260
27261
289406
27264
289411
27271
289416
27277
289422
27279
27280
289424
289426
27283
289429
289430
289432
27289
27292
27293
289437
289439
27296
289441
27298
289443
289446
27306
27307
289451
27310
27314
289459
27316
27318
289463
27320
27323
289467
289469
27326
289471
27330
27332
289476
27337
27338
289486
27343
289488
27347
289493
27350
289495
27352
27355
289499
289501
289503
289508
289510
27367
289512
289514
27373
27374
289518
27376
27377
289521
27380
289524
27381
289526
27384
27386
289530
27389
289534
27391
27393
289539
289541
27400
289544
27403
289547
289549
289551
289552
27410
27413
289559
27418
27420
289565
27422
289566
27424
289570
27427
27428
289573
27432
289577
289579
27436
27437
27440
27442
289586
289588
289592
27450
27454
289600
27457
813891
27461
289605
289606
289608
27465
27466
289610
27469
289614
289616
27475
27476
289621
27480
289624
27482
289629
27488
27491
289636
27494
289638
289639
27496
289641
27500
289644
289646
27503
27506
289651
27508
27512
289657
27515
289659
27518
289663
27521
289665
27529
289673
27530
27532
289677
289678
27536
289680
27539
289683
289685
27543
289688
289691
289692
289694
27554
27555
289701
289702
27559
289704
27564
289709
289713
27572
289716
27574
289721
289722
289724
27581
27583
289727
289728
27587
289731
27588
289733
27591
27595
27600
289745
27602
27604
27605
289749
289753
27610
27611
27612
289756
27616
27618
289764
27621
289766
289768
27630
289775
27634
289779
27637
27638
289782
27639
289784
27641
27642
289787
289790
27647
27649
289793
289795
27653
27655
27656
289802
27659
289804
27662
27663
289809
27667
27670
289817
27674
27676
27678
289823
289825
27682
27683
289828
27686
27690
289837
27694
289838
289842
27700
289845
27702
27704
289849
27709
289856
27715
289859
27716
289861
27722
27724
27725
27726
289870
27729
289876
27733
27735
289879
289880
27739
289883
289885
27745
27746
289891
27748
27750
27751
289895
27755
289899
289901
27758
289903
289905
27763
552051
27765
289909
27766
27768
27770
289914
27772
27775
289921
27778
289924
27783
289928
27785
289929
27787
289936
27794
552083
289940
27797
289943
27801
27811
289955
552099
27814
27817
27820
289966
27823
289968
814259
27828
289972
27832
289978
289983
27841
27842
27845
289989
289991
27851
289995
27853
27854
289999
27856
27857
290005
27863
290007
27866
27868
290012
27874
27878
290022
27879
290026
27884
290028
27885
290030
27890
290034
290036
290037
27894
27896
290040
290043
27902
290046
27903
27905
290049
290051
27908
290055
27914
290058
27916
290061
27918
290063
27921
290066
27925
290069
290071
290073
27931
290076
27933
290077
27936
27938
290082
27940
27941
290086
27944
290089
27948
27949
290095
290099
27956
290100
27958
290103
27960
290105
27963
27966
290112
27969
290115
290116
27973
27975
290120
27978
290122
27979
290124
290129
27986
27987
27991
290135
290137
27997
290143
28004
290149
28008
290153
28011
290155
290157
28017
290161
290162
28020
290165
28025
290169
290171
290175
28033
28034
28038
28040
290184
290186
290190
290192
290195
28052
290198
28055
290200
28058
290202
290204
290206
290207
28066
290210
814499
28072
290217
28074
290221
290222
28081
290227
28086
290230
290231
28088
814523
290236
28094
290239
28099
290243
28101
290245
28104
290248
28105
290251
28109
290253
290255
28118
290262
28119
290264
28122
28123
290268
290269
28128
290272
290277
290280
290281
28139
290283
28142
290286
290288
290290
290292
28149
290296
28154
290298
290303
290305
290309
28166
290314
290315
28172
290317
28178
290322
28181
290325
28183
290327
28186
28190
290334
290335
28192
28195
290339
28197
290344
28201
290345
290347
28204
28206
28209
28210
290357
28218
290362
290363
814653
28222
290367
290369
28226
28227
290372
28229
290374
28232
290377
290378
28235
290381
290384
290386
28243
290388
28246
290392
28249
290394
290396
28253
28254
290398
28256
28257
290401
28260
290404
290407
28266
290412
28270
290414
28271
28273
28274
290418
290421
290423
290425
28282
290428
28285
290430
28289
28291
290435
28293
28295
28296
290441
290443
28301
28302
290447
28306
290450
290452
28310
290454
290456
290459
28316
28318
290462
290467
28324
290469
290470
28328
28329
290474
28331
290476
28334
290479
28338
290486
28343
28347
28351
28352
290496
28355
290499
28357
290502
28359
290505
28362
290508
290511
28368
290513
28372
290518
28375
290521
28378
290524
28381
290527
28384
290530
290534
28391
28393
290537
28396
28398
28399
290544
28402
28404
290551
28408
28409
290554
28413
290559
28416
28417
290561
28420
28423
28424
290568
28427
290571
28430
28433
28435
28436
290580
290582
290586
28443
28444
290589
28446
28448
290592
28451
28454
28455
290599
290600
290603
28462
290609
28470
28472
290616
28474
290618
290619
28477
290621
290624
28481
28483
290629
28486
28487
290631
28490
290634
28493
290638
290639
28496
28500
290646
28503
28507
28508
28510
28511
28517
290664
28522
290666
28523
290668
290670
290671
290673
28530
290676
290677
28534
28535
28537
290681
28538
290683
28541
290686
290692
28550
290696
290698
290699
28557
290701
28560
290705
290709
28567
290712
28570
28571
290716
28574
290718
28575
290722
28588
28589
290734
290736
28593
290738
28596
290740
290742
28600
290744
28601
28604
290749
290751
28608
290753
290755
28613
290757
290759
290761
290764
28621
290768
28625
28627
290773
28633
290777
28634
290779
28638
290782
290784
28642
290786
290788
28645
290790
28647
28649
28652
28653
290798
290799
28656
290803
290804
28661
28663
290812
28669
290814
290817
28674
290819
290820
290823
290825
28682
28686
290833
28690
290835
28692
290838
28699
290844
28703
28704
290850
290851
28709
28711
290855
28712
290859
28716
290860
290863
290865
28722
290866
28724
28725
290869
290871
290873
28730
290875
28734
28735
290879
28737
290881
28740
290884
28742
28745
290889
28750
290894
28753
290897
28756
290900
290905
28763
290907
28765
290910
28768
290913
290915
290917
290919
28777
28778
290925
290928
28785
290931
28788
290935
28793
290937
28795
290942
290944
28801
28802
28805
290951
290954
28812
28813
290957
290959
28816
290961
28821
290965
28823
28827
290971
28830
290974
28831
290976
290979
28836
28838
290982
28839
290986
28843
290987
28844
28845
290989
28849
290995
28852
28856
291000
291001
28859
291003
28863
291007
291010
28869
28872
28873
291017
291019
291021
28879
28880
291024
28883
291028
28886
291030
28888
291032
291037
28895
28897
291045
28908
291053
28910
291056
28913
28914
28916
291062
28920
291065
28922
28923
291068
291071
28928
291073
291074
291076
28935
28939
291084
291085
291088
28945
291090
291092
291095
28952
291096
815384
28955
291100
28958
28959
291104
28961
291105
291108
28965
291111
291112
28969
291114
291115
291118
28979
28980
291124
291125
28984
291129
28987
28992
291138
28996
291140
291142
29001
29002
291147
29006
29009
291153
291154
29012
291156
29016
29019
29022
291166
29026
291170
291172
291173
29031
291176
291181
29038
29039
29043
29044
291188
291193
291195
29053
291197
291199
29056
291201
29060
291205
29063
291208
29066
291212
29069
815501
29071
291215
29074
291218
291222
291223
29083
291228
291232
291234
29091
29094
291239
29096
291243
29101
291245
29102
291246
291249
29107
291257
291259
29116
29117
29121
291265
29123
291268
29125
29127
291274
29131
291276
29133
291278
291280
291282
29139
29140
291285
29143
29144
291288
29148
291294
291295
29152
29153
291298
29155
29156
291301
29158
29161
291305
29163
291307
29164
29165
291310
29167
291312
29171
291315
29173
29175
291321
291323
29181
29182
291326
29185
291329
291331
29189
291334
291335
29193
29194
291338
291339
291342
291346
29203
29207
291351
291353
29212
291359
29217
291362
291367
29224
29225
29228
29230
291374
291376
29236
29237
29239
291384
29241
291387
291389
29252
291396
291399
29257
291401
29259
29261
291406
29265
291409
291411
29268
29273
291420
29278
291423
291425
29286
291432
29291
291436
291437
29295
29296
291444
29301
291446
29304
29307
291453
553598
29312
291456
29314
291458
291461
29318
291462
29322
29324
291471
291474
29331
29332
291477
29334
29336
291481
29339
29343
291487
291490
29347
29350
291495
29356
29357
291502
291505
291506
29364
29366
291511
29371
291515
29374
291520
553666
29380
291524
291528
29386
291530
553674
29389
29393
291537
29397
29398
291542
29401
291545
29407
291551
29410
291555
291556
29413
29417
291562
29421
291567
29425
29426
29429
291573
29430
29433
291577
29435
29437
291581
29441
291587
29444
29448
291595
29452
291597
29454
29455
291600
291604
291605
29462
291609
291612
291614
29473
291618
553763
291621
29479
291625
553771
29484
291629
291631
291635
29492
291641
29500
553788
291645
291648
29505
29510
291654
553798
291657
29514
291660
291664
553808
29521
291671
29529
553818
29532
291676
29534
291678
291680
29538
291682
553828
291686
29543
291690
29547
291692
291694
29554
29555
29559
291703
29560
291707
29564
291709
29566
291711
291712
29570
291715
29572
291717
29575
291719
29576
291721
816010
291724
29585
29589
291733
291735
29592
291738
29596
291743
816031
29601
291745
29604
291751
816039
29608
291756
29613
291758
291764
816055
29624
29625
291770
29628
291775
29633
291777
29636
291780
29640
291785
29642
291787
29645
29650
291794
291796
29655
291800
29658
29660
29662
291808
29665
29669
291814
291816
291818
29675
29678
291824
29683
291828
29688
291832
29690
816122
29691
291837
29694
291838
291840
29697
29701
291848
29706
291852
29709
291855
29712
29717
291862
29722
29726
291872
29730
291877
291879
29736
29737
291882
29740
291884
291886
29743
29746
291892
29749
29751
29754
291898
29758
291902
291906
291908
29765
29768
291913
29771
291915
29772
29774
291919
291920
29777
291923
29780
291924
291928
291930
29787
291932
291934
29791
291937
29794
29796
291940
291942
291944
29802
291947
29804
291950
29807
29809
29810
29812
29814
291959
29816
29818
291965
291968
29825
29828
291972
29830
291974
291978
29836
29837
291982
291984
29841
291987
29845
291989
29846
291991
29848
29851
29852
29855
292000
29858
292002
292004
292006
29864
292010
29871
292015
29872
292017
292018
29877
292022
29880
29883
292027
29886
292030
292033
29891
292035
29892
29894
292038
29895
29898
292042
29899
29902
292046
29904
29906
29907
29909
29914
29915
29920
292064
292066
29925
292069
29930
292075
29933
292080
292082
29940
292085
29944
292088
29945
29947
29948
292093
292094
29951
292097
29954
29957
292101
292102
29959
29961
292105
29963
292108
29965
29968
29969
292115
29972
292116
29973
292119
29976
29978
292123
29981
292126
29983
29984
292133
29990
29993
29995
29998
292142
292144
30002
292146
30005
30006
292150
292153
292155
30012
30015
30016
292160
30018
292163
30021
30022
292171
30028
292173
292175
292176
30035
292179
30039
292183
30041
292186
30044
292188
292191
30051
30052
292196
292199
30056
30058
292203
30061
292207
30065
30069
292213
292214
30074
292218
30076
292220
292222
30082
292226
30084
292228
30087
292237
30094
292241
30098
292243
30100
30103
292247
30104
292248
30106
292250
30110
292255
292257
292262
292264
30124
292268
292270
30127
30128
30129
292273
30131
30132
292277
292279
30136
292281
30138
292283
292286
30144
30149
292295
30152
292296
30154
292298
30156
30158
292303
30163
30164
292309
30166
292312
292313
30171
30173
292317
292318
30176
30178
292323
292325
30182
30183
30184
292330
292335
292338
30196
30197
292341
30200
292346
30203
30208
292352
292353
30210
30212
292356
292360
30219
292363
30221
292365
30224
292368
30226
30228
30230
292374
292376
292379
30238
292382
292385
30242
30244
292390
30250
292395
30252
30254
292398
292400
30257
30259
292405
30264
30266
30267
292411
292416
30275
30276
30279
292424
292425
30282
292430
30287
30291
30292
30296
30298
292443
554588
292445
292446
292448
30305
30307
292452
30309
30312
292457
30320
292465
30323
292467
30324
30329
292474
292477
292479
292482
292485
30342
30344
30345
30346
292491
30350
292494
30351
30354
292498
30356
292503
30360
30361
292507
30364
292510
30367
30370
292514
30371
292518
30375
30376
292520
292523
292526
292528
30387
30391
292535
30393
292537
292541
292544
30405
292554
30411
30413
292557
30415
292561
30422
292566
816855
30424
292569
30426
292571
292572
30430
292575
30435
292581
292583
30444
292588
292590
30449
292593
30450
30452
292596
292599
30458
292602
30460
30461
292605
30463
30464
292609
30468
292613
292614
292617
30476
292620
30479
30480
292624
30483
292627
30487
292631
292633
30490
292637
30495
292640
30498
292642
292643
30503
30505
292652
30510
30511
292656
292658
30518
30520
292665
292667
292668
30526
292671
30529
292674
30533
292677
292679
30536
30538
292685
30545
292690
292693
30550
292694
292696
30554
292698
30557
292704
292706
30563
30565
292709
292712
292715
30572
292717
292718
30577
292721
30579
292723
30584
292728
30586
292730
30587
30589
292733
30590
292735
30594
30597
292743
30600
292747
30604
292751
30608
30610
292754
30612
30615
292762
292764
30622
292766
30625
30627
292775
30633
292777
292783
292785
292787
30644
292789
292790
292798
30656
292802
30659
30661
30662
292809
292811
292813
30670
292815
292816
30673
292818
30676
292822
292823
30680
30684
292829
30687
292832
30689
30693
292838
30695
30697
292842
30700
30702
292846
292848
292851
30708
292853
30711
292857
292861
30718
292862
30722
30723
30726
30727
30728
292872
30730
292875
292877
30734
30735
30738
292883
30740
292885
292886
30743
30744
292888
30746
30747
292891
30751
292897
30756
292905
30762
30765
30770
292914
30773
292919
30776
30778
292923
292927
30784
292928
30787
292931
292933
30790
30793
30794
292938
30796
30797
292942
292943
30800
30805
292949
30808
30809
292953
30810
30812
292956
292958
30815
30817
292963
30821
292966
30823
30828
292973
30830
30831
292976
292977
30834
30835
292979
292981
292983
30842
30843
30845
292989
30846
30849
30852
293000
30857
30858
30861
293006
30863
30864
293009
293011
293014
30872
293018
30876
30877
293022
30880
293024
30883
30885
293029
30889
293033
293035
30892
293037
30896
30899
30900
30903
293052
293054
30912
293057
30915
293060
293062
30922
293069
293072
293074
293076
30933
30939
293085
30945
293090
30950
293094
293095
30952
30955
30958
293102
30963
293108
293109
293111
30970
30971
30974
293118
30975
293120
293121
30978
293124
30981
293127
30984
30985
293131
30988
293133
30990
293136
30993
293138
30996
293140
293141
293143
293146
31006
817440
293155
31012
293157
293159
31016
293163
31020
31022
31025
293170
293174
31032
31034
31036
31039
293183
293184
31041
31042
293187
31044
31045
31047
293191
293192
31049
293193
31051
293195
293197
31057
817490
31059
293204
31061
31064
293208
31066
293212
293216
31073
293217
31074
31076
293222
31079
293224
293227
31086
31088
293233
293235
31092
293236
31098
293242
31102
31105
31106
293250
293252
817540
31111
31112
293257
31114
293259
31117
31118
293262
293264
31124
31129
293274
31131
293275
293277
293278
31137
293281
31140
293289
293292
31153
293299
31156
293300
31158
293303
31161
293308
555452
31165
293311
31168
293314
293317
31177
293322
293327
31184
31185
31188
293332
31190
31191
293336
31196
293340
293342
555486
31201
293345
31202
293346
31205
293352
31209
31211
293355
31213
293357
555501
31215
31216
293360
293363
31220
31221
31227
293373
293375
31232
31233
31235
293382
31240
293384
31242
31244
293389
31246
293391
293394
31251
293401
293404
293409
31266
293411
293413
31271
31274
293424
31282
293427
31284
31286
293430
293432
31289
31293
293438
555582
31296
31297
31299
31300
293445
31304
555592
293452
31310
293456
31313
555602
293459
293460
293462
31319
31320
293465
31322
31324
555612
293470
31328
293474
293480
555625
293485
31345
293489
31348
293494
31351
293495
555642
31356
293503
31361
293505
31364
293508
31365
293514
31371
293517
31374
293518
31376
31378
293522
31380
31382
293526
31383
293529
31389
293533
31392
293537
31394
31398
293549
31409
293553
31411
293555
293560
293564
293566
31423
31425
293569
31426
31429
31431
293575
293577
31437
293583
293587
293589
31446
293591
31449
293593
31452
31458
31459
293603
31462
293606
31464
293610
293611
293614
293616
293617
31474
31476
293620
31478
293622
293624
31481
31482
31484
31486
293630
31488
293632
293636
31493
31494
293638
31497
293641
293643
31500
31503
31510
293654
293656
31513
293658
31516
293660
31517
293664
31521
293667
293673
31531
293675
293677
31537
293681
293683
31540
31546
293691
293693
31550
293695
31552
31553
293700
31557
31559
293705
31562
31565
293710
31571
31573
293717
31575
293721
31580
31583
293728
293731
293735
31593
293737
293740
31597
31598
293744
31601
293751
293752
31609
31611
293755
31616
31618
293764
31621
31623
293767
293772
31629
293774
31632
293782
31640
31646
293790
293792
293794
31653
293797
293799
293801
31664
293812
31670
293816
31676
31678
31680
293824
293828
31686
293832
31689
31690
293838
31696
31697
293843
31701
293845
293848
31706
31707
293851
293854
31711
293856
31715
293859
31717
293861
31719
293865
293866
31724
293868
31725
293870
31727
31728
293873
31730
31731
31734
293878
293880
31737
293883
31740
31741
31743
293887
31744
31747
293891
31751
31752
293897
31754
293899
31757
31761
293905
31763
293910
31768
293914
293915
31772
293918
31775
31777
31778
293922
293924
31781
293927
31784
293928
293930
31788
31790
293934
293936
31793
31795
293939
31797
293943
31800
31801
293945
31803
293949
31807
31808
31809
293954
31811
293957
31814
31820
293964
293967
31824
31826
31827
31830
293974
293976
31834
293982
31839
31844
293989
293991
31849
293994
31853
293997
31854
818286
294001
31859
31861
31863
294007
294009
31866
31869
294013
294014
31873
294017
294020
31879
31880
294026
31883
31884
294028
31888
294032
31889
31890
31892
294036
31893
31894
31896
31903
31906
294051
31909
31911
294055
294058
31915
294060
31917
31920
31922
31923
31925
294070
294072
31931
294075
31935
31937
31940
31943
294087
31945
294094
294096
31955
31960
294104
31961
31964
31966
294110
31968
294112
31970
31971
294116
31974
294122
31980
294124
31982
294126
31985
294131
31989
31991
31992
294137
31997
294141
31999
294147
32004
32007
294151
32009
32011
294156
32014
32017
294161
294165
32024
294170
32028
294172
32029
294173
32033
294177
32036
294180
294186
32044
32045
294194
32051
294197
32054
32055
294199
32058
294202
32060
32062
294206
294207
32065
32067
32068
32072
294218
294221
32078
294223
294226
32084
294230
32089
294236
32093
294238
294239
32100
294244
32102
32106
32107
294252
32109
32112
294256
32115
294259
32118
32120
32121
32124
294269
294271
32128
294273
294275
32133
294278
32139
32140
32142
294286
32145
294291
32148
32149
294293
32150
32155
294303
32160
32161
32166
32170
294314
32172
294317
32175
294321
32178
32179
294325
32184
294330
294331
294332
32189
32190
32192
32196
294340
32198
294342
32200
32202
294347
32205
294349
556494
294352
32209
294355
294357
32214
556502
32217
294362
294364
294366
32224
294368
294372
32229
294376
32235
32236
294381
32239
294384
32242
294386
294388
32245
294390
294392
32249
32251
294396
294397
32254
294400
556545
32262
32263
294408
32267
294413
294417
294418
294420
294425
556570
294429
32287
294434
294436
32293
294438
32296
294441
32299
294446
294448
294452
32309
294454
32311
32313
294457
32316
294460
294462
294464
32321
32326
32327
294471
32329
32331
294477
32338
294484
32341
294486
32343
294489
32346
32347
32351
294496
32354
294501
32359
294503
294505
32363
294509
32366
294512
294514
294516
32373
32374
294520
294523
32381
32382
294526
32383
294527
32385
32388
32389
32390
294534
294535
32394
294539
32399
294544
32402
294547
294549
32408
32409
294555
294558
294559
294561
32419
32422
294566
32424
294568
818857
32426
294570
32427
294572
294576
294578
294580
294582
32439
294585
32442
294586
32443
294587
294589
818878
32448
32451
32452
294597
32454
32455
294602
294604
32461
32465
32469
294613
32471
294616
294618
32475
294621
32480
32481
32484
32486
294631
32488
32491
294635
32495
294641
32499
294645
32503
294651
32508
294652
32515
294659
294663
32522
294667
294668
32526
32527
294671
294673
294675
294677
32534
32536
294681
32538
32540
294685
32543
294688
32548
294692
294694
32552
294698
32557
294704
32561
294706
32563
294708
32566
32568
294715
32572
32573
32575
294720
294724
294728
32588
32591
32592
294736
294739
32597
294741
32604
294750
294757
32614
32616
294766
294769
294778
32635
32636
294782
294784
32641
32643
294787
32645
294792
32652
32653
32656
32659
294804
32663
294807
294810
32667
32670
294815
32672
294817
32675
32677
294821
32678
294823
32681
294826
32683
294829
32686
32687
32689
294833
32691
294837
294839
294841
32699
32702
294848
32707
32708
294853
294856
32716
294860
32719
294864
32722
294866
32725
294870
32727
32729
32732
294877
294879
294881
32739
32742
294888
32746
294890
294893
32752
32753
32755
294899
32757
294904
294910
32768
294914
32772
294917
32774
294923
32780
294925
294926
32786
32787
294931
294932
32790
294936
32795
294939
32796
294941
32799
294943
32800
32802
294947
294949
294952
32810
294954
294959
294961
294965
32823
32826
294973
294976
294978
294981
32839
294985
294989
32846
294991
32848
32854
295000
295002
32860
295004
295008
295011
295012
295017
32874
295020
32877
295024
32881
32882
295029
32887
295032
295033
32890
32892
32895
295040
295041
32899
295043
32901
32902
295046
32904
295048
32908
32913
295059
32916
32918
295063
32920
32922
32925
295069
32928
295074
32932
295076
295077
32935
295079
32937
295083
295084
32941
32943
32945
295090
295093
32950
32952
295096
32954
295098
32956
295100
32959
32960
295104
295107
32964
32970
295114
295115
295117
32976
295120
32978
295122
295124
32984
295128
32985
32987
295133
32990
295136
295137
32994
32996
295140
32997
32999
295143
33002
295146
295149
33006
295150
295154
33011
295156
295157
33015
33016
295161
33018
295164
33024
557312
295169
33027
33030
295174
33032
33033
295177
295180
33038
295184
33041
295190
33047
33050
295194
33052
33054
295198
557343
295201
295205
33063
295208
295209
557353
33068
33072
33073
33075
33076
33078
295226
33083
33084
33086
295232
557377
295235
33092
295236
295238
33096
33101
33102
295246
295249
33106
295251
33110
295254
295256
557400
33115
33116
295261
33118
295264
33121
295267
33125
33126
33131
33133
33134
295280
295284
295286
33145
295289
295293
295295
33152
33155
295299
33160
33161
33163
33164
33170
295315
33175
295319
33177
295322
295323
33181
295325
557469
33183
295328
295333
557477
33192
295336
33194
295340
33197
295341
295342
33200
295344
295346
295350
557494
33211
295355
33214
295359
557504
295362
295365
295368
295370
295372
33229
295376
33233
295379
33241
33243
295387
819677
33247
295391
295393
33250
33251
295395
295398
33256
295401
295403
33260
33264
33270
295415
33273
295417
33275
33277
295422
33281
295426
33283
33284
295431
557576
295433
33290
33291
295435
33295
295440
33298
33300
295444
557589
295446
295451
33308
295453
295456
33314
557602
295461
33318
295466
33324
295468
295469
33327
295471
295476
295479
33336
295485
819775
295488
33346
295496
295498
295499
295501
33360
33363
33364
295511
33369
295517
33374
295519
33378
295522
33381
295525
295527
33386
33387
295531
295533
33390
33393
295537
557683
33396
33399
295544
295548
33406
33407
295551
295554
33411
295556
295559
33416
295562
33421
295565
295567
33425
33426
295570
295574
33431
33434
295578
33436
33439
295583
33441
295585
33443
295587
33445
295591
33449
295594
295598
33456
295600
295612
33469
33470
295617
33476
33481
295625
33483
33485
295629
33487
295631
295633
33491
295636
33493
295638
33495
33496
295644
33504
33506
295650
33507
295651
295655
33512
33513
295657
295658
33515
295661
33519
33520
295666
33523
33524
33528
295672
33529
295675
33533
33534
295678
295680
33538
295682
295685
33542
33547
295691
295695
33552
33553
295699
33557
295701
295703
33560
295704
33566
33567
295713
33570
295716
33573
33575
295720
33577
295722
33579
33581
295727
33584
295728
33587
295733
33590
33593
295740
33597
295742
33603
33605
295749
295751
33609
33611
33614
295758
295764
295765
33623
33624
295768
33628
295774
33631
295776
295780
33640
295785
295786
33645
33647
295793
33651
33654
295799
33657
295802
33659
295804
33661
295806
33663
33665
295812
33670
33673
33674
295822
295824
33690
33695
295841
33699
33701
33705
295849
33707
33708
295853
295860
33717
295864
33721
295873
33730
295875
33733
33739
33740
295884
295886
33743
33744
295888
295890
295892
558036
33749
33752
33754
295898
295901
33758
33760
295904
33765
295910
33769
295913
33770
295915
295917
295918
33775
295921
33778
295924
33781
295927
295929
33786
33787
295932
33789
33792
295938
33797
33798
295942
295943
295945
33804
295948
33805
295950
33807
33810
295954
33811
33814
295960
33818
295963
33820
295965
33822
295967
295969
33826
295971
33828
295973
820262
33832
33835
295979
33836
295982
33840
295985
33844
295988
295991
295993
295997
296003
33860
33864
33867
296011
296013
33870
33872
296016
33876
33877
296021
296023
296024
33881
296026
33883
33886
296032
33889
296034
33892
296037
296040
33899
296043
296046
296052
33911
296057
33915
296059
33918
296062
296068
33925
33927
296071
33928
33929
296073
296075
296077
296081
33940
33944
33946
296092
33949
33951
296095
296099
33958
296106
33965
296110
33968
296115
296119
296120
33979
296126
33987
33990
296134
296136
33995
33999
34003
296148
34005
34006
34007
34009
296153
296154
296158
296162
34021
34022
296166
34026
296170
34029
296175
34032
296177
296180
34037
296181
34039
820471
296190
34047
34053
34054
296199
34057
34059
296204
34064
34066
296211
296212
34070
296215
34074
296218
34075
558363
296221
34080
296225
34083
558371
296228
34086
34089
296235
34092
296239
34096
34097
34099
296245
558389
34104
34106
296250
34108
296252
34111
34113
296260
34117
296262
34119
34120
296265
34122
34126
34128
296272
34129
34134
296278
34136
296280
296283
296284
296286
34143
296288
34145
296291
34150
296297
34155
296299
34156
296301
296303
34160
296306
34163
296308
34166
34167
296311
296316
296317
34174
34175
296320
296321
34178
296324
296326
34185
296329
34187
296331
34192
34193
296337
296339
34197
296341
296344
34204
296348
34205
34208
296352
296354
296356
34215
34218
296365
34223
34225
34226
296370
34229
296373
34235
296379
34237
34238
296382
34241
34245
296389
296391
34249
296394
34251
296400
34258
296402
34260
34261
296405
296410
34268
296413
34271
34272
296418
296420
296425
34283
34286
296430
34288
296433
34293
296438
34297
34299
296446
34303
34306
296450
34307
34310
296454
296457
34316
296462
34321
34326
296471
34330
296474
296477
296482
34339
296485
296486
34343
296488
296491
296494
296496
34353
296497
296499
34357
34361
296505
34368
34374
296518
34376
34378
296524
34382
296527
34385
296532
296534
296537
34396
296540
34398
34400
296545
296548
34411
34414
34415
296559
34417
296563
34420
34421
296565
296568
34426
34428
34430
296574
296576
34434
34435
296579
34437
296581
34440
34448
296592
296593
34452
296597
34456
296600
296602
34460
34461
296610
34468
34471
34472
296616
34477
296621
34480
296627
296630
34487
296633
34491
296639
34496
34500
34508
820941
296656
34513
34514
296658
296659
34517
820949
34520
296665
34524
296668
34525
34528
296672
820960
34535
296679
34538
34540
34542
296686
296688
34545
296691
296692
296695
34552
34553
296702
34559
34561
296707
34564
296709
296713
34571
34573
296717
34577
296721
296723
34582
296726
34584
296728
34586
34588
296733
34590
296735
34594
296739
34596
296743
296746
34603
296748
34606
296750
296752
34613
296757
296759
34618
34622
34623
34625
296771
34629
296773
296775
34634
34637
34638
296784
34643
296789
34647
296792
34649
821082
296796
296800
34657
821089
34660
34661
296806
296810
34668
34669
296815
34672
34673
296820
296822
34679
34683
296827
296830
296833
296836
296841
296847
34708
34716
34720
296864
34725
34726
34729
296874
34731
34734
296878
34737
34739
34742
296889
34746
296891
34750
34751
296896
34760
34763
34767
296911
296913
34771
296916
34773
296921
34779
34780
296924
34787
296931
296934
34792
296936
296937
34796
34797
34800
296944
34802
34803
296949
34811
34813
296959
34819
34822
296966
34824
296968
34827
296973
296982
34839
296985
296988
296989
296992
34850
296994
297000
34857
297006
297008
34868
559158
34872
34875
821307
34876
297020
34880
297027
34885
34888
297032
34894
297039
297041
34898
559187
34900
297044
297047
297048
34906
297054
34912
34913
297057
297061
34922
34929
297076
297077
34939
297084
297090
297091
34948
297096
297097
34960
559250
34963
297109
34966
34967
297113
34974
297118
297119
34976
297121
34978
34980
34983
297129
34986
297135
34995
297139
34996
559284
297141
34999
35004
297149
35006
35010
297157
297161
35018
297164
35021
297167
35024
297169
297172
297174
297178
297183
35040
297185
297187
297189
35047
297192
297194
35052
297198
35058
297202
35064
297209
297210
559355
35069
821501
297214
35073
297218
35076
297221
35079
559368
297225
35083
35086
35087
297232
35089
821521
297234
35091
35093
297242
35099
297245
35102
297249
35106
297253
297257
297259
35116
297261
35118
35119
297267
35124
35128
35129
35131
35135
297279
35140
35146
297290
297292
297295
821584
35153
297297
35154
297301
35158
297302
35159
35161
559449
35164
297308
297311
35168
297313
35170
297315
297324
35181
297327
297329
35188
297332
297337
297339
35196
35200
297345
35203
35205
35206
35211
35214
35215
297359
297361
35219
35221
297369
35227
297372
35229
35230
35231
297379
297383
297387
35245
297398
35256
297402
35261
35262
297406
35264
297411
821699
35271
297415
35276
297420
297422
297425
297427
35285
35286
297431
35291
297435
35294
297438
297441
35298
35299
297444
35308
35312
297457
297460
35320
297466
297468
35326
35328
35329
35334
297480
297490
35347
35350
297495
35352
297498
35356
297502
35360
35362
35365
35368
297513
35370
35371
297515
35374
297519
35377
297521
35379
297524
35384
35388
297532
35389
35394
35397
297541
35400
35401
35404
297549
35407
297551
35411
35415
35418
297562
35425
297569
297570
35433
297578
35435
35437
297581
297584
35441
35443
297587
35448
35450
297598
35457
35458
297604
35463
297607
35466
297610
297612
35470
35472
297616
35474
35475
35477
35478
297624
35482
35487
35489
297633
35490
35493
297638
297641
35501
297645
297647
297648
297654
297660
297665
35523
35528
297672
35529
35531
297675
35543
35544
35545
297690
35547
297692
297697
35554
297702
35560
297704
35562
35563
297707
35567
297714
297716
297719
35576
35577
297723
35581
297728
35586
297730
35589
297733
35590
297737
35594
35596
297740
35598
35599
297743
35603
297749
35607
297751
297753
35610
559899
35615
297759
297761
297764
297766
297768
35626
297771
35632
297780
297781
35642
35643
297792
35649
297795
35652
297797
297799
35659
297806
297808
35666
35667
297811
822102
35672
297816
35674
297819
35676
297821
35678
822110
297823
297825
297833
35691
297837
822126
297839
297842
35699
35702
297846
35704
35705
297849
35707
297851
297854
297855
35716
297861
35721
297867
35724
35725
297869
35731
35734
297878
35735
35737
35740
297884
35745
297889
297897
297900
35760
297906
35764
35766
297913
35770
297915
35773
297917
297919
35776
35779
297925
35785
35787
35789
297935
35792
297940
297943
35801
35802
297947
35808
297952
35810
297955
35813
297959
35816
297961
297963
35821
297967
35824
297968
297970
35828
297972
35832
297976
297977
35834
297984
35842
35843
35846
35848
35851
297996
35854
35855
297999
298000
35858
298002
35860
298005
35862
298009
35866
298013
35875
298025
35882
298027
298034
35894
35895
298039
298043
35900
298046
35903
35906
298050
35907
298053
298055
35915
35916
298060
298063
560211
35924
35929
35931
298078
35935
298080
35937
298085
298087
560234
35950
298094
298097
35954
35955
35960
298104
35962
298106
298109
35970
35971
35974
35976
298123
35980
35982
298126
35983
298128
35987
298131
35989
298133
35991
298138
298140
35997
298142
36002
298146
36006
298154
36011
36013
298158
36016
298160
36019
298163
298166
298168
36029
298175
36032
36035
298179
36036
298181
36039
298187
298188
36045
298192
36050
36052
36056
298200
298202
36059
298206
36063
36065
36066
298211
36073
36074
298220
36079
298223
36080
298225
298229
298231
36088
298235
36092
298240
36097
298242
36100
298244
298248
36107
298251
298253
36110
36113
298260
36118
298262
36120
298265
36125
36127
298273
36131
36134
36135
298279
298281
36139
36140
36142
298287
36144
298289
36146
36147
36150
36151
298295
36153
36154
36157
36158
298303
36161
298308
36165
298309
298311
298312
36169
36170
298315
298316
36173
36174
298318
36176
36177
298321
36180
36181
36184
298329
36188
298332
298333
36191
298335
36192
298338
36195
298340
298342
36200
298344
36201
298347
36204
298350
36207
36211
298358
36215
36216
298362
36223
298368
36225
36227
298371
36228
36231
36233
298378
36236
298381
36239
298383
36240
298385
36243
298388
36245
36248
36251
298396
36253
36255
298399
36256
36259
36263
298407
298409
36266
36270
298414
298416
36274
36276
298420
36279
36282
298429
36286
36288
298432
36290
298434
36294
36295
36297
36298
36301
36303
298447
36305
298450
298452
36310
36312
298456
36317
36318
298463
36320
298465
36323
298467
36324
36327
298472
36331
36333
298480
36340
36343
36344
298489
36347
36348
36351
298495
36352
36354
36356
36358
36359
298504
36362
36363
298510
36367
36368
298512
36371
36373
36374
298518
36375
298520
36377
36381
36385
298529
36386
36390
36393
36397
36398
298544
36401
36402
36405
36406
298551
36409
298554
36413
36414
298559
298562
36419
36421
36423
36425
36426
298570
36429
298573
298575
36432
298578
36437
36440
298587
36444
298590
36447
298594
36451
36452
36455
298600
36458
36459
298604
36463
36464
36466
36467
36470
36473
36474
36477
298623
36482
36483
36485
298629
36486
298631
298633
36493
36494
298638
36497
36499
36501
298647
36505
298652
36509
36510
36513
36517
36521
298665
36522
298669
36526
36528
36529
36532
298676
36533
36536
298684
36541
36542
36545
298690
36550
36552
36553
298697
36556
298702
36563
298707
36564
298710
36567
36568
298712
36571
36572
298717
298719
36576
298721
36579
298726
36584
36585
298730
36587
36588
298732
36589
36591
298736
36593
36595
36596
298740
36599
298743
36601
298746
36603
298749
298750
36611
36612
36615
298762
36619
298764
36621
36623
36624
298768
36627
298772
298774
36632
298778
36635
36636
36637
36639
298783
36640
298786
36644
298788
298789
36648
36649
298793
36651
36655
36656
298803
36661
36664
36665
36667
36669
298814
36671
36672
36676
298822
36680
298824
298826
298827
36686
36688
298832
36690
298835
36693
298839
36696
560984
36697
298842
36700
36701
36704
560992
36705
298850
36708
298852
36709
298856
36713
298859
36716
298861
36720
36725
298871
36728
36732
36735
298879
36736
561024
298881
36738
298882
36739
36743
36744
298889
36746
298891
36749
298893
36750
36753
298897
36757
36758
298903
36761
36762
36764
36765
298909
561053
36768
298912
298913
36770
36772
298917
36776
36780
36781
298926
36784
36785
298929
36788
298932
36792
36793
298939
36796
298940
36797
36800
298944
36801
298945
36804
298948
36805
36808
298953
36811
298956
36813
36815
36816
298960
36820
36821
36826
36827
298971
36828
298973
36830
36831
36832
298977
36834
36837
298982
36841
36843
298987
36845
561133
36847
298991
36851
561141
36855
36856
299000
36860
36863
299007
299009
36866
299011
36871
299015
36874
36875
36878
36879
36882
36886
36889
299033
36890
299036
36893
299037
36894
299039
36898
299042
36900
36901
561192
36905
299051
36908
299053
36912
36913
299058
299061
36919
36921
299065
36923
36924
36928
299073
36931
36932
299076
299080
36938
299082
561226
36939
36942
36943
36946
36951
36952
299097
36954
36955
299100
36958
299102
36959
36960
299105
36962
299108
36965
36966
299112
36969
561257
36970
299115
36973
299117
36977
36978
299123
36982
299127
36985
36986
36990
36993
36994
36997
36998
299143
299145
37002
299148
37005
299149
299151
37009
37010
299155
37013
299157
37016
299160
299163
37020
37021
299167
37025
299172
299175
37032
37033
299177
299179
37036
299181
37040
37043
37048
299193
37051
37053
37057
37058
37060
299205
299207
37065
299210
37067
37070
37071
299217
37074
299220
37078
37083
37085
299229
37087
299231
37089
299236
37093
299240
37097
37098
299244
37101
37102
37103
299248
37106
37109
299254
299255
37113
37118
37122
37123
37125
299270
37129
37131
299275
299277
37134
37136
37140
37141
299285
37145
299290
37147
37149
299294
37151
37153
299297
37156
299300
299302
37159
299305
37162
37164
299308
37166
37167
299313
37170
299315
37175
299320
37177
37181
299325
823615
37184
37185
299330
37188
299332
37190
299334
37192
299337
37194
299338
299340
37197
299342
37200
37203
37204
37207
299351
37210
37211
299355
37214
37215
37218
299363
37222
299366
37224
37225
299372
37229
37232
299378
37236
299382
37240
37241
37244
299388
37245
299390
37248
37252
37254
37257
299401
37260
37261
823693
37264
37265
299411
37268
37269
823701
299416
299419
37278
37283
37284
299430
37287
37288
299433
37290
37294
299440
37298
37299
299444
37302
37305
299449
37306
37308
299453
37310
37312
37315
37316
299461
37319
823751
299464
299466
37323
37326
299470
37327
37330
299474
37331
37334
299478
37336
37338
299482
37339
299483
37342
299486
37346
37350
299495
37353
37354
299498
299500
37357
37358
299504
37362
823795
37364
37365
299511
299512
37370
299515
823803
37373
37377
299521
37378
37380
299524
37381
299527
37388
299532
823820
37390
299534
37392
299536
37396
37397
823830
299543
37400
37401
37404
299549
37407
561695
823840
37409
37411
299558
37416
299562
823850
37419
37420
299565
37423
299567
37424
37427
299572
37431
299575
37432
299577
37435
37437
299581
37439
37441
37443
37445
299589
37447
299591
37451
299595
299597
37455
37456
37459
37462
37463
37466
299611
37469
299616
37473
37477
299621
37479
37482
299628
37485
299631
37488
37492
299636
37498
299643
37501
37502
299647
37504
299650
37509
37510
37513
37517
299662
37520
37521
37524
37526
37528
299674
37532
299676
37536
299682
37540
37541
299685
37544
37545
299689
37548
37550
37552
37554
299699
37560
299704
37565
299709
37566
299711
37569
37570
299714
299717
37574
37576
299723
37580
299725
299728
37585
37586
37588
37591
37593
37595
37597
299742
37599
37601
299745
37603
37606
299751
37608
37610
299757
37614
299761
37618
37619
299763
37622
37623
299768
37626
37627
299771
37630
299774
37631
37634
37635
37638
37639
37642
299786
299788
37646
37650
37651
37652
37654
37656
299800
37658
37663
37666
37668
37670
37671
299815
37675
299821
37679
299823
37680
299825
37685
37689
37690
299835
37693
37694
37696
37699
299843
37703
37704
299850
37708
299853
37711
299855
37712
299858
37715
37716
562005
37720
37723
37724
37728
37731
299875
37734
37736
299880
299883
37741
299886
37746
37747
299892
37749
37750
299897
37756
37760
299904
37761
299906
37765
299910
37769
299915
37772
37773
299917
37777
299921
299923
37780
299927
37784
37785
37787
37790
37791
37795
37796
37798
299942
37799
299946
37803
299948
37806
824238
37810
299954
37812
299956
37814
299960
37818
824251
37821
299967
37824
37825
299969
299970
37828
299973
37831
299975
37835
299980
37838
37842
37844
299988
37846
37847
37850
37851
37852
37854
37855
300001
37858
300004
37862
37863
300008
37866
37867
37870
300014
37871
300016
37874
300019
300020
37878
300023
37882
300026
300028
37886
37887
300033
37890
37893
37894
300041
37898
300044
37902
300046
37903
37905
300049
300051
37910
300054
37911
300056
37913
37916
37917
300061
37920
37923
37924
300071
37928
37932
300077
37935
37938
300083
37940
37942
300088
37946
37947
37950
300094
37951
300097
37954
37955
300099
37958
300104
37962
37963
300107
300109
37966
37967
300112
37971
300117
37974
300119
37978
300122
37980
300124
37981
300126
37983
37984
300129
37987
300131
37988
37991
37995
300139
37996
300142
38000
300146
38003
38004
300149
38006
38007
38011
300157
38015
38019
38020
300164
38022
38026
300172
38031
38034
38035
300182
38039
300183
38040
38042
38044
300188
38046
38047
38050
38051
38054
38058
300202
300205
38062
38063
38066
38068
300213
38070
300220
38077
38078
38081
300225
38085
38087
38089
38090
300236
38093
38095
300240
300241
300243
38101
300245
38102
300248
300249
38106
300251
38109
300253
38113
300258
300260
38117
38118
38120
300266
38124
300269
38128
38129
300273
38132
300277
38134
38137
38139
38141
300288
38147
300291
300294
38152
38153
300297
300298
38155
38158
38159
38166
300310
38167
38170
300315
38172
300319
38177
300324
38181
38182
300329
38186
38189
300334
38191
38193
38194
38197
300341
38201
300345
300347
38204
824641
38210
300355
38212
300357
38214
38216
300360
38217
38221
38226
38228
300372
38230
38232
38233
38238
38240
300385
38242
38245
38248
38249
300393
38252
38253
300398
38256
38258
38260
300406
38264
300408
38268
38271
38273
300417
38276
38279
300424
38281
38284
38286
38287
38290
38291
38294
38295
38296
38298
300444
38301
300446
38303
300447
38305
300449
300451
38309
38310
38312
38313
300459
38316
38317
300463
38320
38321
38324
300470
38328
300474
38332
38333
38334
300480
38340
300484
38345
38349
300494
38353
38355
38360
300504
38361
38363
38364
38367
300511
38369
38371
300516
38376
38378
300522
38379
300525
38382
38383
300530
300532
38389
38390
300534
300537
38395
38398
38399
38401
38402
38405
38406
300550
38409
38410
300554
38411
38414
38418
38419
38421
300568
38425
300570
38427
38429
300574
38431
38433
38437
38438
300583
38442
300586
38444
38445
38448
300592
300593
38450
300596
38453
38454
300599
38456
38457
38460
562750
38464
38467
300611
38471
300615
38474
300618
38478
300622
38479
300625
38483
300627
38486
38487
300631
562776
300633
38490
38491
300635
38493
38494
300638
300640
300641
562786
38501
38503
300648
38506
38509
300655
38512
38513
38515
300660
300662
38520
38521
38524
300668
38527
300674
38531
38532
300676
38534
300679
38536
38538
38539
38542
38543
38546
38547
38549
300693
38550
38553
300698
300700
38557
38558
300702
38561
38563
562852
38566
300711
38570
38573
300718
38575
38577
300721
562865
300724
38583
38584
300728
38586
300732
38589
38590
38591
38593
300738
38596
38598
300743
38600
300748
38605
38608
38610
300754
38612
38613
562902
38617
300762
300764
38621
300766
38625
300771
38629
38631
38635
300779
38639
300785
38643
38644
300788
38647
300791
38648
38652
38654
300799
38656
38658
38660
300805
38664
300811
38668
38669
300816
38673
38676
300820
38677
300823
300825
38682
38684
38685
300831
38688
38693
300837
38696
300840
300843
300845
38702
38705
38707
38712
38715
300859
38717
38719
38721
38722
38723
38727
38729
38732
300876
38733
300878
38736
38737
38741
38744
38745
38748
300893
38750
38752
38753
300899
563043
38756
38757
38760
38761
563051
38765
300909
38766
300911
38768
38769
38773
300918
300920
300921
38778
38780
300925
38782
38784
38786
300930
38788
38789
38793
38795
38796
300940
38799
300944
300946
38803
38804
300949
38807
38808
300953
38811
300955
38815
300960
38817
38820
38821
38823
38825
300969
38829
300973
38832
38833
38835
300979
38839
38841
38843
38847
300993
38851
38853
300997
300999
38856
38857
38860
301004
301007
38864
38866
301011
38870
38873
38875
38877
301021
38878
38881
38882
38885
38886
38889
38890
38893
38897
301043
38900
38906
301051
38908
38909
38912
38913
301059
38916
301063
38920
301066
38924
38926
38929
38931
301075
38932
301078
38935
38937
38939
38940
301084
38943
38944
38946
38949
38950
38951
38953
301098
38956
301101
38959
38960
301104
38963
301107
38964
38967
38969
38971
38972
38976
301120
38979
38981
301126
38983
38984
301128
38987
38990
38992
38994
38995
301139
38998
301143
39000
39002
39003
39007
301151
39011
39012
39014
39015
301159
39019
301163
39020
39023
39025
39027
301171
39029
39030
39032
301176
39033
39037
39038
301183
39040
301184
825472
39042
39044
39048
39049
39050
39052
301196
39053
301198
301199
39056
39057
301202
39059
301205
39063
39068
39070
39072
39074
301218
39076
301221
39079
301225
39082
39084
39086
39087
301233
825521
39094
39095
39098
301243
39103
301248
39105
301251
39109
301256
39114
39116
39120
301266
39123
39126
39128
39131
39134
301278
39135
301281
39138
39139
39142
301287
39144
301289
39146
39147
39151
39152
301296
301299
39156
39159
39160
301304
39162
301309
39166
39167
39170
39171
39174
301318
39175
825607
39178
39179
301323
301325
39182
39184
301328
825617
39186
39187
301334
39191
39194
301339
825627
39198
301343
39201
301346
39203
39205
825640
39210
39213
39214
39218
39220
39221
825657
39226
301370
301372
39229
39233
39234
39237
39240
39243
301387
301389
39247
301391
301392
39249
39251
39252
39255
301400
301405
39264
39267
39268
39270
301415
39274
301419
39276
39278
301422
301424
39282
39283
301428
39286
39289
39291
301436
39293
39294
39295
39298
39300
39301
301447
39304
39308
39310
825742
301455
39312
39313
301457
39316
301464
39321
39324
39328
301475
39332
301478
39335
39336
39339
301484
39341
301486
39343
39345
39346
39348
301493
39352
39356
39357
39360
39361
39363
301510
39367
39370
39371
301516
39374
39378
39379
39382
39384
301528
39386
301532
39390
39392
301537
39394
39395
301540
39398
301542
39401
39402
301548
39405
39406
39409
301553
39412
301556
39414
301559
39416
39421
39423
301567
301569
301571
39428
39429
301574
39431
301578
39435
39436
39439
39440
39443
301587
39444
301589
39448
301592
39451
39455
301599
39459
301603
39463
39465
301609
39467
39468
39471
301618
39475
301622
301624
39481
39484
39487
39490
301634
563779
39494
301638
39495
39498
301642
39499
563787
301645
39503
301647
39504
39506
39507
301651
39510
39511
301655
39515
301660
39517
39521
301665
39525
39526
39529
39533
39534
39537
301681
301683
39541
301686
39545
39546
39549
39550
39551
301696
39553
301698
39556
39557
301702
39560
39563
39564
39567
301714
39571
39575
39580
39582
39583
301729
39587
301733
39590
301740
39598
39599
301744
39601
39602
301749
39606
39609
39611
39613
301759
39616
39617
39618
301764
39621
39625
39626
39629
301774
39632
39633
301777
39636
39637
301787
39644
39648
39649
301793
301795
39653
39655
301799
39657
301803
39660
301806
39663
39667
301811
39668
39670
39671
301817
39674
39678
301822
301824
39682
39683
301827
39686
301831
39688
39690
39694
301839
39697
301841
39698
301842
39701
39706
301850
39710
39711
39713
39716
301860
39719
39721
39724
301868
301870
39728
301873
301874
826163
39732
39733
39735
301879
39737
301882
39739
301883
39743
301887
301890
39748
39749
39752
301898
39755
39756
39759
301904
39762
39764
39766
39770
39773
301917
39778
301923
39781
39782
39785
39787
301933
39790
39791
301935
301937
39794
39795
39798
301942
39800
301947
39804
39806
301950
39808
301955
301958
39816
301960
301962
39819
39820
39823
39824
39827
39828
39831
301977
39835
39837
301981
39839
39844
301989
39847
39849
39851
301995
39852
39853
39855
39857
39859
39860
39863
39864
302009
39866
39867
39869
302013
39870
39873
302018
39876
39877
39880
302024
39881
39884
302028
39886
39888
39889
39892
39893
302040
39897
302042
302045
39902
302049
39906
39908
302054
39912
302056
39914
39916
302060
302061
39920
39921
39924
302069
39927
302073
39931
39933
302077
39936
39937
39939
39943
39944
39947
302093
39950
302097
39954
39958
302103
39961
39962
302106
39966
39967
302111
39970
302114
39973
302118
39977
302122
39981
39982
39985
39986
302130
39989
39993
302137
39995
39997
302142
39999
40001
302147
40004
40005
40008
302152
40010
302154
40013
40014
302161
40022
40024
40025
302171
40028
40030
40032
302176
302178
302179
40036
302182
40040
40041
40044
40046
40048
302192
302196
40053
40056
40058
302202
40061
40064
40068
302212
302215
40072
40073
302218
302220
40077
40078
40081
302227
40084
302229
40086
40088
302233
826521
40093
40094
40096
40097
40101
40102
302247
40104
40108
302254
40114
302259
40116
302260
40120
40121
40124
40125
302269
40128
40132
826564
40133
302279
40136
302281
40140
40141
302285
40144
302288
40145
302291
40148
40149
40152
302296
40156
40157
302301
826589
40158
302303
40160
302305
40162
40164
40166
40168
302313
40172
40173
302318
40176
40179
40181
302325
40183
40184
302331
40188
40189
40191
40193
302340
40197
40200
302344
40201
40203
302348
40205
40207
40208
40210
302354
40211
40214
564504
40219
302366
302368
40225
40227
302372
40232
40233
302377
40234
40236
564524
302381
40241
302386
40245
302389
40248
302392
40249
564537
40253
40256
40257
40258
40260
302405
40263
302408
302410
40267
302416
40275
40276
302422
40279
302424
302425
40283
302427
40285
564574
40287
40289
302433
40291
40292
564582
40295
302439
302441
40298
40302
40303
40305
40306
40309
302456
40313
40316
40321
302466
40325
40327
40331
40333
40335
302479
40337
40339
40341
40342
302488
40345
40346
40348
302493
40350
40352
302497
40357
40363
302508
40366
40367
40369
302513
40370
40375
302519
302521
40378
40380
40383
40385
40391
40392
302536
40395
302540
40399
40402
302549
40406
302552
40410
40411
302559
40416
40418
40419
40422
302568
40425
40426
564715
40429
302573
40430
302576
40433
40434
302579
302580
40438
40443
302587
40447
40448
40452
40457
302601
302602
40460
302606
302607
40464
564752
40465
302609
40467
40468
40471
40472
40475
40476
302622
302624
40481
40485
40490
302634
40491
40494
40498
40500
40501
40504
40505
302649
40509
302655
40512
40515
40516
302660
40519
40521
302666
40525
302671
40528
40530
40531
302675
40534
40536
40539
40540
302684
40543
302688
40545
302691
302693
40550
40554
564843
40557
40558
40559
40561
40563
302710
40568
40569
40573
302719
40576
302720
40579
40582
40584
40586
40587
40592
40595
40596
302742
40599
40603
40605
40609
40613
40614
40616
302763
40621
302766
40626
40628
302772
40633
302777
302780
40638
40639
40641
302787
40644
40645
40648
40650
302795
302796
302798
40655
40656
40660
40662
40663
40666
302813
40670
40673
302817
40677
40678
40680
302824
40681
302827
302830
40687
40691
40692
40695
302839
40700
302844
40701
302846
40705
40706
302850
40708
40709
40713
302857
302858
302860
40717
40720
40721
40724
40725
302870
40728
40729
40733
40737
40739
40740
40741
40743
40747
40751
40752
40755
302899
40759
40760
302906
40763
40764
40767
40768
40769
302913
302915
40772
40773
302917
302918
40780
40783
40786
40787
40790
40794
40798
40802
40803
302948
302950
40807
40809
40810
302956
40813
40815
302961
302963
40821
302965
40823
40825
302970
40827
40829
302974
40832
302978
40837
40839
302984
40842
40844
40846
40847
302991
40850
40851
302995
302997
40854
303001
40858
303002
303004
40862
40863
40866
303011
40868
303013
40871
40873
40874
40877
40878
40881
40882
40885
40887
40890
303034
40894
303038
40895
40897
303041
40901
40903
40905
40906
827339
40909
40910
40913
303060
40917
40919
40921
40922
40925
303069
303071
40929
40931
303078
40936
40939
303083
40940
303085
303086
40943
827375
40944
40946
303090
40947
40950
40952
40954
303098
40955
40958
303103
40960
40962
40964
40967
303111
827399
40968
40970
40971
303117
40974
303119
303121
40978
40979
303123
40980
40982
40984
40986
303133
40990
40992
303136
40995
40998
40999
41002
41003
41006
303153
41010
303154
41012
303156
41014
41015
41018
41023
41024
41026
41030
41031
303175
41034
41035
41038
41039
41043
41046
41054
827488
41060
41062
41063
827496
41066
303210
41069
41071
41074
41075
41077
41081
827513
41082
303227
41085
41088
303234
41092
41094
303238
41095
41098
41099
41103
41105
41108
303252
41109
303254
41112
41117
41118
303263
41120
41121
303269
41128
41129
41132
41136
41137
303281
41139
41144
303289
41148
41151
303295
41155
41156
303300
827589
303302
41159
41160
41162
41164
41166
303310
41168
41170
303315
827605
41174
303321
41179
41180
41183
41185
565473
303331
41188
41189
41192
41195
41196
41199
41202
41204
41206
827638
41207
41210
41214
41215
41217
303361
41218
41221
41222
303366
41225
565513
41229
303373
41232
303376
41234
41239
303384
303387
41244
41247
41249
303393
41252
41256
303403
41260
827693
41263
303409
303411
41268
303413
41272
41274
41275
41278
41279
41281
303427
303429
303431
41289
41290
41292
41293
41296
41297
303441
41301
303445
41303
303447
41306
41307
303454
41311
41312
303457
41314
41319
41321
41323
41325
303469
41329
41330
41332
41334
41337
303482
41340
303486
41344
41346
41348
303492
41349
303496
41358
303503
41360
41361
41363
41366
303512
41370
41371
41373
41374
41378
303523
41380
41383
303527
303530
41387
41392
41395
41397
41399
41401
41403
303547
41405
303550
41407
41411
41412
41414
303560
41417
303562
41419
41421
303565
41423
41425
41427
303573
41430
41431
41433
303577
41437
41440
41444
41446
41448
41449
41450
41452
303598
41455
41456
41459
41461
303605
303607
41464
41468
41471
41472
303616
41476
41479
41480
41483
41487
303635
41492
41494
303638
41497
41499
41502
41504
41505
41508
41510
41513
41514
41516
41520
41521
41522
303667
41524
41525
41528
41529
41533
303680
41541
41544
41545
41548
41551
41552
41555
41556
303700
41559
41560
41562
41565
41567
41570
41573
303717
41576
41580
41581
41583
41588
41589
303734
41591
41593
41595
41596
41599
41600
41603
41606
41607
41610
41611
828043
41613
303757
303759
41617
41618
41621
41623
41624
41627
303773
41632
303778
41635
41637
828069
41640
41643
303790
41648
41650
303794
41651
41654
41655
41658
303806
303808
41665
41666
41669
303815
41673
41675
41678
41679
303823
41681
41685
41692
303839
41696
303841
41700
303844
41701
41704
41705
41708
41710
41712
303857
41716
41717
303862
41720
41724
41726
41728
303876
41736
41737
41740
41741
41744
41748
41755
41757
41759
303905
41763
41767
41769
303915
41772
303917
41774
41776
41778
41782
41783
41784
41786
41788
303932
41790
41793
41794
41796
303940
41799
303944
41801
41803
41807
303951
41808
41812
41819
41824
41827
303974
41831
41832
303976
41834
303982
41839
41840
41842
41843
41846
41848
41850
41854
41855
41856
41859
41862
41863
41864
41866
41869
41871
304015
41873
41874
41877
304023
41881
41882
41885
304029
41888
304032
41892
304038
41896
41897
304042
41900
41904
41905
304050
41907
41910
41911
41915
41917
41920
41921
41924
304069
304070
41928
41930
304074
41933
566222
41936
41940
41941
41947
41948
41950
41951
304095
41953
304099
828388
41957
41958
41961
41964
41968
41969
41972
304116
41974
828406
41976
41977
304126
41984
41985
41987
41988
41991
41995
304139
41998
41999
42003
304149
42006
42007
42010
566298
42016
304161
42018
42019
304163
42020
42022
304167
42024
42026
566314
304172
42030
42034
42036
42037
304183
42040
304184
42041
42044
42048
42050
42052
42054
304199
42056
304203
42060
42061
304207
42064
42068
42069
42071
42075
42076
42080
304226
42083
566372
42087
304231
42089
42091
42092
42095
42096
42099
42101
42104
42107
42108
42110
304256
42114
304258
304260
42117
42118
42121
304265
304266
42125
42126
42129
42133
42134
304279
42138
304282
42139
566428
42142
42143
42145
304291
566436
42149
42150
42153
42157
42158
42161
42162
42165
304311
42168
42169
304314
42171
304315
42172
304317
42175
304320
42177
42179
42180
304325
566469
42183
304328
42188
304332
566477
304334
42191
42192
304343
42200
304346
42203
42208
42211
42213
42215
42216
42219
42220
42223
304367
42224
42228
42229
42231
42232
42234
42235
304379
42238
42239
304385
42242
42244
42246
304391
42250
42251
304396
42254
304398
42258
304402
42261
42262
304408
42266
42270
42274
304418
304419
42277
42278
42281
42282
304429
42286
304430
42289
42291
42295
42297
42298
42302
42304
42305
42308
304453
42312
42314
42317
42318
304463
42320
304465
42322
304471
42328
42329
42330
42332
304476
304478
42335
42336
304482
42339
42344
42348
42355
42360
42361
42363
42365
304509
42367
42371
304516
42373
42378
304523
42382
42383
42384
42386
304531
42388
42390
304536
42397
304541
42398
42401
304549
42408
304554
42411
42412
42413
42416
42419
42420
42423
42426
42430
304574
42432
304579
42436
42438
42442
42443
42445
42446
304592
42450
42453
42455
42457
42462
42465
42469
42471
42473
42474
42476
42479
42481
42482
42485
304629
42490
42494
42497
42500
42501
42504
42505
304653
42510
42511
42515
42518
42521
304667
42524
42529
42531
42532
304677
42535
42537
304684
304686
42543
42546
42547
42549
42551
42553
42560
42562
304707
42564
42565
42567
42570
304718
42575
42578
304722
42579
42581
42585
42590
304734
42591
42593
42595
42597
42599
42601
42604
304749
42606
42610
304755
42612
42614
42616
42618
304762
42620
304764
42622
42623
42626
42627
42630
42631
42634
42635
42639
42642
42643
42646
42649
42652
42656
42657
42661
42664
304808
42665
42666
42668
42669
304813
304815
42672
42675
42677
42679
42683
42684
304830
42687
42688
304833
42690
42691
42694
42695
42698
42702
304846
42703
42706
42711
42714
42715
42718
304862
42719
42721
42722
42725
42727
42731
42733
42734
42738
42739
42741
42743
42745
42749
42750
829183
42753
42757
829191
42760
42762
304906
42764
42768
304912
42771
42772
42774
42775
42776
304921
42778
42781
304925
304928
42786
42788
42789
42790
304934
42792
304936
42795
42796
304942
42799
42800
304944
42804
304948
304950
42807
42808
42811
304955
304957
42815
42816
42820
829254
42823
42825
42827
42831
42832
42835
42838
42842
42847
829280
42850
42851
304995
42854
42855
829288
42857
305002
42861
42864
305010
42867
42868
42871
42874
829306
42880
42882
42884
42887
42893
42895
305039
42897
42899
42902
305046
42904
42905
305050
42909
305053
42911
305055
42912
305057
42915
42916
567205
305064
42923
42924
567213
42927
42928
42930
42931
829363
42934
42938
42940
42944
829376
42950
42951
42953
42954
42957
42961
42962
42965
42966
42969
305113
42970
42973
42977
42978
42982
42983
42985
42986
829421
42992
42995
42997
42999
43000
43003
43004
43007
43009
43011
43012
43015
43016
43020
43022
43024
43027
43028
305172
43030
43031
43036
829469
43039
43040
43043
43044
43046
43047
829479
43050
43053
43057
43058
43062
43066
43069
305213
43072
43073
43076
305220
43077
43080
43084
43085
43088
43089
43092
305236
43093
305239
43096
43097
43100
43102
43104
43105
43109
305254
43112
43118
43119
43122
43126
43127
43130
43134
43135
43138
43139
43142
43143
43145
43149
43152
43155
43160
43161
43163
43164
43167
43168
43171
43174
43175
43176
43178
43181
43182
43185
43187
43190
43193
43194
43197
43198
43201
43204
43206
43208
43210
43216
43218
43220
43226
43230
43232
43233
43237
43238
43240
43244
43248
43252
43256
43257
43260
43264
43268
43271
43272
43275
43279
43284
43286
43287
43290
43292
43294
43298
43301
43302
43305
43309
43311
43314
43315
305461
43318
43322
43323
43326
43327
305472
43332
43334
43335
43337
43338
305483
43341
43342
43345
43350
305494
43354
43356
43357
43361
305505
43364
43368
43369
43372
305516
43373
43376
43377
43381
43382
305527
43384
43386
43389
43390
43392
43393
305538
43396
43397
43401
305549
43408
43409
43411
43415
305560
43418
43422
43424
43426
43427
305571
43430
43431
43434
43437
305582
43439
43441
43445
43448
43449
305593
43452
43453
43456
43460
305604
43462
43464
43467
43470
43471
305615
43473
43477
829911
43481
305626
43485
43486
43489
43490
43492
305637
43496
829929
43498
43501
305648
43505
43506
43508
43509
43513
305659
43516
43520
43521
43523
43526
305670
43527
43530
43533
43534
43537
305681
43538
43541
43543
43545
305692
43549
43552
43553
43556
567846
305703
43563
43565
567854
43567
43568
43571
43575
43579
305725
43582
567870
43583
43586
43588
43590
43591
305736
43594
567883
43596
43598
43599
43600
43602
305747
43605
43609
43613
43614
43615
43617
43618
43620
43625
43627
43629
43631
567921
43635
43637
43639
43641
567929
43643
43644
43645
43648
43651
43655
43656
43664
43668
43669
43671
43673
43675
43677
43679
43680
43681
43683
43685
43688
43689
43691
43695
43697
43702
43705
43707
43709
43712
43713
43715
43716
43719
43722
43730
43731
43733
43737
43742
43745
43747
43749
43754
43755
305901
43758
43759
43761
43762
43765
43766
43769
43770
43773
43774
43778
43781
43782
43784
43785
43787
43788
568078
43791
43795
43797
568086
43800
43801
43803
43804
43807
43809
43815
830248
43818
43820
43823
43825
568114
43828
43829
43832
43833
43836
43839
43841
43846
43848
43850
43852
43859
43860
43862
43865
43868
43872
43875
43879
43880
43883
43884
43887
43891
43895
43896
43900
43902
43905
43907
43909
43911
43913
43914
43920
43921
43924
43925
43927
43930
43931
43935
43938
43939
43942
43943
43946
43950
43952
43955
43961
43963
43964
43967
43970
43972
43974
43978
43983
43986
43987
43993
43994
43998
306143
44001
44005
44009
306154
44013
44015
44017
44018
44021
306165
44023
44025
44029
44030
306176
44034
44035
44037
44039
44041
306187
44045
44048
44050
44052
306198
44055
44056
44059
44062
44064
44066
44067
306220
44078
44079
44083
44084
44087
306231
44088
44090
44091
44093
44094
44097
44098
306242
44101
44102
44105
44106
44109
306253
44111
44113
44117
44118
306264
44121
44125
44128
44130
44133
44135
44137
44139
44140
306286
44143
44144
44147
44152
306297
44154
44156
44158
44162
306308
44166
44168
44169
44173
306319
44176
44177
44178
44180
44181
44184
44189
44190
44193
44196
306341
44199
44201
44203
44206
306352
44210
44214
44215
44218
306363
44223
44227
44230
44232
44235
44238
44240
306385
44242
44243
44247
44250
44251
306396
44254
44258
44259
44262
44263
306407
44266
44268
44270
44274
306418
44282
44283
44285
44289
44291
44294
44295
306440
44297
44298
44301
44307
306451
44309
44312
44316
44317
306462
44321
44326
44327
306473
44330
44333
44336
44339
306484
44347
44349
44352
44353
44357
44359
306506
44365
44370
44373
306517
44375
44377
44381
44383
306528
44385
44386
44389
44392
44394
306539
44396
44398
44400
44403
306550
44407
44409
44411
44413
44416
44420
44421
44423
44424
44427
306572
44429
44431
44436
44439
306583
44440
44443
44444
44447
306594
44451
44455
44458
306605
44462
44463
44467
44470
44471
44472
306616
44475
44476
44478
44479
44482
44483
306627
44485
44487
44489
44490
44493
44494
44497
44498
44502
44504
306649
44508
44509
44516
306660
44518
44520
44524
44525
306671
44528
44530
44533
568823
44536
306682
44539
44540
44543
568831
44545
44547
306693
44550
44551
44555
44558
44560
44566
830998
44567
44570
44574
831006
44578
44579
44582
831014
44583
44586
44587
44595
44596
44598
44599
44600
44605
44606
44609
44614
44615
44618
44620
44624
44625
831058
44628
44629
44632
44635
44636
44639
44642
44644
44646
44648
44650
44651
44654
44655
44660
44662
44666
44669
44670
44673
44675
44677
44680
44681
44684
44688
44689
44692
44693
44695
44697
44701
44704
44707
44711
44713
44716
44719
44720
831152
44724
44725
44727
831160
44732
44733
44735
44740
44743
44745
44749
44750
44753
44756
44757
44760
44761
44764
44766
44768
44770
44773
44775
44777
44778
831210
44781
44785
44790
44793
44795
44797
831229
44798
44800
44801
44808
44809
831244
44813
44814
44816
44817
44821
44822
44824
44825
44829
44832
44833
44836
44839
44841
44844
44847
44848
44851
44852
44855
44856
44859
44860
44864
44866
44870
44874
44875
44878
44881
44884
44886
44890
44892
44894
44895
44898
44899
44900
44902
44904
44907
44909
44910
44913
44914
44917
44920
44923
44926
44929
44931
44933
44938
44941
44944
44946
44947
44951
44953
44957
44962
44963
44965
44966
44970
44971
44974
44979
44981
44984
44987
44991
44995
44996
44999
45000
45003
45005
45006
45009
45010
45013
45016
45017
45020
45021
45024
45028
45032
45033
45037
45040
45041
45044
45046
45048
45049
45052
45056
45057
45060
45063
45064
45068
45069
45071
45073
45077
45080
45083
45084
45088
45091
45098
45099
45102
45106
45107
45111
45113
45114
45118
45119
45121
45125
45130
45133
45136
45137
45139
45143
45146
45147
45148
45150
45151
45154
45155
45158
45159
45162
45163
45167
45168
45170
569461
45178
45179
45181
569469
45185
45188
569477
45191
45195
45199
45200
45202
45204
45206
45207
45210
45212
45214
45215
45219
569509
45223
45225
45229
45231
45235
45236
45237
45239
45240
45242
45245
45246
45249
45256
45257
45259
45263
45266
45267
45268
45271
569560
831705
45277
45278
45280
45281
45284
45286
831718
45289
45290
45293
45297
45302
45306
45309
45310
831746
45315
45317
45318
45321
45323
45325
45330
45331
307476
45333
45335
45337
45338
45340
45341
307487
45344
45346
45348
45349
569641
307498
45356
45359
45360
569649
45362
307509
45366
45368
45370
45371
45374
45375
307520
45378
45379
45380
45382
45383
45386
45387
307531
45390
45392
45393
45397
307542
569687
45400
45407
45409
307553
45412
45414
45415
45418
45419
307564
45422
45426
45427
45430
45432
45434
45438
45439
45442
45444
45447
45451
45453
45454
45455
45457
45458
45461
45469
45470
45472
45476
45477
45480
45485
45488
45489
45495
45497
45500
45503
45504
45506
45507
45510
45511
45514
45515
45518
45521
45523
45526
45529
45530
45531
45533
45536
45540
45541
45544
45545
45547
45548
45551
45552
45555
45556
45559
45563
45564
45566
45567
45570
45574
45576
45578
45582
45585
45589
45591
45594
45597
45603
45607
45611
45612
45613
45616
45617
45619
45623
45627
45628
45630
45633
45635
45638
45639
45645
45646
45649
45651
45655
45656
45658
45662
45665
45666
45669
45670
45673
45679
45683
45686
45687
45690
45691
45694
45696
45699
45703
45706
45711
45714
45717
45721
45722
45725
45726
45730
45731
45733
45736
45737
45741
45744
45745
45748
45749
45754
45757
45759
45760
45763
45767
45768
45771
45776
45780
45781
45783
45784
45787
45788
45791
45792
45795
45800
45803
45804
45807
45809
45811
45816
45817
45819
45820
45823
45824
45827
45831
45834
45835
45837
45838
45841
45845
45848
45849
45852
45854
45858
45861
45864
45867
45869
45871
45872
45880
45881
45883
45884
45885
45887
45892
45896
45897
45900
45902
45903
45904
45906
45909
45913
45921
45922
45924
45925
45928
45931
45932
45935
45943
45947
45950
45953
45957
45958
45961
45962
45965
45966
45968
45969
45979
45984
45986
45987
45990
45997
46000
46002
308147
46005
46006
46008
46012
46015
46017
46019
46023
46025
46026
46029
46034
46036
46038
46040
46045
46046
46048
46049
46053
46058
46060
46061
46063
46064
46067
46069
46075
46083
46085
46088
46090
46095
46097
46099
46101
46104
46105
46108
46110
46112
46115
46119
46121
46123
46125
46126
46129
46133
46134
570423
46137
46138
46141
46146
46149
46153
46154
46157
46161
46165
46169
46171
46173
46174
46177
46179
46181
46183
46186
46189
46190
46193
46194
46198
46200
46201
46205
46206
46208
46209
46211
46215
46220
46222
46223
46225
46229
46230
46233
46234
46237
46238
46241
46242
46245
46246
46249
46255
46258
46261
46265
46266
46272
46275
46276
46279
46284
46286
46288
46290
46292
46295
46296
46299
46300
46302
46306
46307
46310
46312
46314
46315
46318
46319
46322
46325
46329
46333
46335
46337
46340
46341
46345
46346
46348
46351
46352
46358
46360
46362
832796
46366
46370
46373
46377
46382
46383
46386
46389
46392
46393
46396
832828
46397
46400
46402
46404
46408
46411
46412
46414
46417
46418
46420
46421
46424
832857
46428
46431
46432
46435
46437
46439
46444
832878
46447
46448
46451
46454
832886
46456
46459
46460
46463
46467
46471
46472
46474
46475
46482
46485
46487
308631
46489
46490
46493
46494
46496
46497
308642
46500
46504
46507
46508
308653
46511
46515
46516
46520
308664
46524
46527
46528
308675
46532
46534
46536
46538
46541
308686
46543
46545
46546
308697
46554
46557
46560
46562
46564
308708
46572
308719
46576
46578
46581
46584
46585
308730
46588
46589
46592
308741
46598
46600
46601
46603
46606
46607
308752
46611
833043
46612
46615
46616
46619
308763
46622
46626
46629
46630
308774
46633
46637
46641
308785
46643
46646
46647
308796
46653
46655
46656
46659
46660
46663
308807
46664
46667
46668
46671
308818
46675
46679
46682
46683
46684
308829
46686
46688
46690
46691
46694
308840
46698
46699
46703
46706
308851
46710
46711
46716
833149
46718
308862
46722
46726
308873
46730
46731
46734
46737
46740
308884
46741
46743
571031
46745
46747
46751
308895
46757
571048
308906
46763
46765
46766
46774
46777
46778
46782
46784
308928
46788
46792
46796
46798
46800
46801
46804
46808
46814
46816
46821
46825
46826
46828
46832
571123
46837
46840
46841
571131
46844
46846
46849
46850
46852
46853
46858
46860
46861
46864
46865
46869
571157
46873
46875
46876
46879
46880
46886
46887
46891
571180
46895
46898
46900
46902
46906
46911
46913
46914
46917
46921
46927
46929
571218
46931
46932
46936
46940
46943
46947
571237
46953
46955
46956
46959
46962
46963
46964
46966
46970
46971
46974
46978
46979
46982
46983
46986
46987
46990
46992
46995
46998
47002
47003
47007
47009
47016
47017
47020
47022
47024
47027
47034
309181
47038
47039
47042
47044
47047
47050
47054
833486
47057
309203
47060
47062
47064
47065
833499
47068
47069
47072
47076
47079
47080
309225
47084
47087
47090
47093
47095
47097
47099
47101
309247
47105
47110
47114
47115
47117
47118
47121
47125
309269
47126
47129
47130
47133
47134
309280
47139
47141
47145
47147
47150
47153
47158
47161
47163
47165
47167
47169
47173
47177
47181
47185
47186
47188
47191
47192
47195
47196
47199
47201
47204
47205
47207
47208
47213
47215
47216
47219
47220
47223
47224
47227
47228
47230
47233
47240
47242
47244
47246
47248
47254
47256
47260
47264
47265
47268
47269
47272
47273
47277
47281
47288
47292
47296
47297
47299
47300
47304
47305
47308
47311
47321
47324
47325
47329
47332
47339
47344
47345
47347
47350
47354
47358
47359
47362
47363
47364
47366
47367
833799
47370
47371
47375
47376
47378
47381
47386
47389
47390
47393
47395
47397
47398
47401
47405
47407
47410
47411
47413
47417
47418
47421
47422
47425
47426
47430
47431
47434
47437
47439
47442
47448
47451
47453
47457
47458
47461
47462
47465
47466
47468
47470
47473
47476
47481
47484
47487
47488
47491
47494
47495
47497
47498
47502
47505
47507
47509
47516
47518
47519
47520
47523
47524
47527
47528
47531
47535
47539
47540
47542
47545
47546
47547
47549
47552
47553
47558
47561
47562
47564
47568
47569
47575
47579
47581
47583
47586
47587
47591
47594
47597
47598
47601
47605
47607
47611
47616
47619
47624
47627
47631
47634
47635
47638
47639
47641
47650
47654
47659
571947
47662
47666
47669
47678
47682
47683
47686
47689
47692
47694
47697
47700
47701
47702
47704
47708
47709
47712
47713
47716
47721
47723
47724
47728
47731
47735
47739
47740
47744
47745
47747
47752
47753
47755
47761
47763
47770
47773
47777
47778
47782
47785
47789
47790
47793
47796
47797
47800
47801
47805
47808
47809
47812
47815
47819
47820
47823
47826
47831
47832
47834
47835
47837
47838
47842
47845
47850
47851
47854
47857
47865
47870
47871
47875
47879
47882
47887
47888
47890
47891
47895
47896
47898
47900
47902
47906
47913
47915
47918
47921
47922
47925
47927
47930
47937
47938
47940
47944
47948
47950
47952
47953
47956
47957
47962
47963
310107
47966
47969
47971
47973
47977
47979
47982
47985
47986
47990
47991
47993
47995
310139
47997
48002
48006
48009
48010
310155
48014
48017
48018
48022
48025
572315
48029
48030
48038
48039
48042
48043
48049
48050
48052
48056
48058
48060
48064
48068
48072
48075
48076
48080
48081
48084
834516
48087
48089
48091
48092
834524
48095
48098
48099
48102
834537
48106
48108
48111
48114
48115
48118
48122
48123
48126
48130
48131
834563
48133
48135
48137
48138
48139
48142
48145
48147
48148
48152
48155
48157
48159
48164
48167
48168
48174
48175
834608
48178
48179
48182
48185
48188
48189
48192
48193
48196
48197
48200
48201
48203
48204
48208
48211
48212
48215
48219
48222
48225
48226
48228
48229
48230
48232
48234
48239
48242
48246
48247
48250
48253
48254
48259
48261
48262
48265
572555
48269
48274
48280
48281
48285
48288
48289
572579
48293
48296
48297
834730
48300
48303
48304
48308
48310
48311
48314
48318
48319
48322
48323
48327
48328
48330
48333
48341
48342
48349
48353
48354
48356
48358
48360
48362
48364
48367
48372
48373
48375
48376
48379
48380
48386
48390
48393
48397
48398
48403
48404
48407
48408
48411
48412
48415
48418
48419
572709
48422
48423
48425
48426
48430
48431
48433
48436
48439
48443
48446
48449
48450
48457
48459
48461
48463
48466
48469
48470
48472
48475
48476
48480
48483
48484
48488
834921
48490
48491
48493
48497
48500
48501
48505
48508
48509
48511
48512
48514
48516
48519
48523
48525
48528
48533
48534
48536
48540
48546
48550
48557
48561
48563
48566
48569
48573
48574
48578
48581
48584
48588
48591
48592
48595
48601
48605
48610
48611
48613
48614
48615
48617
48622
48624
48626
48628
48629
48632
48635
48639
48643
48644
48646
48652
48654
48663
48671
48673
48675
48677
48681
48682
48685
48686
48690
48693
48694
48697
48698
48701
48702
48705
48709
48710
48714
48718
48720
48724
48726
48728
48730
48735
48736
48738
48741
48742
48749
48750
48752
48753
48757
48759
48760
48764
48767
48770
48771
48772
48774
48776
48778
48782
48783
48785
48786
48788
48789
48792
48793
48794
48796
48798
48800
48804
48805
48807
48808
48811
48812
48814
48815
48818
48824
48826
835258
48830
48835
48836
48838
48840
48842
48845
48850
48851
48854
48855
48856
48858
48861
48866
48867
48869
48870
48873
48875
48877
48878
48881
48882
48885
48888
48891
48894
48896
48898
48899
48902
48904
48905
48906
48910
48912
48913
48916
48920
48923
48925
48927
48928
48931
48932
48935
48936
48939
48940
48944
48947
48949
48951
48955
48956
48958
48960
48962
48964
48966
48970
48971
48974
48977
48980
48982
48984
48989
48992
48995
48996
48999
49000
49003
49008
49010
49012
49014
49016
49018
49019
49023
49024
49028
49031
49032
49034
49035
49038
49042
49043
49046
49050
49053
49057
49060
49064
49067
49071
49074
49075
49078
49079
49082
49086
49090
49091
49094
49096
49098
49109
49110
49113
49119
49120
49123
49124
49127
49128
49131
49134
49138
49144
49151
573440
49154
49155
49158
49159
49163
49166
49168
49170
49173
49175
49177
49178
49181
49182
49188
49195
49196
49199
49208
49212
49217
49218
49220
49223
49224
49228
49231
49232
49236
49237
49239
49240
49243
49245
49247
49248
49251
49255
49258
49259
49262
49263
49267
573557
49270
49274
49277
49278
49281
49282
49285
49287
49290
49293
49296
49300
49301
49304
49305
49308
49312
49313
49316
49319
49320
49324
49327
49328
49330
49333
49335
49337
49340
49341
49344
49348
49349
49353
49357
49360
49363
49365
49367
49368
49371
49375
49379
49382
49383
49386
49390
49394
49398
49401
49402
49404
49408
49409
49411
49413
49415
49420
49423
49425
49427
49429
49433
49437
49438
49441
49442
49444
49448
49449
49451
49455
49458
49462
49466
49467
49470
49474
49475
49477
49478
49481
49482
49484
49488
49489
49492
49493
49497
49500
49502
49508
49509
311654
49512
49514
49515
49518
49521
49524
49527
49528
49532
49535
49538
49540
49542
49543
49546
49550
49553
49554
49558
49562
49563
49565
49570
49574
311722
49584
311730
49587
49591
49595
49597
49598
49602
49605
49608
49609
49612
49613
49616
49617
49618
49620
49621
49624
49629
49632
49635
49636
49639
49640
49643
49644
49648
49652
49655
49659
49663
49665
49667
49668
49670
49674
311819
49678
49679
49682
49683
311827
49686
49691
49693
49699
311844
49701
49705
49706
49707
49709
311854
49713
49718
49719
311864
49725
49729
49730
311874
49733
49734
311884
49741
49742
49745
49748
49750
49754
49757
49761
49764
49768
49772
49775
574066
49783
49787
49791
49792
49794
49795
49797
574087
836231
49801
49805
49806
574095
49809
49810
49813
49817
836252
49821
574111
49824
49827
49828
49831
49833
49836
49840
49843
49844
49847
49848
49851
49852
49855
49860
49861
49863
49864
49867
49868
49874
49875
49877
49878
49882
49885
836318
49887
574178
49891
49895
49897
49901
49904
49908
49912
49914
49918
49921
49925
49927
49929
49932
49935
49938
49942
49943
49945
49951
49952
49955
49956
49959
49961
49966
49969
49973
49977
49980
49983
49987
49989
49991
49993
49994
49997
49998
50004
836438
50008
50009
50012
50014
50019
50022
50025
50029
50033
50037
50038
50046
50047
50049
50050
50053
50056
836491
50061
50063
50066
836499
50069
50071
50074
50075
836509
50080
50082
50086
50088
50091
50093
50095
50098
50103
50104
50106
50110
50114
50117
50121
50122
50123
50125
50126
50129
50132
50136
50137
50141
50145
50147
50149
50152
50154
50159
50164
50166
50172
50173
50176
50177
50179
50183
50185
50187
50188
50190
50191
50194
50198
50199
50202
50203
50205
50207
50210
836644
50213
50214
50215
50217
50218
50220
50223
50226
50230
50231
50235
50238
50239
50242
50246
50247
50250
50251
50254
50255
50258
50259
50262
50263
50266
50268
50270
50273
50275
50277
50278
50282
50286
50289
50290
50294
50295
50298
50301
50304
50305
50307
50311
50317
50319
50323
50324
50328
50333
50334
50336
50337
50340
50341
50344
50347
50348
50351
50354
50355
50358
50359
50362
50365
50369
50372
50376
50379
50380
50387
50390
50393
50394
50395
50397
50401
50403
50406
50408
50412
50414
50419
50423
50424
50426
50427
50430
50435
50439
50442
50443
50445
50451
50453
50455
50459
50460
50463
50466
50470
50474
50475
50478
50479
50483
50485
50486
50488
50489
50490
50492
50496
50498
312644
50501
50502
50507
50510
50511
50514
50518
50519
50522
50527
50529
50530
50536
50541
50542
50546
50549
50552
836986
50556
50557
50559
50564
50566
50573
50577
50578
50581
50584
50585
50588
50589
50592
50595
50599
50600
50602
50603
50605
50608
50612
50613
50617
50618
50620
574911
50624
50627
50631
50632
50635
50639
50642
50644
50646
50648
50651
50655
50657
50661
50664
50665
50668
50669
50672
50676
50680
50681
50684
50685
50690
50692
50693
50696
50700
50704
50706
50709
50710
50712
50716
50717
50720
50721
50724
50727
50728
50731
50734
50737
50741
50744
50748
50750
50752
50754
50757
50758
50760
50761
50764
50770
50773
50775
50777
50780
50783
50784
50788
50791
50792
50794
50797
50801
50804
50809
50810
50812
50813
50816
50820
50824
50828
50830
50831
50834
50839
50840
50843
50844
50846
50848
50851
50858
50861
50862
50865
50866
50869
50874
50877
50881
50883
50887
50889
50890
50893
50897
50900
50904
50905
50908
50911
50913
50915
50919
50922
50923
50926
50928
50931
50932
50934
50938
50940
50942
50946
50947
50950
50955
50957
50958
50960
50961
50965
50967
50972
50975
50978
50979
50982
50986
50987
50990
50995
50997
51000
51001
51004
51005
51007
51011
51012
51014
51016
51018
51022
51030
51035
51038
51039
51043
51044
51050
51053
51054
51058
51060
51064
51067
51070
51073
51078
51081
51082
51084
51087
51090
51091
51094
51096
51100
51101
51104
51105
51108
51111
51114
51115
51118
51119
51123
51124
51127
51131
51134
51137
51138
51140
51143
51144
51147
51148
51151
51152
51156
51160
51161
51164
51168
51171
51172
51175
51177
51180
51183
51187
51188
51191
51195
51201
51203
51207
575496
51210
51213
51214
51217
51219
51222
51225
51226
51229
51230
51233
51234
51238
51241
51242
51246
51248
51249
51252
51256
51257
575546
51260
51261
51264
51268
51271
51273
51276
51280
51284
51285
51287
51290
51291
51294
51295
51298
51299
51302
51306
575596
51317
51319
51321
51324
51330
51332
51334
51337
51338
51341
51342
51344
51346
51350
51352
51356
51360
51361
51363
313508
51369
51372
51377
51381
51382
51385
51387
51389
51393
51397
313542
51400
51401
51403
51404
51407
51412
313557
51415
51418
51423
51424
51426
51428
51430
51434
51438
51439
837873
51442
51444
51446
51448
51451
51454
51455
51457
51458
51464
51465
51468
51469
51471
51475
51478
51479
51485
51488
51489
51491
51494
313638
51496
51499
51501
51502
313648
51505
51506
51510
51514
313658
51517
51522
313668
51525
51526
51529
51530
837963
51533
313681
51540
51545
837979
51550
51552
51553
313698
51557
51558
51560
51565
51566
51568
51570
51572
51573
51576
51580
51581
51585
51590
51595
51600
51601
51604
51609
51610
51613
51618
51620
51624
51628
51629
51632
51633
51637
51640
51642
51644
51648
51649
51652
51657
51659
51661
51663
51664
51667
51669
51670
51673
51676
838111
51680
51681
51684
838119
51689
51692
51695
51696
51699
51703
51704
51708
51711
51712
51715
51720
51721
51726
51727
51731
51734
51739
51746
51750
838182
51754
51758
51760
51762
51763
51766
51767
51769
51770
51774
51775
51777
51778
51781
51785
51786
51789
51790
51794
51797
51801
51802
51804
51805
51808
51812
51816
51817
51820
51823
51824
51827
51828
51834
51835
51838
51839
51843
51846
51847
51849
51850
51856
51859
51863
51866
51867
51870
51872
51874
51875
51879
51880
51882
51886
51890
51891
51893
51898
51899
51902
51903
51905
51910
51913
51916
51917
51918
51920
51922
51924
51925
51936
51938
51939
51944
51945
51948
51951
51956
51957
51959
51960
51963
51966
51968
51970
51971
51974
51975
51978
51979
51982
51986
51987
51990
51993
51995
51997
51999
52000
52007
52010
52015
52017
52020
52021
52025
52026
52028
52032
52036
52039
52042
52044
52047
52052
576342
52055
52056
52059
52060
52063
52064
52067
52070
52071
52073
52074
52077
52081
52084
52086
52087
52090
52094
52096
52097
52100
52107
52108
52110
52115
52117
52121
52122
52125
52127
52130
52132
52136
52140
52141
52144
52147
52150
52155
52157
52162
52163
52166
52170
52171
52176
52179
52182
52183
52186
52187
52190
52193
52198
52199
52202
52206
52207
52208
52211
52214
838647
52219
52220
52222
52225
52229
52235
52238
52241
52243
52244
52247
52248
52251
52260
52262
52263
52266
52272
52273
52277
52283
52287
52288
52291
52294
52295
52298
52299
52303
52307
52311
52312
52314
52315
52318
52323
52324
52327
52328
52331
52334
52335
52338
52342
52347
52351
52352
52355
52359
52361
52364
52365
52368
52369
52372
52375
52376
52381
52383
52389
52390
52391
52393
52394
52397
52400
52401
52404
52405
314550
52408
52410
314558
52417
52421
52422
52426
52427
52429
52430
52433
52434
52437
52440
52444
52446
52448
52451
52452
52456
314601
52460
52461
52464
52467
52470
52471
52475
52478
52481
314626
52483
52484
52487
52491
52495
52496
52499
52500
52503
52507
52511
52515
52518
52519
52522
52524
52526
52530
52531
52533
52537
52538
52540
52541
52544
52548
52549
52550
52553
52554
52556
52560
52563
52567
52568
52570
52573
52577
52580
52581
52585
52587
52588
52591
52592
52595
52596
52597
52599
52602
52603
52606
52611
52612
52615
52618
52622
52623
576913
52626
52628
52632
52636
52640
52642
52646
576934
52647
52650
52651
52654
52655
52661
52662
52664
52667
52671
52672
52678
52680
52682
52683
52685
52686
52689
52690
52693
52696
52698
52700
52702
52706
52707
52710
52711
52714
52716
52718
52719
52724
52727
52730
52732
52733
52737
52738
52740
52741
52742
52744
52748
52750
52751
52755
52756
52758
52759
52762
52763
52769
52774
52778
52779
52782
52783
52786
52789
52791
52792
52795
52799
52802
52805
52806
52809
52810
52813
52814
52823
52825
52827
52831
52832
52834
52840
52841
52844
52845
52848
52850
52853
52855
52857
52859
52861
52863
52865
52867
52869
52873
52874
52876
52877
52881
52884
52889
52891
52892
52895
52896
52899
52902
52903
52908
52913
52916
52921
52922
52928
52929
52934
52935
52938
52942
52943
52947
52948
52950
52951
52954
52955
52959
52962
52963
52966
52970
52974
52978
52981
52986
52988
52989
52992
52998
52999
53000
53002
53003
53004
53006
53009
53014
53017
53018
53021
53022
53024
53025
53026
53028
53029
53033
53036
53038
53040
53049
53050
53056
53061
53063
839495
53065
53070
53072
53076
839508
53080
53083
53084
53087
53088
53091
53094
53097
53101
53105
53108
53110
53113
53114
53117
53119
53120
53124
53127
53128
53132
53135
53137
53139
53140
53141
53143
53144
53147
53151
53153
53156
53160
53162
53163
53166
53170
53174
53178
53179
53182
53184
53186
53189
53190
839625
53196
53201
53202
53204
53207
53208
53212
53213
53216
53217
315368
53226
53229
53234
53235
53237
839669
53238
53241
53243
53245
53246
53250
53252
315399
53256
53258
53262
839694
53263
315409
53266
53274
53275
53278
53279
53282
53286
53289
315433
53290
53295
53299
53300
53303
53304
839737
53307
53308
53312
315456
53313
53315
53319
53323
53325
53327
53328
53329
53332
53335
53336
53339
53342
53344
53351
53352
53354
53363
53365
53369
53370
53373
53377
53378
315525
53382
53383
53385
53386
53389
315533
53390
53393
53395
53397
53399
53402
53403
53405
315550
53408
53410
53412
53414
53416
315560
53419
53422
53423
53426
53430
53434
53435
53439
53442
577733
53446
53447
53450
53452
53456
53457
53459
53461
53462
53467
53468
53475
53477
53479
53480
53483
53486
53488
315632
53490
53491
53494
53495
53499
53500
315645
53502
53506
53508
53510
53513
315658
53516
53517
53521
53522
53526
53529
53530
53533
53537
53541
577831
53546
53548
53552
53553
53556
53558
53560
53565
53567
53568
53571
53572
53575
53576
53579
53583
53584
53587
53590
53591
53594
315739
53597
53598
53602
53605
53609
53612
53615
53616
53619
53620
53626
53627
53630
53633
53637
53638
53641
53642
53643
53645
53649
53650
53653
53656
53657
53660
53661
53664
53668
53669
53672
53677
53680
53681
53684
53688
53691
53692
53696
53699
53700
53703
53704
53706
53707
53710
53714
53717
53721
53725
53727
53729
53732
53735
53737
53740
53741
53743
53744
53748
53752
53759
53762
53764
53766
53767
53770
53774
53778
53780
53783
53786
53787
53791
53794
53795
53797
53798
53801
53805
53809
53812
53814
840247
53816
53817
53821
53823
53824
53828
53831
53832
53836
53837
53839
53840
53841
53843
53844
53847
53848
53851
53852
53855
53858
53861
53865
53866
53869
53871
53878
53881
53885
53886
53889
53893
53897
53901
53902
53905
53906
53909
53913
53915
53919
53921
53933
53935
53938
53942
53944
53945
53948
316092
53949
53952
53956
53957
53961
53962
53966
53969
53970
53972
53974
53977
53982
53984
53987
53988
53991
53993
53995
53996
54000
54003
54007
54010
54011
54014
54019
54020
54024
54027
578318
54031
54034
54039
54042
54043
54046
54050
54051
54054
54055
54060
54064
54067
54068
54071
54072
54073
54076
54080
54083
54084
54087
54091
54092
54100
54103
54106
54107
54110
54111
54114
54115
54118
54122
54123
54125
54130
54131
54133
54137
54141
54142
54147
54148
54151
54152
54156
54162
54166
54170
54177
54180
54184
54185
54188
54191
54193
54195
54198
54199
54202
54206
54208
54209
54212
54213
54217
54220
54221
54222
54225
54226
54228
54229
54230
54232
54233
54238
578527
54242
54243
54245
54249
54250
54254
54255
54257
54258
54261
54265
54266
54268
54272
54275
316419
54276
54280
54283
316427
54287
54291
54293
54295
54299
54300
316445
54304
54307
54311
54315
54316
54318
54320
54322
54323
54326
54327
54329
54330
54333
54334
54340
54342
54345
54346
54348
54351
54354
54360
54362
54363
54365
54367
54370
54375
54376
54379
54380
54383
54386
54387
54390
54394
54398
54401
54404
54409
54412
54413
54416
54417
54420
54422
54425
54427
54429
54433
54434
54437
54440
54441
54444
54446
54448
54449
54452
54453
54456
54462
54463
54466
54472
54474
54476
54477
54485
54488
54489
54492
54493
54497
54498
54501
54504
54505
54509
54512
54514
54518
54519
54522
54526
54527
54529
54530
54533
54534
54538
54540
54544
54546
54550
54552
54556
54561
54564
54571
54572
54574
54578
54579
54583
54586
54588
54591
54595
54596
54600
54603
54606
54607
54610
54612
54618
54619
54622
54623
54626
54627
54630
54635
54638
54643
54644
54646
54648
54651
54654
841087
54657
54658
54661
54662
841095
54668
54672
54676
54677
54683
54687
54689
54691
841123
54694
54698
54699
54702
54706
578997
54710
54713
54717
579005
54720
54721
54725
54728
579016
54732
54735
54736
841169
54738
54743
54745
54747
54748
54749
54751
54752
54755
54757
54759
54764
54767
54768
54771
54773
54775
54776
54779
54780
54783
54784
54787
54788
54790
54791
54793
54796
54797
54799
54802
54805
54811
54813
54815
54819
54823
54824
54827
841260
54830
54833
54835
54837
54838
54840
54842
54844
54846
54850
579138
54854
579145
54858
54861
54863
54865
54866
54869
54872
54879
54880
54883
54885
54889
54891
54892
54895
54897
54899
54904
54905
54908
54912
54915
54918
54920
54922
54927
54930
54933
54935
54937
54941
54944
54946
54952
54953
54956
54959
54961
54965
54969
54970
54973
54975
54976
54979
54982
54986
54987
54990
54991
54995
54996
54999
55002
55003
55006
55010
55012
55013
55020
55023
55027
55030
55031
55032
55034
55038
55041
55045
55049
55056
55057
55060
55061
55064
55065
55068
55070
317214
55072
55073
579363
55076
55077
55081
55085
55090
55091
55095
55098
317243
55103
55104
55106
55107
55109
55110
55113
55116
55117
55120
55121
55124
55128
55131
55132
55135
55138
55139
55142
55145
55151
55153
55156
55157
55160
55161
317306
55164
55169
55172
55173
55175
55179
55183
55188
55189
55191
55192
55195
317340
55197
55199
55200
55203
55207
55208
55210
55211
55213
55216
55219
55220
55222
55223
55227
55230
55233
55237
55240
55243
55249
55251
55253
55257
55259
55261
55262
55265
317411
579557
55273
55276
55277
55278
317424
55281
55283
55287
55289
579577
55290
55293
55294
55297
55301
55307
55308
55311
55313
55315
55316
55319
55320
55325
55326
55330
55335
55338
55340
55343
55346
55347
55352
579640
55356
55357
55361
317505
55362
55364
55365
55368
841800
55369
55375
55376
55378
55380
55383
55385
55390
55393
55396
55397
55400
55401
55404
55405
55408
55410
55412
55417
55420
55422
55424
55428
55430
55433
55437
55441
55443
55444
55447
55449
55451
55456
55459
55460
55467
579755
55472
55474
55476
55477
55480
55481
55484
55485
55488
55489
55491
55496
55499
55502
55504
55509
55510
55512
55515
55519
55523
55525
55528
55529
55533
55534
55536
55537
55539
55540
55541
55543
55547
55548
55550
55551
55553
55557
55559
55561
55563
55564
55567
55571
55575
55579
55582
55586
55588
55590
55592
55594
55597
55600
55601
55605
55606
55608
55609
55612
55614
55616
55619
55620
55623
55624
55627
55629
55631
55635
55639
55640
55643
55644
55646
55647
55651
55654
55657
55659
55662
55663
55665
55670
55677
55681
55685
55688
55689
55690
55692
55695
55696
55709
55710
55713
55714
55717
55721
55725
55726
55730
55734
55737
55739
55741
55744
55746
55748
55749
55752
55754
55758
55759
55762
55763
55766
55767
55771
55774
55778
55780
55784
55787
55788
55790
55791
55794
55799
55800
55802
55803
55810
317955
55812
55816
55817
55820
55823
55824
55825
55827
55828
55830
55833
55837
55838
55841
55842
55845
55849
55853
55858
55865
55868
580158
55873
55876
580166
55880
55883
55884
55887
55891
580182
55895
55897
55898
55901
55905
55906
55910
55911
55913
55915
55919
55924
55926
55928
55930
55934
55935
55938
55942
55944
55947
55948
55950
55951
55954
55956
55961
55964
55965
55967
55971
55976
55980
55984
55985
55987
55989
55990
55993
55996
55997
56002
56009
56015
56016
56019
56020
56027
56029
56031
56033
56034
56038
56042
56046
56048
56054
56055
56058
56063
56066
56070
56071
56075
56076
56078
56079
56082
56087
56088
56090
56094
56095
56099
56101
56103
56106
56112
56119
56120
56123
318267
56125
56126
56129
56131
56134
56136
56138
56142
56144
318290
56147
56150
56151
56154
56158
56162
56163
842596
56166
56171
56174
56176
56177
56181
56183
56190
56191
842625
56194
56199
56200
842633
56202
56203
56206
56211
56212
56214
56216
56219
56223
56224
56228
842662
56231
56235
56238
56240
56241
56245
56246
56249
56253
56256
56258
56260
56262
56265
56266
56269
56270
56273
56277
56280
56281
56284
56286
56289
56293
56298
56301
56303
56305
56307
56309
56310
56312
56313
56315
56319
56323
56327
56330
56332
56334
56338
56343
56344
56346
56348
56350
56351
56353
56357
56358
56361
56363
56365
56367
56369
56375
56377
56378
56381
56382
56385
56386
56389
56392
56393
56395
56398
56399
56402
56403
56406
56409
56414
56417
56419
56420
56423
56427
56430
56431
56434
56437
56438
56441
56442
56445
56448
56450
56452
56454
56455
56458
56465
56466
56469
56472
56476
56479
56480
56486
56488
56490
56494
56495
56498
56499
56502
56504
56505
56508
56509
56513
56514
56517
56518
56520
56527
56528
56532
56536
56539
56540
56543
56547
56550
56553
56556
56557
56560
56563
56568
56570
56575
56577
56578
56581
56582
56585
56588
56589
56592
56596
56597
56600
56603
56604
56607
56610
56614
56616
56617
56621
56622
56625
56626
56633
56636
56639
56640
56643
56645
56646
56649
56654
56657
56658
56661
56665
56669
56670
56674
56677
56681
56683
56685
56689
56690
56693
56698
56699
56703
56707
56708
56710
56714
56719
56722
56726
56727
56730
56733
56736
56740
56746
56748
56752
56755
56756
56759
56762
56763
56767
56770
56771
56773
56776
56777
56780
56784
56785
56788
56790
56794
56798
56800
56805
56811
56815
56816
56819
56822
56828
56830
56831
56835
56837
56840
56841
56844
56848
56852
56855
56856
56861
56867
56870
56872
843304
56874
56877
56880
56884
56887
56891
56893
56896
319040
56899
56903
319048
56906
56908
56910
56915
56917
56919
56923
56927
56928
56929
56931
56932
56935
319080
56938
56939
56941
56942
56945
56948
56949
56954
56956
56957
56960
56965
319109
56967
56968
56971
56973
56975
56979
56980
56982
56983
56987
56988
56990
56994
56995
56998
56999
57001
57003
57005
57009
57012
57013
57015
57017
57019
57023
57025
57029
57033
57035
57039
57042
57044
57045
319189
57049
319197
57055
57059
57063
57064
57066
57068
57070
57072
57074
57075
57077
57078
57079
57081
57086
57088
57092
57093
57096
57097
57100
57101
319248
57105
57108
57109
57112
57115
57116
57119
57123
57126
57127
57129
57133
57134
319282
57141
57144
57148
57152
57153
57156
57160
57164
57166
319313
57170
57171
57173
57174
57178
57180
57181
57185
57188
57194
57196
57201
57204
57208
57211
57215
57216
57219
57223
57228
57230
57231
57235
57238
57242
57244
57245
57247
57248
57251
57253
57255
57259
57262
57264
57270
57271
57274
57275
57277
57279
57281
57285
57287
57289
57290
57293
57295
57296
57300
57301
57304
57306
57307
57310
57313
57317
57318
57321
57322
57324
57325
57328
57331
57336
57340
57341
57343
57344
57347
57349
57351
57355
57356
57360
57364
57366
57368
57371
57372
57375
57376
57379
57383
581671
57384
57388
57391
57392
57395
57400
57402
57403
57408
57415
57416
57418
57420
57421
57422
57424
57426
57428
57432
57434
57436
57437
57440
57444
57446
57448
57453
57454
57456
57460
57461
581749
57463
57465
57467
57468
581757
57471
57473
57475
57477
57479
57483
57486
57487
57491
57492
57498
57501
57504
57507
57510
57511
57517
57518
581807
57521
57525
57526
57533
57534
57537
57539
57541
57546
57548
57549
57552
57553
57555
57556
57558
57560
57562
57563
581851
57566
57568
57569
581859
57572
57577
57580
57586
57587
581876
57590
57596
57597
581886
57599
57602
57603
57606
319751
57608
581896
57610
57611
57614
57615
581906
57621
57625
57627
57632
57635
57637
57639
57641
57642
57645
57646
57649
57650
57654
57657
57659
57662
57663
57666
57670
57673
57677
57681
57682
57685
57687
57689
57692
57694
57697
57699
57700
57703
57704
57707
844141
57710
57713
57717
57721
57722
844154
57725
57729
57731
57733
57734
57738
57740
57747
57748
57752
57753
57755
57758
57762
844195
57765
57766
57771
844203
57774
57776
57778
57783
57784
57786
844219
57790
57794
57798
57799
57801
57806
57808
57812
57815
57817
57823
57826
57831
57832
57838
57840
57842
57843
57844
57846
57847
57852
57854
57856
57859
57862
57866
57870
57871
57874
57875
57877
57879
57881
57886
57887
57889
57894
57896
57897
57903
57906
57909
57910
57913
57914
320061
57918
57920
57924
57926
57927
57930
57934
57935
57938
57942
57945
57950
57953
57957
57958
57961
57962
57964
57965
57967
57971
57973
57975
57977
57980
57983
57988
57990
57995
57999
58002
58003
582294
58009
58015
58016
58019
582307
58021
58023
58024
58027
58029
58031
58034
58035
58038
58041
58042
58045
58048
58050
58053
58058
58059
58061
58065
58066
58068
58073
58075
58078
58079
58081
58086
58087
58089
58090
58094
58096
58097
58100
58103
58106
58108
58112
58114
58117
58119
58122
58125
58129
58130
58134
58136
58137
58140
58141
58145
58146
58148
58153
58157
58160
58162
58166
58170
58171
58172
58175
58183
58187
58188
58191
58196
58197
58199
58200
58203
58207
58211
58212
58215
58216
58219
58223
58226
58227
58230
58231
58235
58238
58240
58241
58244
58245
58248
58253
58255
58260
58263
58267
58268
58270
58274
58277
58278
58282
58283
58287
58291
58294
58295
58299
58300
58302
58304
58306
58309
58311
58313
58316
58319
58320
58323
58325
58327
58328
58331
58332
58340
844773
58342
58346
58350
58356
58359
58361
58367
58372
58374
58376
58378
58379
58382
58383
58386
58387
58389
58393
58396
58399
58402
58404
58406
582697
58410
58412
58413
58416
58420
58423
58425
58426
58429
58432
58435
58436
58439
58440
58442
58446
58453
58456
58457
58460
58461
58465
58466
58468
58469
58472
58473
58476
58477
58479
58481
58483
58484
58486
58493
58497
58499
58501
58503
58506
58509
58513
58514
58517
58522
58525
58526
58529
58536
58538
58542
58546
58547
58550
58553
58556
58559
58560
58566
58567
58569
58574
58577
58580
58584
58588
58589
58593
58594
58597
58604
58606
58609
58611
58616
58618
58621
58622
58627
58629
58630
58633
58638
58641
58642
58646
58647
58649
58653
58658
58662
320806
58665
58668
58671
58675
58679
320832
58689
58691
58693
58695
58696
320842
58699
58702
58705
58708
58711
58712
58714
58716
58718
58721
58724
58728
58731
58734
58735
58738
58740
58745
58749
58752
58753
58754
58756
58758
58761
58762
58764
320908
58765
58768
58769
58772
58773
58776
58777
320921
58780
58782
58785
58786
58787
58789
58790
58793
58797
58801
58802
58805
58807
58809
58810
58813
320958
58816
58820
58821
58823
58824
58827
58828
58831
58834
58836
58838
58840
58841
58844
58845
58848
58849
58852
58853
58856
58858
58860
58861
58863
58866
58870
58871
58877
58878
58881
58885
58886
58888
58889
58891
58895
58899
58901
58905
58909
58911
58913
58914
58917
58918
58921
58922
58926
58928
58929
58931
58932
58935
58937
58940
58941
58944
58946
58948
58952
58953
58954
321099
58956
58958
58960
58962
58963
321107
58967
58971
58973
58974
58976
58978
58980
58984
58987
58988
58991
58995
58998
59000
59002
59006
59007
59010
59011
59014
59016
59020
59028
59030
59033
59038
59041
59043
59045
59046
59049
59050
59054
59057
59058
59061
59065
59066
59069
59072
59073
59076
59080
59081
59084
59088
59089
59093
59096
59097
59100
59104
845536
59106
59108
59110
59112
845544
59116
59118
59120
59121
59123
59127
59131
59134
59135
59138
59139
59142
59145
59148
59149
59153
59154
59157
59162
59163
59165
59167
59169
59170
59173
59174
59177
59178
59181
59182
59185
59190
59193
59196
59197
59201
59203
59213
59215
59218
59221
59225
59228
845662
59231
59232
59237
59238
583528
59241
59244
59247
59252
59253
59255
59260
59262
59263
59264
59266
59271
59274
59275
59277
59278
59279
59281
59284
59285
583577
59292
59297
59299
59301
59303
59305
59307
59310
59312
59314
59316
59323
59324
59327
59328
59330
59334
59336
59339
59342
59343
59346
59351
59354
59355
59358
59359
59361
59362
59366
59367
59370
59371
59373
59375
583663
59377
59380
59382
59384
583673
59387
59389
59392
583683
59397
59399
59400
59406
59407
583696
59410
59411
59413
59415
59420
59424
59425
583713
59428
59432
59438
59441
59447
59449
59451
59459
59461
59462
59466
59468
59472
59473
59476
59478
59481
59482
59484
59486
59488
59489
59494
59498
59499
59508
583798
59512
59515
59516
59519
59524
59526
59529
59533
59536
59537
59540
59541
59544
59546
59549
59552
59555
59556
59559
59560
59563
59565
59567
59569
59571
59573
59575
59580
59581
59583
59587
59589
59592
59595
59601
59602
59607
59608
59611
59615
59616
59618
59619
59623
59624
59627
59630
59633
59635
59636
59639
59644
59649
59651
59653
59657
59659
59662
59666
59668
59670
59671
59674
59679
59680
59682
59683
59685
59690
321835
59692
59695
59696
321843
59700
59702
59705
59707
59709
59713
59717
59719
59721
59725
59726
59728
59732
59734
59736
59737
59744
59745
59747
59750
59751
59753
59757
59761
59763
59765
59769
59770
59774
59775
846208
59777
59780
59781
59786
59788
59790
59792
59794
59798
59801
59805
59807
59812
59814
59817
59821
59824
59825
59828
59832
59834
59838
59840
59841
59844
59847
59848
59850
59854
59855
59858
59863
59865
59866
59871
59874
59877
59880
59884
59887
59891
59896
59899
59900
59903
59904
59906
59907
59909
59913
59915
59919
59920
59923
59925
59926
59928
59929
584219
59932
59936
59937
59940
59941
59944
59945
59949
59950
59953
59956
59957
59960
59962
59964
59968
59969
59972
59973
59977
59981
59983
59986
59989
59990
59998
60001
60003
60004
60006
60007
60010
60014
60018
60019
60022
60024
60027
60028
60030
60031
60034
60037
60041
60042
60044
60048
60052
60053
60055
60058
60061
60062
60067
60070
60074
60077
60081
60085
60091
60094
60096
60098
60100
60102
60103
60106
60109
60110
60112
60114
60116
60119
60120
60122
60125
60126
60130
60133
60134
60136
60137
60140
60143
60146
60150
60156
60161
60165
60166
60169
60170
60173
60175
60178
60179
60181
60183
60185
60189
60194
60196
60198
60200
60202
60209
60212
60213
60215
60216
60218
60222
60223
60227
60228
60230
60233
60234
60237
60239
60243
60244
60246
60247
60250
60253
60258
60259
60261
60265
60267
60269
60272
60274
60277
60281
60285
584577
60290
60291
60294
60295
60298
60300
60302
60304
60308
60313
60314
60316
60317
60318
60321
60324
60329
60331
60332
584620
60335
60336
60339
60342
60346
60349
60350
60352
60357
584645
60360
60363
60368
60373
60376
60379
60380
60383
60384
60387
60390
60394
60399
60401
60403
60405
60408
60415
322560
60418
60419
60423
60427
60429
60434
322580
60438
60439
60440
60442
60444
60446
322593
60450
60454
60456
60458
60462
60465
60469
60470
60472
60475
60477
60479
60480
60482
60486
322630
60490
60491
60494
322638
60496
60498
60502
60504
60507
60508
60514
60517
60519
60521
60522
60526
60529
60530
60533
60536
60538
60540
60545
60550
60557
60559
60560
60562
60565
60566
60570
60574
60578
847015
60584
60585
60591
60594
60596
60599
60601
60606
60607
60611
60613
60614
60617
60618
60621
60622
847054
60625
322771
60628
60629
60633
60634
847067
60636
60637
60639
60642
60644
60646
60647
60649
60656
60661
60663
322808
60669
60671
60672
60675
60677
60679
60681
60684
60685
60687
60688
60690
60692
60696
60699
847132
60701
60704
60707
60713
60715
60717
60720
60721
60723
60727
60730
60732
60734
60735
60737
60739
60741
60742
60746
60749
60751
60755
322899
60758
60759
60761
60764
60765
60769
60772
60777
60780
60783
60786
60787
60789
60790
60799
60801
60803
60807
60808
60812
60813
60815
60816
60819
60820
60823
60824
60826
60828
60831
60834
60835
60838
60840
60841
60844
60848
60852
60856
60860
60862
60866
60872
60874
60876
60883
60886
60890
60892
60894
60895
60898
60899
60903
60906
60908
60910
60921
60924
60928
60929
60933
60935
60937
60942
60947
60948
60951
60955
60957
60958
60963
60964
60969
60970
60978
60984
60985
60987
60988
60991
60995
60997
60999
61002
61005
61009
61011
61016
61020
61025
61029
61032
61035
61037
61038
61040
61044
61048
61051
61052
61057
61058
61063
61066
61067
61071
61074
61077
61078
61080
61084
61088
61091
61093
61095
61098
61100
61104
61105
585395
61108
61113
61114
61117
61118
61121
61125
61129
61131
61132
61136
61139
61140
585431
61144
61146
61151
61153
61156
61157
61160
61163
61164
61166
585455
61168
61170
61171
61173
61174
847609
61178
61181
61185
61190
61192
61194
61196
61197
847629
61200
61204
61205
61208
61210
61213
61214
61216
61219
61220
61224
61228
61230
61232
61235
61236
61239
61242
61243
61249
61251
61255
61256
585544
61259
61262
61263
585552
61266
61269
61272
61273
61276
61279
585569
61284
61286
61288
61290
61292
61296
61298
61300
61301
61305
61307
61308
61312
61315
61316
61318
61319
61322
61326
61327
61330
61334
61335
61338
61339
61342
61345
61346
61350
61353
61354
61357
585645
61358
61361
61364
61365
61368
61369
61372
585661
61376
61380
61383
323529
61386
61387
61390
61394
61395
61401
61406
585694
61407
61410
61412
61413
61416
61417
61419
61422
61423
323569
61427
61433
61434
61438
61442
61443
61446
61450
61451
61453
61455
61457
585749
61462
61465
61466
61469
61471
61473
61475
61477
61478
61481
61484
61485
61487
61490
61494
61498
61501
61502
61505
61506
61509
61510
61513
61515
61516
61519
61520
61523
61526
61529
61531
61532
61533
61536
61539
61541
61544
61545
61547
61550
61553
61554
61557
61558
61560
61563
61564
61568
61571
61573
61575
61576
61582
61589
61590
61592
61593
61596
61597
61601
61604
61605
61608
61609
61612
61613
61617
61618
61620
61621
61624
61628
61629
61631
61634
61637
61639
61643
61652
61655
61658
61659
61662
61663
61666
61667
61671
61674
61675
61678
61681
61682
61685
61689
61693
61697
61701
61703
61705
61706
61709
61714
61720
61721
61724
61727
61728
61731
61733
61735
61736
61739
61744
61747
61748
61751
61752
61754
61756
61758
61763
61766
61769
61774
61777
61778
61781
61784
61785
61788
61789
61792
61796
61797
61799
61800
61804
61807
586099
61812
61815
61818
61822
61823
61827
61829
61832
61833
61836
61837
586125
61840
61841
61844
61847
61850
61851
61854
61855
61861
61862
61866
61869
61873
61874
61877
61882
61885
61889
61890
61892
61897
61898
61901
61902
61904
61906
61908
61912
61913
848346
61919
61920
61923
61926
61927
61934
61935
848367
61938
61941
61942
61944
61946
848379
61948
61952
61953
61956
61959
61962
61964
848398
61967
61971
61974
848407
61978
61980
61982
61985
61989
61990
848422
61995
61999
62003
62005
848437
62006
62007
62009
62010
62013
848445
62019
62021
62023
62025
848459
62029
62031
62035
62036
62039
62040
62042
62043
62046
62050
62052
848484
62054
62058
62059
62062
62071
62073
62076
62080
62082
62084
62085
62088
62089
62092
62093
62094
62097
62100
62103
62107
62111
62115
62118
62120
62122
62124
62125
62128
848561
62131
62133
324278
62135
62139
62141
62143
62145
62149
62151
848583
62153
62154
586444
62157
62158
62161
62163
62165
62169
62173
586462
62176
62178
62180
848612
62182
62184
62185
62188
848620
62190
62192
62195
62196
62199
62200
62202
62203
62205
62207
62209
62210
324354
62214
62216
62218
62220
62221
62224
62225
324370
62227
62228
62231
62235
62238
62242
62243
62246
62250
62253
62256
62258
62260
62262
62264
62265
62268
62269
62272
62275
62278
62279
62282
62283
324428
62286
62287
62291
62292
62296
62300
62301
62304
62305
62307
62311
62319
62324
62328
62330
62331
62334
62336
62338
324484
62342
62346
62348
324492
62350
62354
62358
62359
62361
62364
62366
62368
62371
62374
62376
324525
62382
62386
62387
324533
62391
62393
62394
62398
62401
62402
62405
62406
62408
62409
62412
62413
62416
62417
62420
62423
62427
62430
62431
62434
62437
62438
62441
62446
62447
62449
62453
62454
62458
62459
62461
62469
62472
62476
62479
62481
62484
62488
62491
62495
62496
62499
62502
62506
62508
62512
62513
62515
62516
62519
62522
62523
62525
62526
62529
62532
62536
62539
62540
62544
62546
62550
62554
62556
62560
62563
62564
62567
62570
62574
62579
62581
62584
62589
62591
62594
62595
62597
62600
62601
62603
62604
62606
62611
62613
62617
62621
62623
62627
62628
62631
62632
62635
62636
62638
62640
849073
62642
62643
62646
62647
62650
62651
62654
62657
62658
62660
62661
62662
62664
62668
62671
62673
62677
62680
62684
62687
62688
62695
62697
62701
62703
62707
62708
62710
62716
62717
62719
62721
62723
62724
62727
62732
62734
62735
62740
62742
62745
62747
62749
62751
62754
62756
62759
62762
62766
62767
62770
62771
62773
62775
62776
62781
62784
62785
62788
62789
62794
62795
62797
62800
62801
62803
62805
62807
62810
62814
62818
62822
62826
62829
62830
62836
62837
62839
62842
62846
62847
62850
62854
62857
62865
62869
62872
62876
62877
62879
62880
62882
62883
62886
62887
62890
62893
62895
62897
62899
62901
62905
62912
62915
62916
62919
62921
62924
62926
62927
62930
62932
62935
62936
62938
62939
62942
62943
62947
62949
62950
587239
62956
62958
62959
587247
62962
62966
62967
62970
62971
62974
62975
62978
62981
62985
62989
62991
62993
62994
62997
63001
63002
63004
63011
63013
63017
63018
63022
587310
63024
63026
63028
63030
63032
63035
63038
63040
63042
63043
63046
587336
63050
63053
63054
587344
63060
63062
63064
63067
63069
63072
63073
587362
63075
63079
63083
63087
63088
63091
63092
63095
63097
63100
63101
63104
63105
63108
63110
63112
63114
63115
325261
63120
63124
325269
849558
63129
63130
587419
63133
63136
63144
587432
63146
63148
63151
63154
63156
63161
63163
63166
63167
63169
63172
63175
63179
63182
63185
587477
63190
63192
63193
63196
63197
63200
63204
63205
63209
63211
63212
63215
63217
63221
63223
63225
63226
63229
63230
63233
63234
63237
587525
63240
63241
63243
63246
63247
587535
63249
63253
63255
63256
63259
63260
63263
63266
63270
63272
63274
63276
63277
63278
63280
63284
63287
63291
63293
63297
63303
63304
63306
63309
63312
63315
63317
63319
63325
63326
63327
849762
63331
63332
63334
849769
63339
63342
63344
849776
63346
63348
63349
849783
63352
63353
63357
63358
849790
63364
849797
63366
63368
63371
63372
849804
63379
849811
63380
63384
63385
849818
63387
63390
63391
849825
63394
63398
63399
849832
63402
63403
63406
849839
63409
63414
849846
63417
63418
63420
63421
849853
63424
63425
63428
849860
63429
63432
849867
63439
849874
63443
63447
63449
849881
63451
63454
849888
63458
63460
63462
849895
63464
63465
849902
63472
849909
63479
63482
849916
63488
63492
63494
63497
849930
63500
63501
63504
849937
63506
63509
63511
63512
849944
63517
63523
63526
63528
63531
63535
63537
63541
63542
63545
63548
63549
63552
63554
63556
63561
63564
63565
63568
63571
63575
63576
63579
63580
63581
63583
63588
63591
63596
63598
63602
63605
63609
850042
63613
63615
63616
63619
63623
63627
63628
63630
63631
63634
63635
63640
63641
63644
63647
63651
63656
63657
63660
63667
63668
63670
63672
63673
63676
63679
587967
63682
63684
63687
63688
63690
63691
63693
63695
587985
63698
63700
63701
63705
63707
63708
63711
63715
63716
63719
63723
63727
63728
63734
63735
63738
63739
63742
63746
63747
63750
63753
63757
325902
63762
850196
63765
63766
325910
63770
850203
63772
63773
63776
850210
63779
63781
325926
63783
850217
63786
63789
850224
63793
325939
63796
63799
850231
63803
63806
63807
63810
850245
63814
63818
63819
850252
63821
63823
850259
63828
63829
63831
63832
325977
63834
850266
63835
63839
63841
325985
850273
63843
63845
63848
63850
63851
63853
63854
850287
63858
63859
63862
850294
63863
63867
63869
850301
63872
63875
850308
63879
63880
63884
63885
63887
850322
63892
63893
63897
850329
63900
63904
850336
63906
63909
63912
63918
850350
63921
63924
63925
850357
63929
63931
850364
63939
850371
63941
63942
63945
63947
63949
63950
63953
850385
63955
63957
850392
63962
63965
850399
63968
63970
63971
850406
63975
63978
850413
63982
63983
63985
63988
63989
326134
63992
63995
850427
63998
326142
64002
850434
64007
64009
850441
64012
64013
64015
588304
850448
64019
64020
64023
850455
326170
64028
64031
64035
64036
850469
64039
64040
64043
64044
850476
64047
64050
64051
850483
64054
64058
850490
64059
64060
64062
64064
850497
64066
64067
64070
64071
850504
64074
64076
64077
64079
64080
64084
64085
850518
64087
64090
850525
64097
64099
850532
64101
64102
64106
64107
850539
64111
850546
64115
64116
64119
64121
64125
64127
64131
64132
64134
64138
64140
64144
64145
64147
64148
64149
64152
64153
64155
64157
64160
64162
64163
64169
64175
64177
64181
64183
64184
64187
64190
64194
64197
64198
64201
64203
64206
64208
64212
64214
64219
64222
64224
64226
64227
64229
64231
64232
64236
64244
64248
64249
64251
64252
64255
64257
64261
64263
64265
64267
64270
64271
64273
64274
64277
64278
64280
64281
64283
64284
64287
64289
64291
64293
64296
64299
64300
64303
64304
64307
64312
64313
64317
64318
64320
64321
64323
64324
64327
64329
64332
64335
64337
64341
64342
64347
64348
64350
64352
64354
64356
64358
64361
64365
64368
64369
64372
64374
64377
64378
64381
64382
64385
64387
64389
64390
64395
64397
64400
64403
64405
64410
64414
64417
64420
64425
64428
64430
64432
64436
64440
64442
64444
64447
64448
64451
64454
64456
64459
64461
64463
64466
64468
64470
64474
64475
64480
64484
64485
64489
64491
64492
64495
64498
64502
64503
64506
64510
64512
64514
64517
64520
64523
64526
64531
64532
64534
64536
64543
64545
64547
64549
64551
64552
64553
64555
64556
64559
64561
64563
64568
64570
64574
64578
64579
64582
64584
64588
64593
64594
64597
64598
64601
64602
64605
851038
64610
64612
851045
64617
64620
851052
64623
64624
64626
851059
64628
64631
851066
64635
64636
64638
64640
851073
64643
64647
851080
64652
64655
851087
64657
64659
64661
851094
64663
64666
64671
64675
64677
64681
64685
64687
64689
64690
64696
64698
64700
64702
64706
64709
64713
64717
64721
64723
64726
64729
64732
64734
326879
64736
64740
326887
64745
64747
64749
64751
64756
64759
64760
64763
64766
589054
64771
64774
589062
64776
64778
64779
64782
589070
64783
64786
64788
64792
64794
64798
64799
64800
64808
64812
64815
64816
64819
64823
64826
589114
64827
64830
64831
64834
64838
64844
64845
64849
64852
64854
64855
64858
64861
64864
64865
64867
64872
64875
64885
64887
64889
64890
64893
64896
64897
64899
64902
64903
64907
64909
64910
64911
64913
64915
64919
589208
64923
64925
64926
64928
589216
64930
64932
64936
64940
64944
64945
64949
64953
64956
64959
64960
64963
64964
64967
64968
64970
64971
64974
64978
589266
64982
64983
64987
64990
64991
64993
64997
589285
65003
65006
65012
589300
65013
65015
65018
65021
65025
65028
65030
65033
851465
65035
65037
65039
65042
65046
65050
65052
65057
65059
65061
65063
65066
65068
65071
65072
65078
65080
65085
65089
65091
65092
65095
65096
65100
65101
65106
65109
65112
65113
65116
65117
65123
65126
65128
65130
65134
65137
65141
65145
65148
65151
65155
65158
65162
65166
65172
65173
65176
65177
65180
65181
65184
65187
65189
65191
65193
65195
65199
65203
65206
65209
65212
65216
65217
65221
65226
65227
65230
65231
65239
65241
65242
65245
65249
65251
65253
65259
65263
65264
65267
65268
65272
65273
65275
65277
65280
65281
65284
65285
65289
65292
65293
65296
65299
65300
65302
65304
65306
65307
65310
65313
65318
65320
65322
65324
65326
65329
65332
65336
65337
65340
65341
851773
65343
65345
65347
65348
851780
851787
65356
65357
65360
851794
65363
65364
65367
851801
65370
65371
327517
65374
851808
65377
327525
65382
851815
65384
65385
65388
65389
327533
851822
65391
65392
65395
65396
851829
65403
851836
65408
65410
851843
65412
65414
65418
851850
65420
65421
327565
65424
851857
65430
65432
851864
65438
851871
65441
65445
65446
851878
65449
65453
851885
65457
65459
851892
65462
65463
65467
851899
65470
65472
327616
589761
851906
65477
65479
65480
851913
65482
65486
589774
65488
851920
65492
65493
65495
851927
65496
65500
851934
65503
65504
65507
851941
65511
65512
65514
589802
851948
65517
65519
65522
65523
65525
65529
65530
851962
65532
65533
65535
65539
65540
65543
65544
65548
65550
65553
327697
65554
65557
65560
327705
65562
65565
65568
65570
65572
65573
65576
65577
65583
65592
65594
65595
65597
327743
65602
65604
65606
65607
65610
65613
65614
65617
65620
65625
65627
65628
65631
65633
65637
65638
65640
65645
65648
65649
65651
65656
65660
65663
65665
65670
65673
65677
65678
65681
65684
65688
65689
852123
65694
65697
65700
65703
65705
852137
65708
65709
65714
65715
65718
65719
852151
65721
65723
65726
65731
65732
852165
65734
65735
65741
65742
65745
852179
65749
65752
65754
852186
65755
65760
65761
65767
65770
65773
65775
65777
65779
65781
65784
65785
65788
65789
65791
65792
65795
65799
65801
65802
65810
65811
65814
65817
65819
65821
65822
65826
65828
65830
65832
65835
65837
65839
65843
65849
65853
65856
65857
65858
65860
65862
65864
65870
65873
65875
65878
65882
65883
65887
65890
65892
65893
65895
65899
65901
65903
65907
65908
65911
65914
65915
65918
65920
65922
65923
65926
65931
65935
65937
65942
65945
65947
65950
65951
65954
65961
65964
65967
65970
65975
65976
65980
65981
65983
65985
65987
65989
65995
66002
66005
66007
66009
66012
66015
66019
66022
66024
66027
66028
66032
66036
66038
66040
66042
66044
66045
66047
66049
66051
66053
66055
66060
66062
66064
66066
66068
66070
66073
66074
66079
66083
66087
66090
66092
66094
66096
66098
66099
66102
66104
66106
66109
66112
66113
66117
66120
66121
66124
66128
66131
66135
66138
66139
66140
66146
66149
66151
66154
66155
66158
66159
66161
66165
66167
66168
66171
66173
66175
66178
66179
66181
66182
66185
66186
66189
66191
66193
66194
66197
66200
66204
66207
66219
66223
66226
66228
66231
66233
66235
66237
66240
66242
66246
66251
852684
66254
66257
66259
66262
66264
66268
66269
66272
852704
66273
66276
66277
66281
852714
66283
66285
66286
66290
66291
66294
66295
66298
66301
66302
66306
66307
66310
66313
66315
66317
66320
66323
66324
66326
66327
66330
66331
66332
66334
328479
66336
66338
66342
66344
66346
66348
66349
66352
66356
66358
66361
66362
66364
66365
66366
66368
66371
66375
66376
66379
66383
66385
66387
66390
66393
66396
66399
66402
66403
66406
66407
66411
66412
66415
66416
66419
66421
66422
66425
66432
66433
66438
66441
66444
66446
66450
66452
66455
66456
66458
66464
66468
66469
66472
66477
66478
66480
66483
66484
66487
66488
66490
66492
66494
66500
66502
66504
66507
66510
66511
66514
66515
66518
66522
66524
66526
66530
66532
66534
66537
66538
66543
66544
66546
66547
66555
66557
66560
66564
590852
66566
66572
66583
66589
66590
66593
590884
66597
66598
66604
66605
66608
66609
66612
66613
66615
66616
66618
66619
66623
590913
66626
66628
66629
66632
66633
66636
66637
66642
66643
590934
66648
66649
66652
590942
66656
66657
66660
66664
66667
66670
66671
66677
66682
66684
66688
66692
66696
66700
66702
66703
66713
66714
66717
66718
66720
66721
66724
66729
66732
66736
66737
66741
66743
66749
66751
66756
66759
66761
66763
66767
66770
66774
66777
66778
66780
66782
66784
66787
66791
66797
66798
66801
66803
66805
66810
591099
66813
66816
66817
66823
66824
66825
66827
66828
66832
66833
66835
66836
66839
66840
66846
66848
66849
66851
66852
66856
66858
66862
66866
66868
66869
66873
66875
66876
66879
66881
66883
66890
66895
66898
66901
66903
66904
66907
66910
66911
66913
66916
66917
591205
66921
66924
66927
66929
66932
66934
66939
66942
329087
66945
66949
66952
66957
66958
329104
66963
66964
66966
66967
66971
66973
66974
66978
66983
66987
66989
66993
66996
66997
67000
67003
67005
67007
67008
67011
67013
67015
67016
67019
67024
67025
67027
67028
67030
67035
329179
67036
67039
67043
329187
67047
67051
67053
67056
67057
67059
67061
67062
67065
67069
329213
67073
67074
67076
67077
67080
67083
67089
67091
67092
329236
67098
67102
67106
67109
67113
67116
67119
67120
67122
67125
67129
329274
67132
67133
67136
67138
67141
67143
67145
67147
67148
329293
67151
67153
67155
67156
67159
67162
67165
67166
67169
67173
67175
67176
853609
67179
67183
67186
67187
67190
67191
67194
67195
67197
67198
67200
67201
67207
67213
67217
853651
67221
67223
853656
67231
67234
67236
67241
67243
67247
67249
67251
67254
591542
67255
67258
67260
67262
67264
67267
591555
67269
67270
67274
67277
853709
67278
67279
67281
853714
67284
67288
67291
67292
853724
67294
67295
67298
853730
67299
67302
853736
67305
67307
67309
853742
67313
67314
853748
67317
67321
67324
67328
67331
67334
67335
67338
67342
67344
67346
67348
67351
67352
67355
67359
67361
67362
67364
67368
67369
67371
67375
67376
67381
67383
67385
67389
67392
67395
67399
67401
67403
67405
67410
67413
67416
67423
67428
67432
67435
67438
67441
67445
67448
67449
67453
67456
67457
67463
67466
67467
67470
67473
67477
67479
67481
67485
67487
67489
67492
67494
67497
67500
67502
67504
67509
67514
67517
67518
67524
67525
67529
67534
67535
67538
67541
67542
67544
67547
67556
67560
67562
67565
591855
67568
67569
67572
67574
67578
67581
67582
67585
67588
67589
67592
67596
67597
67600
67605
67608
67612
67614
67616
67618
67620
67622
67624
67630
67631
67634
67637
67641
67645
67646
67648
67651
67652
67655
67658
67659
67664
67667
67673
67675
67678
67681
67683
67685
67690
67692
67693
67695
67697
67699
67703
67704
67708
67711
67712
67715
67719
67722
67726
67728
67729
67731
67732
67737
67741
67745
67746
67749
67752
67753
67755
67756
67758
67759
67763
67765
67770
67771
854204
67774
67776
67781
67782
67784
67786
67789
67790
67793
67794
67798
67801
67804
67805
67810
67812
67817
67818
67824
67825
67828
67831
67835
67836
67840
67842
67845
67849
67851
67854
67857
67859
330003
67861
67866
67867
67875
67883
67884
67886
67890
67892
67894
67895
67901
67903
67905
67907
67912
67916
67918
67922
67925
67927
67929
67933
67935
67936
67939
67942
67943
67946
67950
67951
67954
67958
67960
67962
67963
67967
67970
67977
67979
67984
67985
67988
67989
67992
67993
67996
67999
68001
68003
68006
68009
68010
68013
68016
68017
68022
68025
68028
68032
68042
68043
68046
68050
68053
68056
68058
68062
68067
68069
68071
68074
68079
68080
68084
68085
68088
68090
68097
68101
68102
68105
68113
68115
68116
68119
68120
68123
68127
68133
68136
68139
68140
68143
68146
68150
68153
68154
68157
68162
68164
68168
68170
68172
68173
68176
68178
68180
68181
68184
68187
68189
68190
68192
68193
68195
68196
68199
68200
68203
68205
68207
68209
68211
68213
68217
68220
68221
68224
330371
68228
68230
68233
68236
68237
68240
68241
68243
68247
68250
68251
68254
68255
68257
68260
68261
68265
68268
68275
68278
68281
592572
68286
854720
68289
68290
592580
68293
68295
68296
68298
68299
68302
68304
592593
68306
68307
854741
68310
68312
68314
68317
854750
68324
68325
68327
68331
592619
68333
68336
68337
68340
68343
68347
68349
68352
68355
68357
68359
68361
68363
68366
854799
68369
68370
854805
68375
592664
68377
68379
854811
68383
854817
68386
68387
68389
68392
854825
68395
68396
68397
68399
68401
68402
68403
854835
68405
68410
68411
68414
68416
68421
68425
68426
68429
68430
68434
68435
68441
68444
68445
68448
68449
68451
68452
68456
68460
68465
68466
330611
68470
68472
68475
68476
68477
68479
68480
68483
68486
68487
68490
330635
68494
68495
592786
68500
68503
68505
68507
68508
68513
68515
68520
68522
68523
68528
68533
68536
68539
68540
68543
68544
68547
68548
68550
68553
68557
68558
68559
68561
68566
68571
68573
68574
68581
68582
68586
68588
68589
68593
68596
68599
68601
68603
68607
68608
68609
68612
68614
68616
68619
330765
68623
68627
68630
68632
68634
68636
68642
68645
68646
68647
68649
68651
68653
68657
68662
68664
68666
68670
68671
68674
68681
68683
68689
592977
68691
68695
68696
68701
68704
68705
68707
68709
68712
68716
68719
68722
68723
68727
68730
68733
68734
68736
68740
68743
68746
68749
68751
68754
68757
68760
68763
68766
68767
68770
68771
68774
68777
68781
68782
68785
68789
68792
68797
68801
68803
68805
68807
68810
68812
68816
68817
68819
68820
68825
68828
68830
68831
68835
68836
68838
68840
68843
68846
68849
68851
68852
68855
68856
68858
68862
68866
68867
68870
68873
68877
68880
68881
68885
68886
68892
68897
68903
68904
68907
68908
68910
68913
855346
68916
68917
68919
855351
68920
68923
68926
68929
68933
68934
68938
68941
68944
855377
68946
68949
68951
68952
68955
68958
855392
68961
68965
68966
68977
68982
68983
68985
68986
68991
68995
68996
69000
69004
69005
69008
69010
69011
69014
69017
69018
69021
69025
593314
69028
69031
69032
69034
69035
69038
69039
69042
69046
69049
69050
69052
69059
69063
69065
69067
69068
69070
69073
69074
69077
69081
69082
69083
69085
69086
69089
69090
69092
69093
69096
69100
69101
69104
69105
69108
69112
69114
69116
69119
69120
69127
69129
69133
69136
69140
69141
69143
69145
69147
69148
69152
69153
69156
69159
69161
69164
69168
69170
69172
69174
69177
69179
69180
69182
69186
69187
69188
69190
69191
69194
69195
69199
69200
69203
69206
69210
69212
69215
69218
69219
69222
69223
69227
69229
69230
69234
69235
69237
69239
69241
69243
69245
69246
69248
69250
69255
69257
69258
69262
69264
69265
69268
69269
69275
69276
69279
69281
69282
69283
69285
69289
69292
69294
69297
69299
69301
69306
69308
69311
69313
69316
69320
69324
69328
69331
69334
69335
69338
69339
69342
69347
69348
69351
69352
331496
69354
69358
69360
69361
69364
69367
69368
69370
69373
69374
69380
69382
69383
69387
69390
69393
69395
855834
69404
69408
69413
69416
69420
69421
855853
69424
69426
855859
69428
69430
69435
69438
69440
69441
855874
69443
69444
69447
69448
69451
69452
69454
855888
69458
69459
69463
69466
69467
331613
69470
69474
69479
69483
69486
69490
69492
69496
855930
69499
69501
69503
855935
69504
69506
69510
69513
855945
69517
69518
855951
69524
69527
69529
69531
69533
69539
69542
69544
69546
69547
69550
69552
69554
69559
69562
855994
69566
69567
69569
856002
69572
69577
856010
69581
69584
69585
69589
69593
69594
69596
69599
69603
69609
69610
69614
69615
69617
69621
69622
69623
856058
69629
69632
69635
69636
69640
69642
69643
69646
69647
69651
69652
69655
69658
69659
69662
69664
69666
69668
69670
69672
69677
69678
69683
69688
69691
69692
69695
69697
69701
69702
69705
69708
69710
69712
69714
69719
69721
69724
69727
69731
69736
69739
69743
69747
69750
69755
69756
69759
69763
69766
69768
69769
69772
69775
69776
69778
69784
69786
69790
69791
69793
69796
69799
69801
69803
69806
69808
69810
69814
69819
69823
69825
69830
69831
69833
69834
69837
856269
69838
69839
69844
69845
69848
69850
69852
69853
69856
69860
69862
69863
69865
69866
69869
69871
69873
69874
69878
69884
69888
69892
69896
69897
69901
69902
69904
69905
69908
69909
69915
69917
69920
69923
69924
69927
69930
69934
69938
69939
69941
69943
69946
69949
69950
69955
69957
69959
69961
69963
69965
69969
69970
69972
69974
69977
332122
69979
69983
69987
69990
69991
69994
69996
332143
594287
70001
70002
70004
70007
332151
70008
70011
70012
70015
70016
70019
70020
594308
70023
332167
70025
70027
70030
70032
856466
70035
70039
856471
70042
70045
70050
856482
70055
70060
70062
70066
70069
70073
70076
70078
70081
70083
70085
594374
70087
70089
332234
70092
70095
70096
70101
70103
70105
70107
70108
70111
70115
70120
70121
70125
70129
70133
70137
70138
70141
70142
70146
70149
70153
70155
70156
70158
70159
70162
70165
70168
70170
70172
70173
70176
70178
70180
70181
70184
70185
70188
70191
70194
70195
70199
70201
594494
70207
70209
70212
70214
70218
70221
70226
70230
70232
70233
70236
70245
70247
70250
70252
70255
70259
594547
70262
70266
594555
70268
70270
70271
70277
594565
70280
70281
70284
70286
70290
70292
70293
70296
70300
70303
70306
70307
70309
70310
70312
70313
70316
70320
70324
70325
70329
70333
70336
70338
70340
70341
70344
70347
70351
70354
70355
70357
70359
70363
70366
70367
70371
70375
70377
70378
70381
70382
70389
70392
70393
70397
70398
70400
70401
70404
70407
70412
594700
70413
70419
70424
70426
70429
70430
70433
70434
70437
70443
70447
70451
70455
70459
70460
70464
70468
70469
70472
70476
70479
70481
70485
70486
70489
70491
70492
70495
70497
70500
70501
70503
70506
70507
856940
70510
70512
70515
70518
70521
70525
856958
70527
70531
70532
70535
70538
70542
70545
70546
70548
70554
70556
70558
70560
70562
70564
70565
856997
70570
70571
70574
70577
70578
70581
70583
70585
857018
70587
70589
70590
70593
70594
70596
70597
70599
70603
70608
70609
70614
70615
70619
70622
70623
70625
70626
70628
857061
70631
70633
70635
70637
857069
70641
70645
70650
70651
70654
70656
70657
70659
70664
70668
70669
70671
70674
70677
70680
70684
70685
857117
70688
70690
70694
70695
70699
70701
70702
70704
70708
70709
70713
70715
70718
70719
70722
70725
70726
70729
70733
70737
70740
70746
70748
70750
70751
595042
70755
70759
70766
70769
70772
70773
70777
70778
70780
70784
70785
70788
70790
70792
70796
70799
70800
70803
70806
70807
70810
70816
70817
70819
70820
332967
70824
70825
70828
70832
70835
70839
70840
70843
70845
70853
70860
70862
70863
70865
70871
70875
70879
70882
70886
70891
70893
70895
70900
70902
70904
70906
70909
70912
70914
70917
70919
70921
70922
70926
70929
70930
70932
70934
70937
70941
70942
70945
70948
70949
70950
70952
70953
857386
70956
70959
70961
70963
70967
70970
70975
70977
70979
70981
70983
70985
70990
70991
70993
70995
70997
70999
71001
71002
71005
71007
71008
71009
71011
71012
71013
71015
71018
71021
71022
71025
71028
71031
71034
71035
71036
71038
71040
71041
71044
71045
71046
71048
71049
71052
71054
71056
71057
71061
71063
71066
71067
71071
71073
71074
71078
71080
71081
71084
71086
71088
71093
71095
71097
71104
71106
71108
71110
71111
71113
71117
71119
71123
71127
71132
71136
71137
71139
857574
71144
71147
71150
71151
71153
71155
857588
71158
71161
71165
71166
71168
71174
71178
71180
71182
71185
71191
71194
71196
71197
71198
71200
71204
71207
71208
71211
71214
71215
71217
71221
71225
71226
71229
71232
71233
71234
71236
71240
71244
71246
71249
71252
71256
71257
71261
71263
71265
71268
71269
71271
71273
71274
71279
71282
71284
71288
71289
71292
71294
71298
71301
71304
71305
71308
71309
71314
71318
71321
71326
71328
71330
71332
71335
71337
71338
71343
71347
71351
71355
71357
71358
71360
71365
71371
71375
71378
71382
71383
71384
71387
71390
71397
71401
71403
71405
71406
333552
71410
71411
71414
71417
71421
71422
71426
71429
71433
71440
71443
71446
71449
71453
71456
71458
333602
71462
71465
71468
71471
71472
71477
71480
71483
71484
71487
71490
71494
71498
71500
71501
71502
71505
71506
71508
333652
71510
71513
71515
71519
71522
71523
71527
71528
71533
71537
71541
71545
71548
71549
71551
71553
71555
71557
71559
71560
71563
71564
71566
71568
71570
71573
71575
71579
71580
71582
71583
71585
71590
71591
71593
71596
71599
71600
858035
71607
858040
71610
71613
71617
71618
71623
71627
71628
858060
71631
71635
71637
595929
71642
858078
71648
71650
71653
71656
71658
71660
71661
71663
71665
71667
71668
71672
71673
71675
71679
71683
71687
71688
71690
71692
71694
858126
71695
71699
858131
71701
71703
71707
71709
71711
71712
71719
71723
71724
71727
858161
71730
71731
596019
71734
71739
71742
71744
71745
71747
596035
71748
858180
71752
71754
71756
71763
71764
71766
858199
71770
71772
71774
71776
71777
71780
71782
71784
71788
71790
71793
71794
71797
71801
71806
71808
71812
71819
71823
71827
71830
71832
71835
71838
71844
71846
71849
71853
71855
71859
71861
71863
71866
71870
71871
71875
71878
596167
71882
71884
71886
596175
71890
71892
71893
71899
71902
71903
71906
71907
71910
71914
71917
71920
71924
71928
71929
71932
71934
71938
71940
71941
71943
71947
71948
71949
596238
71951
71955
71962
71963
71965
71969
71972
71974
71977
71979
71982
71984
71987
71989
71994
71997
71998
72001
72002
72004
72013
72015
72017
72018
72022
72026
858461
72032
72033
72041
72045
72056
72058
72059
72062
72063
72065
72067
72072
72078
72079
72081
72082
72086
72089
72091
72093
72094
72097
72099
72102
72105
72107
72110
72113
72116
72117
72123
72124
72126
72128
72132
72133
72136
72139
72141
72143
72147
72151
72156
72159
72162
72167
72169
72172
72173
72176
72183
72184
72188
72193
72195
72200
72202
72205
72207
72210
72213
72214
858648
72217
72221
72228
72232
72236
72239
72242
72243
72245
72249
72251
72254
334398
72259
72262
72263
72267
72270
72271
72275
72276
72280
72282
72287
72290
72294
72296
72302
72305
72306
72311
72312
72315
72317
72321
72324
72326
72328
72332
72334
72336
72337
72341
72343
72344
72348
72351
72354
72359
72362
72366
72369
72372
72375
72380
72381
72383
72384
72394
72395
72397
72402
72405
72409
72415
596703
72419
72420
72423
72426
72430
72433
72434
72437
72441
72443
72446
72450
72453
72458
72463
72468
72470
72475
72477
72480
72482
72483
72487
72489
72493
72494
72496
72497
72502
72503
72506
72510
72517
72519
72523
72524
72527
72530
72534
72535
72538
72540
72541
72544
72545
72548
72549
72553
72554
72556
72560
72564
72566
72568
72570
72572
72573
72576
72583
72586
72589
72593
72596
72597
72600
72601
72604
72606
72610
72614
72617
72618
72620
72623
72624
72627
72628
72630
72631
72635
72637
72638
72643
72644
72647
72653
72656
859092
72661
72664
72667
72670
72673
72675
859108
72677
72678
72680
72682
859114
72684
72685
72688
72689
72692
72693
72696
72697
72699
72700
72703
72708
72709
72711
72715
72719
859155
72724
72725
72727
72730
859163
72732
72734
72737
72739
72741
72743
72747
72750
72751
72753
72754
859186
72758
72763
72764
72768
72770
72771
72773
72778
72780
72786
72789
72793
72794
72796
72797
72803
72806
72809
72812
72813
72816
72818
72820
72823
334969
72826
72827
72829
72830
72833
72835
72836
859270
72839
72842
72843
859275
334990
72847
72852
72859
72860
72862
72863
72864
72867
72869
72874
72877
72878
72881
72882
72884
72885
72888
72895
72896
72900
72903
72904
72907
72911
72914
72917
72920
72923
72924
72927
72932
72933
72936
72940
72944
72945
72948
72950
72955
72957
72961
72967
72970
72974
72977
72978
72981
72983
72985
72987
72989
72990
72993
72996
72999
73000
73013
73016
73018
73021
73022
73025
73026
73029
73031
73033
73036
73040
73042
73045
73046
73050
73051
73053
73054
73056
73059
73063
73066
73070
73072
73074
73075
73077
73082
73086
73088
73092
73094
73096
73098
73100
73101
73104
73105
73108
73111
73112
73115
73118
73121
73124
73125
73128
73132
73134
73135
73138
73142
73143
73146
73147
73149
73152
73157
73161
73163
73165
73166
73169
73171
73174
73176
73180
73183
73185
73187
73190
73191
73195
73199
73202
73203
73206
73208
73210
73213
73214
73217
73222
73226
73227
73230
73234
73235
73237
73238
73241
73242
73245
73249
73253
73254
73257
73260
73261
597551
73264
73268
73269
73271
73272
73275
597564
73277
859712
73282
73283
859717
73286
73287
73293
73294
73296
73297
73301
73303
73306
73311
73313
73314
73317
73318
73321
73327
73329
73333
73335
73337
73339
73340
73343
73347
73348
73351
73353
73355
73359
73364
73366
73368
73370
73373
73374
73378
73382
73386
73387
73389
73392
73393
597681
73397
73399
73401
73402
73405
73408
73409
73412
73414
73416
73417
73420
73422
73426
73427
73430
73433
597725
73438
73442
73443
73446
73448
73454
73455
73458
73461
73462
597750
73468
73471
73476
73477
73479
73488
73497
73500
73501
73502
73504
73505
597793
73508
73509
73513
73514
73516
73517
73520
73523
73527
73531
73532
73536
73537
73541
73542
73545
73547
73550
73551
73553
73556
73559
73560
73562
73564
73566
73567
73570
73573
73574
73575
73577
73578
73581
73586
73587
73589
73590
73593
73596
73599
73602
73605
73606
73609
73611
73614
73617
73619
73620
73623
73626
73629
73630
73632
73635
73636
73640
73643
335789
73647
73649
73653
73657
73660
73661
73663
73665
73668
73674
73675
73678
73682
73684
73688
73689
73691
73696
73698
73699
73703
73708
73709
73711
860144
73714
73717
73720
73723
73724
860156
73727
73729
73732
860164
73733
73735
73736
73738
73739
73741
73743
335887
73745
73751
73754
73755
860187
73760
860192
73762
73764
73767
73770
73773
73774
73777
73778
73781
73784
73785
73787
73790
73794
73795
73800
73806
73811
73814
73816
73818
73822
73823
73826
73827
73830
73831
73834
73841
860273
73844
73850
73851
73853
73856
73857
73859
73861
73862
860295
73866
73867
73869
73870
73873
73875
73877
73879
73880
73883
73884
73886
73888
73890
73892
73894
73896
73900
73903
73905
73907
73910
73912
73914
860349
73922
73923
73925
73931
73932
73934
73935
73938
73945
73946
73949
73952
73953
73954
73956
73957
73960
73961
73963
73965
73967
73972
73974
73975
73977
73980
73981
73984
73987
73988
73991
73992
73997
73998
73999
74004
74008
74010
74011
74013
74015
598303
74016
74020
74023
74024
74026
74029
74030
74034
74038
74040
74041
74045
74048
74049
74052
74055
74058
74060
74062
74066
74070
74074
74077
74078
74082
74084
74087
74091
74094
74101
74102
74108
74111
74114
74115
74117
74122
74125
74127
74130
74132
74136
74137
74141
74143
74150
74153
74154
74157
74159
74161
74162
74165
74167
74169
74173
74175
74177
74181
74184
74187
74188
74191
74192
74197
74201
74203
74206
74211
74214
74218
74219
74227
336374
74231
74235
74236
74248
74252
74255
74258
74259
74261
74262
74266
74268
74270
74271
74274
74280
74283
74287
74291
860726
74295
74298
74302
74303
74307
74310
74315
74317
860751
74320
74324
74326
74329
74333
74335
74337
74338
74341
74342
74345
74349
74353
74355
74358
74359
74366
74367
74369
74370
74373
74374
74378
74379
74385
74386
74388
74389
74393
74395
74398
74400
74402
74403
74407
74409
74412
74415
74417
74421
74423
74425
74427
74428
74431
74432
74435
74439
336583
74440
74442
74443
74449
74452
74454
74456
74459
74465
74470
74474
74475
74477
74478
74481
74485
74489
74497
74501
74502
74505
74508
74511
74512
74514
74517
74523
74526
74530
74532
74533
74535
74537
74544
74546
74549
74552
74555
74558
74559
74562
74565
74568
74569
74570
74572
74574
74575
74579
74581
74585
74586
74588
74590
74592
74593
74595
74598
74600
74604
74607
74609
74611
74615
74616
74618
74621
74623
74626
74628
74631
74633
74636
74639
74642
74643
74646
74649
74652
74653
74657
74658
74661
74663
74666
74667
74670
74677
74682
74685
74686
74691
74696
74697
74699
74702
74706
74707
74710
74711
74714
74718
74720
74722
74724
74726
74729
74730
74733
74735
74737
74740
861173
74742
74745
74747
74748
74751
74754
74756
74760
74762
74764
74766
74768
74771
74773
74775
74777
74780
74781
74783
861220
74789
74790
74792
74795
861230
74800
74804
74805
74807
74810
74813
74816
74819
74821
74823
74826
74828
74830
74831
74833
861265
74834
74837
74838
74841
74846
74847
74849
74850
74853
599143
74857
74861
599151
74864
74865
861299
74869
861304
74874
74876
74879
74883
74886
74888
74890
74891
599179
861324
74894
861329
74898
74904
74905
74909
337053
74912
337061
74920
74924
74925
74928
337072
74930
74931
74934
74935
599225
74938
74940
74943
74945
74948
74950
74954
74955
74958
74962
74965
74969
74974
74979
74980
74984
74989
74992
74995
74996
74999
75001
75004
75006
75009
75013
75016
75017
75020
75022
75025
599316
75030
75032
75036
75038
75041
75044
75046
75048
337194
75051
75052
75057
337201
75058
75061
75062
75065
75067
75068
75071
75072
75075
75076
75079
75083
75089
75091
75092
75093
75095
75098
75102
75106
75108
75112
75115
75116
75117
75119
75127
75129
75130
75133
75141
75144
75147
75150
75151
75155
75157
75158
75161
75163
75165
75167
75168
75175
75177
75180
75183
75187
75188
75192
75195
75196
75200
75203
75208
75212
75213
75216
75220
75222
75225
75227
75228
75231
75233
75235
75236
75239
75243
75248
75252
75255
75259
75263
75264
75267
75273
75275
337419
75281
75283
75287
75290
75291
75293
75294
75297
75298
75302
75309
75312
75313
75316
75320
75323
75325
75327
75329
75331
861764
75333
75335
75336
861769
75339
75340
75342
75343
75346
75347
75353
75357
75360
75364
75368
75370
75371
75374
75376
75378
75379
75381
75384
75385
75389
75391
75394
75395
75397
75398
75401
75402
75404
75405
75409
75410
75413
75416
75419
75428
75431
75434
75441
75444
75447
75448
75455
75458
75461
75465
75468
75469
337613
75471
75472
75477
75481
75486
75487
75489
337633
75490
75493
75500
75504
75506
75507
75510
75511
75514
75516
75517
75520
75524
75528
75533
75536
75537
75540
75541
75543
75546
75550
75551
337696
75554
75555
75557
75560
75561
75564
75565
75568
599856
75570
75572
75575
75584
75585
75589
75591
75592
75596
75597
75600
75603
75604
75607
75608
75611
75613
75615
75621
75624
75627
75631
75636
75638
75642
75645
75648
75652
75656
75657
75662
75663
75667
337811
75669
75675
75676
75679
75682
75683
75686
75694
75697
75698
75701
75704
75706
75707
75711
75712
862145
75714
862150
75719
75723
75726
75728
862160
75731
75734
75736
862168
75738
75740
75742
75748
75750
75751
75754
75757
862191
75763
862196
75767
75770
75774
75778
75781
75782
75784
75785
75787
75788
75791
75794
75795
75801
75804
75805
75808
75811
75815
75818
75819
75822
75826
75830
75831
75836
75838
75841
75847
75851
75852
862286
75857
75858
862291
75866
75870
75871
75873
862308
75878
75880
75891
75892
75893
75897
75899
75900
75904
75906
75908
75912
75915
75919
75922
75925
75928
75930
75934
75935
75937
75941
75945
75948
75950
75952
75954
75956
75958
75961
75963
75967
75969
75972
75973
75975
75977
75979
75982
75990
75994
76000
76004
76007
76010
76013
76014
76017
76019
76022
76023
76026
76030
76033
76038
76040
76043
76045
76047
76051
76054
76055
76058
76059
76062
76063
76066
76070
338214
76073
76074
76076
338222
76080
76082
76087
76091
76092
338238
76097
76100
76103
76104
76106
76109
76113
76114
76124
76128
76130
76131
76134
76135
76141
76142
76144
76145
76149
76151
76153
76155
76156
76161
76165
76166
76169
76170
76173
76174
76177
76180
76183
76188
76194
76196
76199
76201
76203
76205
76210
76213
76217
76220
76221
76223
76225
76227
76228
76230
76236
76239
76241
76245
76248
76252
76256
76257
76260
76261
76264
76266
76268
76271
76274
76275
76278
76281
76283
76285
76286
76291
76294
76296
76298
862733
76304
76306
862738
76308
76312
76316
76321
76324
76325
76327
76330
76333
76335
76337
76340
76342
76348
76350
76353
76358
76361
600652
76366
76370
76371
76373
76374
76377
76378
76381
76385
76386
76391
76393
600681
76397
76398
76401
600689
76404
76405
76406
76408
76412
76413
76415
76417
76420
76421
76423
76427
76428
600718
76432
76435
76436
76439
76440
76442
76447
76448
76451
76452
76454
76455
76457
76461
76463
76465
76470
76472
76474
76476
76479
76480
76483
76484
76487
76489
76495
76496
76499
76503
76504
76507
76509
76511
76513
76515
76516
76519
76520
76523
76526
76527
76531
76533
76537
76542
76546
76549
76556
76561
76565
76571
76577
76579
76581
76583
76586
76590
76592
76594
76595
76598
76599
76604
76607
76609
76610
76612
76615
76616
76619
76622
76628
76630
76632
76633
76636
76637
76639
76643
76646
76650
76652
76654
76656
76658
76662
76664
76665
76669
76673
76676
76677
76680
863113
76682
76683
863118
76687
76691
863123
76692
76694
76695
76700
76701
76706
76711
863143
76712
76714
76718
76723
76728
76729
76731
76732
76735
76736
76738
76742
863174
76748
76751
76752
76755
76758
76759
76762
76764
76765
76770
76774
76777
76779
76781
76784
76785
76788
76789
863223
76792
76795
863228
76798
76799
76802
76803
76806
76813
76815
76816
76819
863251
76821
76823
76825
76827
76830
76833
76834
76838
76840
76841
76844
76847
76848
76850
76851
76855
76857
76858
76861
76862
76865
76868
76870
76875
76877
76879
76884
76888
76890
76892
76897
76901
76904
76905
76908
76912
76919
76920
76924
76925
76927
76930
76932
76933
76936
76943
76944
76948
76949
76953
76957
76960
76966
76969
76970
76974
76977
76978
76980
76981
76982
76984
76985
76988
76995
76996
77001
77004
77005
77011
77013
77016
77017
77019
77020
77023
77026
77030
77034
77035
77038
77040
77045
77048
77049
77050
77052
77057
77065
77067
77071
601360
77075
77076
77079
77082
77084
77092
77096
77100
77105
77108
77110
77111
77114
77118
77121
77124
77127
77130
77134
77135
77137
77140
77143
77146
77151
77155
77158
77159
77168
77169
77171
77177
77178
77181
77182
77185
77188
77189
77191
77194
77197
77198
77199
77201
77204
77205
77207
77212
77218
77220
77223
77224
77232
77236
77237
77240
77243
77244
77249
77250
77253
77254
77259
863692
77263
77264
77267
77270
77271
77277
77278
77283
77287
77289
77293
77297
77299
77302
77304
77312
77319
77323
77324
77328
77331
77338
77341
77343
77345
77346
77353
77355
77358
77362
77365
77368
77371
77374
77375
77379
77381
77384
77385
77388
77389
77393
77394
77397
77400
77403
77406
77409
77410
77413
77415
77417
77419
77421
77425
77426
77429
77431
77433
77434
77436
77437
77443
77447
77450
77453
77456
77460
77464
77465
77467
77473
77474
77476
77478
77479
77482
77483
77486
77487
77489
77490
77493
77494
77496
77497
77500
77506
77507
77510
77514
77521
77523
77526
77529
77532
77534
77536
77537
77539
77541
77543
77548
77549
77553
77556
77558
77561
77563
77565
77569
77572
77574
77576
77578
77579
77583
339727
77585
77587
77590
77594
77596
77599
77601
77604
77608
77609
77612
77616
864054
77624
77625
77630
864064
77633
77634
77637
77640
77642
77644
77646
77648
77654
77656
77658
339805
77662
77666
77668
339813
77671
77675
77678
864110
77679
77681
77682
864115
77687
77689
77692
77693
77695
864131
77702
77704
77705
77708
77710
864145
77714
77717
77718
339863
77722
77724
77727
77728
77732
77734
864168
77738
77741
77743
77746
864179
77748
77750
77751
77756
77758
77760
77761
339907
77764
77765
77768
77769
339915
77772
77774
77775
77778
77781
77784
77786
339932
77790
77794
77797
339942
77799
77803
77805
77807
339952
77809
77811
77814
77817
339962
77820
77823
77827
77831
77832
77835
77839
77841
77843
77845
77848
77851
77853
77854
77857
77862
77863
77865
77868
77869
77871
77876
77877
77880
77883
77885
77888
77889
77892
77894
77896
77897
77900
77904
77905
77908
602197
77910
77913
77916
77917
77919
77921
602210
77924
77931
77932
77935
77941
77944
77946
77951
77955
77956
77960
77963
602251
77964
77969
602259
77973
77976
77981
77984
77986
602275
77989
77995
77996
77998
78007
78009
78011
78017
78019
78023
78025
78028
78032
78033
78036
78038
78040
78044
78045
78048
78051
78052
78055
78058
78059
78061
78066
78069
78074
78077
78083
78084
78087
78088
78090
78094
78095
78100
78102
78104
78106
78109
78111
78118
78122
78125
78126
78132
78136
78137
78139
78143
78149
78152
78153
78155
78159
78163
78165
78169
864605
78174
78178
78183
78186
78187
78189
78192
78193
78199
78206
340350
78207
78211
78213
78217
78219
340363
78221
78223
78226
78230
78231
78239
78244
78247
78248
78252
78254
78256
78257
78259
78263
78266
78270
78273
78274
78278
78281
78284
78285
78290
78297
78298
78302
78304
78308
78309
78315
78316
78319
78320
78323
78327
78328
78331
78333
78336
78339
78341
78343
78347
78349
78353
78356
78357
78359
78360
78365
78367
78369
78370
78373
78374
78376
78377
78379
78381
78384
78388
78390
78392
864824
78395
78396
78398
78400
78402
78407
78409
78411
78415
78418
78420
78423
78424
78427
78430
78433
78437
78439
78440
78443
78446
78453
78455
78459
78461
78462
78465
78469
78470
78473
78477
78479
78482
78484
78485
78489
78490
78492
78493
78497
78500
78501
78504
78515
78517
78520
78523
78525
78533
78534
864967
78536
78537
78540
602829
78546
78548
864982
78554
78555
78556
78559
78561
78564
78566
78567
78570
78572
78574
78578
78587
78588
78591
78592
78596
78598
78601
78603
78605
78607
78609
340753
78612
78616
78617
78620
78624
78628
865061
78632
78633
78635
78640
78645
78646
78649
78650
78654
78657
78663
78667
78668
78671
78673
78676
78679
78686
78689
78690
78696
78697
78700
78702
78704
78713
78720
78724
78725
78729
78731
78732
78735
78736
78739
78744
78746
78747
78750
78752
78753
78754
78756
78759
78760
78763
78766
78767
78770
78771
78774
78775
78779
78787
78790
78793
78795
78798
78799
78802
78805
78806
78808
78809
78810
78812
78816
78818
78820
78824
78829
78833
78837
78840
78843
78845
78847
78849
78851
78853
78855
78859
78863
78864
78870
78874
78875
78877
78878
78880
78884
78888
78890
78891
78893
78895
78897
78900
78901
78907
78911
78917
78919
78922
78925
78929
78932
78935
78936
78939
78943
78946
78947
78949
78952
78957
78958
78960
78961
78964
78966
78968
78973
78974
78976
78977
78981
78982
78985
78986
78994
78997
79001
79003
79006
79009
79010
79014
79017
79020
79023
79028
79030
79034
79038
79042
79045
79046
79048
79049
79052
79054
79056
79057
79059
79060
79063
865499
79068
79072
79073
79076
79077
79080
79082
79084
79086
79090
79092
79094
79100
79101
79103
79106
79110
79114
79118
79119
79122
79125
79126
79129
79130
79133
79134
79137
865569
79139
79143
79147
79150
79152
79154
79155
79157
79160
79163
79167
79172
79174
79177
79181
79182
79184
79189
79194
79196
79198
79201
79202
79207
79209
79216
79219
79222
79226
79227
79230
79231
79234
79238
79239
79243
79248
79251
79252
79254
79255
79258
79259
79267
79269
79271
79273
79274
79277
79278
79281
79285
79288
79290
79292
79293
79296
79297
79301
603592
79306
79312
603600
79314
79315
79319
79321
79323
79325
79326
79332
79335
79337
79344
79346
79348
79352
79355
79358
79361
79363
79365
79369
79371
79373
79374
79377
79383
79384
79387
79388
79391
79392
79397
79399
79403
79409
79411
79417
79418
79421
79422
79424
79428
603718
79431
79434
79435
79438
79439
341584
865872
79442
79445
79449
79450
79453
865885
79456
865890
79461
79462
79464
79466
865900
79470
79472
79474
79481
79483
79485
79487
79489
341633
79491
79492
79495
79498
79501
79502
79506
79508
865940
79511
79512
79515
79518
79521
79525
79530
79531
79533
79538
79539
79541
79545
79549
79550
79556
79559
79561
79564
79571
79573
341719
79576
79578
79580
79581
79584
341729
79587
79590
341739
79596
79597
79599
79605
79606
341752
79609
79610
79612
79615
79616
79622
79624
341769
79628
79629
79632
79633
79637
79640
79642
79646
79648
79649
79650
79652
79657
79659
79663
79664
79667
79670
79673
79674
79676
79677
79681
79682
79684
79687
79690
79692
79694
79695
79699
79701
79704
79705
79708
79709
341854
79713
79716
79720
79724
79729
79730
79732
79733
79736
79738
79743
79744
79746
79747
79752
79755
79756
79758
79759
79763
79767
79769
79773
79774
79776
79778
79781
79783
79786
79789
79791
79792
79794
79796
79800
79802
79806
79809
79812
79813
79816
79822
79823
79828
79829
79832
79833
79837
79841
79843
79845
79847
79850
79851
79854
79857
79860
79863
79867
79869
79870
79873
79874
79877
79878
79881
79892
79896
79897
79900
79907
79911
79913
79915
79917
79918
79920
79924
79926
79929
79931
79932
79935
79937
79941
79943
79944
866380
79950
79952
79954
79957
79960
79964
79966
79967
79970
79972
79974
79975
604264
79978
79982
79984
79987
79991
79996
79999
80001
80004
80005
80007
80011
80015
80017
80019
80022
80024
80025
80029
80031
80032
80037
80038
80040
80043
80044
80048
80050
80054
80057
80058
80061
80062
80067
80069
80072
80076
80080
80082
80087
80091
80095
80098
80102
80108
80112
80117
80118
80119
80122
80124
80126
80129
80131
342275
80133
80137
80138
80139
80141
80144
80146
80147
80150
80153
80156
80161
80163
80168
80169
80171
80173
80176
80177
80180
80181
80184
80188
80192
80193
80196
80198
80199
80200
80202
80203
80205
80209
80214
80218
80221
80222
80225
80228
80231
80233
80235
80237
80239
80241
80244
80246
80247
80250
80251
80255
80259
80261
80262
80265
80266
80270
80275
80279
80283
80285
80287
80288
80292
80294
80295
80297
866729
80298
80301
80302
80307
80309
80310
80313
80316
80317
80319
80323
80325
80327
866760
80331
80333
80336
80337
80341
80344
80347
80349
80351
80352
80354
80355
866790
80359
80361
80365
80366
80368
80373
80375
80381
80382
80386
80392
80395
80396
80399
80402
80406
80411
80413
80417
80418
80421
80423
80426
80430
80433
80434
80435
80438
80441
80443
80444
80445
80448
80450
80454
80458
80461
80464
80468
80471
80472
80475
80478
80481
80483
80486
80489
342633
80492
80495
80500
80504
80508
80512
80515
80519
80521
80523
80527
80530
80532
342676
80534
80539
80541
80546
80548
80552
80553
342701
80561
80563
80565
80566
80568
80572
80574
80576
80579
80581
80583
80584
80587
80588
80594
80599
80602
80609
80610
80613
80616
80619
80622
80624
80625
80631
80632
80635
80639
80642
80643
80646
80649
80651
80656
80657
80659
80661
80664
80666
80667
80670
80672
80675
80678
80682
80684
80686
80688
80690
80692
80693
80698
80702
80703
80705
80707
80710
80713
80716
80720
80723
80724
80727
80728
80731
80735
80740
80743
80744
80747
80748
80750
80751
80755
80756
80758
80759
80763
80764
80765
80767
80768
80772
80774
80775
80778
80781
80782
605071
80787
80790
80793
80795
80797
80803
867238
80807
80808
80811
80813
80815
80821
605110
80824
80829
80830
80832
80833
605123
80836
80837
80839
80840
80843
80844
80847
80851
80855
80858
80860
80862
80866
80868
80872
80876
80881
80886
80888
80891
80894
80898
605188
80901
80906
80909
80914
80915
80917
80919
80922
80927
80928
80932
80933
80935
80938
80942
80943
80947
80950
80953
80959
80961
80963
80965
80967
80969
80971
80973
80976
80978
80981
80985
80988
80991
80992
80993
80995
80997
81000
81001
81003
81004
81007
81008
81010
81011
81017
81018
81022
81023
81025
81026
81029
81033
81038
81041
81043
81046
81049
81050
81053
81055
81057
81058
81062
81069
81071
81074
81080
81081
81085
81088
81092
81094
81096
81098
81099
81102
81105
81109
81112
81116
81117
81119
81122
81125
81129
81133
81136
81138
81140
81143
81146
867579
81148
81154
81156
81158
81159
867591
81161
81165
81166
81167
81169
81171
81175
81177
81183
81185
81187
81191
81194
81196
81199
81201
81205
81207
81212
81213
81215
81218
81220
81222
81226
81229
81232
81235
81236
81240
81242
81243
81246
81247
81249
81250
81253
81256
81260
81264
81265
81268
81269
81271
81272
81275
81276
81280
81283
81284
81286
81289
81293
81301
81302
81305
343451
81309
81311
81315
81316
81318
81322
81324
81328
81330
81332
81333
81336
81338
81340
343487
81344
81347
81350
81355
81357
81361
81364
81365
81367
343511
81368
81372
81374
81375
81377
605665
81378
81379
81381
81385
81388
81389
81393
81394
81396
605685
81398
81400
81401
81404
81405
81409
81410
81412
81415
81417
81420
81421
81423
81429
81432
81433
81436
81438
81439
81442
81443
81446
81447
81449
81453
81456
343600
81457
81459
81463
81464
343608
81467
81471
81472
81475
81476
81478
81479
343625
81482
81485
81487
81489
81491
81493
81496
81497
81500
81504
81506
81509
81512
81514
81516
81518
81522
81531
81532
81535
81538
81540
81542
81544
81545
81548
81549
81551
81552
81555
343701
81558
81559
81564
81572
343717
81577
81579
81583
81586
81589
81590
81592
81595
81596
81599
81604
343750
81608
81610
81612
81617
81621
81623
81624
81627
81630
81633
81638
868071
81641
81644
81653
81655
81657
81659
81661
343805
81662
81668
81670
81672
81673
81675
81676
81679
81680
81682
81685
81686
81688
81689
81692
81694
81696
81698
868130
81700
81703
81705
81708
81709
81713
81717
81720
81723
81724
81726
81729
81734
81736
81737
81740
81741
81744
81745
81749
81753
81758
81760
81767
81770
81771
81776
81779
81785
81790
81796
81798
81800
81801
81802
81804
81808
81811
81813
81816
81817
81821
81823
81827
81830
81832
81834
81837
81838
81840
81845
81847
81848
81851
81855
81857
81858
81859
81861
81865
81869
81870
81873
81874
81877
81878
81880
81884
81888
81889
81891
81894
81896
81904
81906
81910
81911
81919
81922
81925
81928
81930
81932
81934
81935
81938
81939
81941
81945
81947
81948
81951
81952
81956
81958
81961
81967
81968
81971
81975
81979
81983
81986
81987
868421
81993
81994
81997
81998
82001
82003
82005
82007
82008
82011
344155
82013
82014
82017
82018
82020
82022
82023
82025
82030
82035
82037
344181
82041
82044
82046
82047
82053
82056
82060
82063
82065
82066
82069
82073
82075
82077
82080
82084
82087
82088
82090
82094
82097
82100
82101
82104
868537
82106
82107
82108
82110
82111
82114
606402
82119
82122
82124
82126
82129
82132
82133
606423
82137
82139
82140
82144
82146
82147
606435
82150
82154
82157
82158
82160
82163
82166
606454
82169
82171
82173
606463
82176
82178
82179
82182
82183
82186
82188
82190
606478
82193
82196
82198
82201
606493
82207
82208
606501
82214
82217
82219
82223
82225
82227
606515
82231
82235
82238
82239
82243
82246
82249
82252
606540
82254
82256
82258
82261
82263
82267
82269
82270
82272
82273
82275
82279
82282
82283
82286
82289
82292
82296
82298
82299
82306
82307
82313
82316
82318
82320
82322
82324
82325
82328
606617
82332
82335
82338
82343
82345
82346
82350
606639
82352
82355
82356
344500
82360
344518
868806
82375
82378
868811
606668
82381
82382
82385
868818
82388
606676
82389
82391
82395
82397
82400
82401
82404
82407
82409
82412
82413
82415
82416
82419
82421
82422
82425
82428
82432
82434
82437
82439
82443
82445
82449
82451
82455
82456
868891
82460
82463
868895
82464
82466
82467
82470
82474
82476
82479
82482
82487
82492
82494
82495
82497
82499
82502
82504
82505
82508
82509
82512
82515
82516
82517
82519
82522
82523
82525
82526
82529
82535
82539
82542
82543
82546
82547
82549
82550
82553
82559
82563
82566
82568
82572
82576
82578
82581
869014
82585
82586
82589
82590
82593
82597
82598
82600
82602
82605
82607
82609
82610
82612
82615
82616
82618
82620
82623
82624
82627
82630
82634
82635
82637
82639
82641
82643
82644
82648
82653
82656
82658
82662
82665
82672
82673
82676
82677
869110
82680
82683
82684
82686
82689
869122
82693
82696
82697
82700
82702
82704
82706
82708
82712
82713
82715
82716
82719
82723
869156
82726
82727
82731
82732
82735
82736
82738
82739
82742
82745
82746
82749
82754
82756
82757
82760
82761
82764
82767
82771
82772
82780
82781
82788
82789
82792
869225
82794
82796
82798
82804
82807
82808
82810
82813
82816
82817
82819
82823
82827
82830
82833
82837
607129
82843
82849
82850
82852
82854
82855
82858
82859
82860
82867
82868
82870
82871
82874
82875
82878
82879
82882
82885
82890
82892
82895
82897
82900
82902
82903
82905
82906
82909
82915
82918
82919
82922
82926
82928
82930
82932
82935
82938
82939
82941
82946
82947
82949
82950
82955
82956
82959
82965
82966
82968
82969
82972
82974
82977
82978
82981
82982
82988
82990
82994
82995
82997
83001
83003
83005
83007
83009
83010
83013
83015
83017
83020
83021
83024
83027
83029
83032
83034
83036
83037
869469
83039
83041
869474
83044
83046
83049
83051
83052
869484
83055
83059
83060
83064
83066
83067
83069
83072
83073
83077
83079
83080
83083
83088
83089
83095
83099
83101
83103
83107
83109
83115
83119
83120
83124
83127
83131
83132
83133
83135
83138
83140
83141
83144
83145
83148
83150
345295
83152
83155
83158
345303
83161
83163
83165
83169
83170
83179
83183
83190
83194
83197
83199
83202
83205
83209
83211
83213
83214
83216
83221
345366
83224
83228
83229
83231
83234
83237
83238
83240
83243
83246
83248
345392
83251
83255
345400
83260
83261
83267
83268
83271
83273
345418
83276
83281
83287
83290
83292
83294
83301
83304
83305
83307
83308
83311
83314
83318
83321
83324
83326
607614
83330
345475
83332
83335
83338
83343
345488
83347
83352
83353
83355
83358
83361
83363
83365
83366
83371
83374
83375
83381
83382
83384
83387
83388
345533
83391
83395
83398
83401
83404
83408
83411
83412
83415
83419
83431
83434
83435
83437
345581
83442
83444
345591
83450
83451
83454
83457
83459
83461
83464
83465
83467
83471
83475
83483
83485
83490
83495
83497
83504
83506
83507
83508
83510
83515
83518
83521
83525
83529
83530
83533
83536
83539
83540
83544
83545
83549
83552
83554
83558
83561
83562
83565
83567
83568
83571
83572
83575
83576
83579
83580
83583
83584
83588
83592
83594
83597
607891
83604
83606
83607
83610
83613
607902
83615
83620
83625
607913
83628
83630
83632
83633
607924
83637
83639
83640
83642
83646
607935
83649
83654
83656
83657
607946
83660
83665
83666
83668
607957
83675
83679
607968
83683
83684
83686
83690
83691
607979
83694
83696
83699
607990
83704
83706
83708
83709
83711
83713
608001
83715
83717
83721
83724
608012
83725
83727
83730
83734
608023
83738
83741
83742
83744
83745
608034
83749
83750
83753
83755
83756
608045
83759
83761
83765
83768
608056
83769
83772
83776
608067
83783
83786
83789
608078
83793
83794
83796
83798
83800
608089
83802
83803
83806
83807
83810
608100
83817
83820
608111
83826
83827
83828
83831
83832
83834
608122
83837
83840
83841
83843
608133
83847
83849
83851
83853
83857
83860
83863
83864
83867
608155
83870
83871
83876
608166
346023
83883
83886
83889
608177
83893
83896
83897
346041
83901
83903
83905
83907
83913
83915
83917
83920
83922
83926
83929
83931
83933
83936
83937
870373
83944
83945
83947
83948
83954
83958
83963
83964
83967
83969
83972
83976
83977
83979
83980
83983
83985
83988
870421
83990
83991
83994
870426
83995
84000
84003
84006
84008
84010
84013
84014
84017
84020
84022
870456
84026
84031
84035
84036
84039
84040
84043
608331
84047
84048
870482
84051
84053
84055
870487
84057
84060
84062
870497
84066
870503
870509
84080
84083
870515
84087
84088
84090
84094
84096
84099
84103
84105
84108
84109
84112
84113
84115
84118
84119
84124
84125
84128
84131
84132
84137
84138
84141
84147
84151
84153
84154
84156
84157
84160
84163
84167
84168
84172
84175
84176
84179
84182
84185
84187
84190
84191
84194
84199
84206
84208
84210
84211
84214
84215
346360
84217
84219
84221
84222
84223
84225
84226
84228
84230
84232
84234
84241
84243
84247
84248
84249
84251
84252
84257
84261
84265
84270
84272
84274
84277
84281
84282
84285
608573
84290
84291
84293
84294
84296
608584
84300
84303
84304
608595
84308
84311
84315
870747
84318
608606
84320
870755
84324
84325
84327
84329
608617
84331
84337
608628
84342
84343
84346
84352
84355
84356
84359
84360
608650
84363
84366
84367
84369
84371
84373
608661
84382
608672
84388
84389
84391
84392
84394
608683
84397
84398
84400
84404
608694
84407
84409
84412
84413
84415
84417
84420
84422
84426
608716
84430
84435
84438
608727
84443
84447
608738
84452
84458
84461
608749
84462
84466
84469
84473
84476
84479
84480
84483
608771
84486
84487
84490
84491
608782
84497
84499
84502
84504
608793
84506
84508
84512
84514
84515
84519
84520
84523
84527
608815
84532
84534
84537
608826
84541
84543
84547
608837
84550
84552
84554
870990
608848
84562
84563
84565
84567
84569
84570
84572
84573
84576
84580
608870
84584
84589
84590
84593
608881
84595
84598
84602
84603
608892
84606
84607
84611
84614
84615
608903
84619
84622
84623
84625
608914
84627
84630
84633
84635
84636
84639
84640
84643
608936
84649
84652
84655
84659
608947
84660
84662
84664
84666
84669
608958
84671
84674
84676
84677
608969
84684
84687
84691
608980
84695
84697
84699
84702
84705
84706
84709
84713
609002
84717
84720
84724
609013
84727
84730
84732
84733
84736
609024
84739
84742
84745
609035
84748
84750
84751
84755
84758
609046
84763
84764
84766
84768
609057
84770
84771
84774
84775
84778
84782
84784
84786
84790
609079
84794
84795
84798
84799
84802
609090
84804
84806
84807
84810
84812
609101
84814
84815
84818
84821
84822
609112
84825
84829
84832
609123
84841
84843
84846
84848
84849
84851
84855
84860
84864
84865
84867
84870
84872
84874
84875
84879
84882
84883
84886
84891
84893
84894
84897
84898
84900
84904
84905
84907
84913
84914
84917
84918
84921
84927
84931
84933
84936
84937
84942
84947
84948
84949
84951
84953
84955
84956
84958
84961
84962
84965
84966
347110
84971
84973
347118
84975
84976
84980
84982
347126
84983
84984
84987
84990
84995
84997
85001
85002
85005
85006
85008
85009
85011
85012
85015
85018
85023
347170
85027
85031
85033
85034
85035
85038
85041
85043
85047
85048
85051
85053
85054
871486
85057
85060
85064
85072
85075
85078
85079
85083
871516
85089
85093
85094
85097
85100
85101
85103
85107
85113
85120
347264
85124
85127
347272
85136
871568
85140
871574
85144
85145
85148
871580
85152
85154
85155
871588
85159
85164
871598
85167
85170
85171
85174
347322
85180
85181
85184
85187
85188
85190
85191
85195
347341
85198
85199
85201
85202
85205
85206
85209
347356
85213
85215
871648
85218
85221
85222
85225
85228
85230
85232
85234
85239
85245
85250
85253
85256
85258
85259
85261
85262
85265
85267
85268
85275
85276
85280
85285
85286
85289
85290
85294
85295
85297
85300
85301
85302
85304
85306
85308
85309
85311
85316
85320
85321
85324
85327
85329
85331
85333
85336
85338
85341
85342
85344
85349
85351
85355
85357
85360
85365
85366
85369
85372
85373
85375
85376
85379
85383
85385
85386
85389
85390
85394
85396
85397
85400
85403
85405
85409
85412
85416
85418
85422
85423
85426
85427
85430
85431
85434
85437
85440
85443
85445
85446
85449
85451
85454
85456
85457
85460
85461
85467
85468
871900
85472
85474
85476
85479
85483
85486
85490
85493
85495
85500
85502
85504
85509
85513
85515
85517
85520
85522
85524
85527
85528
85530
85534
85537
85540
85541
85544
85545
85548
85551
85552
85555
85559
85562
85563
85569
85573
85575
85578
85582
85583
85585
85586
85591
85594
85598
85601
85604
85606
85608
85610
85612
85614
85618
609906
85620
85622
85623
85625
85627
85629
609917
85634
85637
609928
85646
85647
85649
85650
609939
85653
85654
85656
85658
85662
609950
85664
85667
85668
85671
347817
609961
85674
85678
85681
85684
609972
872116
347830
85688
85691
85694
85695
609983
85697
85698
85700
85703
85705
85706
609994
85710
872142
85713
85714
347858
85716
85719
85725
872157
85726
85730
85732
85735
85736
85739
85741
85742
85745
85747
85749
85751
85757
85759
85762
85763
85766
85769
85770
85773
85774
85777
85779
85782
85783
85786
85787
85792
85796
85798
85800
85801
85804
85806
85809
85810
85813
85820
85821
85825
85831
85832
85836
85839
85840
85842
85845
85849
85850
85853
85855
85857
85859
85863
85866
85868
85870
85871
85874
85876
85878
85882
85884
85885
85891
85894
85895
85896
85900
85902
85903
85905
85906
85909
85913
85915
85916
85919
85924
85928
85931
85934
85937
85938
85941
85942
85945
85953
85955
85958
85959
85965
85967
85970
85972
85973
85976
85981
85985
85988
85989
85993
85996
85997
86000
86009
86011
86020
86022
86025
86030
86033
86034
86037
86042
86044
86045
86053
86056
86059
86062
86069
86071
86077
86080
86087
86091
86094
86099
86101
86104
86107
86108
86111
86112
86115
86116
86118
86120
86122
86127
86130
86134
86137
86139
86142
86146
86147
86150
86151
86153
86159
86162
86164
86167
86169
872604
86177
86178
86181
86184
86187
86189
86193
872626
86197
86202
86205
86207
872641
86210
86213
86218
86221
86226
86229
86232
86235
86236
86238
86242
86244
86248
86251
86254
86255
86256
86258
86259
86262
872695
86265
872700
86269
86270
86273
86276
86278
872710
86284
86287
610577
86290
86293
86295
86299
86302
86305
86308
86311
86317
86322
872756
86325
86329
86333
872765
86335
86336
86342
86345
86347
86352
86353
872785
86356
86359
86361
86362
86366
86369
86372
86379
86384
872818
86387
86389
86391
86395
86396
86398
86402
86404
86408
86411
86417
86418
86420
86424
86429
86433
86436
86437
86439
86442
86444
86445
86447
86448
86450
86454
86455
86458
86465
86468
86470
86471
86475
86476
86478
86483
86485
86488
86496
86498
86500
86504
86508
86509
86510
86512
86516
86519
86522
86526
86529
86533
86534
86537
86538
86542
86544
86549
86553
86557
86560
86562
86564
86565
86567
86569
86572
86574
86575
86578
86579
86582
86583
86585
86587
86590
86593
86594
873027
86596
86599
86600
86603
86604
86607
86610
873043
86612
86614
86618
86620
86624
86626
86629
86631
86632
86638
86642
86644
86650
86652
86657
86661
86664
86667
86671
86672
86674
86675
86678
86680
86682
86683
86686
86687
86694
86695
86697
86701
86703
86707
86708
86711
86713
86718
86719
86722
86724
86726
86727
86730
86731
86734
86737
86742
86745
86747
86750
86751
86753
86757
86758
86760
86761
348908
86765
86767
86768
86771
611061
86775
86777
86781
86784
611072
86786
86789
86792
86793
611083
86796
348940
86797
86800
86801
873235
86804
86806
611094
86808
86813
873246
86815
611105
86820
348969
86826
86827
611116
86834
86836
86838
611127
86843
86845
348990
86848
611138
86851
86852
348998
86855
86859
86860
611149
86863
86867
86868
86871
611160
86876
86880
86883
611171
86885
86887
86889
86891
86894
611182
86895
86899
86902
86905
611193
86907
86909
86913
611204
86918
86920
86926
86927
611215
86929
86932
86938
611226
86944
86948
611237
86952
86954
86959
86960
611248
86966
86967
86968
86970
611259
86974
86977
86979
86980
611270
86985
86988
611281
86996
86998
87000
87003
87004
611292
87009
87011
349155
87013
87015
611303
87016
87019
87023
87024
87026
611314
87027
87032
87035
611325
87038
87041
87043
87047
87048
611336
87050
87052
87056
87058
87060
87064
87065
87067
611358
87073
87075
87077
87080
87081
87084
87085
87088
87094
87096
87097
87101
87104
87105
87106
87109
87111
87112
87114
87115
349261
87118
87119
87122
87125
87126
87134
87138
87143
87145
87146
87149
87153
87158
87161
87163
87164
87168
87169
87171
87174
87180
87183
87186
87187
87190
87192
87193
87197
87200
87203
87206
87208
87213
87217
87219
87223
87225
87230
87231
87234
87239
87241
87245
87247
87252
87254
87255
87257
87258
87260
87265
87267
87270
87274
873709
87279
87281
873714
87283
87285
87287
87292
87293
87298
87302
87303
87305
87309
87310
87312
87316
87318
87320
873753
87323
611611
87326
87328
87331
87333
873769
87338
87341
873774
87344
87345
611633
87349
87352
873785
87355
87359
87360
87362
87365
611655
87369
87371
87373
87377
87380
87382
87386
873820
611677
87391
87393
873828
87399
87400
87403
87406
87408
611699
87412
87413
87420
87422
611710
873855
87424
87428
87433
87436
87439
87444
87450
873883
87452
87454
349598
87456
87457
873889
87462
87466
87467
349611
87469
87470
87473
87475
87483
87487
87494
87496
87498
87501
87503
87505
87511
87513
87516
87518
87520
87521
87525
87526
87528
87529
87531
87532
87535
87538
87540
87541
87544
87545
87548
87550
87556
87558
87567
87568
87569
87572
87573
87575
87580
87581
87586
87589
87593
87596
87599
87600
87602
87603
87606
87607
87610
87611
87615
87619
87622
87629
87631
87635
87638
87642
87644
87645
87648
87651
87653
87654
87660
87662
87664
87666
87668
87671
87675
87677
87680
87682
87685
87688
87690
87691
87694
87696
87698
87700
87702
87705
87706
87708
87710
87712
87714
874147
87716
87719
87723
874158
87727
87729
87730
87733
87735
87737
87742
87745
87747
87751
87752
87755
87759
87761
87762
87766
349911
87770
87771
87773
87777
87779
87784
87787
87789
87791
87794
87797
87802
87804
87807
87809
87811
87815
87817
87819
87821
87822
87827
87829
87831
87832
87837
87842
87844
87846
87848
87849
87850
87853
87856
87858
87862
87863
87866
87867
87870
87871
87874
87876
87880
87882
87885
87886
87889
87892
87893
87895
87896
87898
87900
87902
87905
87908
87912
87914
87917
874350
87922
87925
87932
87933
87936
87937
87940
87941
87944
87950
87952
87955
87959
87963
87966
87969
87970
87972
87975
87976
87980
87985
87989
87992
87993
87996
87998
88002
88006
88010
88014
88016
88017
88021
88024
88025
88027
88030
88031
88037
88040
88042
88043
88046
88048
88049
88050
88052
88059
88068
88072
88075
88076
88080
88081
88084
88086
88094
88095
88099
88100
88103
88104
88106
88107
88110
88113
88114
88118
88120
88122
88124
88125
88128
88129
88136
88140
88142
88144
88146
88148
88152
88157
88160
88165
88170
88174
88175
88177
88179
88181
88183
88186
88192
88196
88199
88201
88204
88208
88210
88213
88215
88216
88220
88223
88226
88227
88233
88235
88238
88241
88248
612537
88250
88253
88255
88260
88263
88266
88268
88269
88274
88277
88278
88280
612569
88284
88286
88288
88289
88292
88295
88296
612585
88299
88301
88302
88304
88308
88309
88312
88314
88316
88318
88320
88322
88324
88326
88328
88332
88335
88339
88342
88343
88346
88347
88350
88353
88358
88363
88365
874797
874802
88371
88372
88375
874807
88376
88381
88385
88386
88388
88389
88392
88395
88396
88402
874834
88403
88406
88409
88410
88413
88416
88420
88424
88425
88427
88431
88433
88435
88436
88441
88442
88445
88447
88449
88452
88455
88459
874891
88461
874896
88468
88470
88472
88476
88479
88480
350628
88485
88488
88489
88491
350636
88494
874926
88498
88502
88505
350649
874937
88508
88510
88512
874946
88517
88518
88520
88523
88524
88527
88528
350675
88532
88534
88535
88538
88539
88541
88544
88546
88547
88548
88550
88551
88554
88555
88559
88562
88563
88566
88571
88573
88575
88576
350720
88579
88581
88582
88585
88586
88590
88593
88595
88599
88602
88608
88609
88612
88616
88621
88623
88626
88628
88632
88633
88636
88637
88641
88644
88646
88648
88649
88653
88660
88661
88667
88668
88670
88671
88674
88675
88678
88683
88684
88686
88688
88691
88694
88696
350842
88699
88702
88705
88707
88708
88711
88712
88714
88715
88718
88719
88723
88727
88729
88733
88737
88738
88741
88743
88745
88747
88751
88756
88757
88759
88763
88765
88768
88769
88771
88773
88776
88777
88779
88780
88786
88788
875221
88790
88792
88793
88796
875229
88800
88804
88806
88808
88810
88813
875246
88817
88820
88822
88827
88830
88831
88833
88837
88838
88843
88847
88852
88854
88857
88859
88862
88865
88866
88868
88869
88872
88877
88880
88883
88886
88889
351033
88893
88895
88898
88899
88904
88905
88908
88911
88914
88916
88920
88923
88927
88930
88932
88935
88936
88938
88940
88942
88945
88951
88952
88954
88955
88958
88961
88965
88968
88971
88975
88977
88979
88982
88985
88987
88988
88991
88995
88996
88999
89000
89003
89007
89008
89012
89015
89018
89021
89023
89025
89029
89030
89034
89038
89040
89041
89044
89049
89052
89054
89055
89056
89058
89059
89061
89062
89067
89068
89071
89072
89075
89076
89080
89085
89090
89093
89096
89097
89101
89103
89105
89107
89108
89110
89113
89117
89120
89122
89123
89126
89130
89134
89138
89140
89145
89146
89148
89149
89153
89157
89158
89160
89164
89166
89169
89171
89175
89176
89178
89180
89182
89183
89186
89187
89190
89193
89196
89201
89205
89207
89210
89213
89217
89220
89221
89224
351370
89229
89230
89232
89234
89238
89239
89243
89247
89249
89250
89253
89254
89258
89260
89261
89263
89264
89269
89273
89274
89279
89280
89282
89283
89285
89286
89289
89292
89294
89297
89298
89301
89303
89305
89306
89309
89310
89316
89319
89320
89323
89324
89327
89331
89332
89334
89338
89340
89344
89345
89348
89349
89353
89354
89356
89358
89361
89365
89366
89370
89372
89381
89383
89386
89390
89393
89395
89396
89399
89402
89409
89412
89415
89419
89422
89423
89426
89429
89430
89433
89435
89438
89440
875874
89445
89447
89452
89453
89458
89461
875894
89464
89467
89471
89474
89478
89479
875912
89483
89486
89491
875925
89494
89496
875930
89500
89504
89505
89508
89510
89511
89515
89516
89518
89521
89526
89530
89533
89537
89541
89545
89548
89553
89557
89559
89561
89563
89564
89567
89570
89572
89578
89581
89586
89587
89591
876024
89597
89598
89601
89602
89605
89607
89609
89612
89617
89623
89628
89629
89634
89635
89638
89641
89644
89647
89648
89650
89651
876087
89656
89659
89664
89665
89667
89673
89677
89681
89682
89685
89688
89690
89692
89696
89698
89700
89701
89703
89704
89707
89709
89712
89713
89717
89718
89720
89724
89725
89727
89736
89737
89740
89741
89743
89749
89752
89754
89755
89757
89758
89761
89764
89765
89769
89770
89773
89777
89782
89786
89787
89790
89794
614084
89797
89799
89800
89802
89806
89807
89809
89812
89813
89816
89817
89823
89824
89826
89827
89829
89830
89833
89836
89838
89843
89846
89851
89853
89856
876289
89859
89861
614152
89865
876297
89868
89870
614160
89873
89875
89877
89880
89883
89884
89886
89887
89889
89892
89893
89895
89896
89903
89907
89909
89911
89913
89915
89917
89919
89922
89924
89931
89935
89945
89947
89948
89951
89953
89955
89959
89960
614249
89963
89967
89968
614257
89971
89973
89980
89984
89986
614274
89988
89989
89991
89992
614284
90001
90004
90005
614294
90007
90011
90012
90014
90015
614304
90022
90024
90026
614314
90028
90031
90032
90036
90038
90043
90044
90046
876478
90048
90051
90053
90055
90056
90059
90063
90066
90071
90075
90078
90080
90083
90087
90092
90093
90095
90098
90100
90102
90104
90106
90109
90110
90112
90118
90122
90123
90126
90128
90133
90134
90136
90140
90144
90145
90147
90148
90151
90154
90157
90160
90162
90163
90168
90171
90172
90175
90179
90181
90182
90185
90188
90190
90194
90197
90199
352343
90200
90205
90212
90213
90217
352364
90221
90226
90230
90231
90236
90240
90243
90244
90246
90250
90254
90256
90259
90260
90262
90265
90268
90271
90276
90277
90279
90283
90284
352430
90287
90291
90296
90298
90305
90312
90313
90316
90320
90322
90325
90329
90331
90335
90337
90341
90346
90350
90353
90355
90356
90359
90366
90370
90375
90378
90379
90383
90386
90387
90392
90393
90395
90401
90404
90405
352550
90409
90411
90415
90417
90419
90422
90428
90430
90435
90438
90446
90448
90452
90456
90458
352603
90461
90463
90464
90467
352611
90470
90473
876905
90474
90476
90477
352621
876910
90479
90481
90482
876918
90487
90488
90490
90492
90493
90495
90496
876934
90505
90508
90513
90517
90520
90522
90527
90529
876962
90531
90534
90540
90543
90544
90547
90551
90553
90562
90565
90570
90572
90576
90579
90581
90584
90586
90588
90590
90591
90594
90596
90598
90600
90602
90604
877036
90608
352756
90616
90620
90623
90624
90627
90630
90634
90637
90640
90642
90648
90653
90655
90658
90659
90663
90665
90668
90670
90673
90675
90677
90678
90682
90686
90688
90691
90694
90697
90698
90700
90701
90704
90708
90710
90711
90713
90716
90717
877149
90720
90722
90724
90727
90730
90733
90735
90740
90743
90746
90747
90750
90754
90755
90757
90762
90771
90773
90774
90777
90779
90782
90786
615074
90789
90790
90793
90796
90797
90800
90801
90805
90806
90810
90816
90817
90819
90820
90822
90823
90827
90831
90833
90837
90841
90843
90848
90849
90852
90856
90859
90862
90863
90866
90867
90870
90872
90876
90877
90879
90881
90885
90887
90892
90896
90898
90902
90905
90906
90907
90909
90911
90913
90915
90916
90918
877351
90920
90922
90923
90927
90928
90930
90931
90935
90936
90939
90944
90946
90947
353098
90956
90959
90961
90964
90965
90968
90971
90972
90975
90977
90979
90982
90985
90986
90988
90990
90993
90995
90997
90998
91000
91003
91004
91006
91007
91010
91018
91024
91025
91027
91031
91034
91037
91041
91043
91046
91048
91050
91051
91055
91058
91059
91061
91063
91065
91067
91069
91071
91072
91076
91078
91079
91088
91092
91095
91096
91098
91101
91104
91106
91107
91113
91116
91119
91120
91122
91123
91126
91129
91132
91133
91142
91143
91146
91154
91158
91159
91160
91162
91165
91167
91169
91170
91173
91177
91180
91181
91185
91188
91201
91203
91205
91207
91214
91215
91218
91220
91223
91228
91231
91234
91236
91240
91241
91244
91249
91254
91257
91258
91261
91262
91266
91267
91269
91274
91277
91279
91282
91285
91288
91290
91294
91296
91303
91304
91307
91311
91313
91316
91321
91324
91328
91330
91332
91336
91339
91340
91343
91348
91354
91357
91360
91363
91364
91366
91367
91370
91371
91374
91376
91380
91382
91387
91388
91392
91395
91396
91398
91401
91403
91405
91406
91409
91414
91415
91418
91420
91422
91424
91426
91430
91434
91436
91438
91441
91444
91446
91448
91449
91451
91452
91454
91455
91457
91460
91465
91467
91469
91472
91474
91479
91481
91485
91492
91493
91496
91497
877932
91503
91505
91508
91509
91511
91512
877945
91516
91519
91523
91526
91530
91531
91535
91537
91538
91540
91541
91545
91549
91550
91552
877986
91555
91556
91559
91560
91565
91566
91569
91570
91572
91575
91576
91582
91584
91585
91587
91588
91591
91594
91598
91600
91605
91606
91609
91610
91612
91613
91615
91617
91620
91621
91624
878059
91629
91632
91635
91639
91642
91645
91646
615938
91651
91653
91656
91657
91659
878091
91664
878096
91666
91669
878102
91672
91675
91678
91681
91684
615972
91685
91688
91690
91692
91693
91696
615987
91700
91707
91710
91713
91715
91717
91721
91724
91727
91730
91732
91736
91737
91741
91743
91744
91747
91748
878181
91754
91756
91761
91762
91763
91765
91768
91771
91776
91778
616068
91783
91784
91787
91790
616078
91794
91795
91797
616088
91801
91803
91807
91808
91810
616098
91813
91814
91820
616111
91824
91827
91831
91834
91836
91839
616128
353985
91842
91848
91852
91853
91856
91861
91862
91865
91866
91872
91876
91877
91880
91881
91883
91886
91887
91890
91896
91899
91902
91904
91906
91910
91912
91917
91919
91923
91924
91926
91927
354075
91934
91935
91939
91942
91945
91947
354091
91952
91953
878386
91956
91958
91960
91961
91965
91970
91971
91974
91980
91982
91983
91989
91992
91995
91999
92000
92002
92003
92006
92009
92010
92017
92020
92023
92025
92030
92032
92037
92040
92041
92045
92050
92054
92057
92058
92060
92061
92063
92064
92066
92070
92071
92074
92079
354223
92082
92085
354231
92089
92090
92092
92094
92096
92100
92104
92107
92114
92119
92120
92122
92123
92126
92129
92131
92133
92136
92137
92141
92144
92146
92150
354294
92152
92153
92155
92158
92161
92162
92165
92167
92169
92171
92175
92176
92179
92184
92186
92189
92191
92192
92196
92198
92200
92202
92203
92208
92209
92213
92215
92218
92222
92226
92229
92234
92237
92241
92242
92244
92250
92252
92256
92260
92262
92266
92267
92269
92271
92273
92274
92276
92281
92283
92285
92289
92292
92295
92298
92304
92309
92314
92315
92317
92319
92321
92323
92327
92328
92331
92332
92338
92341
92342
92344
92345
92347
92352
92357
92361
92364
92367
92370
92373
92376
92379
92380
92383
92387
92389
92392
92393
92401
92405
92413
92415
92416
92420
92421
92425
92427
92428
92432
92434
92435
92438
92443
92447
92448
92450
92451
92454
92456
92458
92460
92461
92464
92465
92468
92472
92473
92477
878915
92484
92485
92488
92493
92496
92499
92501
92502
92507
92509
92513
92514
92517
92520
92521
92524
92529
92530
92533
92535
92538
878970
92540
92544
92546
878980
92550
92553
92554
92556
92560
92562
92564
92567
92570
92572
92574
92577
92578
92581
92583
92586
92588
92591
92593
92596
92597
92602
92603
92605
92609
92612
354759
92616
92619
92621
92625
92627
879059
92630
879064
92634
92637
92639
92640
92643
92645
92651
92655
92658
92660
92663
92667
92668
92670
879102
92674
92675
92676
92679
92680
92684
92688
92691
92692
616980
92693
92695
92699
616988
92703
92707
92716
92719
92724
92727
92734
92736
92738
92740
92743
617031
92746
92750
92752
92754
92755
92759
92762
92765
92766
617056
92770
92771
92774
92776
92778
92780
92782
92783
92787
92789
92791
92792
92797
92798
92803
92805
92806
92809
92810
92813
92816
92817
92820
92823
92829
92830
92833
92835
92837
92838
92840
92841
92843
92844
92847
92848
92851
92854
92856
92861
92864
92866
92873
92877
92879
92882
92886
92893
92895
92896
92899
92902
92904
92907
92909
92913
92914
92921
92925
92926
92930
92933
92935
92937
92940
92941
92943
879380
92950
92951
92956
92958
92961
92962
92964
92966
92969
92970
92973
92974
92976
92979
92981
92983
92985
92987
92990
92991
92994
92995
92998
93002
93005
93008
93009
93011
93012
93016
93019
93020
93022
93024
93027
93029
93034
93037
93041
93043
93045
93046
93051
93056
93061
93064
93067
93071
93073
93074
93077
93082
93085
93090
93091
93095
93097
93098
93102
93107
93113
93114
93117
93121
93124
93126
93130
93132
93137
93139
93141
93144
93146
93148
93149
93154
93157
93160
93163
93167
93170
93171
93175
93178
93180
93183
93190
93191
93194
93196
93197
93200
93204
93206
93208
93210
93211
93215
93219
93222
93223
93225
93227
93232
93236
93240
93244
93246
93247
93251
93254
93256
93259
93261
93264
93265
93267
93274
93275
93277
93278
93281
93287
93288
93290
93292
93295
93297
93299
93302
93303
93305
93307
93308
93312
93314
93315
93318
93319
93322
93327
93328
93331
93336
93341
93344
93345
93347
93353
93354
93357
93360
93364
93367
93369
93370
93372
93375
93378
93381
93384
93386
93391
93398
93401
93405
93408
93409
93412
93413
93416
93419
93421
93423
93424
93427
93429
93431
93433
93435
93438
93442
93443
93445
93448
879887
93456
93458
93460
355607
879895
93466
93468
93472
93476
355620
93480
93481
93484
93489
93490
93492
93500
93502
93504
93508
617798
93511
93516
93518
93521
93523
93526
93528
879966
93539
93540
617829
93542
93543
93546
93548
93551
617839
93553
93558
93561
879993
93562
93566
93567
93570
93572
617863
93576
880008
93579
93582
93585
93586
93588
93590
93591
355737
93595
93596
93597
617886
93599
93601
880033
93604
93607
93609
93611
93614
93617
93618
93624
93626
93630
93633
93635
355781
93639
93640
93643
93644
93650
93651
93656
355806
93663
93666
617955
93669
93671
93674
617963
93676
93679
93683
93686
93692
617980
93693
93695
93697
93699
93701
617990
93703
355849
93707
93709
93714
93716
93719
93720
93726
93729
93732
93737
93738
93741
93743
93745
93748
93752
93756
93757
93759
93761
93762
93765
93771
93774
618062
93779
93782
93785
93786
618075
93788
93790
93793
93796
93798
93799
618088
93802
93805
93809
93810
93815
93819
93822
93824
93827
93829
93834
93837
93839
93844
93847
93852
93853
93856
93857
93861
93862
93865
93869
93874
93876
93879
618169
93886
93890
93891
93897
93901
93902
93904
93906
880338
93907
93914
93918
93922
93925
93926
93927
93929
93931
93933
93937
93938
93941
93942
93944
93945
93949
93950
93955
93958
93960
93961
93964
93967
93968
93971
93975
93977
93978
93980
93981
93984
93986
93992
93993
93997
93998
94000
94003
94005
94007
94009
94012
94020
94025
94028
94030
94032
94035
94038
94042
94046
94049
94052
94053
94057
94058
94060
94071
94076
94078
94079
94080
94082
94084
94086
94087
94093
94096
94100
94103
94104
94110
94112
94114
94119
94120
94122
94131
94132
94134
94137
94140
94141
94143
94148
94151
94154
94158
94160
94161
94164
94165
94168
94175
94177
94180
94184
94186
94188
94193
94196
94199
94202
94203
94206
94208
94212
94215
356359
94216
94218
94219
94221
94222
94226
94227
94229
94231
94233
618522
94239
94240
94243
94245
94249
94250
94252
94253
94263
94268
94270
94273
94278
94279
94282
94285
94286
94289
94291
94293
94297
94300
94302
94304
94305
94310
94314
94317
94320
94325
94327
94332
94335
94338
94339
94341
94342
94345
94349
94352
94353
94356
94359
94363
94367
94368
94372
94375
94380
94382
94384
94385
94388
94392
94395
94396
94399
94400
94403
94404
94406
94407
880841
94410
94413
880846
94415
94422
94423
94427
94430
94431
880863
94434
94435
94438
94440
94444
94447
94448
94451
94452
94457
94458
880891
94462
94469
94471
94474
94478
94479
94482
94483
94486
94488
94492
94495
94497
94500
94501
94504
94506
94510
94512
880946
94515
94518
94519
94524
94525
94528
94532
94536
94538
94539
94542
94546
94547
94550
94555
94557
94559
618849
94563
94567
618857
94570
94577
94580
94582
618875
94588
94592
94595
94596
94603
94606
94608
94609
94612
94613
94616
94621
94623
94628
94632
94635
94637
94639
94640
94643
94644
94648
94649
94650
94652
94658
94659
94664
94665
94668
94671
94677
94679
94685
94686
94688
94689
94692
94695
94698
94700
94702
94703
94710
94713
94714
94717
94722
94725
94728
94730
94733
94736
94737
94739
94741
94748
94751
94756
94759
94761
94765
94772
94776
94778
94780
94782
94784
94787
94789
94792
94794
94797
94800
94803
94806
94809
94813
94815
94819
94823
94828
94829
94833
94835
881269
94838
94839
94843
94846
94848
94853
94855
94858
94860
94867
94871
94875
94878
94880
94883
94890
94894
94895
94897
94898
94900
94903
94908
94910
94916
94917
94920
94923
94925
94927
94930
94931
94934
94936
94937
94940
94942
94947
94948
94950
94953
94957
94960
94965
94967
94969
94970
94972
94976
94981
94984
94989
94995
94997
95003
95005
95008
95009
95011
95012
95015
95016
95019
95023
95027
95030
95032
95033
95037
95044
95047
95049
95051
95053
357199
95062
357207
95064
95066
95067
95069
95070
95073
95076
95079
95080
95082
95083
95088
95091
357235
95094
95095
95098
95100
95102
95106
95112
95117
95118
95119
95122
95124
95128
95129
95131
95132
95133
95136
357281
95138
95144
95147
95150
95152
95154
95158
95159
95162
95166
95168
95171
95172
95175
95177
95180
95181
95184
95185
95187
95190
95191
95195
95198
95201
95202
95203
95206
95208
95212
95215
95216
95221
95225
357372
95229
95234
95236
95241
95243
95245
95249
95250
95252
95255
95258
95259
95262
95264
95268
95271
95274
95277
95281
95282
95285
95286
95289
95290
95292
95294
95295
95297
95302
95305
95309
881745
95314
95317
95321
95324
95326
95328
95330
881763
95333
95334
881768
95337
95341
95343
95345
95347
95348
95352
881786
619644
95357
95358
95364
95367
95372
95377
95378
95381
95385
619673
95386
95389
95393
95395
95396
95400
95404
95406
95408
95411
95412
95414
95415
95419
95425
95428
95429
95433
95436
95437
95439
95440
95446
619736
95449
95451
95455
95456
95459
95460
95463
95464
95468
95470
95474
95475
95477
95481
95482
619770
95485
95488
95492
95494
95496
95503
95505
95507
95510
95511
95514
95518
95525
95526
95528
95531
95533
95535
95538
95541
95544
95553
619841
95559
95560
95566
619854
95569
95572
95575
95578
95581
95584
95585
95589
95593
95595
95597
95601
95605
95606
95608
95610
95612
95613
95614
95616
95619
95621
95626
95631
95635
95636
95639
95641
95645
619935
95649
95653
95655
95657
95660
95661
95663
95664
95666
95668
95670
95671
95673
95674
95677
95678
95681
95684
95688
95690
95691
95694
95699
95701
95703
95705
95706
95708
95710
95712
95719
95721
95725
95728
95729
95732
95734
95736
95737
882170
95740
95742
95746
95749
95753
95754
95759
95762
95764
95765
95768
357912
95769
95773
95775
95779
95784
95787
95790
95792
95796
95800
95804
95808
95812
95815
95816
95818
95821
95822
95825
95828
95829
95832
95833
95835
95837
95839
95840
95844
95845
95847
95850
95851
95854
95855
95858
95859
95863
95867
95870
95872
95875
95876
95877
95879
95883
95885
95886
95891
95895
95896
95898
95901
95904
95910
95911
95914
95920
95922
95923
95927
95935
95937
95939
95944
95946
95948
95951
95953
95955
95956
95959
95962
95968
95969
95972
95973
95975
95976
95979
95981
95983
95986
95994
95995
95997
96003
96004
96006
96009
96012
96013
96016
96019
96021
96022
96025
96027
96034
96036
96038
96039
96041
96044
96045
96048
96050
96055
96056
96058
96059
96066
96070
96075
96077
96081
96086
96091
96092
96095
96096
620385
96100
96102
96104
96110
96114
96117
96120
96123
96127
96128
96135
96139
96140
96142
96147
96150
96151
96154
96157
96160
96166
96168
96172
96175
96178
96183
96184
96189
96191
96193
96196
96197
96201
96204
96206
96207
96209
96213
96216
96218
96220
96221
96223
96226
96228
96230
96233
96234
96236
96237
882672
96243
96248
882680
96250
96251
96254
96257
96260
96261
96266
96269
96270
882705
96276
96277
882710
96280
96283
96285
96287
882720
96291
96292
96293
96300
96306
96309
96312
96314
96319
96322
96324
96327
96328
96330
96331
96335
96336
96339
96341
96343
96345
96347
96350
96352
96357
96358
96365
96370
96372
96378
96385
96389
96390
96392
96395
96399
96403
96405
96409
620697
96412
96415
96417
96421
96422
96424
96426
96427
96431
620720
96434
96436
96438
96439
96442
96445
96446
96449
96452
96454
96456
96458
96460
96464
96469
96474
96477
96479
96482
96485
96491
96492
96495
96499
96501
96503
96508
96511
96513
96515
96516
96520
96521
96523
96527
96532
96535
96536
96539
96540
96543
96544
96546
96547
96551
96554
96555
96558
96563
358708
96565
96572
96575
96577
96579
96580
96583
96585
96588
96589
96592
358737
96595
96596
96598
96600
358745
96602
96606
96609
96611
96614
96617
883050
96620
96621
96623
96624
96626
358774
96633
96636
96639
96642
96645
96648
96649
96651
96652
96657
96658
96661
96662
96665
96673
96678
96681
96683
96685
96686
96690
96693
96695
96698
96702
96704
96705
96707
96711
96712
96713
96717
96719
96721
96723
96724
96727
96730
96732
96734
96737
96741
96742
96746
96749
96753
96754
96758
96761
96763
96767
96768
96770
96771
96778
96781
96784
96785
96787
96788
96790
96794
96797
96800
96802
96803
96807
96809
96812
96815
96819
96821
96822
96824
96827
96830
96832
96834
96837
96839
96841
96845
96848
96850
96853
96856
96859
96860
96863
96867
96869
96870
96872
96873
96876
96879
96880
96883
96886
96890
96895
96897
96901
96903
96906
96909
96911
96912
96914
96918
96921
96922
96925
96926
96929
96930
96932
96933
96937
96938
96941
96944
96947
96952
96953
96957
96959
96960
96965
96966
96969
96971
96972
96975
96976
96978
96982
96983
96985
96987
96991
96993
96995
96998
97000
97003
97004
97007
97010
97016
97020
97021
97025
97028
97033
97036
97038
97039
97045
97047
97051
97052
97054
97057
97059
97061
97063
97066
97070
97072
97074
883506
97075
97078
883511
97082
97085
97086
97089
97091
97093
97095
97099
97101
97105
97106
97110
97112
97115
97117
97121
97123
97124
97126
97129
97130
97132
97137
97138
97142
97145
97146
97149
97150
883584
97153
97155
97158
97163
97164
97166
97168
97170
97175
97176
97179
97182
621470
97183
97185
97187
97189
621478
97191
97192
97195
97198
97199
97201
97202
97205
97209
97218
97219
97222
621510
97224
97226
97230
97231
97233
97238
97241
97243
97245
97246
97249
97250
621539
97256
97259
97260
97264
97267
97269
97272
359416
97273
97275
97280
97283
97286
97291
97292
97296
97297
97304
97305
97308
97309
97312
97313
97315
97320
97323
97326
97327
97330
621619
97334
97335
97339
621627
97342
97343
97346
97349
97350
97353
97355
97358
97363
97366
97370
97373
97378
97381
97387
97388
621678
97391
97397
97398
97405
97408
97409
97411
97415
97417
97419
97420
97424
621712
97429
97430
97432
97434
97435
97437
97441
97443
97445
97449
97452
97455
621743
97456
97463
97467
97469
97472
97473
97476
97477
883910
97479
97481
97484
97489
97490
97492
97496
97498
97501
97508
97510
97511
97516
97523
97525
97528
97530
97534
97535
97540
97542
97546
97548
97552
97555
97557
97560
97561
97564
97565
97567
97568
97572
97574
97575
97578
97580
97585
97591
97596
97598
97603
97604
97607
97611
97612
97619
97620
97622
97627
97630
97633
97638
97641
97643
97645
97646
97648
97652
97653
97659
97660
97664
97667
97674
97677
97679
97683
97686
97689
97695
97698
97702
97706
97707
97709
97712
97713
97715
97719
97722
97724
97728
97730
97732
97734
97736
97740
97742
97745
97748
97750
97754
97755
97757
97760
97767
97769
97770
97774
97776
97781
97785
97789
97790
97795
97796
97799
97802
97805
97808
97809
97811
97815
97817
97820
97823
97825
97829
97832
97833
97834
97837
97838
97840
97841
97844
97845
97848
97851
97854
97857
97859
97860
97865
97868
97869
97872
97875
97878
97880
97883
97888
97889
97893
622181
97895
97899
97902
97903
97906
97909
97910
97913
97917
97920
97925
97927
97928
97931
97934
97938
97943
97944
97949
97950
97953
97954
97958
97961
884393
97964
97970
97971
97976
97978
97979
97982
97983
884417
97986
97987
97989
97990
97992
97993
884425
97998
98001
98005
98006
98011
98015
98017
98018
98023
98027
98028
98032
884464
98033
98037
98038
98040
98041
98044
98045
98047
98050
98053
98056
98063
98067
98071
98072
98075
98077
98084
98086
98090
98092
98094
98096
98097
98100
98105
98109
360253
98111
98119
360266
98123
98127
98138
98139
98145
98150
98151
98154
98157
360307
98164
98168
98169
98171
360315
98173
98175
98178
98180
98182
98184
98187
360331
98188
98195
98199
98200
98203
622491
98204
98205
98207
98208
98210
98215
98216
98218
98221
98223
98227
98229
98232
98233
98235
98237
98240
98243
98246
98249
98251
98253
98256
98257
98259
98264
98266
98271
98274
98276
98278
98280
98283
98289
98292
98293
98300
98305
98312
98316
98317
884749
98320
98326
884761
98331
98334
98336
98338
98343
98346
98348
98350
98352
98355
98363
98366
98367
98370
98374
98379
98381
98382
98386
98387
98389
98392
98394
98396
98397
98399
98401
98409
98410
98413
98417
98418
98422
98423
98428
98429
98431
98432
98435
98438
98440
98442
98449
98451
98453
98455
98456
98462
98466
98468
98469
98472
98479
98483
98484
98488
98489
98491
98495
98497
98502
98505
98507
98510
98513
98515
98518
98519
98522
98527
98528
98530
98534
98535
98538
98539
98541
98542
98545
98547
98550
98551
98554
98559
98562
98564
98567
98573
98575
98580
98582
98586
98592
98595
98596
98602
98603
98605
98606
98609
98613
98615
98619
98623
98624
98627
98629
98632
98634
98638
98639
98641
98642
98645
98646
98649
98650
98653
98657
98659
98661
98664
98668
98674
98678
98680
98682
98684
98686
98688
98691
98694
98697
98698
98700
98703
98705
98708
98710
98711
98713
98715
98718
98724
98727
98730
98733
98736
98740
360885
98744
98747
98752
98753
98758
885190
98762
98767
98769
885203
98772
98774
98775
98777
885210
98780
98782
98783
98785
98788
885222
98793
885227
98797
98799
98800
98804
885236
98806
98807
98810
98813
885245
98814
98818
885250
98822
98826
885258
98828
98829
98832
98837
98838
885272
98841
98843
98846
98849
98851
98856
98859
98862
98864
98868
98876
98877
98880
885313
98885
98887
98888
885325
98894
98897
98902
98904
98906
98908
885341
98911
98914
885346
98916
98919
98922
98926
98929
98930
98933
98941
98944
98946
623236
98949
98950
98953
98954
98957
98959
98962
98966
98970
98972
623262
98976
98979
98983
623272
98985
98986
98989
98990
98992
98997
98999
99001
99002
99005
99007
99008
99016
99017
99021
99023
99027
99030
99032
99034
99037
99039
99042
99043
99046
99047
623338
99051
99054
99055
99057
99061
99063
623351
99065
99067
99068
99072
99074
99075
99077
99079
99083
99086
99090
99092
99094
99097
99099
623388
99103
99105
99106
99109
99110
99112
99117
99125
99126
99128
99129
99132
99133
99136
99139
99149
99152
99156
99160
99162
99166
99167
99169
99172
885604
99176
99180
99181
99183
99187
99189
99194
99195
99198
99201
99203
99205
99212
99216
99220
99226
99230
99232
99238
99239
99241
623529
99244
99246
99248
623537
99251
99253
99256
99259
99263
99265
99266
99271
99273
99274
99277
99279
99282
99283
99286
99287
99289
99291
99294
99298
99299
99301
99303
99305
99307
99311
99313
99315
99316
99319
99320
99322
99326
99327
99329
99332
99337
99341
99343
99345
99347
99350
99351
99356
99358
99359
99365
99368
99372
99375
99376
99379
99380
99383
99390
99393
99395
99397
99404
99408
99411
99415
99420
99422
99424
99429
99431
99433
885865
99436
99437
99439
99442
99444
99447
99449
99451
99455
99460
99461
99465
99466
99469
99471
99474
99477
99479
99483
885916
99485
885918
99488
885920
885922
99491
885924
99493
885926
99496
885928
885930
885932
885934
361648
885936
99506
885938
99507
885940
99510
885942
361656
885944
885946
885948
99517
885950
885952
99522
885954
885956
885958
99527
885960
99529
99530
885962
99531
885964
99533
885966
99536
885968
885970
885972
885974
99544
885976
885978
99548
885980
885982
885984
99553
885986
99555
99556
885988
99557
885990
99559
885992
99561
885994
99564
885996
99565
885998
99568
886000
886002
99571
886004
886006
99575
886008
99578
886010
99580
886012
99582
886014
886016
886018
99587
886020
99590
886022
99592
886024
886026
99595
886028
886030
99600
886032
886034
886036
99605
886038
99607
886040
99610
886042
886044
886046
99616
886048
99618
886050
886052
99621
99622
886054
886056
99626
886058
886060
361774
886062
886064
99633
99634
886066
99636
886068
886070
99640
886072
99642
886074
99643
886076
99646
886078
886080
886082
99651
99652
886084
99654
886086
886088
99657
99658
886090
886092
99662
886094
886096
99665
886098
886100
99669
886102
886104
99673
886106
886108
99677
99678
886110
99680
886112
99682
886114
99683
886116
886118
99688
886120
886122
886124
99693
886126
886128
99697
886130
886132
99701
99702
886134
886136
99705
886138
99707
99708
886140
99710
886142
99712
886144
99713
886146
99716
886148
99718
886150
99720
886152
886154
99724
886156
886158
886160
99730
886162
886164
99733
886166
886168
99737
886170
99739
99740
886172
99742
886174
99744
886176
99746
886178
886180
886182
99752
886184
99754
886186
886188
99758
886190
99759
886192
99762
886194
99763
886196
886198
99767
886200
886202
99771
886204
99774
886206
99776
886208
99777
886210
886212
886214
99783
99784
886216
886218
99787
886220
99789
886222
99791
99792
886224
99794
886226
99795
886228
99797
99798
886230
99800
886232
99802
886234
99804
886236
886238
99807
99808
886240
886242
99811
886244
99814
886246
886248
99817
886250
99819
886253
99822
99824
886257
99827
886260
886263
99835
99836
886268
99839
886273
886276
99845
99847
886279
99849
886282
886285
99854
886288
99857
886291
99861
886294
99863
886297
99867
886300
99869
886303
886306
886309
99878
886312
99883
886315
99884
99886
886318
99887
99889
886321
99892
886324
99895
886327
99898
886330
886333
99902
99903
886336
99905
886339
99908
886342
99911
99912
886345
99915
886348
99919
886351
99922
886354
99925
886357
99926
99928
886360
886363
99932
886366
99935
886369
99938
99940
886372
99941
886375
99944
886378
99947
886381
99951
886384
99954
99955
886387
99958
886390
886393
99962
886396
99965
99967
886399
99969
99970
886402
99972
886405
99974
886408
99977
624265
99978
886411
99982
886414
624273
886417
99986
886420
99990
99991
886423
99993
886426
99996
99997
886429
100000
886432
100001
100003
886435
100005
100006
886438
100009
886441
100012
886444
886447
100016
886450
100019
100020
886453
100023
886456
886459
100028
100030
886462
100033
886465
886468
100037
886471
100042
886474
886477
100046
100048
886480
100050
886483
100054
886486
100056
100057
886489
100060
886492
886495
100066
886498
886501
100072
886504
100074
886507
886510
100081
886513
886516
100086
886519
886522
100091
886525
100095
886528
100099
886531
100100
886534
100104
100105
886537
100108
886540
100111
886543
100114
886546
100115
886549
100119
886552
100121
886555
100124
100125
886558
100127
886561
100131
100132
886564
100134
886567
100136
100138
886570
100140
886573
100144
886576
100145
886579
100148
100150
886582
100152
100153
886585
886588
100158
100159
886591
100161
886594
886597
100166
100168
886600
100170
100171
886603
886606
100175
100176
362320
886609
100179
886612
100181
886615
100184
886618
100188
886621
100192
886624
100194
100195
886627
100198
886630
100200
100201
886633
886636
100205
886639
100210
886642
100213
886645
100215
886648
886651
100220
100222
886654
886657
100226
886660
100229
886663
100233
886666
100236
886669
100238
100240
886672
100242
886675
100246
886678
100249
886681
100251
886684
100255
886687
100257
100258
886690
886693
100264
886696
886699
100268
886702
886705
100276
886708
100278
886711
100281
886714
100284
886717
100286
886720
100290
886723
100292
886726
100296
100297
886729
100299
886732
100301
100303
886735
886738
100308
886741
100310
100312
886744
100315
886747
100317
886750
100321
886753
886756
100325
886759
100330
886762
100331
886765
100335
886768
100338
886771
886774
100343
886777
100346
886780
100351
886783
886786
100356
886791
100360
886794
100363
100365
886797
100367
886800
100369
100370
100371
886803
100374
886806
100377
886809
100379
886812
886815
100385
886818
886821
100392
886824
100393
100395
886827
100398
886830
886833
886836
886839
100409
886842
100412
100413
886845
886848
100419
886851
886854
100425
886857
100427
886860
100429
886863
100433
886866
100436
886869
100439
886872
100442
886875
100445
100446
886878
886881
886884
886887
100457
886890
100459
886893
886896
100466
886899
100470
886902
100472
886905
100475
886908
100478
886911
100481
886914
100483
100485
886917
100487
886920
886923
886926
100495
100497
886929
100498
100500
886932
100502
886935
100506
886938
100507
886941
100510
100512
886944
886947
886950
100520
886953
100523
886956
100525
886959
100529
886962
100531
100532
886965
886968
100538
886971
886974
100544
886977
100547
886980
100549
100550
886983
100553
100554
886986
100557
886989
100558
886992
100561
886995
886998
100567
887001
100571
887004
100573
887007
100578
887010
887013
100582
887016
100587
887019
100590
887022
100591
887025
100594
887028
887031
100600
100601
887034
100603
887037
100606
887040
100609
100611
887043
100614
887046
100615
887049
100618
887052
100621
887055
100625
887058
887061
887064
100633
887067
100637
100638
887070
100641
887073
100643
887076
887079
100649
887082
100651
100653
887085
887088
100657
100658
887091
100662
887094
887097
887100
100670
100671
887103
887106
887109
100679
887112
100682
887115
100685
887118
100689
887121
887124
100693
100694
887127
100697
887130
100700
887133
624990
100703
100704
887136
100707
887139
100710
887142
100713
887145
887148
887151
100721
100722
625010
887154
887157
100726
100727
887160
100729
100730
887163
100733
887166
100735
625023
100737
887169
100739
100740
887172
100743
887175
100745
887178
100748
887181
887184
100753
100754
887187
100757
100758
887190
100760
887193
887196
100765
887199
887202
100772
625060
100773
887205
100775
887208
887211
100780
625068
100781
887214
100784
887217
100788
887220
100791
887223
100793
887226
100796
100797
887229
100799
887232
100801
887235
100804
887238
100808
887241
100811
100812
887244
887247
100817
887250
100820
887253
887256
100825
887259
100830
887262
100831
100833
887265
100836
887268
100838
887271
100841
887274
100844
887277
100847
100848
887280
100851
887283
100853
887286
100855
100856
887289
100859
887292
100862
100863
887295
100866
887298
100868
887301
100871
100872
887304
100874
887309
100879
887311
887314
887317
887320
100891
887323
100894
887326
100897
887329
100899
887332
100902
100903
887335
100906
887338
100909
887341
887344
625201
100914
100915
887347
100918
887350
100919
887353
100922
100923
887356
887359
100929
887362
100932
887365
100935
887368
100938
887371
100941
887374
100945
887377
100948
887380
625238
100951
887383
887386
887389
100958
100959
887392
100963
887395
100966
887398
100969
887401
100971
887404
100974
887407
100976
887410
100979
100980
887413
363127
100984
887416
100986
887419
100988
100989
887422
887425
100994
887428
100997
100998
887431
101001
887434
101004
887437
887440
101009
101010
887443
101014
887446
101017
887449
101020
887452
363166
101023
887455
101024
887458
101027
101029
887461
101032
887464
101035
363179
887467
101037
887470
101039
101041
625329
887473
101043
101044
887476
101047
887479
101048
101050
887482
101051
887485
101054
101056
887488
101059
887491
887494
101065
887497
101068
887500
887503
101072
101074
887506
887509
101079
887512
101083
887515
101085
101086
887518
887521
101090
887524
101095
887527
101098
887530
363244
887533
887536
101107
887539
887542
101111
101113
887545
101116
887548
101118
887551
887554
101123
101125
887557
101126
887560
101130
101131
887563
101133
887566
101136
887569
101139
101140
887572
101142
887575
101144
887578
101147
887581
101150
887584
101153
887587
101156
887590
101159
887593
101162
101164
887596
101166
887599
101169
887602
101171
101173
887605
101174
887608
101178
887611
101181
887614
101184
101185
887617
887620
101189
887623
101193
887626
887629
101198
887632
887635
887638
887641
101211
887644
101213
887647
887650
101221
887653
101224
887656
101227
887659
101229
887662
101231
887665
101236
887668
101239
887671
101241
887674
101244
887677
101248
887680
101250
887683
101253
887686
101257
887689
101258
887692
101261
887695
101264
101265
887698
101267
887701
887704
101274
887707
101276
101278
887710
887713
101282
887716
101286
887719
101289
101290
887722
101291
887725
101294
887728
101297
887731
887734
887737
101307
887740
101309
887743
101312
101313
887746
101315
887749
101318
887752
101321
101322
887755
101325
101326
887758
101328
887761
887764
101333
887767
101336
887770
101340
887773
101344
887776
101347
887779
101348
887782
101352
887785
887788
101358
887791
887794
101363
887797
101367
887800
887803
101372
101373
887806
101376
887809
887812
887815
101385
887818
101388
887821
101391
887824
101394
101396
887829
101398
101399
887832
101401
887835
101404
101405
887838
101409
887841
101411
887844
101413
887847
101416
101417
887850
101420
887853
101423
887856
101427
887859
101429
101430
887862
101432
101433
887865
887868
101438
101439
887871
101440
101442
887874
101444
887877
101446
887880
101450
887883
101453
101454
887886
887889
101459
887892
887895
101465
887898
101469
887901
101470
887904
101473
887907
101477
887910
101479
101480
887913
101484
887916
101485
887919
101488
101489
887922
887925
887928
101497
101499
887931
101500
101502
887934
101504
101505
887937
101507
101508
887940
101511
887943
101514
887946
101517
887949
887952
101521
101523
887955
101525
887958
101527
887961
101530
887964
101533
887967
101536
101537
887970
887973
101543
887976
101546
887979
101549
887982
101552
101553
887985
101556
887988
101558
887991
101560
887994
101565
887997
888000
101569
888003
888006
101576
363721
888009
101578
888012
101582
888015
101584
888018
101587
101588
888021
888024
101594
888027
101596
363741
101598
888030
101599
101601
888033
888036
888039
101609
888042
101611
101613
888045
101615
888048
101617
888051
101620
888054
101624
888057
888060
101629
101631
888063
101633
888066
101636
888069
101639
888072
101641
101642
888075
101644
888078
101649
888081
888084
101655
888087
101656
888090
101661
888093
101663
888096
101665
101666
888099
888102
101671
625959
888105
101674
888108
101677
888111
101681
888114
101685
888117
888120
888123
101692
101693
888126
101696
101697
888129
101699
888132
101703
888135
101705
888138
101707
101708
888141
101711
625999
888144
101713
101714
888147
101717
888150
101720
888153
101724
888156
101725
101727
888159
888162
101731
101732
888165
101734
888168
101738
888171
101740
101741
888174
101744
888177
101747
888180
101749
101751
888183
101753
888186
101755
888189
101758
101760
888192
101762
888195
101765
101766
888198
888201
101770
888204
101773
888207
888210
101780
888213
101783
888216
888219
101788
888222
101791
888225
101796
888228
101798
888231
101800
101802
888234
101804
888237
101807
888240
101811
888243
888246
888249
101818
101820
888252
101823
888255
101826
888258
101829
888261
888264
101834
888267
101838
888270
101839
101841
888273
101842
101844
888276
101847
888279
101848
101850
888282
888285
101856
888288
101858
888291
101861
101862
888294
101864
888297
888300
101869
888303
888306
101875
101876
888309
101879
888312
101881
888315
101884
101886
888318
101889
888321
101891
888324
101893
101895
888327
101897
888330
101899
888333
101904
888336
888339
101909
101910
888342
101912
101915
888347
101917
888350
101920
101921
888353
101923
888356
101927
888359
888362
101933
888365
101936
888368
101938
888371
101942
888374
101943
888377
101947
888380
101950
101951
888383
101953
888386
101956
888389
888392
101962
101963
888395
888398
101968
101969
888401
888404
101973
101974
888407
101977
888410
101981
888413
888416
888419
101990
888422
101992
888425
888428
888431
102000
888434
102003
888437
102006
888440
102010
888443
102014
888446
888449
102018
102020
888452
102021
102022
888455
102024
102026
888458
102029
888461
888464
102034
102035
888467
888470
102040
888473
888476
102045
888479
888482
102052
888485
102054
888488
102058
888491
102060
102061
888494
102063
888497
102067
888500
102069
102071
888503
102073
888506
102077
888509
102078
888512
102081
888515
102085
102086
888518
102089
888521
102090
888524
102093
888527
102098
888530
102099
888533
102102
102103
888536
888539
102108
102110
888542
888545
102114
888548
102117
888551
888554
102125
888557
102128
888560
102129
102131
888563
102132
888566
102135
102137
888569
102140
888572
102141
888575
102145
888578
102147
102149
888581
102151
102152
888584
102155
888587
102157
888590
102160
888593
888596
102165
888599
888602
102172
888605
102174
888608
102177
888611
888614
102183
102184
888617
888620
102190
888623
102194
888626
888629
102199
888632
888635
102204
102206
888638
102209
888641
102211
102212
888644
102215
888647
102217
888650
102219
888653
102222
102223
888656
888659
102228
102230
888662
888665
102234
888668
888671
102240
888674
888677
102247
888680
888683
102252
102253
888686
102256
888689
888692
102263
888695
102265
888698
888701
102270
888704
102273
888707
102276
888710
102281
888713
102284
888716
102287
888719
888722
102291
888725
102295
888728
102299
888731
888734
102303
102304
888737
102307
888740
102310
102311
888743
102313
364458
888746
102315
102317
888749
102318
102320
888752
102321
102323
888755
102326
888758
102329
888761
888764
102334
364479
888767
102338
888770
102341
888773
888776
102345
364491
888779
888782
102351
102352
888785
102355
888788
102358
888791
102361
888794
102364
888797
364510
888800
102370
888803
102373
888806
102375
364519
102376
888809
102379
888812
102383
888815
888818
102388
888821
364534
888824
102393
102394
888827
888830
102400
888833
102402
102403
888836
364549
102406
102407
888839
102410
888842
364557
888845
102414
102415
888848
102418
888851
626708
888854
888857
102427
364571
888860
102431
102432
102434
888866
888868
888870
102440
888872
102442
888874
888876
102445
888878
888880
102449
888882
102451
364596
888884
888886
102455
888888
888890
888892
102462
888894
888896
888898
102467
888900
102469
102470
888902
888904
102473
888906
102475
888908
102478
888910
888912
102481
102482
888914
102484
888916
888918
102487
102488
888920
888922
888924
102493
888926
626784
888928
102498
888930
102500
888932
888934
888936
102505
888938
102508
888940
102509
102510
888942
102512
626800
888944
888946
102516
888948
102517
888950
102520
888952
888954
102523
888956
888958
888960
102529
364673
102530
888962
102532
888964
888966
888968
102538
888970
102540
888972
888974
102544
888976
888978
102547
888980
102550
888982
364695
888984
888986
102555
888988
888990
102559
888992
102561
888994
102563
888996
102566
888998
102567
889000
102570
626858
889002
889004
889006
102575
889008
889010
102579
364724
889012
102581
889014
889016
889018
102587
102588
364732
889020
102590
889022
889024
889026
102595
889028
102597
889030
102599
889032
102602
889034
889036
102605
889038
889040
102609
889042
102611
102612
889044
889046
102615
889048
102617
102618
889050
889052
102621
889054
889056
102625
102626
626914
889058
889060
102630
889062
102632
889064
102633
626922
889066
102636
889068
889070
102639
889072
889074
102643
102644
889076
889078
102647
889080
102650
889082
889084
102654
889086
889088
102657
102658
889090
102660
889092
889094
889096
102666
889098
626955
889100
889102
102671
102672
889104
889106
102675
626963
889108
102678
889110
102679
889112
102682
889114
889116
102686
889118
889120
102689
889122
889124
102693
889126
102695
889128
102697
889130
889132
889134
102704
889136
889138
102707
889140
102709
102710
889142
889144
102714
889146
102715
889148
102717
889150
102719
102720
889152
889154
102724
889156
102726
889158
102728
889160
102729
889162
102732
889164
889166
889168
102737
889170
102739
102740
889172
889174
102743
889176
102745
889178
889180
889182
102751
102752
889184
889186
102755
889188
102757
102758
889190
889192
889194
889196
102766
889198
102767
889200
102770
889202
889204
889206
102776
889208
889210
102780
889214
102783
889217
102786
102788
889220
889223
102794
889226
102797
889229
102798
889232
102801
102802
889235
102805
889238
889241
102810
889244
102814
889247
102817
889250
889253
102822
889256
102826
889259
102828
889262
102832
889265
102834
102835
889268
102838
889271
102842
889274
889277
102846
102848
889280
102850
889283
102852
889286
102856
889289
102859
102860
889292
102863
889295
889298
102867
102869
889301
889304
102873
889307
102878
889310
102881
889313
889316
889319
102890
889322
102892
102893
889325
889328
102897
102899
889331
102901
889334
102904
889337
102906
889340
102911
889343
102913
889346
102915
102917
889349
889352
102922
889355
102926
889358
102929
889361
889364
102934
889367
102937
889370
102940
889373
889376
102945
102946
889379
889382
102952
889385
102954
102955
889388
102958
889391
102961
889394
102964
889397
102968
889400
102969
889403
102972
102974
889406
889409
102978
889412
102981
102983
889415
102985
889418
102988
102989
889421
102992
889424
102993
102995
889427
102997
889430
102999
889433
103002
889436
103005
103007
889439
889442
103012
889445
103015
889448
103019
889451
103020
103022
889454
103023
103025
889457
103028
889460
103029
103031
889463
889466
103035
889469
103040
889472
365185
103043
889475
103046
889478
103048
889481
889484
103053
103055
889487
103056
889490
103059
889493
103062
103064
889496
103065
889499
103068
889502
103071
889505
103075
889508
103077
889511
103080
889514
103084
889517
103086
889520
103090
889523
103092
103093
889526
103097
889529
103100
889532
103101
889535
103104
889538
103107
103109
889541
889544
103114
889547
103117
889550
889553
889556
889559
103128
889562
103132
889565
103134
889568
103139
889571
103141
889574
103144
103145
889577
103148
889580
103151
889583
103154
889586
103157
889589
103159
889592
103161
889595
103166
889598
103167
889601
889604
103173
889607
889610
889613
103184
889616
103186
889619
103188
889622
103191
889625
889628
103199
889631
103200
889634
103203
103205
889637
103208
889640
103211
889643
103212
103214
889646
889649
103218
889652
889655
103225
889658
103227
103229
889661
889664
103234
889667
889670
103239
889673
103242
103244
889676
103246
889679
103248
103249
889682
103252
889685
103254
889688
103258
889691
103261
103262
889694
103264
889697
103266
889700
103269
103271
889703
103273
889706
103277
889709
889712
103281
889715
103285
889718
103287
889721
889724
889727
103296
889730
103299
103300
889735
103304
103306
889738
103309
889741
103312
889744
103315
889747
103317
103318
889750
103321
889753
103324
889756
103327
889759
103328
103330
889762
103332
889765
889768
103338
103339
889771
103341
889774
103344
889777
889780
103349
889783
103352
889786
103357
889789
103359
103360
889792
103363
889795
103366
889798
103369
889801
103371
103372
889804
103374
889807
103376
889810
103379
889813
103382
889816
103385
889819
103390
889822
103391
889825
103394
889828
103398
889831
103400
889834
627691
103405
889837
103406
889840
627699
889843
103413
103414
889846
103417
889849
103418
103420
889852
103423
889855
889858
103427
889861
103430
103431
889864
103435
889867
103436
889870
103441
889873
103443
889876
103445
889879
889882
103452
889885
103454
103455
889888
103457
103458
889891
103462
889894
103465
889897
889900
103469
889903
103473
103474
889906
889909
103478
103480
889912
103481
103483
889915
103484
889918
103487
889921
103492
889924
103494
103495
889927
889930
103499
103500
889933
103502
103503
889936
103506
103507
889939
889942
103512
103513
889945
103515
103516
889948
103517
103519
889951
103521
889954
103524
889957
103526
365670
103528
889960
889963
103532
103533
889966
103535
889969
103538
889972
103542
889975
103545
889978
889981
889984
103554
103555
889987
889990
103559
103561
889993
889996
103565
103567
889999
103569
890002
103573
890005
890008
103578
890011
103582
890014
103583
890017
103586
103588
890020
103589
890023
890026
103596
103597
890029
103599
890032
103602
890035
103606
890038
890041
103611
890044
103613
103614
890047
103616
103618
890050
103621
890053
103623
890056
103627
890059
103630
890062
890065
890068
103639
890071
103642
890074
890077
103646
890080
103649
890083
103653
103654
890086
890089
103660
890092
103663
890095
890098
103668
103669
890101
103672
890104
103673
103675
890107
103676
103678
890110
103680
890113
103683
890116
103685
103687
890119
103688
103689
890122
103692
890125
103694
890128
103697
890131
103700
890134
103704
890137
103708
890140
890143
103713
103714
890146
103716
103717
890149
890152
103722
890155
103724
103726
890158
103727
103729
890161
103732
890164
103735
890167
890170
103739
890173
103742
103743
890176
103746
890179
103748
103749
890182
103752
890185
103755
103756
890188
890191
103760
103762
890194
103764
890197
103766
890200
890203
103772
890206
103776
890209
890212
103781
890215
103786
890218
890221
103791
890224
103793
103794
890227
103797
890230
103801
890233
365947
103804
890236
890239
103809
890242
103812
890245
365958
103815
890248
103818
890251
103821
890256
103825
365969
103826
890259
103829
890262
103833
890265
103834
365980
890268
103838
890271
890274
103843
103845
890277
365991
890280
103849
103850
890283
103854
890286
103857
890289
366002
890292
103863
890295
890298
103867
366013
890301
103870
890304
103875
890307
103878
890310
366024
103881
890313
103883
890316
103886
890319
103888
890322
103891
366035
890325
103894
103896
890328
103897
890331
103902
366046
890334
103903
103905
890337
103908
890340
103910
890343
103913
366057
890346
103916
890349
103918
103920
890352
103922
890355
366068
103926
890358
103928
103929
890361
890364
103935
366079
890367
103938
890370
103939
103940
890373
103943
103944
890376
103946
366090
890379
103948
890382
103952
890385
103955
890388
366101
103958
103959
890391
103962
890394
103965
890397
103966
103968
366112
890400
103969
890403
103972
103973
890406
103976
890409
103978
366123
890412
103981
890415
890418
103987
890421
103990
366134
103991
890424
103995
890427
103997
890430
103999
104001
366145
890433
104003
104004
890436
890439
890442
104011
366156
890445
104016
890448
890451
104020
890454
104023
366167
104024
890457
104028
890460
104031
890463
366178
890466
104035
890469
104038
104039
890472
104041
104042
890475
628332
104045
366189
890478
104048
890481
104051
628340
890484
104053
890487
104056
890490
104060
890493
104063
890496
104067
366211
890499
628356
104070
890502
104071
890505
890508
104077
366222
890511
104080
104081
628369
890514
104084
104085
890517
890520
366233
104090
890523
104092
104094
890526
104096
890529
104098
890532
104101
104102
890535
104104
890538
104107
890541
104110
104111
890544
104115
890547
104117
890550
628407
104120
890553
104124
890556
104125
104127
628415
890559
104128
890562
104133
890565
104134
104136
890568
104137
890571
104140
890574
104145
890577
890580
104149
890583
104152
890586
104155
890589
104158
104160
890592
890595
104164
104166
890598
104169
890601
104172
890604
104174
890607
104176
104177
890610
104181
890613
104182
890616
104187
890619
104189
890622
104193
890625
104196
890628
890631
104200
104202
890634
890637
104206
890640
104211
890643
104214
890646
104216
890649
104219
890652
890655
890658
104229
890661
104230
890664
104233
890667
104236
890670
104240
890673
104243
366387
890676
104245
104247
890679
104250
890682
104251
104253
890685
890688
104257
104259
890691
104262
890694
104263
104265
890697
890700
104269
104271
890703
104272
890706
628564
890709
104280
890712
104283
890715
628572
104285
890718
104288
890721
104290
104291
890724
890727
104297
890730
104299
890733
104302
890736
104305
890739
104308
104310
890742
104311
628600
890745
890748
890751
104320
890754
104323
890757
104326
890760
104330
890763
104332
104334
890766
890769
104338
890772
104342
104344
890777
890780
104350
890783
104353
890786
890789
104358
890792
104362
890795
104364
104366
890798
104368
890801
104370
104372
890804
104374
890807
104378
890810
890813
104382
104383
890816
104387
890819
104389
890822
104392
104393
890825
104395
890828
104398
104399
890831
890834
104404
890837
104407
104408
890840
104411
890843
104412
890846
104416
890849
104420
890852
890855
104424
104426
890858
890861
104430
890864
890867
104436
890870
104439
890873
104442
890876
104445
104447
890879
104449
890882
104452
890885
104456
890888
104458
890891
104460
890894
104463
890897
104467
890900
890903
104472
890906
104475
104477
890909
890912
104481
890915
104484
366629
104486
890918
890921
104490
890924
104494
890927
104496
366640
890930
104500
890933
104502
890936
366651
890939
890942
104511
890945
104515
104516
890948
104518
366662
890951
104522
890954
104525
890957
104526
890960
366673
104530
890963
890966
104537
890969
104538
104540
366684
890972
890975
104544
104545
890978
104547
890981
104550
104552
890984
104553
104554
890987
104556
104557
890990
104560
890993
366706
104564
890996
104567
890999
891002
104571
104572
366717
891005
104575
891008
104578
891011
104581
891014
104584
366728
891017
104587
104588
891020
104591
891023
104593
104594
891026
366739
891029
104600
891032
104602
891035
104605
366750
891038
891041
104611
891044
104613
891047
891050
104619
104621
891053
104623
891056
891059
366772
104629
891062
891065
891068
104638
366783
891071
104641
891074
104643
104645
891077
891080
104649
366794
891083
104652
104654
891086
891089
104658
891092
366805
891095
104664
891098
104667
891101
104670
104671
891104
104674
891107
104678
891110
104681
891113
104683
366827
104684
891116
104687
891119
891122
104692
891125
104694
366838
891128
104697
104699
891131
891134
104704
366849
891137
104706
891140
891143
104712
891146
104715
104716
891149
104718
104720
891152
104723
891155
104725
891158
366871
891161
891164
104734
891167
104737
104738
366882
891170
104740
104741
891173
104744
891176
104747
891179
366893
891182
104751
104752
891185
104754
891188
104757
104758
891191
104760
366904
104761
891194
104764
104765
891197
104768
891200
104771
891203
891206
891209
104778
891212
104781
104782
366926
891215
104785
891218
104787
104789
891221
104790
891224
366937
104794
891227
104797
891230
104800
891233
366948
891236
104806
891239
104809
891242
104811
891245
104814
366959
104816
891248
104817
891251
104822
891254
891257
366970
104828
891260
104829
104830
891263
104833
891266
104835
104836
891269
104839
891272
891275
104844
891278
104847
366992
104849
891281
104850
104852
891284
104853
104855
891287
104857
891290
104859
367003
891293
104862
891296
104865
891301
104870
367014
891303
104872
891306
104875
891309
104878
891312
367025
104882
891315
104884
891318
104889
891321
104891
367036
891324
891327
104896
104897
891330
104900
891333
104902
891336
104905
891339
104908
104909
891342
104912
891345
104914
367058
104915
891348
104918
891351
104920
891354
104923
104924
367069
891357
104928
891360
104930
891363
104933
104934
891366
367080
891369
104939
104940
891372
104942
891375
104945
891378
367091
104948
891381
104951
891384
104954
891387
104957
104958
367102
891390
891393
104963
891396
104966
104967
891399
367113
891402
104971
891405
104976
891408
104978
104979
891411
104982
891414
104985
891417
104986
891420
104989
104990
367135
891423
104993
104994
891426
104996
891429
104998
105000
891432
105002
367146
891435
105004
891438
105008
891441
105012
891444
367157
891447
105016
891450
105019
629309
891453
367168
891456
105027
891459
629317
891462
105031
105033
891465
105034
367179
105036
891468
105039
891471
105041
891474
105044
891477
891480
105049
891483
105052
105054
891486
105055
891489
105059
891492
105062
891495
105064
105065
891498
105068
891501
105070
891504
105073
891507
105076
105078
891510
891513
105082
891516
105085
891519
105088
891522
105091
891525
105096
891528
105098
105099
891531
105101
105102
891534
105104
105105
891537
105107
891540
105109
105111
891543
891546
105117
891549
105119
105120
891552
105123
891555
891558
105128
891561
105130
105131
891564
105134
891567
105137
891570
105139
891573
105142
105144
891576
105145
891579
105148
105150
891582
105152
891585
891588
105157
891591
105160
105161
891594
105164
891597
105168
891600
891603
891606
105175
105176
105177
891609
105180
891612
105182
105183
891615
891618
105187
891621
105190
105192
891624
105193
105195
891627
891630
105199
105201
891633
891636
105205
105206
891639
891642
105213
891645
105216
891648
105218
891651
891654
105224
105225
891657
105227
891660
105229
891663
105233
891666
105237
891669
105240
891672
105241
891675
105245
891678
105249
891681
105250
891684
891687
105257
891690
105259
891693
105262
105264
891696
105266
105267
891699
891702
105273
891705
105274
105276
891708
105278
891711
891714
105283
891717
891720
105289
891723
105292
105294
891726
891729
105298
105299
891732
891735
105306
891738
891741
105311
891744
891747
105317
891750
105320
891753
105323
891756
105325
891759
105329
891762
105331
105333
891765
105336
891768
105339
891771
105342
891774
891777
105347
891780
105349
105351
891783
105354
891786
891789
105358
891792
105361
105363
891795
105364
891798
105367
891801
105371
891804
891807
105377
891810
105380
105381
891813
105383
891816
105385
105386
891819
105388
105390
891824
105393
105395
891827
105398
891830
105399
105401
891833
105402
105404
891836
105407
891839
105410
891842
105411
891845
105414
891848
105417
105419
891851
891854
891857
105426
105428
891860
891863
105434
891866
105436
891869
105439
891872
105442
891875
105446
891878
105449
891881
105452
891884
891887
105458
891890
105461
891893
105464
891896
105465
891899
105469
891902
891905
105474
891908
105477
105478
891911
105482
891914
105484
891917
105486
105488
891920
105491
891923
105493
891926
105497
891929
891932
105501
891935
105505
891938
105507
891941
105510
891944
105513
105514
891947
105516
891950
105519
105521
891953
105523
891956
105525
105527
891959
105530
891962
891965
105534
105536
891968
105538
891971
105541
891974
105545
891977
891980
105549
105551
891983
105554
891986
891989
105558
105560
891992
105561
891995
105565
891998
892001
105570
105571
892004
105574
892007
105576
105578
892010
105581
892013
105583
892016
105585
892019
105589
892022
105591
105592
892025
105595
892028
105597
105599
892031
105602
892034
105604
892037
105606
105608
892040
105610
892043
105612
105614
892046
892049
105618
105620
892052
105623
892055
105624
105626
892058
105628
892061
105631
892064
892067
105636
105637
892070
105641
892073
892076
105645
892079
105650
892082
105653
892085
105656
892088
105658
629947
892091
105662
892094
105664
105665
892097
629955
892100
105669
892103
105673
892106
629963
892109
105679
892112
105681
892115
105684
105686
892118
105687
892121
105690
892124
105693
105695
892127
892130
105699
105701
892133
892136
105707
629995
892139
105708
105710
892142
892145
105716
892148
892151
105721
892154
105725
892157
105728
892160
105731
892163
105732
892166
105735
105737
892169
892172
105742
892175
105746
892178
892181
105751
892184
892187
105756
105758
630046
892190
105761
892193
105762
892196
105766
892199
105768
892202
105772
892205
105775
892208
105779
892211
892214
105783
892217
105786
105787
892220
105790
892223
105792
105794
892226
105796
892229
105798
105800
892232
892235
105804
105805
892238
892241
892244
105814
892247
105816
367962
892250
105820
892253
892256
105825
105827
892259
367973
105830
892262
892265
105834
105836
892268
630127
892271
367984
105841
892274
105843
105844
892277
105846
630135
892280
105850
105851
367995
892283
105853
892286
105855
105856
892289
892292
105861
368006
892295
105864
892298
105868
892301
105871
105872
892304
368017
892307
105876
105878
892310
892313
105883
368028
892316
630173
105887
892319
105889
892322
105892
892325
105895
368039
892328
105897
892331
105900
105901
892334
105905
892337
368050
105908
892340
105913
892345
105915
892348
105919
892351
105922
892354
892357
105928
892360
892363
105932
105933
892366
105935
892369
105939
892372
105941
892375
105944
105945
892378
105948
105949
892381
105951
892384
105953
105954
892387
892390
105959
892393
105962
892396
105965
105967
892399
105970
892402
105972
892405
105976
892408
105977
892411
105982
892414
105983
105985
892417
105988
892420
892423
105992
892426
105996
892429
105999
892432
106001
106002
892435
106006
892438
106009
892441
106011
892444
892447
106016
892450
106019
892453
106022
892456
106025
106026
892459
106029
892462
106032
892465
106034
892468
106037
106039
892471
106040
892474
106044
892477
106046
892480
106050
892483
106052
892486
106055
106057
892489
892492
106062
106063
892495
106065
892498
106067
892501
106070
106072
892504
106073
892507
106076
892510
106079
892513
106083
892516
892519
106088
892522
106091
892525
106094
106096
892528
106097
892531
106100
106101
892534
106104
892537
892540
106109
892543
106112
892546
106115
892549
106118
106120
892552
106122
106123
892555
892558
106128
892561
106131
892564
106134
892567
106136
892570
106140
892573
892576
106145
892579
106148
106149
892582
106151
106153
892585
106155
892588
106157
106158
892591
106161
892594
892597
106166
106168
892600
106171
892603
892606
106177
892609
892612
106182
892615
106184
892618
106187
892621
106190
892624
106194
106195
892627
892630
106199
106200
892633
106203
892636
892639
106208
892642
106211
892645
106214
892648
892651
106222
892654
106223
892657
106226
892660
106229
106231
892663
892666
106235
106236
892669
106239
892672
106241
892675
892678
106247
106249
892681
106252
892684
892687
106256
892690
106259
892693
106262
892696
892699
106268
892702
106272
892705
106275
892708
106279
892711
106281
892714
106284
892717
892720
106289
106291
892723
106293
892726
106295
106297
892729
106300
892732
106302
892735
106306
892738
106309
892741
892744
892747
106317
106318
892750
106320
106321
892753
106324
892756
106325
106327
892759
892762
106331
892765
106334
106336
892768
892771
106340
892774
106343
106344
892777
106348
892780
106349
892783
106352
106353
892786
106356
892789
106359
892792
106362
892795
106366
892798
106367
892801
106370
892804
892807
106377
892810
106379
892813
892816
106385
892819
106388
106389
892822
106393
892825
892828
892831
106400
106402
892834
892837
892840
106411
892843
106414
892846
106415
106417
892849
892852
106423
892855
106426
892858
892861
106432
892866
892869
106438
892872
892875
892878
892881
106451
892884
892887
106457
892890
106459
892893
892896
106466
106467
892899
106470
892902
892905
106475
892908
106477
106478
892911
892914
106483
892917
106488
892920
368633
106491
892923
892926
106495
106496
892929
106498
892932
892935
892938
106508
892941
106511
892944
106514
892947
892950
892953
106523
892956
106526
892959
106528
106530
892962
106532
892965
106535
892968
106539
892971
106542
892974
106543
892977
106547
106548
892980
892983
106554
892986
106557
892989
892992
106561
892995
106566
892998
106568
893001
893004
106573
106575
893007
106576
893010
893013
106583
106584
893016
893019
893022
106592
893025
893028
893031
106601
893034
106604
893037
893040
106610
106611
893043
106614
893046
106616
106617
893049
106620
893052
630909
893055
106624
893058
106627
893061
106630
106631
893064
106633
893067
106637
106638
893070
106640
893073
893076
106645
106647
893079
106650
893082
106653
893085
106656
893088
893091
106661
893094
893097
106667
106668
893100
893103
106674
893106
106677
893109
106680
893112
106683
893115
106686
893118
893121
106691
893124
893127
106696
893130
106700
106701
893133
106703
893136
106707
893139
106710
893142
893145
106716
893148
106718
893151
106721
106722
893154
893157
106727
893160
106730
893163
106732
893166
106736
893169
106738
893172
106741
106742
893175
106744
106745
893178
106748
893181
106752
893184
106754
893187
106757
893190
106760
893193
106762
893196
106765
106766
893199
893202
106771
106772
893205
106776
893208
106778
893211
106782
893214
106783
106785
893217
893220
106789
893223
106793
106794
893226
106797
893229
106799
893232
106802
106803
893235
106805
893238
106808
893241
106811
893244
106814
893247
106817
893250
106820
106821
893253
106824
893256
893259
106829
106830
893262
893265
106834
893268
106838
893271
106840
106841
893274
106843
893277
106846
106847
893280
106850
893283
106852
106854
893286
106855
106856
893289
106858
893292
106862
106863
893295
106866
893298
893301
106870
893304
106874
893307
106876
893310
106880
893313
893316
106885
893319
106889
893322
893325
106896
893328
106899
893331
106902
893334
106904
106905
893337
106908
893340
893343
893346
106915
106917
893349
106920
893352
106922
893355
106924
106926
893358
106928
893361
893364
106933
106935
893367
106937
893370
106941
893373
106943
106944
893376
106946
893379
106950
893382
106952
106953
893386
893388
893390
106959
106960
893392
893394
106963
106964
893396
106966
893398
106967
106969
893401
106970
893404
369117
106974
106975
893407
106978
893410
106979
893413
106982
369128
893416
106985
893419
893422
106991
893425
106994
369139
106996
893428
106998
893431
107000
107001
893434
107005
893437
369150
893440
107009
107010
893443
107013
893446
107016
107017
369161
893449
107018
107020
893452
107021
893455
107025
893458
107027
369172
893461
107030
893464
107033
107034
893467
107038
893470
369183
107041
893473
107042
893476
893479
107049
369194
893482
107052
893485
107054
893488
107059
893491
107060
369205
893494
893497
107066
107067
893500
107069
107071
893503
369216
893506
107077
893509
107080
893512
369227
893515
893518
107087
107089
893521
893524
107093
369238
893527
107098
893530
893533
107103
893536
369249
107106
107107
893539
893542
107111
893545
107114
107116
369260
893548
893551
107120
107122
893554
107124
107125
893557
369271
107128
893560
107131
893563
107133
107134
893566
107136
893569
369282
107140
893572
107141
893575
107146
893578
107147
107149
369293
893581
893584
107153
107155
893587
107157
893590
107159
369304
893593
107162
107164
893596
893599
107168
893602
369315
107172
893605
107175
893608
107178
893611
369326
893614
107183
107184
893617
107188
893620
107191
893623
369337
893626
107196
893629
107198
107199
893631
107201
893633
893635
369348
893637
107206
893639
107209
893641
893643
107212
107213
893646
107215
369359
893649
107220
893652
893655
107224
369370
893658
107227
107228
631517
893661
107231
893664
107233
107235
893667
107236
369381
893670
107240
893673
107244
893676
107246
631534
893679
369392
107249
893682
107252
893685
893688
107258
893691
107261
893694
107265
893697
107268
893700
369414
893703
107272
893706
107276
893709
107278
107280
893712
107282
893715
893718
107287
107288
893721
107291
893724
107295
893727
107297
893730
893733
893736
107306
893739
107308
107309
893742
893745
107314
107316
893748
107318
893751
631609
107322
893754
107324
893757
107327
893760
631617
107330
107331
893763
893766
107335
107336
893769
107338
107339
893772
107342
893775
893778
107348
107349
893781
107352
893784
631643
893787
107357
893790
107361
893793
107364
893796
107367
893799
107370
893802
107372
893805
107374
893808
107378
631666
893811
107382
893814
107383
893817
893820
107391
893823
107393
107394
893826
893829
107399
107400
893832
107403
893835
107404
893838
107407
107408
893841
107410
893844
107413
107415
893847
631704
107418
893850
893853
107422
893856
107425
107426
107427
893859
107429
107430
893862
893865
107434
107435
631723
893868
107438
893871
107440
893873
107442
107443
893875
107445
893877
107447
893879
893881
107450
107451
893884
893886
107456
893888
107458
893890
893892
107462
893894
893896
107465
893898
893900
107469
893902
107472
893904
107474
893906
893908
107478
893910
893912
107481
893914
893916
107485
893918
893920
107489
893922
107491
893924
893926
107496
893928
893930
107499
893932
107501
893934
107503
893936
107505
107506
893938
893940
893942
893944
107513
107514
893946
893948
107517
107518
893950
893952
893954
369667
893956
107525
893958
107527
107528
893960
893962
107532
893964
107534
893966
107536
893968
107537
893970
107539
107540
893972
893974
107543
107544
893976
369689
107546
893978
893980
893982
107551
107552
893984
893986
107556
893988
893990
107559
893992
107562
893994
893996
893998
369711
107568
894000
894002
107571
107572
894004
894006
894008
894010
107579
894012
894014
107583
107584
894016
894018
107587
894020
369733
894022
894024
107594
894026
894028
107597
894030
107600
894032
894034
107604
894037
107607
894039
894041
107610
107611
369755
894043
107613
894045
894047
107616
107617
894049
107619
894051
107621
894053
369766
894055
894057
107626
894059
894061
107630
107631
894063
107633
894065
107634
894067
894069
894071
894073
894075
107644
894077
894079
894081
107651
894083
107652
894085
894087
107657
894089
107659
894091
894093
107662
894095
107665
894097
894099
894101
894103
107673
894105
107675
894107
107676
894109
894111
107680
894113
107682
107683
894115
894117
107686
894119
894121
107690
894123
107692
894125
894127
107696
107697
894129
107699
894131
107700
894133
107702
894135
894137
107706
894139
894141
107711
894143
894145
107714
894147
107716
894149
894151
894153
107723
894155
107724
894157
107726
894159
894161
107730
894163
107732
107733
894165
894167
894169
894171
107740
894173
107742
894175
894177
107746
894179
894181
894183
107753
894185
107754
107756
894188
107757
894191
107760
894194
107763
107764
894197
107767
894200
107770
894203
107773
894206
107776
894209
894212
107782
894215
107784
894218
894221
107790
107792
894224
894227
107798
894230
107801
894233
894236
894239
107809
107810
894242
107813
894245
107814
107816
894248
107817
107819
894251
894254
107823
107825
894257
107828
894260
107830
894263
107833
894266
107837
894269
107839
894272
894275
107845
894278
107847
107849
894281
894284
894287
107856
894290
107859
107861
894293
107864
894296
107867
894299
107870
894302
107873
894305
107876
894308
107878
894311
107882
894314
894317
107888
894320
107889
894323
107892
107893
894326
107896
894329
107899
894332
107902
894335
107905
107906
894338
107909
894341
107911
894344
107914
894347
107918
894350
107920
894353
107922
107924
894356
107925
107927
894359
107928
894362
107931
894365
107935
894368
107938
107939
894371
107941
107942
894374
107945
894377
107948
894380
107951
894383
894386
107956
894389
107959
894392
107963
894395
894398
107969
894401
107972
894404
107973
894407
107977
107978
894410
107980
894413
107982
107984
894416
107985
894419
894422
107992
894425
107995
107996
894428
107998
894431
108001
894434
108003
108005
894437
108007
894440
108009
108010
894443
108013
894446
108016
894449
108019
894452
108023
894455
894458
108027
894461
894464
108034
108035
894467
108038
894470
894473
108042
894476
108045
108047
894479
108048
894482
108051
894485
108054
894488
108058
894491
894494
108063
894497
894500
108070
894503
108074
894506
108077
894509
108080
894512
108083
894515
108085
108086
894518
894521
108091
894524
108094
894527
108096
108098
894530
108099
108101
894533
108102
894536
108107
894539
108110
894542
108112
108113
894545
894548
108118
108119
894551
108121
894554
108124
894557
108126
108127
894560
108129
894563
108132
894566
108135
108136
894569
108138
108140
894572
108142
894575
632433
894578
108147
108149
894581
108151
894584
108153
894587
108157
894590
108159
108160
894593
108163
894596
108167
894599
894602
108171
894605
108175
894608
108179
894611
108180
894614
108183
894617
108186
894620
108190
894623
894626
108197
894629
108199
894632
108201
894635
108206
894638
108209
894641
108210
108212
894644
108215
894647
108216
894650
108219
894653
108222
108224
894656
108226
894659
108228
894662
108233
894665
108235
894668
108237
894671
108242
894674
108244
894677
894680
108250
894683
108253
894686
108257
894689
894692
108261
108263
894695
894698
108267
108268
894701
108271
108273
108274
894706
894709
894712
108282
108283
894715
108285
894718
108287
108289
894721
108292
894724
108295
894727
108298
894730
108299
894733
108302
108304
894736
108307
894739
894742
108311
894745
108316
894748
108317
108318
894751
108320
108322
894754
894757
108326
894760
108329
108330
894763
108332
894766
108336
894769
894772
108341
108342
894775
894778
108347
894781
894784
108355
894787
108358
894790
108360
894793
108362
894796
894799
894802
108373
894805
894808
108377
108379
894811
108380
894814
108383
108384
894817
894820
108389
894823
108393
108394
894826
108397
894829
108398
894832
108401
894835
108404
894838
108407
894841
894844
108413
108415
894847
108417
108418
894850
894853
108423
894856
108426
108427
894859
108429
108430
894862
894865
108436
894868
894871
108442
894874
108443
894877
894880
108449
370593
108451
894883
894886
108455
108456
894889
108459
894892
108463
894895
108464
108466
894898
108467
894901
894904
108473
108474
894907
108476
108478
894910
108479
370625
894913
108482
894916
108485
894919
108489
894922
894925
108494
894928
108497
370641
894931
108500
108502
894934
108504
894937
108507
108508
894940
108510
894943
632801
108514
894946
108515
894949
108518
108520
894952
108523
894955
894958
108527
894961
894964
108534
108535
894967
108538
894970
108540
108541
894973
108543
894976
108547
894979
108550
894982
894985
108555
894988
108558
894991
108562
894994
108565
894997
108568
895000
108571
895003
108573
895006
108575
895009
108579
108580
895012
895015
108586
895018
108587
108589
895021
108590
895024
108593
895027
108596
895030
108600
895033
108602
108603
895036
108605
895039
108609
895042
108613
895045
108615
108616
895048
108619
895051
108622
895054
108625
895057
108627
895060
108631
895063
108632
108634
895066
108635
895069
108639
895072
108642
895075
108644
108646
895078
895081
108650
895084
108655
895087
895090
108660
895093
108662
895096
895099
895102
108671
895105
108674
108675
895108
895111
108680
895114
108685
895117
108687
895120
108690
895123
108694
895126
108697
895129
108698
108700
895132
895135
108704
895138
108708
895141
108711
895144
108713
895147
895150
895153
108723
895156
108725
895159
108730
895162
108731
895165
108734
108735
895168
108739
895171
895174
108744
108745
895177
108748
895180
108751
895183
633041
108754
895186
108756
895189
108759
895192
108761
895195
895198
108767
895201
108771
895204
895207
633065
108778
895210
108780
108781
895213
108784
895216
895219
108788
895222
108792
108793
895226
108795
895229
108799
895232
108803
895235
108806
895238
108807
895241
108811
895244
108813
895247
108817
895250
895253
108824
895256
895259
108830
895262
108833
895265
108836
895268
895271
108841
108842
895274
108845
895277
108848
895280
895283
108852
895286
108856
108857
895289
108860
895292
108862
108863
895295
895298
108868
895301
108872
895304
108875
895307
108878
895310
108880
895313
108884
895316
895319
108888
108890
895322
108891
895325
108894
895328
108897
895331
108901
895334
108904
895337
108907
633195
108908
895340
108910
108911
895343
108914
895346
108917
895349
108918
895352
108921
108922
895355
895358
108928
895361
108931
895364
108935
895367
895370
108939
108940
895373
895376
108945
895379
108948
895382
108951
108953
895385
108956
895388
108958
108959
895391
895394
108963
108965
895397
895400
108970
895403
108974
895406
895409
108980
895412
108983
895415
108986
895418
108988
895421
108992
895424
108995
895427
108998
895430
109001
895433
109004
895436
109007
895439
109008
109010
895442
109013
895445
109014
109016
895448
895451
109020
895454
109024
109025
895457
109026
109028
895460
109030
109031
895463
109033
895466
109036
895469
109038
109039
895472
109043
895475
109045
895478
895481
895484
109055
895487
109056
109058
895490
895493
109063
109064
895496
895499
109068
109069
895502
109073
895505
109075
895508
109079
895511
109080
109082
895514
109085
895517
109086
109088
895520
109089
895523
109092
895526
109096
895529
109098
109100
895532
109101
109103
895535
109105
895538
895541
109110
895544
109113
895547
109118
895550
109121
895553
109123
109124
895556
109127
895559
109130
895562
109132
895565
109135
895568
109139
895571
895574
109144
895577
895580
109151
895583
109153
895586
109155
895589
109159
895592
109161
895595
109164
895598
895601
895604
895607
109177
895610
109179
109181
895613
109182
895616
109185
895619
109188
895622
109192
895625
109195
895628
109199
895631
109201
895634
109204
895637
109206
895640
109210
895643
895646
109217
895649
109218
895652
109221
895655
109224
895658
109228
895661
109232
895664
109235
895667
895670
109241
895673
895676
109246
109247
895679
109250
895682
895685
109254
895688
109257
895691
109260
895694
109264
109265
895697
109268
895700
109271
895703
109274
895706
895709
109279
895712
895715
109284
895718
109288
895721
109290
109291
895724
895727
109296
109298
895730
109300
895733
109302
109304
895736
895739
109308
895742
109311
109312
109315
895747
109317
895750
895753
109322
895756
109327
895759
109328
895762
109332
895765
109335
109336
895768
895771
109340
109342
895774
109344
109345
895777
109348
895780
109350
895783
109352
109353
895786
895789
109359
895792
109361
109363
895795
895798
895801
109372
895804
109373
109375
895807
109378
895810
895813
109382
895816
109385
109386
895819
109390
895822
895825
895828
109397
109399
895831
109400
895834
109404
109405
895837
109407
895840
109409
109411
895843
895846
109416
109417
895849
109419
895852
109423
895855
895858
109429
895861
109432
895864
109434
895867
109437
895870
109440
895873
109442
895876
109446
895879
109448
895882
895885
109454
895888
109458
109459
895891
109462
895894
109464
895897
109467
895900
109469
109471
895903
109473
895906
895909
109478
109479
895912
109482
895915
109485
895918
109487
109489
895921
109491
895924
109494
109495
895927
109498
895930
109500
895933
109503
895936
895939
109509
895942
109511
109512
895945
895948
109518
895951
109520
895954
109524
895957
109526
109527
895960
109530
895963
109533
895966
109535
895969
109539
895972
109541
109543
895975
109545
895978
109549
895981
109550
895984
109555
895987
895990
109559
895993
109563
109564
895996
109566
895999
109570
896002
109571
896005
109575
896008
109579
896011
109582
896014
896017
109586
896020
109590
896023
109594
896026
109597
896029
109600
896032
109602
896035
109604
896038
109607
896041
109610
896044
109613
896047
109616
896050
109619
896053
896056
109626
896059
109628
109629
896062
109633
896065
896068
109637
109638
633926
896071
109640
896074
109643
109645
896077
109647
109648
896080
109651
896083
109652
896086
109655
896089
109659
896092
109661
109663
896095
109664
109666
896098
109668
896101
109670
896104
109675
896107
109677
896110
109680
896113
109684
896116
109685
109687
896119
896122
109692
896125
109694
896128
109697
896131
109700
109702
896134
109704
109705
896137
109706
896140
109709
109711
896143
109714
896146
896149
109718
896152
109721
109723
896155
109726
896158
109728
896161
109730
896164
109735
896167
109736
896170
109739
109741
896173
109744
896176
896179
109748
896182
109751
109753
896185
634043
109756
896188
109758
896191
109760
896194
109763
109764
896197
109766
109767
896200
109770
109771
896203
896206
109775
896209
109778
896212
109781
896215
896218
109787
109788
896221
109791
896224
109793
109795
896227
896230
109800
896233
109803
896236
109806
109807
896239
109810
896242
109812
109813
896245
896248
109818
896251
896254
109823
896257
109827
109828
896260
109830
896263
109832
896266
109836
109838
896270
109839
109841
896273
109842
896276
896279
109848
109849
896282
109851
896285
896288
109857
109858
896291
109862
896294
109864
109865
896297
896300
109869
109871
896303
896306
109875
896309
109879
896312
109882
896315
109884
896318
109889
896321
109890
109892
896324
109894
896327
109896
896330
109901
896333
896336
109905
896339
109908
109909
896342
109913
896345
109916
896348
109918
896351
109920
896354
109924
109925
896357
896360
109929
109931
896363
109933
109934
896366
109937
896369
896372
109942
896375
109945
109946
896378
896381
896384
109953
896387
109957
896390
109959
896393
109962
109964
896396
109966
896399
109968
896402
109973
896405
896408
109978
896411
896414
109983
896417
109986
109987
896420
109989
109991
896423
896426
109995
109996
372140
896429
109999
896432
896435
110004
110006
896438
110008
896441
110012
896444
110013
896447
110016
896450
110020
896453
110022
896456
896459
110029
896462
110033
896465
110035
110036
896468
110039
896471
110041
896474
896477
110046
110047
896480
110050
896483
110054
896486
896489
110060
896492
110063
896495
372208
896498
110068
110069
896501
372216
896504
110074
896507
110076
110077
896510
110080
896513
896516
110087
896519
110089
110090
896522
110093
896525
110096
896528
896531
110101
896534
110104
896537
110106
896540
110111
896543
896546
896549
110120
896552
896555
110124
110125
896558
110127
896561
110130
110131
896564
110133
896567
110137
896570
110141
896573
110143
896576
896579
110148
110150
896582
110153
896585
896588
110158
896591
372305
896594
110163
896597
110166
110167
896600
372313
110170
110171
896603
110173
896606
110175
110177
896609
110178
896612
110181
896615
372330
896618
110188
896621
110191
896624
110193
110195
896627
372340
896630
110201
896633
110204
896636
110205
372350
896639
110209
110210
896642
110213
896645
372360
896648
110217
896651
110221
896654
110224
896657
110226
372370
110228
896660
110231
896663
110232
896666
110236
896669
110238
110239
896672
110243
896675
896678
110247
110249
896681
110252
896684
110255
896687
110257
896690
896693
634552
896696
110265
896699
110270
896702
110272
896705
110275
896708
896711
110281
896714
110284
110285
634573
896717
110287
896720
110291
896723
110293
634581
896726
110297
896729
110298
896732
110301
896735
110305
896738
110308
634597
896741
110310
110311
896744
110313
896747
110316
896750
110319
896753
110322
896756
110325
896759
110328
110329
896762
110332
110333
896765
110335
896768
110337
110338
896771
110341
896774
896777
110346
896780
110351
896783
110353
896786
896789
110359
896794
110363
896797
110366
896800
110370
110371
896803
110374
896806
110375
634664
110377
896809
110378
110380
896812
110382
110383
896815
110386
896818
896821
110390
896824
110394
110395
896827
110398
896830
896833
896836
110405
110407
896839
110409
110410
896842
110413
896845
110415
896848
110417
896851
110422
896854
110425
896857
110426
896860
110429
896863
110432
110434
896866
110437
896869
110439
896872
110441
896875
110444
896878
110447
896881
110450
110452
896884
110455
896887
110457
110458
896890
110461
896893
110464
896896
110466
896899
110469
896902
896905
110476
896908
110478
896911
110482
896914
110484
896917
110487
896920
896923
110492
110493
896926
110497
896929
110498
896932
110501
896935
110506
896938
110507
896941
110510
896944
110513
896947
110516
896950
110519
110520
896953
110522
896956
110525
110527
896959
110528
896962
896965
110534
110535
896968
110537
896971
110541
896974
896977
110547
896980
110550
896983
896986
110555
110557
896989
110559
110560
896992
110562
896995
110566
896998
110567
110569
897001
897004
897007
897010
110579
897013
110583
897016
110586
897019
110590
897022
110591
110593
897025
110596
897028
110598
897031
110600
110601
897034
110603
897037
897040
110611
897043
110613
897046
110615
897049
897052
897055
110624
897058
110628
897061
897064
110634
897067
897070
110639
110640
897073
897076
110646
897079
897082
110651
897085
110655
897088
110658
897091
110662
897094
110664
897097
110666
110667
897100
110669
110670
897103
110672
110674
897106
897109
110678
110680
897112
110681
110683
897115
110684
897118
110687
110689
897121
110691
897124
110694
897127
897130
110701
897133
110702
110704
897136
110706
110707
897139
110710
897142
110712
897145
110714
110715
897148
110717
110718
897151
110720
897154
110723
897157
110726
110727
897160
110731
897163
897166
110737
897169
897172
110741
897175
110745
110746
897178
110748
897181
110751
897184
110754
897187
110758
897190
110760
897193
897196
110765
110766
897199
897202
110771
897205
110775
110776
897208
110779
897211
110781
897214
110784
897217
110786
110788
897220
110791
897223
897226
110795
897229
110800
897232
110801
110803
897235
110806
897238
897241
110810
897244
897247
110817
897250
110821
897253
110823
110824
897256
110825
897259
110829
897262
110833
897265
897268
110838
897271
110840
110842
897274
110845
897277
110847
897280
110850
110851
897283
110854
897286
110857
897289
897292
110862
897295
110865
897298
110867
897301
110870
110871
897304
897307
110876
110878
897310
110880
897313
110884
110885
897318
897320
110890
897323
110893
110894
897326
897329
897332
110902
897335
110905
897338
110908
897341
110910
897344
897347
897350
110919
110920
110921
897353
897356
110925
897359
110929
897362
110931
110933
897365
897368
110937
897371
110940
897374
897377
110946
897380
110949
110951
897383
110952
897386
897389
110960
897392
110963
897395
110966
897398
110969
897401
110971
897404
110975
897407
110976
897410
110979
897413
110984
897416
110986
373130
897419
110988
897422
110992
110993
897425
110995
897428
897431
111002
897434
111005
897437
111006
111008
897440
897443
111012
897446
897449
111018
897452
111022
111023
897455
897458
111028
111029
897461
897464
111033
897467
111036
111037
897470
111039
897473
111043
897476
111046
897479
111049
897482
897485
111054
897488
111059
897491
111062
897494
897497
897500
111069
111071
897503
897506
111075
897509
111078
897512
111083
897515
111086
897518
111089
897521
111090
111092
897524
111094
897527
897530
111099
897533
111102
111104
897536
111105
897539
111109
635397
897542
897545
111114
897548
111117
897551
897554
111125
897557
111127
897560
111129
897563
111133
897566
111135
111137
897569
111139
897572
111142
111143
897575
111146
897578
111148
897581
111151
897584
111154
897587
111156
111157
897590
111159
111160
897593
111162
111164
897596
111166
897599
111169
897602
111173
897605
111174
897608
111177
111179
897611
111181
897614
111183
897617
111186
897620
111189
111190
897623
111193
897626
111196
111197
897629
111199
111200
897632
111203
897635
111205
897638
897641
111212
897644
111215
897647
897650
111219
111221
897653
111224
897656
111225
111227
897659
111228
111230
897662
111232
897665
111234
897668
897671
111240
111241
897674
111243
111244
897677
897680
897683
111252
897686
897689
111259
111260
897692
111262
897695
897698
111267
897701
111270
111271
897704
111275
897707
111278
897710
111281
897713
111282
897716
111286
111287
897719
897722
897725
111294
897728
111298
111299
897731
111301
111302
897734
111304
897737
111306
111307
897740
111310
897743
111313
111314
897746
111317
897749
111319
897752
111322
897755
897758
111327
897761
111330
897764
111333
897767
111336
111337
897770
111339
111341
897773
111344
897776
111346
897779
111350
897782
111352
897785
111356
897788
897791
111360
897794
111363
897797
111366
897800
897803
111373
897806
111377
897809
111379
897812
111382
111383
897815
111386
897818
897821
111392
897824
897827
111396
897830
111400
111401
897833
111403
897836
111406
111407
897841
111410
111411
897843
111414
897846
111416
897849
111418
897852
111422
897855
897858
111427
111428
897861
111430
111432
897864
897867
111436
897870
897873
897876
111445
897879
111449
897882
111452
897885
111454
897888
111458
111459
897891
111462
897894
897897
111466
111467
897900
111469
897903
111472
897906
897909
111478
897912
897915
111484
897918
111488
897921
111490
897924
111494
897927
111498
897930
897933
111502
111503
897936
111505
897939
111508
111510
897942
111513
897945
111516
897948
111517
897951
111522
897954
111525
897957
897960
897963
111533
897966
111537
897969
897972
111542
111543
897975
111545
897978
111547
111549
897981
111550
111552
897984
111553
897987
111556
897990
111561
897993
897996
111566
111567
897999
898002
111572
111573
898005
111575
898008
111578
898011
111580
111581
898014
111584
898017
898020
111591
898023
898026
111595
111597
898029
898032
111601
111603
898035
898038
111607
898041
111611
898044
111613
898047
111617
111618
898050
111621
898053
898056
111625
898059
111630
898062
111632
898065
111636
898068
898071
898074
898077
111646
111647
898080
898083
111652
898086
111655
111656
898089
111659
898092
111662
898095
111664
898098
898101
898104
111673
111674
898107
111678
898110
898113
111683
898116
898119
111688
111690
898122
111693
898125
635982
111695
898128
111698
898131
898134
111703
898137
111706
111708
898140
111710
111711
898143
111714
898146
111716
898149
111719
898152
111722
111723
898155
898158
898161
898164
111733
111734
898167
111736
111738
898170
111741
898173
111743
636032
898176
111745
111747
898179
898182
111751
898185
111754
898188
111758
898191
111760
111761
898194
111765
898197
898200
111769
898203
111772
898206
111775
111776
898209
111778
111780
898212
111782
111783
898215
898218
111789
898221
898224
111793
636082
898227
111796
111797
898230
111799
898233
111803
898236
111805
111806
898239
111808
111810
898242
111813
898245
111814
111816
898248
111818
898251
898254
111824
898257
898260
111831
898263
111834
898266
111835
898269
111839
898272
111841
111842
898275
111845
898278
898281
111850
373994
111852
898284
111854
898287
111857
898290
111859
111860
898293
898296
111866
898299
111868
898302
898305
111874
898308
898311
111880
111881
898314
111884
374028
111885
898317
111888
898320
898323
111893
111894
898326
111897
898329
111898
374043
898332
111901
111902
898335
111906
898338
111908
898341
111910
898344
898347
111917
898350
111919
111921
898353
111923
898356
111927
898359
111929
111930
111932
898364
898367
111937
898370
111941
898373
898376
898379
111949
898382
111952
111953
898385
111956
898388
898391
111960
111962
898394
898397
898400
111969
111971
898403
111974
898406
111977
898409
374124
898412
111981
898415
111984
111986
898418
111989
898421
374134
111991
898424
111993
111995
898427
111998
898430
112000
374144
898433
112002
898436
112005
112007
898439
112009
374154
898442
112011
112013
898445
112016
898448
898451
898454
374167
112025
898457
112027
898460
898463
112032
898466
112037
898469
112038
374184
898472
112041
112043
898475
112046
898478
112047
112049
898481
898484
112053
112054
898487
112057
898490
112061
898493
898496
112066
898499
112068
112070
898502
112072
898505
112075
898508
112078
898511
112082
898514
112084
898517
112086
112088
898520
898523
112093
898526
112095
898529
112100
898532
898535
112104
112106
898538
112108
898541
112110
112111
898544
112114
112115
898547
112117
898550
112121
898553
112124
898556
898559
112128
898562
112132
898565
112134
898568
112137
898571
112141
898574
112143
898577
112146
898580
112149
112151
898583
112152
112154
898586
112155
898589
112158
112160
898592
898595
898598
112166
112167
898601
112171
898604
112173
898607
112177
898610
112178
898613
112181
112183
898616
898619
898622
112191
112192
898625
112195
898628
112196
898631
112200
898634
112202
112203
898637
112206
898640
898643
112211
898646
112214
112216
898649
112217
898652
112220
898655
112223
898658
112226
898661
112229
898664
112232
112233
898667
112236
898670
112238
898673
112242
898676
898679
112249
898682
112252
898685
112255
898688
112258
898691
112261
898694
112262
898697
112265
898700
898703
112273
898706
112274
898709
112277
898712
112281
898715
898718
112286
112288
898721
112291
898724
112293
898727
112296
898730
112299
898733
898736
112305
898739
112307
898742
112311
898745
898748
898751
112319
898754
112323
898757
112325
898760
898763
112331
112333
898766
898769
112338
898772
112340
112342
898775
898778
112347
112348
898781
112350
898784
112354
898787
112356
898790
898793
112361
112363
898796
112366
898799
112367
898802
112370
112371
898805
112373
898808
112377
898811
112379
112381
898814
112382
898817
112385
112387
898820
112389
898823
112392
898826
112396
898829
112398
112399
898832
112400
112402
898835
112403
898838
898841
898844
112412
898847
112415
112416
898850
112420
898853
898856
112424
898859
112428
898862
112431
112432
898865
112434
112435
898868
112438
898871
112440
898874
112443
112444
898877
112447
898880
112449
112451
898884
898887
112456
898890
112458
898893
112461
898896
112465
898899
112468
898902
112470
898905
112474
898908
112476
112477
898911
112479
112480
898914
112484
898917
112486
112487
898920
898923
112491
898926
112494
112495
898929
112498
898932
112502
898935
112504
112505
898938
112508
898941
112509
112511
898944
112514
898947
112517
898950
112518
898953
112521
898956
112525
898959
112528
898962
112532
898965
112533
898968
112537
898971
112539
112540
636828
898974
898977
112545
112546
898980
112548
898983
112552
112553
898986
112556
898989
112558
898992
112562
898995
112564
898998
112567
899001
899004
112572
112573
899007
112575
899010
899013
112581
112583
899016
112584
112586
899019
112588
112589
899022
112592
899025
112594
899028
112597
899031
899034
112603
899037
112605
899040
112609
899043
112611
112612
899046
112616
899049
899052
112621
899055
899058
112627
899061
112630
899064
112633
899067
112637
899070
899073
112641
899076
112644
112645
899079
112647
112649
899082
112652
899085
112653
112655
899088
899091
112660
899094
899097
112665
112667
899100
899103
112671
899106
899109
112677
899112
112682
899115
112683
899118
112687
899121
112690
112691
899124
112694
899127
112697
899130
112700
899133
899136
112706
899139
899142
112710
112712
899145
112715
899148
112718
899151
112719
112721
899154
112724
899157
899160
112728
112730
899163
899166
112736
899169
112738
899172
112742
899175
112744
112745
899178
899181
112750
899184
899187
112755
899190
112758
112759
899193
112762
899196
112764
899199
112768
899202
112771
899205
112774
899208
112777
899211
112781
899214
112784
899217
899220
112790
899223
112791
112793
899226
112794
112796
899229
899232
112801
899235
112805
899238
899241
112811
899244
112812
899247
899250
112818
112819
899253
899256
112825
112826
899259
112829
899262
112832
899265
899268
112836
899271
899274
112843
899277
899280
112850
899283
112852
899286
112855
899289
112859
899292
899295
112863
899298
112866
112868
899301
899304
112872
112874
899307
112877
899310
899313
112881
899316
112884
112886
899319
112888
899322
112892
375036
899325
112894
899328
112896
899331
112899
375044
899334
899337
112906
899340
112908
112909
899343
112911
112912
899346
899349
899352
112920
899355
112924
899358
112927
899361
112931
899364
112934
899367
112935
899370
112940
899373
112943
375087
899376
112946
899379
899382
112950
112952
899385
899388
112956
112957
899391
112960
899394
899397
112966
112967
375112
112969
899402
112971
899404
899406
112975
899408
899410
112978
899412
112980
899414
112983
899416
112984
899418
112986
899420
112989
899423
112992
899426
112995
899429
112997
112999
899432
113001
113002
899435
113005
899438
113007
899441
899444
113012
899447
899450
113019
113020
899453
899456
113024
899459
899462
113030
899465
113033
113035
899468
113038
899471
899474
113042
899477
113047
899480
113048
899483
113051
113052
899486
113054
899489
113059
899492
113061
899495
113065
899498
899501
113071
899504
113073
113074
899507
899510
113079
899513
113082
113083
899516
113086
899519
113089
899522
113090
113092
899525
113095
899528
113096
113098
899531
113100
899534
113104
899537
899540
113109
899543
637399
113112
899546
113114
113115
899549
113118
899552
113120
899555
113123
113125
899558
113127
899561
899564
113132
637420
113134
899567
113137
899570
113138
113140
899573
113143
899576
899579
113147
113148
899582
113151
113152
899585
113155
899588
899591
899594
113162
899597
113166
113167
899600
113170
899603
113171
899606
113174
899609
113178
899612
113181
899615
113183
899618
113187
113188
899621
113191
899624
899626
113195
899628
113196
899630
113198
899632
899634
113203
899636
113205
899639
113208
899641
113209
899643
113212
899645
899647
899649
113218
899652
113221
899655
113224
899657
899659
113228
899661
899663
113232
899665
113233
113234
899667
113237
899670
113240
899673
113241
899676
899679
899682
113251
113252
899685
113254
899688
113257
113258
899691
113260
899694
899697
113266
899700
113269
899703
113271
113273
899706
113275
899709
113279
899712
113280
899715
899718
113286
113287
899721
113289
899724
113292
113293
899727
113296
899730
113298
899733
113301
113303
899736
113305
899739
113308
899742
113311
899745
113314
899748
113316
113318
899751
113320
113321
899754
113324
899757
113326
899760
113329
899763
899766
113335
113336
899769
113338
113339
899772
899775
113344
899778
113347
113348
899781
899784
113354
899787
113357
899790
899793
899796
113364
113366
899799
113368
113369
899802
899805
113373
899808
113376
113377
899811
113379
899814
113382
113384
899817
113386
899820
113389
899823
899826
899829
113397
899832
113400
899835
113404
113405
899838
113407
899841
899844
113412
899847
113415
899850
113418
899853
899856
113424
113426
899859
899862
113431
899864
899866
113434
899868
113436
113437
899870
899872
899874
113442
899876
113444
899878
113446
899880
899883
899885
113453
899887
113456
899889
113458
899891
899893
113462
899895
113464
899897
113466
899899
113468
899901
113469
899903
113471
899905
113474
899907
899909
113477
899911
113479
113480
899913
899915
113483
899917
899919
113487
899921
899923
113491
113492
899925
113494
899927
899929
113498
899931
113500
899933
899935
113504
899937
113506
899939
113507
899941
899943
899945
113514
899947
113515
899949
899951
113519
899953
113522
899955
113524
899957
113526
899959
899961
113529
899963
113531
899965
899967
113536
899969
113538
899971
899973
113541
899975
113544
899977
113545
899979
113547
899981
899983
899985
899987
899989
113558
899991
899993
113562
899995
113564
899997
113565
899999
900001
900003
113571
900005
113573
900007
113575
113576
900009
900011
113579
900013
113581
900015
113584
900019
113589
900022
900024
113592
900026
113594
900028
113597
900030
900032
113600
113601
900034
900036
900038
113606
900040
113609
900042
900044
900046
113615
900048
113616
900050
113619
900052
113621
900054
113622
900056
113625
900058
900060
113628
900062
113631
900064
900066
900068
113636
900070
113639
900072
113640
900074
113643
900076
900078
113646
900080
113648
900082
900084
113652
113653
900086
900088
113656
900090
900092
113660
113661
900094
900096
113665
900098
113666
113667
900100
113669
900102
900104
113672
900106
900108
113676
113677
900110
900112
113680
113681
900114
113683
900116
113685
900118
900120
113688
900122
900124
113692
113693
900126
113695
900128
113696
900130
113698
900132
113701
900134
113703
900136
900138
900140
113709
900142
375854
113711
900144
900146
113714
900148
113717
900151
113720
900154
113722
900157
113725
900160
113728
900163
113731
113732
900166
113735
900169
113738
900172
113740
375885
900175
113745
900178
900181
113749
113750
375895
900184
113752
900187
113755
900190
113758
900193
113761
900196
113765
900199
113768
900202
113770
113772
900205
113775
375919
900208
900211
113780
900214
113783
900217
113786
900220
900223
113792
900226
113796
900229
113797
375942
113799
900232
900235
113803
900238
113806
900241
900244
113812
113813
900247
113815
900250
113819
113820
900253
113823
900256
113826
900259
900262
113831
900265
900268
113837
900271
900274
113843
113844
900277
113846
900280
113849
113850
900283
113853
900286
113856
900289
900292
113860
900295
113863
113864
900298
113867
376011
900301
113870
900304
113873
900307
376019
113876
900310
113880
900313
900316
113884
900319
113888
900322
113892
376036
900325
113895
900328
113898
900331
113900
900334
376046
900337
113906
113907
900340
113910
900343
113913
900346
113916
900349
113918
113919
900352
113920
113922
900355
113925
900358
900361
113930
638219
900364
113932
113934
900367
113936
900370
113938
113940
900373
113941
900376
113946
900379
113947
900382
900385
113954
900388
113956
900391
113959
113961
900394
900397
113966
900400
113968
900403
900406
113974
376118
900409
900412
113982
900415
113983
900418
113986
113987
376131
900421
113990
113991
900424
113993
113994
900427
113996
900430
113998
376144
900433
114002
900436
114004
114006
900439
900442
114012
900445
114013
900448
114016
114018
900451
114020
900454
900457
114026
114027
900460
638317
900463
114031
900466
114035
900469
114038
900472
114040
114041
900475
114044
900478
114047
900481
114049
114050
900484
114052
114053
900487
114056
900490
114059
900493
114061
114063
900496
900499
114067
900502
114071
900505
114073
114074
900508
114076
900511
114080
376225
900514
114084
900517
114086
114087
900520
114089
900523
114093
900526
114095
900529
114099
900532
900535
114105
900538
114108
900541
900544
900547
114115
114116
900550
114119
900553
900556
114126
900559
114128
114129
900562
900565
114133
114134
900568
114136
114138
900571
900574
114142
900577
114146
900580
900583
114151
900586
114154
900589
114159
900592
114161
900595
114163
900598
114166
900601
114170
900604
114172
900607
900610
900613
114181
114182
900616
114184
900619
114187
900622
114190
900625
114193
114195
900628
114197
900631
114201
900634
114202
900637
114205
900640
114209
114210
900643
114212
900646
114215
114216
900649
900652
114222
900655
114223
900658
114226
900661
114229
114230
900664
114232
114234
900667
114237
114239
900672
114242
900675
114243
900678
900681
114250
114251
900684
114254
900687
114257
900690
114258
900693
114261
900696
114264
900699
114267
114269
900702
114272
900705
114273
900708
114277
114278
900711
900714
114282
900717
114286
900720
114288
114290
900723
900726
114294
114296
900729
114299
900732
114302
900735
900738
114306
900741
114310
114311
900744
114313
900747
114315
900750
114318
114319
900753
114321
114322
900756
114325
900759
114329
900762
114330
900765
114335
900768
114338
900771
900774
114342
900777
114345
900780
900783
114351
900786
114355
900789
900792
114360
114362
900795
114365
900798
114367
900801
114371
900804
114372
900807
900810
114378
900813
114381
900816
114384
900819
114387
900822
114390
114391
900825
114394
900828
114396
900831
114400
900834
114402
900837
114406
900840
114410
900843
114413
900846
114415
900849
114418
900852
114421
900855
114423
114425
900858
114426
900861
114429
900864
114434
376578
900867
114435
900870
900873
114443
900876
114444
114446
900879
114449
900882
114451
900885
114453
900888
900891
114460
900894
900897
114465
114466
900900
900903
114471
900906
900909
114478
900912
114481
114482
900915
114485
900918
900921
114490
900924
114494
900927
114497
900930
114500
900933
900936
900939
114508
900942
114511
900945
114513
900948
114516
638804
900951
114519
900954
114522
114523
900957
114526
900960
114529
114530
900963
114533
900966
114536
900969
114539
900972
900975
114544
114545
900978
114548
900981
900984
114553
114554
900987
900990
114558
114560
900993
900996
114564
900999
901002
901005
114575
901008
114577
901011
114579
901014
114583
114584
901017
114587
901020
114589
901023
114593
901026
114596
901029
114599
901032
901035
114603
901038
114607
114608
901041
114611
901044
901047
114616
901050
114620
901053
114623
901056
114624
901059
114627
114628
901062
901065
901068
114636
901071
114640
901074
114643
901077
114645
901080
114648
901083
901086
901089
901092
114662
901095
901098
114666
901101
114670
901104
901107
114675
114676
901110
114678
901113
114682
901116
901119
114687
114688
901122
114690
114692
901125
114694
901128
114698
901131
114699
114701
901134
901137
114705
901140
114709
901143
114711
901146
114715
114716
901149
114719
901152
114722
901155
114724
639013
901158
114727
901161
114731
901164
114732
901167
114735
114737
901170
114740
901173
114741
901176
114744
114745
901179
114749
901182
114751
901185
114754
901188
114758
114759
901192
376905
901195
114763
901198
114768
901201
376913
114770
901204
114774
901207
114777
901210
114780
901213
901216
114784
114786
901219
376931
901222
114790
114792
901225
114794
901228
114797
114798
901231
114801
901234
114803
901237
114806
114807
901240
114809
901243
114813
901246
901249
114817
114819
901252
114822
901255
114824
114825
901258
901261
114829
901264
114834
901267
114837
901270
114839
901273
114842
901276
901279
114847
901282
114850
114852
901285
114853
901288
114856
114858
901291
114859
114861
901294
901297
114866
901300
114868
114870
901303
901306
901309
114877
901312
114880
901315
114883
901318
114888
901321
114891
901324
901327
114895
114897
901330
901333
901336
114906
901339
114907
114909
901342
114911
901345
114915
901348
114918
901351
114921
901354
114924
901357
901360
114929
901363
114931
901366
901369
114938
901372
114941
114942
901375
901378
114946
114948
901381
114949
901384
901387
114955
901390
114958
114960
901393
114961
901396
114965
901399
114968
901402
901405
114974
901408
114977
114978
901411
901414
114982
901417
114987
901420
901423
114991
901426
901429
114999
901432
115000
901435
115003
115005
901438
901441
115009
115011
901444
115012
901447
115017
901450
115020
901453
901456
901459
115028
115029
901462
115031
901465
115034
901468
115037
901471
115039
901474
115042
901477
115046
901480
115048
115050
901483
901486
115055
115056
901489
115058
901492
115060
115061
901495
115063
115064
901498
115068
901501
115069
115071
901504
901507
115076
901510
115078
901513
115082
901516
115084
901519
115089
901522
901525
115095
901528
115096
901531
115100
901534
115102
901537
115105
115106
901540
115110
901543
901546
115114
901549
115118
901552
115122
901555
115125
901558
901561
115129
115131
901564
115133
115134
901567
115137
901570
115138
115140
901573
115141
115143
901576
115145
901579
115148
901582
115150
115152
901585
901588
115157
901591
901594
115164
901597
115167
901600
115170
901603
115173
901606
115175
901609
115179
901612
115181
901615
115183
901618
115188
901621
901624
115193
901627
639483
115196
901630
115198
901633
115201
639491
901636
115204
901639
115207
901642
115210
115212
901645
639502
115215
901648
115217
901651
115221
901654
901657
115225
115227
901660
115230
901663
115233
901666
901669
115237
901672
115240
901675
115244
901678
115247
115248
901681
901684
115253
115254
901687
115256
115257
901690
115260
901693
115261
901696
115265
901699
115268
901702
115270
115271
901705
115277
901710
901712
115282
901715
115284
901718
115287
901721
115289
115290
901724
115292
901727
115295
115297
901730
115300
901733
115303
901736
115305
901739
901742
115311
901745
115313
115315
901748
115318
901751
115320
901754
115324
901757
115327
901760
901763
115331
901766
639624
901769
115338
901772
901775
639631
901778
115346
901781
901784
115353
901787
115356
901790
115358
901793
115362
901796
901799
115367
901802
115370
901805
115373
901808
901811
115379
115381
901814
115383
901817
115386
901820
115388
115390
901823
115393
901826
901829
901832
115402
901835
115404
901838
115408
901841
901844
115413
115414
901847
115417
901850
115419
901853
115421
901856
115424
115426
901859
115429
901862
115430
901865
115433
115435
901868
901871
115440
901874
115442
901877
115446
901880
115449
901883
115451
901886
115455
901889
115458
901892
115460
115461
901895
115464
901898
115467
115468
901901
115471
901904
115472
901907
115476
901910
115478
901913
115482
901916
901919
115488
115489
901922
115492
901925
115493
115494
901928
115496
901931
115499
115501
901934
115502
901937
115505
901940
115510
901943
115513
901946
115515
115516
901949
115518
901952
115522
901955
115524
901958
115528
901961
115529
901964
115532
901967
115536
901970
115539
901973
115541
115543
901976
901979
115548
901982
115552
901985
115554
901988
377700
901991
115560
639849
901994
115564
901997
115567
902000
115570
902003
902006
115574
902009
115578
902012
115580
115582
902015
377729
902018
902021
115589
902024
115593
902027
115597
902030
902033
115603
902036
902039
115607
902042
115610
902045
902048
115617
902051
115620
902054
115624
902057
115626
902060
115629
902063
115631
115633
902066
902069
115638
902072
115640
115642
902075
115645
902078
115647
377792
902081
115650
902084
115654
902087
902090
115660
902093
115663
902096
115665
902099
115669
902102
115671
902105
115674
902108
115677
902111
902114
115682
377826
115684
902117
115687
902120
115688
115690
902123
115691
902126
902129
115698
902132
115700
902135
115705
902138
115708
902141
115710
902144
902147
115715
115716
902150
115719
902153
115722
115723
902156
115726
902159
115728
902162
115730
902165
115735
902168
115738
902171
902174
115742
115744
902177
902180
902183
115751
377897
902186
115754
640043
115756
902189
902192
115760
115761
902195
115763
902198
377910
115768
902201
902204
115774
902207
115775
640063
902210
115778
115780
902213
902216
115784
902219
115788
902222
115790
115791
902225
115794
902228
902232
115801
902234
115803
902237
902240
115810
902243
115813
902246
115815
902249
115817
115819
902252
115821
902255
902258
902261
115831
902264
115833
902267
115835
902270
115838
640126
902273
902276
115844
115845
902279
377991
902282
115852
902285
115854
115855
902288
902291
115859
902294
115862
902297
115865
902300
115868
115870
902303
115873
902306
115876
902309
115877
902312
115881
902315
115883
115884
902318
902321
902324
115892
115893
902327
115896
902330
115898
115900
902333
902336
115906
902339
902342
115910
902345
115914
902348
115917
902351
902354
115924
902357
115926
902360
115928
902363
115931
115932
115933
902366
115935
902369
902372
115942
902375
902378
115946
115948
902381
115951
902384
115953
640241
902387
115956
902390
115959
902393
115962
115963
902396
115965
902399
902402
115971
902405
115973
902408
115976
115977
902411
115980
902414
115982
115983
902417
115987
902420
115990
902423
115991
902426
115994
902429
902432
116000
116002
902435
116003
902438
116007
902441
116010
902444
116012
902447
116015
116016
902450
116019
902453
116021
116022
902456
116025
902459
902462
116032
902465
116035
902468
116036
902471
902474
116042
902477
116045
902480
116050
902483
902486
116054
902489
116057
116058
902492
116060
116061
902495
116064
902498
116068
902501
116069
902504
116072
902507
116075
116077
902510
116080
902513
116083
902516
902519
116087
116089
902522
116091
902525
116094
902528
116096
116098
902531
902534
116104
902537
116107
902540
116110
902543
116113
902546
116115
902549
116119
902552
902555
116123
902558
902561
116130
902564
116134
902567
902570
116138
116139
902573
116142
902576
902579
116148
902582
116150
902585
116155
902588
116157
902591
116161
902594
116162
116164
902597
116166
902600
902603
116171
116172
902606
116175
902609
116179
902612
902615
116185
902618
116188
902621
116189
902624
116192
902627
116195
902630
116200
902633
902636
116205
902639
902642
116211
902645
902648
116216
116218
902651
902654
902657
116227
902660
116230
902663
116232
902666
116236
902669
116239
902672
116241
902675
116245
902678
116247
902681
116249
902684
902687
116255
902690
116258
902693
902696
902699
116267
902702
116270
902705
116274
902708
116278
902711
902714
116282
116284
902717
116287
902720
116290
902723
116292
902726
116295
902729
116297
378441
116299
902732
116300
116302
902735
116304
116305
902738
902741
116309
116311
902744
116314
902747
116317
116319
902752
116322
902755
116323
902758
116327
902761
116329
116331
902764
116332
902767
116336
902770
902773
116342
902776
116344
902779
116347
116349
902782
116352
902785
116355
902788
640644
116358
902791
116360
902794
116364
640652
902797
116366
902800
116369
902803
116371
902806
116375
116376
902809
116379
902812
116380
640668
902815
116385
902818
116388
902821
116390
116391
902824
116394
902827
116396
116397
902830
902833
116403
902836
116405
902839
116407
902842
116410
902845
902848
116416
116417
902851
116421
902854
902857
116425
902860
116428
116430
902863
116433
902866
116435
902869
116437
116438
902872
116440
116442
902875
116444
902878
116448
902881
116449
902884
116454
902887
116456
902890
116459
902893
116461
116463
902896
116465
116466
902899
116468
116469
902902
116471
902905
116474
902908
116478
902911
902914
116482
116484
902917
116486
902920
116489
116490
902923
116492
902926
116495
902929
116499
902932
116500
116502
902935
902938
116506
902941
116511
902944
116514
902947
116516
116517
902950
116519
902953
116522
902956
116524
902959
116529
902962
902965
116533
116535
902968
902971
116539
116540
902974
902977
116546
902980
116549
902983
116551
902986
116554
902989
116558
902992
902995
116564
902998
903001
116569
903004
116573
903007
116576
903010
903013
116581
116583
903016
903019
116588
903022
116591
903025
116594
903028
116598
903031
116599
903034
903037
116605
116606
903040
116608
378753
116610
903043
903046
116614
903049
116618
903052
116621
903055
903058
116626
903061
116629
116631
903064
378776
116633
903067
903070
116638
903073
903076
116644
903079
903082
116650
903085
116654
903088
116657
903091
116661
903094
903097
116666
116667
903100
116670
903103
116671
116673
903106
116674
116676
903109
116678
903112
116680
116682
903115
903118
116688
903121
903124
116692
116693
903127
116695
116697
903130
903133
116702
116703
903136
903139
116707
903142
116711
903145
116715
903148
903151
116719
903154
116722
116723
903157
116726
903160
116728
116730
903163
116731
116732
903166
116734
116735
903169
116738
903172
116742
903175
903178
116747
903181
116749
903184
116752
903187
116756
903190
116758
903193
116762
903196
116766
903199
116769
903202
903205
116775
903208
116776
116778
903211
116781
903214
903217
116785
116787
903220
116788
116790
903223
903226
116794
903229
116798
903232
116802
903235
903238
116808
903241
116811
903244
116814
903247
116817
903250
903253
116821
116822
903256
116825
903259
116827
116829
903262
116831
903265
903268
116836
903271
116840
116843
903277
116846
903280
116848
903283
903286
903289
116858
903292
116860
903295
116863
116865
903298
903301
116869
116871
903304
116873
903307
903310
116878
116880
903313
116883
903316
116885
116886
903319
116889
903322
116892
903325
116895
903328
116898
903331
116899
903334
116904
903337
116907
903340
903343
903346
116916
903349
116917
903352
116920
116922
903355
116925
903358
116926
903361
116929
116930
903364
116932
903367
116935
903370
116939
903373
116942
903376
116945
903379
116947
903382
116951
116952
903385
116955
903388
903391
116959
903394
116962
116964
903397
903400
116968
903403
116971
116973
903406
116975
903409
116977
116979
903412
116981
116982
903415
903418
116986
903421
116991
903424
116994
903427
903430
117000
903433
903436
117004
903439
117009
903442
903445
117015
903448
117018
903451
117021
903454
903457
117027
903460
117029
903463
117031
117033
903466
117034
117036
903469
117038
903472
903475
117045
903478
903481
903484
117053
903487
117057
903490
117059
117060
903493
117063
903496
903499
117068
903502
117071
117072
903505
117074
117075
903508
903511
903514
903517
117085
903520
117089
903523
117092
903526
117094
117096
903529
117097
903532
117100
903535
117103
903538
117106
117108
903541
903544
117113
903547
117115
903550
117118
117120
903553
117123
903556
117126
903559
117127
117129
903562
117130
903565
117134
903568
117138
903571
117139
903574
117142
117144
903577
117146
903580
117148
903583
117151
117152
903586
117154
903589
117158
903592
117162
903595
117165
903598
117167
903601
903604
117172
117174
903607
903610
117178
903613
903616
117184
903619
903622
117190
903625
117195
903628
117196
903631
117201
903634
117203
903637
903640
117209
117210
903643
117213
903646
117215
903649
117217
903652
117221
903655
117223
903658
117227
903661
117230
117231
903664
903667
903670
117238
117240
903673
903676
117244
117246
903679
903682
117250
903685
903688
117256
903691
117259
117260
903694
117263
117264
903697
117266
903700
117270
903703
903706
903709
117277
903712
117280
903715
117284
903718
117286
903721
117289
903724
117293
903727
117295
903730
117299
903733
117301
903736
903739
117307
903742
903745
117314
903748
117318
903751
117321
903754
117324
903757
117327
903760
903763
117331
903766
117334
117336
903769
903772
117342
903775
117345
903778
117346
903781
117349
117350
903784
117352
117354
903787
903790
117359
903793
117362
903798
117367
117368
903801
117371
903804
117374
903807
903810
117378
117379
903813
117382
379526
903816
903819
117388
903822
117390
379534
117392
903825
117395
903828
903831
117399
117401
903834
117403
903837
117407
903840
117408
903843
117411
903846
117414
903849
117417
903852
117420
379566
903855
903858
117426
903861
117431
903864
117433
903867
117435
117436
903870
117439
903873
903876
117444
117445
903879
117447
903882
379595
903885
117453
903888
903891
117460
117461
903894
117463
903897
117466
117467
903900
903903
117472
903906
117475
903909
903912
117480
117482
903915
903918
117486
903921
117490
903924
117492
903927
117495
903930
117498
903933
117501
903936
117504
117505
903939
117509
903942
903945
117514
903948
117517
117518
903951
117520
117521
903954
117523
903957
117525
903960
117529
903963
117531
379675
117533
903966
117535
903969
117537
117538
379683
903972
117541
903975
117543
117544
903978
903981
117549
903984
903987
117556
117557
903990
117559
903993
117561
903996
117564
903999
117569
904002
904005
117573
904008
904011
117580
117581
904014
117584
904017
904020
117590
379734
904023
904026
904029
117597
117598
904032
117600
904035
117604
117605
904038
904041
117611
904044
117613
117614
904047
904050
117620
904053
117622
904056
117624
379768
117625
904059
117628
904062
904065
117633
117635
904068
117637
904071
117641
904074
117643
904077
117647
904080
117649
117650
904083
117653
904086
379799
904089
117657
904092
117661
117662
904095
117664
904098
117666
117667
904101
117669
904104
904107
117677
904110
117680
904113
904116
117686
904119
904122
117691
904125
904128
904131
904134
117704
904137
904140
117709
904143
117713
904146
117715
117716
904149
904152
117720
904155
117723
904158
117726
117727
904161
117729
904164
117732
904167
117735
904170
904173
117741
117742
904176
904179
117747
117749
904182
117752
904185
117753
117755
904188
904191
117760
904194
117763
904197
904200
117768
904203
117772
904206
117774
904209
117777
904212
117780
117782
904215
904218
117786
904221
117789
904224
117792
904227
117795
904230
117798
117799
904233
117801
117802
904236
117804
117805
904239
117809
904242
117811
904245
117813
117815
904248
904251
117819
904254
117823
904257
904260
117829
904263
117831
117832
904266
117835
904269
117838
904272
117842
904275
904278
117847
904281
904284
117852
904287
904290
117858
904293
117862
904296
117866
904299
642157
904302
904305
117873
904308
117876
904311
117881
904314
117882
904318
117886
904321
117889
904324
117892
117894
904327
117895
117897
904330
117900
904333
117901
117903
904336
117904
904339
117909
904342
904345
117913
117915
904348
117916
904351
904354
117922
904357
117926
904360
904363
117931
117933
904366
117936
904369
117938
904372
117940
117941
904375
117944
904378
117946
642235
904381
117950
904384
117952
904387
117955
642243
904390
117958
904393
117961
904396
904399
117969
904402
904405
117974
904408
117977
904411
117981
904414
117984
904417
117987
904420
117990
904423
904426
117994
117996
904429
117998
117999
904432
118002
904435
118004
118005
642293
904438
118007
118008
904441
904444
118013
904447
118016
904450
118019
904453
118022
118023
904456
118025
118026
904459
904462
118030
904465
904468
118036
118037
904471
118041
904474
118043
118044
904477
118046
904480
642337
118050
904483
118052
118053
904486
118055
118056
904489
642345
118058
118059
904492
118062
904495
118065
904498
118067
904501
118069
904504
118072
642362
904507
118076
118077
904510
118079
904513
904516
642372
118085
904519
118088
904522
118092
904525
380237
642382
118095
904528
118097
904531
118099
904534
642392
904537
118105
904540
118109
904543
118113
904546
118115
904549
118119
904552
118122
904555
118125
904558
904561
904564
118133
118134
904567
118136
118137
904570
904573
118141
118142
904576
118145
904579
118148
118149
904582
118151
904585
118154
904588
118157
904591
118160
904594
118163
904597
118167
904600
118168
904603
118171
904606
118174
904609
118178
904612
118182
904615
118183
118185
904618
118188
904621
118189
904624
118192
904627
118195
904630
118200
904633
118203
904636
118204
904639
118207
118209
904642
118211
904645
904648
118216
904651
118220
904654
118222
904657
118227
904660
904663
118231
904666
118235
118236
904669
904672
118241
118242
904675
904678
904681
118249
118251
904684
118253
904687
118257
904690
904693
118262
904696
118266
904699
904702
118270
118272
904705
118274
904708
904711
904714
118282
118283
904717
118285
904720
118288
118289
904723
118293
904726
118296
904729
118297
904732
118300
118302
904735
904738
904741
118309
904744
118312
118313
904747
904750
904753
118323
904756
904759
118327
904762
118332
904765
904768
118337
904771
118339
118340
904774
118343
904777
118346
118347
904780
118349
904783
904786
118354
118355
904789
118359
904792
118360
904795
118365
904798
118367
904801
118370
904804
118374
904807
118376
904810
118378
118380
904813
904816
118385
904819
118387
118388
904822
118391
904825
118394
904828
118396
118398
904831
904834
118402
380547
904837
118405
118407
118408
904842
118411
904844
118412
904847
118415
118417
904850
118420
904853
118421
118423
904856
904859
118427
118428
904862
118431
118432
904865
118434
904868
904871
118441
904874
118442
118444
904877
118445
904880
118449
118450
904883
904886
118455
118456
904889
118459
904892
118460
904895
118464
904898
118467
904901
118470
904904
904907
118475
118477
904910
118480
904913
904916
118485
904919
118487
904922
118491
642780
904925
904928
118497
904931
118499
904934
904937
642793
118507
904940
118510
904943
904946
118515
904949
118518
904952
118522
904955
904958
118526
118528
904961
904964
118534
904967
118536
904970
118538
904973
118542
904976
118544
904979
904982
118550
904985
904988
118556
118557
904991
118559
904994
118562
904997
118565
118567
905000
905003
118571
905006
905009
118577
905012
905015
118583
905018
118586
118588
905021
118590
905024
118592
905027
905030
118598
118600
905033
118602
118603
905036
118605
118606
905039
118608
905042
118610
118611
905045
118614
905048
118616
905051
905054
118623
905057
118626
905060
118629
905063
118631
118632
905066
118635
905069
118638
905072
118641
905075
118643
118645
905078
118647
905081
118651
905084
118654
905087
118655
905090
118658
905093
118661
118662
905096
905099
118668
905102
118671
118672
905105
905108
118678
905111
118681
905114
905117
118685
905120
118690
905123
118692
905126
118694
905129
905132
118702
905135
118703
118704
905138
118706
905141
118709
905144
118712
118713
905147
118717
905150
118719
905153
118721
118723
905156
905159
118727
905162
118730
905165
118735
905168
905171
118740
905174
118742
118744
905177
118746
905180
118749
905183
118751
905186
905189
118758
905192
118760
905195
118763
118765
905198
118768
905201
118771
905204
905207
118775
905210
118778
905213
118781
905216
118785
905219
118787
905222
118791
905225
118794
905228
118797
118798
905231
118800
905234
118802
118803
905237
118806
905240
118808
118810
905243
905246
118814
905249
905252
118820
905255
118823
905258
118826
905261
118829
905264
118832
118834
905267
118835
905270
905273
118842
905276
118844
118845
905279
118848
905282
118850
118852
905285
118854
905288
118857
905291
118860
905294
118863
905297
118867
905300
905303
118873
905306
118875
905309
905312
118880
118882
905315
118884
905318
118887
905321
118889
118890
905324
118892
905327
643183
118897
905330
905333
118902
905336
905339
905342
118910
118911
905345
905348
118916
905351
118919
905354
905357
118925
905360
118928
118931
905365
118933
905368
118937
905371
118939
905374
118943
905377
118947
905380
118949
118950
905383
118953
905386
118954
118956
905389
118957
118959
905392
905395
118964
905398
905401
118970
905404
118972
118974
905407
905410
118978
118980
905413
118983
905416
118984
905419
118987
905422
118990
905425
118994
118995
905428
118997
905431
119001
905434
119004
905437
119005
905440
119008
119009
905443
119013
905446
905449
119017
905452
119022
905455
119024
905458
119027
905461
119030
119031
905464
119033
119034
905467
119036
119037
905470
905473
905476
905479
119047
905482
119051
905485
119053
119055
905488
119058
905491
119061
905494
905497
119065
119067
905500
119068
905503
119071
119073
905506
119075
119076
905509
905512
119080
119082
905515
119085
905518
119087
905521
119090
119091
905524
119093
905527
119097
905530
119099
905533
905536
119104
905539
119107
905542
905545
119114
119115
905548
905551
119119
905554
119123
905557
119126
119127
905560
905563
119132
905566
119135
905569
119137
119138
905572
905575
119145
905578
381292
905581
119149
905584
119152
119154
905587
119157
905590
905593
119162
905596
119165
119166
905599
119169
905602
905605
119173
381318
119175
905608
119178
905611
119181
905614
119184
381328
905617
119187
905620
905623
119191
119193
905626
119195
905629
905632
119200
905635
119204
905638
905641
119210
905644
119214
905647
905650
119218
119219
905653
119222
119223
905656
905659
119227
905662
119232
905665
905668
119237
905671
119239
905674
119242
905677
119246
905680
119248
381394
905683
119251
905686
119255
905689
119258
905692
119261
905695
381407
119265
905698
119268
905701
119270
905704
119273
905707
119275
905710
119278
905713
905716
905719
119287
905722
119291
905725
119293
119294
119295
905728
119298
905731
381444
119301
905734
119302
119304
905737
905740
119308
905743
119311
905746
119315
905749
119318
905752
119321
905755
119323
905758
119327
905761
119330
905764
119334
905767
119337
905770
119339
905773
119342
905776
905779
119348
905782
119352
905785
119353
905788
119356
119358
905791
119360
905794
119362
119364
905797
905800
119370
905803
119372
905806
119375
905809
905812
119380
119382
905815
119383
905818
119386
119387
905821
905824
119393
905827
119396
119397
905830
119399
905833
119403
905836
119405
905839
119408
119409
905842
119412
905845
119415
905848
119416
905851
119419
905854
119423
905857
119425
905860
119429
905863
905866
119434
119436
905869
119438
119439
905872
119441
381585
119442
905875
905878
119446
119447
905881
381593
119451
905885
119453
905888
905891
119459
905894
119463
905897
905900
119468
119469
905903
119472
119473
905906
119475
905909
905912
905915
119484
905918
905921
119490
119491
905924
905927
119495
905930
119499
905933
119503
905936
119505
119506
905939
119509
905942
119511
905945
119513
905948
119516
119518
905951
119519
905954
905957
119525
119527
905960
905963
119531
905966
119535
905969
119538
905972
119540
905975
905978
119548
905981
119551
905984
119553
905987
119556
905990
119558
119559
905993
119562
905996
119564
905999
119568
906002
119571
906005
119574
906008
119578
906011
119580
119581
906014
119584
906017
119587
906020
119590
906023
119591
906026
906029
906032
119600
906035
906038
119606
119607
906041
119609
119610
906044
906047
119616
906050
906053
906056
119625
906059
119628
906062
906065
119634
906068
119638
906071
119641
906074
119643
906077
119645
906080
119649
119650
906083
906086
906089
906092
119660
906095
119664
906098
119666
119668
906101
119669
119671
906104
119674
906107
119676
906110
906113
906116
119684
906119
119689
906122
119691
119692
906125
119695
906128
119698
906131
119701
906134
119703
119704
906137
119707
906140
119708
119710
906143
119713
906146
906149
119717
906152
119722
906155
119724
119725
906158
644014
119727
906161
119730
906164
119732
906167
906170
119739
119740
906173
119742
906176
119744
119746
906179
119747
119749
906182
906185
119755
906188
119757
906191
119761
906194
119764
906197
906200
119770
906203
906206
644063
906209
119777
906212
906215
119784
906218
119787
906221
119789
119791
906224
906227
119796
906230
119798
119799
906233
906236
119805
119806
906239
119808
906242
906245
119813
906248
119816
906251
119819
119821
906254
119824
906257
119827
906260
119829
906263
119832
906266
119834
119835
906269
119837
906272
119840
119842
906275
119844
906278
119848
906281
119850
906284
119853
906287
119855
119857
906290
119859
906293
644149
119862
906296
119864
119866
906299
119867
119869
906302
644159
906305
119874
906308
119877
119878
906311
644169
906314
119882
119884
906317
906320
119889
906323
119892
119893
906326
644182
119895
906329
119897
906332
906335
119905
906338
119908
906341
119910
644199
906344
119913
906347
119916
906350
119920
906353
906356
119924
119925
906359
906362
119931
906365
119933
119935
906368
906371
906374
906377
119945
906380
119950
906383
119953
906386
119956
906389
119959
906392
119960
906395
119965
906398
119968
906403
906405
119973
119974
906407
119976
906409
119978
906411
119980
906413
906415
119984
906417
906419
119988
906421
906423
119991
906425
906427
119995
119996
644284
906429
906431
119999
906433
120001
906435
120003
120004
906437
906439
906441
906443
120011
906445
906447
120015
906449
906451
120019
120020
906453
906455
120023
906457
120026
906459
906461
906463
120031
906465
906467
120035
906469
120038
906471
906473
120041
906475
120043
120044
906477
120046
906479
906481
906483
120051
906485
120053
120054
906487
120056
906489
906491
120060
906493
906495
120063
906497
120066
906499
120068
906501
906503
120072
906505
906507
120075
906509
120077
906511
120079
906513
906515
906517
120085
906519
120088
906521
120090
906523
120091
906525
906527
120095
906529
120098
906531
120100
906533
906535
906537
120106
906539
906541
906543
120111
906545
120113
906547
120116
906549
906551
120119
906553
120122
906555
906557
120125
120126
906559
906561
906563
120131
120132
906565
120134
906567
906569
120138
906571
120140
906573
120142
906575
906577
120145
906579
906581
120149
906583
120152
906585
120153
906587
906589
120157
906591
120160
906593
906595
120164
906597
120166
906599
906601
120169
906603
906605
906607
120176
906609
382321
906611
120179
906613
120181
906615
906617
382329
906619
120187
906621
906623
120191
906625
120194
906627
906629
120198
906631
906633
120201
906635
120203
906637
906639
120207
120208
906641
120210
906643
120211
906645
120214
906647
906649
120217
906651
906653
120221
906655
120223
906657
906659
120227
906661
120230
906663
120231
906665
120233
906667
120235
906669
120238
906671
120239
906673
120241
120242
906675
906677
906679
906681
120249
906683
120251
120252
906685
906687
120255
120256
906689
906691
120260
906693
120262
906695
120263
906697
120265
906699
120268
906701
906703
120272
906705
906707
120275
906709
120278
906711
120280
906713
906715
120283
906717
120286
906719
120288
906721
906723
906725
120293
906727
120296
906729
906731
906733
906735
120303
120304
906737
906739
906741
120309
906743
906745
120316
120318
906751
120321
906754
120322
120323
906757
120325
120326
906760
906763
906766
120336
906769
120337
120339
906772
120340
120342
906775
120344
906778
120347
120348
906781
120351
906784
120352
120354
906787
120357
906790
120360
906793
120363
906796
120366
906799
120369
906802
906805
120375
906808
120377
906811
120379
906814
120382
906817
906820
120388
120389
120390
906823
906826
120396
906829
120398
906832
120402
906835
120403
906838
120406
906841
906844
120412
120414
906847
644705
906850
120418
120420
906853
120423
906856
120426
906859
906862
120431
906865
120434
906868
120436
120438
906871
906874
120444
906877
120446
906880
120449
906883
120452
120453
906886
120455
906889
120458
906892
906895
906898
120468
906901
120471
906904
120472
120474
906907
120476
906910
906913
120483
906916
906919
120487
906922
906925
120495
906928
120497
906931
120500
906934
120502
120504
906937
120506
906940
120509
906943
120513
906946
120515
906949
906952
120521
906955
120524
906958
906961
120529
120531
906964
120532
120534
120536
906969
120539
906972
906975
120543
906978
120548
906981
120550
906984
120552
120554
906987
120557
906990
120559
906993
120561
906996
120565
906999
120568
120569
907002
120570
120572
907005
907008
907011
120579
907014
120583
120584
907017
120587
907020
120588
120590
907023
120591
120593
907026
907029
907032
120600
907035
907038
120607
907041
120609
120611
907044
120612
120614
907047
120615
907050
120620
907053
120623
907056
120625
907059
120627
120628
907062
120630
907065
120633
907068
907071
120639
907074
907077
120646
907080
120649
907083
120651
907086
120654
907089
907092
907095
120663
907098
120667
907101
120670
907104
120672
907107
120676
907110
120678
907113
120681
907116
120686
907119
120687
907122
120691
907125
120694
907128
120698
907131
907134
120702
907137
120705
907140
120708
120710
907143
907146
907149
120718
907152
120720
120722
907155
120723
907158
120726
120728
907161
120729
907164
120732
907167
120737
907170
120740
907173
120742
907176
120744
907179
120748
907182
120750
907185
120756
907190
120759
120760
907194
120762
907197
120766
907200
907203
120771
907206
645063
120776
907209
120779
907212
120780
120782
907215
120785
907218
120786
907221
120789
120790
907224
120793
907227
120796
907230
120798
120800
907233
120802
907236
120804
907239
120807
907242
120810
907245
120813
120814
907248
120816
120817
645106
907251
120820
120821
907254
120824
907257
120827
907260
907263
120832
907266
120835
907269
120839
907272
120842
907275
645131
120845
907278
907281
907284
120852
907287
907290
120860
907293
120861
120863
907296
907299
120867
120868
907302
120870
907305
120874
907308
120876
907311
120879
120881
907314
120884
907317
120886
907320
120888
907323
120892
907326
120895
907329
120898
907332
120901
383046
907335
120904
120905
907338
120908
907341
120909
907344
907347
120915
120917
907350
907353
120922
383066
907356
907359
907362
120931
907365
120933
120935
383079
907368
120936
120938
907371
120941
907374
120942
907377
120945
907380
120949
907383
120951
907386
120954
907389
907392
120960
907395
120965
907398
120968
907401
120971
907404
383116
120973
907407
120976
120977
907410
383124
907413
120983
907416
120985
907419
120989
907422
120990
120992
907425
120993
907428
120996
120998
907431
121001
907434
121004
907437
907440
121009
907443
907446
121014
907449
121018
121019
907452
121022
907455
121025
907458
121026
907461
121030
907464
121032
121033
907467
121035
907470
121040
907473
121043
907476
121045
907479
121047
121049
907482
121051
907485
907488
121056
907491
121060
907494
907497
121066
907500
121069
907503
121072
907506
907509
121078
907512
121080
121082
907515
907518
121086
121088
907521
121090
907524
907527
121095
907530
121098
121100
907533
907536
121104
907539
121107
121109
907542
121110
907545
383257
121114
121115
907548
121118
907551
121121
907554
907557
121126
907560
121130
907563
121133
907566
121135
121136
907569
121138
907572
121141
907575
121144
907578
907581
383294
907584
121152
907587
121155
121157
907590
907593
121161
907596
121165
907599
121168
907602
121170
121172
907605
907608
121178
907611
121180
121181
907614
121184
907617
121187
907620
121189
907623
121191
121192
907626
121195
907629
121199
907632
907635
121204
907638
121206
907641
121210
907644
121213
907647
121216
907650
121218
121220
907653
121221
121223
907656
907659
121229
907662
121230
121232
907665
907668
121238
907671
121239
121241
383385
907674
121243
907677
121246
121247
907680
907683
121251
907686
121254
907689
121257
907692
121262
907695
907698
121266
121268
907701
121270
907704
121272
121274
907707
907710
121279
121280
907714
121283
907717
121286
907720
121288
907723
121292
907726
121296
907729
121297
907732
121300
907735
121304
907738
121306
121308
907741
121311
907744
907747
121316
121317
907750
121319
907753
121322
907756
121326
907759
121328
121329
907762
907765
907768
121336
121337
907771
907774
121342
907777
121345
907780
907783
121351
907786
121354
907789
121358
907792
121361
121362
907795
121364
907798
121368
907801
121370
907804
121374
907807
121376
907810
121380
907813
121381
121383
907816
121385
907819
907822
121391
907825
121393
121395
907828
121396
907831
121400
907834
121402
121403
907837
121406
907840
121409
907843
907846
907849
121417
121419
907852
121422
907855
121424
907858
121428
907861
121431
907864
907867
121435
907870
121440
907873
121441
907876
121444
121445
907879
121447
907882
121450
907885
121454
907888
121456
121458
907891
907894
121464
907897
121467
907900
121468
907903
121471
121473
907906
121476
907909
907912
907915
121485
907918
907921
121489
907924
907927
121497
907930
907933
121501
907936
907939
907942
121510
907945
121514
121515
907948
907951
121519
907954
907957
121525
121526
907960
121528
121529
907963
121533
907966
121536
907969
121537
121539
907972
121540
121542
907975
121544
907978
121546
907981
121550
907984
121553
907987
121555
907990
121559
907993
907996
907999
121567
908002
121571
908005
121575
908008
121576
908011
121579
908014
121583
908017
121586
121587
908020
121588
121590
908023
121591
645881
908026
908029
121598
908032
121600
121601
908035
121603
121605
908038
121607
908041
121611
908044
121612
908047
121616
121617
908050
908053
121621
908056
121624
121625
121626
908059
645917
908062
121632
908065
121635
908068
121637
908071
908074
121642
908077
121645
121647
908080
908083
121651
645941
908086
121655
908089
121658
908092
908095
908098
121668
908101
121671
908104
908107
121675
908110
121680
908113
121682
908116
121685
908119
121687
121689
908122
908125
121693
908128
121697
908131
121699
908134
908137
121706
908140
121709
908143
121712
908146
908149
121717
908152
121721
121722
908155
908158
121726
908161
121729
908164
121733
908167
121737
908170
121738
121740
908173
121741
646030
908176
121744
908179
121747
908182
121750
646038
121751
908185
121754
908188
908191
908194
121763
908197
646055
908200
121769
908203
121772
121773
908206
908209
908212
121781
908215
121784
121785
908218
121788
908221
121791
908224
121794
908227
121795
121797
908230
908234
121803
908236
121806
908239
121808
121809
908242
121811
908245
908248
121816
121818
908251
121819
908254
908257
121825
908260
121828
908263
121831
908266
121834
908269
121839
908272
121842
908275
646131
121844
908278
121846
121847
908281
121850
908284
121852
121854
908287
121855
121857
908290
646147
908293
121862
908296
121864
908299
121868
908302
121871
384015
908305
121875
908308
121878
908311
121881
908314
121884
908317
121887
908320
121889
908323
121891
121892
646180
908326
908329
121898
908332
121901
908335
121904
908338
121906
908341
121909
384055
908344
121913
908347
121915
908350
121918
908353
908356
121924
908359
121927
121929
908362
121930
908365
121933
121934
908368
121937
908371
121941
908374
121942
908377
121945
646235
908380
121948
908383
121951
121952
908386
121954
121955
908389
121958
908392
121960
121962
908395
908398
121966
908401
121971
908404
908407
121976
908410
908413
121981
908416
908419
121988
908422
121990
121992
908425
908428
121996
908431
121999
908434
122003
908437
122007
908440
122010
908443
908446
122014
908449
122019
908452
122021
122022
908455
122025
908458
122026
908461
122030
908464
122032
908467
122035
908470
122038
908473
122041
908476
122044
908479
122048
122049
908482
122052
908485
122054
908488
122057
908491
122059
908494
908497
122066
908500
122068
908503
122072
908506
122074
122076
908509
122078
122079
908512
122081
122082
908515
908518
122086
908521
122089
908524
122094
908527
122096
908530
122099
908533
122101
908536
122104
122106
908539
122108
908542
122112
908545
908548
908551
122119
908554
122123
122124
908557
122126
908560
122128
908563
122131
122132
908566
122135
908569
122138
122139
908572
122142
908575
122145
908578
122147
908581
122149
122150
908584
908587
122156
908590
122159
908593
908596
122165
908599
122169
908602
908605
122173
122174
908608
122176
122177
908611
908614
122184
908617
122185
122187
908620
122190
908623
122191
908626
122194
908629
122197
908632
908635
122203
122205
908638
908641
122209
908644
122212
908647
908650
908653
122221
908656
122225
908659
122228
908662
122230
908665
122234
908668
122236
908671
122240
908674
122243
908677
122246
122247
908680
908683
122251
908686
122254
122256
908689
122259
908692
908695
122265
908698
122268
908701
122271
908704
908707
122275
122276
908710
122280
908713
908716
122284
908719
122288
122289
908722
122291
122292
908725
122294
908728
646585
122298
908731
122301
908734
122302
908737
122306
122307
908740
122309
908743
122313
908746
122314
908749
122319
122321
908754
646611
908757
122325
908760
122328
908763
908766
908769
122337
122339
908772
122340
908775
122343
908778
122348
908781
122349
122351
908784
122354
908787
122355
908790
122360
908793
122362
908796
122364
122366
908799
122368
122369
908802
122371
908805
122374
908808
908811
122379
908814
122383
908817
122386
908820
122390
908823
122392
908826
122396
908829
122397
908832
122400
122401
908835
122404
908838
122408
908841
908844
122414
908847
122416
908850
122418
908853
122423
908856
122425
908859
908862
122431
122432
908865
122435
908868
122436
908871
122440
908874
122442
122444
908877
122445
122447
908880
908883
908886
122454
908889
122458
908892
122460
122462
908895
122465
908898
908901
122469
908904
122473
908907
122476
908910
122479
908913
122483
908916
908919
122487
908922
122490
122491
122492
908925
122494
122495
908928
908931
908934
122502
122503
122504
908937
122506
908940
908943
122512
908946
122514
908949
122517
908952
908955
122524
908958
122526
122527
908961
122530
908964
122532
122533
908967
122535
908970
122539
908973
122541
908976
122544
908979
122547
122549
908982
122551
122552
908985
908988
908991
908994
122563
908997
122566
909000
909003
122572
909006
909009
122577
122578
909012
909015
122584
122585
909018
909021
122590
909024
122592
122593
909027
122595
122597
909030
909033
122602
909036
909039
122608
909042
122611
122612
909045
122614
909048
122617
909051
122620
384764
909054
122623
909057
122625
122626
909060
122628
122629
909063
122632
909066
122634
122636
909069
122638
909072
122640
646930
909075
122643
122645
909078
909081
122649
909084
122652
122653
909087
909090
122659
646948
909093
122662
909096
122665
909099
122669
909102
122672
909105
909108
122678
909111
122679
122680
909114
122682
122683
909117
122685
909120
122688
909123
122691
909126
384840
909129
122698
909132
122700
122702
909135
122705
909138
122708
909141
122710
909144
384856
122713
909147
909150
122719
909153
122722
122723
909156
122725
909159
122727
122728
909162
122730
909165
909168
122737
909171
122739
909174
122743
122744
909177
122746
909180
909183
122751
909186
122754
909189
122758
909192
122762
909195
122765
909198
909201
122769
384914
909204
122772
909207
122776
909210
909213
122781
909216
122784
122785
909219
122788
909222
122792
909225
122794
122795
909228
122798
909231
122800
909234
122803
909237
122806
909240
122809
122810
909243
909246
122816
909249
909252
909255
909258
384970
909261
122829
909264
384978
909267
909270
122841
909275
122844
909278
122846
122848
909281
909284
909287
909290
122859
122860
909293
122862
909296
122866
909299
122867
385011
122869
909302
909305
122875
385019
909308
909311
122880
122881
909314
122884
909317
122885
909320
122888
909323
122892
122893
909326
909329
122897
122899
909332
122900
909335
122904
909338
122907
909341
122909
909344
909347
122915
122917
909350
122919
909353
122922
122923
909356
122925
909359
122928
122929
909362
122931
909365
122934
909368
909371
122941
909374
122942
122943
909377
122946
122947
909380
909383
122951
909386
122955
122956
909389
909392
909395
122964
909398
122967
909401
122969
122971
909404
909407
909410
122979
122980
909413
122981
122983
909416
122985
909419
122988
909422
909425
122993
909428
909431
122999
123001
909434
123004
909437
909440
123010
909443
909446
909449
909452
123021
909455
123024
909458
123027
909461
123030
909464
909467
123035
909470
909473
123042
909476
123045
909479
123048
909482
909485
123055
909488
123058
909491
123061
909494
909497
123065
123067
909500
123070
909503
123072
909506
123075
909509
123078
909512
123080
123082
909515
123085
909518
123087
909521
123091
909524
123092
909527
909530
123098
909533
123101
123103
909536
123105
909539
123109
909542
123112
909545
123115
909548
123118
909551
123121
909554
123122
123123
909557
123125
909560
123129
909563
123132
909566
123134
123136
909569
123137
909572
123141
909575
909578
123146
909581
123149
123150
909584
123153
909587
123156
909590
123158
909593
123161
909596
123164
123165
909599
123168
909602
123171
909605
123175
909608
123177
909611
123181
909614
123184
909617
123187
909620
123189
123190
909623
123193
909626
909629
123197
123199
909632
909635
123203
123205
909638
123206
909641
123210
123211
909644
123213
909647
123216
909650
123219
909653
123222
909656
909659
123228
909662
123232
909665
123233
909668
123238
909671
909674
123244
909677
909680
123249
909683
123252
909686
123256
909689
909692
123261
909695
123263
123264
909698
909701
909704
123273
909707
123275
909710
123278
909713
123282
909716
909719
123287
123288
909722
909725
123293
909728
123298
909731
123301
909734
123304
909737
123306
123307
909740
123309
909743
123313
909746
909749
123318
909752
123321
909755
123323
909758
123327
909761
123329
123331
909764
123334
909767
123337
909770
123339
909773
123343
909776
123346
909779
123347
909782
123351
909785
123353
123355
909788
123357
909791
123360
123362
909796
123365
909798
123366
123368
909801
909804
123373
909807
909810
909813
123382
909816
123385
909819
909822
123390
123391
909825
123395
909828
123397
909831
909834
909837
123405
123407
909840
909843
123411
909846
123414
123415
909849
909852
123421
909855
909858
123426
909861
123429
909864
123433
909867
123437
647725
909870
123439
909873
123442
909876
123445
647733
909879
909882
123450
909885
123454
909888
123456
123457
909891
123460
123461
909894
909897
123465
909900
123468
123469
909903
123472
909906
123474
123475
909909
123478
909912
123480
909915
123483
909918
123486
123487
909921
123489
909924
123493
909927
909930
123499
909933
123501
123502
909936
123505
909939
647796
909942
123510
909945
123515
909948
123518
909951
123519
123521
909954
909957
123526
909960
123528
909963
123532
123533
909966
647822
123536
909969
123538
123539
909972
647830
909975
123545
909978
123548
909981
123551
909984
909987
123555
123556
909990
123558
123559
647848
909993
123561
123563
909996
123564
909999
123567
910002
123570
910005
123573
910008
123576
910011
123579
123581
910014
910017
910020
123589
910023
123593
910026
123594
123596
910029
123597
910032
123600
123602
910035
123603
385747
910038
123606
910041
123611
385755
910044
123613
910047
123615
647905
910050
123619
910053
123622
123623
910056
123625
910059
123627
910062
123630
647918
910065
123633
123635
910068
910071
123640
910074
123642
910077
123646
910080
123649
910083
123651
123653
910086
910089
123657
123659
910092
910095
123663
123664
123665
910098
123668
910101
910104
123674
910107
647963
910110
123679
910113
123681
123682
910116
123686
910119
910122
123690
123692
910125
123693
123695
910128
123696
123698
910131
123701
910134
910137
123705
910140
123709
123710
910143
123712
910146
123716
910149
123719
910152
123722
910155
648011
910158
123728
910161
123730
910164
648021
123734
910167
123735
910170
123740
910173
123742
910176
123746
910179
910182
123751
910185
910188
123757
910191
123760
910194
910197
910200
123768
123770
910203
910206
123776
910209
123779
910212
123781
910215
910218
123786
123788
910221
123789
123790
910224
123793
910227
123795
123797
910230
123800
910233
123803
910236
123806
910239
123807
123809
910242
123810
910245
123815
910248
123818
910251
123820
123821
910254
910257
910260
123828
123830
910263
910266
123834
910269
910272
123840
123842
910275
123843
123844
910278
123847
910281
123849
123850
910284
910287
910290
123858
123860
910293
123863
910296
123865
910299
123868
910302
123871
910305
123875
910308
910311
123879
910314
123883
123885
910319
910322
123892
910325
123893
910328
910331
910334
123904
910337
910340
123909
910343
123912
910346
910349
123918
910352
123921
910355
123924
910358
123926
910361
123929
910364
123934
910367
910370
123938
123939
910373
123941
123943
910376
910379
123947
123948
910382
123950
910385
123954
123955
910388
123957
910391
123959
123960
910394
123962
123964
910397
123966
910400
123969
910403
123971
910406
123974
123976
910409
123977
910412
123981
910415
123985
910418
123987
910421
123990
123991
910424
123994
910427
910430
123999
910433
910436
910439
124008
910442
910445
124013
124015
910448
124018
910451
124021
910454
910457
124025
124026
910460
910463
910466
124034
124036
910469
124039
910472
124042
910475
910478
124046
124047
910481
124049
910484
124052
124054
910487
910490
124058
910493
124061
124063
910496
910499
124067
910502
124070
124072
910505
124075
910508
910511
124079
910514
124082
124084
910517
124087
910520
910523
124091
910526
124094
910529
124097
910532
124101
910535
910538
124106
910541
124111
910544
124114
910547
124116
910550
910553
910556
124124
124125
910559
124129
910562
124130
910565
124134
910568
124137
910571
124139
124140
910574
124142
910577
124145
910580
124149
910583
124152
910586
124154
124155
910589
124158
910592
124161
910595
124164
124165
648453
910598
124167
910601
124171
910604
124174
910607
124177
910610
124180
910613
124181
124183
648471
910616
124184
910619
124188
910622
124190
910625
124194
910628
124198
910631
910634
910637
124205
124207
910640
124210
910643
124213
910646
124215
910649
124217
910652
124220
124221
910655
910658
910661
910664
124233
910667
124236
910670
910673
124243
910676
124244
386388
910679
124247
124248
910682
124252
386396
910685
910688
124256
124257
910691
124259
910694
124263
124264
910697
124266
910700
386412
124269
910703
910706
910709
124278
910712
386425
910715
124285
910718
124287
910721
124290
910724
124293
910727
124297
910730
124299
910733
124301
910736
124305
124306
910739
124308
910742
124310
910745
124314
910748
124317
910751
124319
386463
910754
124323
910757
386471
910760
910763
124331
910766
124334
124336
910769
124339
910772
124342
910775
910778
910781
124349
910784
124353
910787
124356
124357
910790
910793
124363
910796
124366
910799
124367
124369
910802
124372
910805
124375
910808
910811
124379
124381
910814
124383
910817
124387
910820
124388
910823
124392
910826
124395
910829
124397
910832
124401
910835
124404
910839
124407
910842
124410
124411
910845
124414
910848
124416
910851
124419
910854
124423
910857
124426
124427
910860
124430
910863
910866
124435
910869
124437
124438
910872
910875
124445
910878
124447
910881
124449
910884
124454
910887
124457
910890
910893
124463
910896
124465
910899
910902
124470
124471
910905
124475
910908
386620
910911
910914
124482
386628
910917
124485
910920
124488
910923
124493
910926
124495
124496
910929
124498
910932
124500
648790
910935
124503
910938
124506
124508
910941
124509
124511
910944
386656
124514
910947
124515
124517
910950
124519
910953
124521
124523
910956
910959
124529
910962
124531
910965
124534
910968
910971
124541
910974
124542
910977
124545
910980
124548
124549
910983
124553
910986
124554
910989
124557
124559
910992
124561
910995
124564
910998
124567
911001
911004
124572
124573
911007
911010
124579
911013
124581
124583
911016
124586
911019
124589
911022
911025
124593
124595
911028
124598
911031
124599
911034
124602
911037
124605
911040
124610
911043
124613
911046
911049
124618
911052
911055
124625
911058
124626
911061
911064
124633
124634
911067
124637
911070
124639
911073
124642
911076
911079
124649
911082
911085
124654
911088
124656
911091
124659
911094
124662
124663
911097
124666
911100
124669
124670
911103
911106
124675
911109
911112
124680
124682
911115
124683
911118
124686
124687
911121
124691
911124
124694
911127
911130
124698
124699
911133
124703
911136
124706
911139
911142
124712
911145
911148
124716
124717
911151
124720
911154
124722
911157
124725
911160
124728
124730
911163
124731
911166
124734
124736
911169
911172
911175
124745
911178
124748
911181
124750
911184
911187
124755
911190
124759
911193
124762
911196
124764
124766
911199
124768
911202
124770
124772
911205
124774
911208
124776
124777
911211
124780
911214
124782
124784
911217
124786
911220
911223
124792
911226
124795
911229
911232
911235
124803
911238
124806
911241
124810
911244
911247
124815
124817
911250
911253
124821
911256
124825
911259
911262
124830
124832
911265
124835
911268
124838
911271
124840
911274
124844
911277
911280
911283
124852
911286
911289
124859
911292
124862
911295
911298
124866
911301
124869
124870
911304
124872
911307
124876
911310
124880
911313
124882
911316
124886
911319
124888
911322
124892
911325
124893
911328
124896
911331
911334
124904
911337
124907
911340
124909
911343
124911
911346
124914
911349
124917
911352
124921
124923
911357
124926
911359
124928
911362
124932
911365
124933
124935
911368
911371
124940
911374
911377
124946
911380
911383
124951
911386
124955
911389
124957
911392
124961
911395
124963
911398
124966
124968
911401
124971
911404
124974
911407
911410
124979
911413
124982
911416
124985
911419
124987
124988
911422
124992
911425
124993
911428
124998
911431
911434
125002
125003
911437
125006
125007
911440
125008
125010
911443
125012
911446
125016
911449
125017
911452
125020
911455
125024
125025
911458
911461
125029
125031
911464
125032
125034
911467
125037
911470
125040
911473
125041
911476
125044
911479
911482
125052
911485
911488
125056
911491
125059
125060
911494
125062
911497
125066
911500
125068
911503
125073
911506
125075
911509
125079
911512
911515
125084
911518
125087
911521
125089
125091
911524
911527
125095
911530
911533
125102
911536
125104
125105
911539
125109
911542
125111
911545
125113
125114
911548
125117
911551
125121
911554
125122
125124
911557
911560
125129
911563
125131
911566
911569
125138
911572
125140
125142
911575
911578
125148
911581
125151
911584
125153
911587
911590
125158
125160
911593
911596
125164
125166
911599
911602
125171
911605
125173
125174
911608
911611
911614
125183
911617
125186
911620
911623
125191
125192
911626
125195
911629
125199
911632
125202
911635
911638
125207
911641
125209
911644
125214
911647
911650
125220
911653
125221
387365
125223
911656
125226
911659
125229
387373
911662
125232
911665
125235
911668
125238
911671
125239
911674
125244
911677
911680
125249
911683
125252
649540
911686
125254
911689
911692
649548
911695
911698
125266
649556
911701
125270
911704
911707
125277
911710
125279
911713
911716
911719
911722
125290
911725
125293
911728
125298
911731
125299
125301
911734
125302
911737
125306
911740
125309
125310
911743
649600
125313
911746
125315
911749
125318
911752
125320
125321
911755
125324
125325
911758
125328
911761
911764
125332
125334
911767
125335
125337
911770
125339
911773
911776
911779
125347
911782
125350
911785
125355
911788
911791
125360
911794
125363
911797
125366
911800
125368
125370
911803
125372
911806
911809
125377
911812
125380
125381
911815
125384
911818
125386
125387
911821
125390
911824
911827
911830
125398
125400
911833
125402
911836
125406
649694
911839
125408
911842
125411
911845
125413
125414
649702
911848
911851
125421
911854
911857
125426
911860
125430
911863
125433
911866
125435
911869
125438
911872
125441
911875
125443
125444
911880
125448
125450
911883
911886
911889
125458
911892
125460
911895
125464
649752
125465
911898
125467
125468
911901
125471
911904
125473
911907
125475
911910
911913
125482
125483
649771
911916
125486
911919
125488
911922
125491
911925
125495
911928
649786
911931
125499
911934
125503
911937
125506
911940
911943
125511
125513
911946
125516
911949
125517
125519
911952
125521
911955
125523
911958
125526
911961
125529
125531
911964
911967
125535
911970
125540
911973
125541
911976
125545
911979
125548
911982
125551
911985
125553
911988
125556
125558
911991
125559
125561
911994
125562
125564
911997
125565
912000
125570
912003
912006
912009
125579
912012
125582
912015
125585
912018
125586
125588
912021
912024
125592
125594
912027
125596
912030
912033
125603
912036
125606
912039
125607
912042
125611
912045
125614
912048
125618
912051
125621
912054
125624
912057
125626
125627
912060
125629
125630
912063
912066
125634
912069
125637
912072
125640
912075
125643
125645
912078
125648
912081
125650
912084
125653
912087
125655
912090
125658
912093
125662
912096
125664
912099
125667
125668
912102
125670
125671
912105
912108
125677
912111
125680
912114
125684
912117
125686
125687
912120
125688
912123
125692
912126
125696
912129
912132
912135
125703
125705
912138
125708
912141
125710
912144
125713
912147
125717
912150
912153
125721
912156
125726
912159
912162
125731
125732
912165
912168
125736
912171
125739
912174
912177
125745
912180
125748
912183
125752
125753
912186
912189
125758
912192
125760
912195
125763
912198
912201
912204
125772
912207
125775
912210
125778
125779
912213
125782
125783
912216
912219
125787
912222
125791
912225
125794
912228
125796
912231
125800
912234
125802
125804
912237
125805
912240
125809
912243
912246
125815
912249
125818
912252
125820
912255
125824
912258
912261
125829
125830
912264
125834
912267
912270
125838
912273
125842
912276
912279
125847
125849
912282
125851
912285
125853
912288
125857
912291
125859
388003
912294
125862
912297
125867
388011
912300
125868
912303
125871
912306
388019
125876
912309
125877
125878
912312
125882
912315
125883
125885
912318
125886
912321
912324
125893
912327
125895
125897
912330
912333
912336
125904
125905
125906
912339
388051
125908
912342
125911
912345
125913
912348
125917
912351
125921
912354
125924
912357
912360
125928
125929
912363
125931
912366
125934
912369
125939
912372
912375
125943
912378
125947
912381
125949
912384
125953
912387
125955
912390
388102
650247
912393
125961
125963
912396
125965
912399
125967
125970
912404
650260
125973
912407
125976
912410
125978
912413
125982
912416
125985
912419
912422
125992
912425
125994
912428
125997
912431
650288
126001
912434
126002
912437
912440
126010
912443
126011
126013
912446
126015
912449
126019
912452
126022
912455
912458
126027
912461
126029
912464
126032
912467
126035
126037
912470
126039
388183
912473
912476
126046
912479
388191
126048
912482
126052
912485
912488
126057
912491
126060
126061
912494
126063
912497
126067
912500
126068
912503
126071
912506
126074
912509
126077
912512
912515
126083
126085
388229
912518
126086
126088
912521
912524
912527
126095
126096
912530
912533
126101
126102
912536
912539
126107
126109
912542
126112
912545
912548
126118
912551
126121
912554
126122
912557
126125
126127
912560
912563
912566
126134
126135
912569
126137
912572
126140
126141
912575
126145
912578
126148
912581
126151
912584
912587
912590
126159
912593
126163
912596
126164
126166
912599
912602
126171
912605
126173
912608
126176
912611
126179
126180
912614
126183
912617
912620
912623
126193
912626
126196
912629
126199
912632
912635
126205
912638
912641
126210
912644
126212
912647
126216
912650
126218
126220
912653
912656
912659
126229
912662
126231
912665
126233
126234
912668
126236
126237
912671
912674
126243
912677
912680
126249
912683
126251
912686
126256
912689
912692
126260
912695
126263
912698
126266
126268
912701
126271
912704
126273
912707
912710
126279
912713
126282
912716
126284
126285
912719
126288
912722
126290
126291
912725
912728
126297
126298
912731
126300
912734
126302
912737
126307
912740
912743
912746
912749
126317
912752
126321
912755
126324
912758
126326
912761
126331
912764
126334
912767
126336
912770
126339
912773
126341
912776
126344
912779
126347
126348
912782
912785
126353
126355
912788
126356
912791
126361
912794
126364
912797
126366
912800
126369
912803
126371
912806
126374
912809
912812
126380
912815
126383
126385
912818
126388
912821
126390
912824
126393
912827
126396
912830
126399
912833
126401
126403
912836
912839
126408
912842
126410
126411
912845
126414
912848
126418
912851
126420
912854
126423
912857
912860
126428
912863
126431
126433
912866
126435
912869
126438
126439
912872
912875
912878
126446
912881
126450
912884
126453
912887
126456
912890
126458
126459
126460
912893
912896
126464
912899
126467
126469
912902
126472
912905
126474
912908
912911
126479
126480
912914
126484
912917
126487
912920
126490
912925
126493
912928
126496
126497
912931
126499
912934
126504
912937
912940
912943
912946
126515
126516
912949
126519
912952
126520
912955
126523
912958
126527
126528
912961
126531
912964
912967
126535
126537
912970
912973
912976
126545
912979
126547
912982
912985
126555
912988
126557
912991
126560
912994
126564
912997
913000
126568
913003
126571
913006
126574
913009
913012
913015
913018
126587
126588
913021
126590
913024
913027
126595
126596
913030
126598
126599
913033
126602
913036
913039
913042
913045
126615
913048
913051
126619
126621
913054
126622
913057
913060
126629
913063
126631
126632
913066
913069
913072
126642
913075
126645
913078
913081
913084
913087
126655
913090
126658
126660
913093
126662
913096
126664
913099
126668
913102
126671
913105
126674
913108
126676
913111
913114
126682
913117
126686
126687
913120
126689
913123
126691
126693
913126
126696
913129
126699
913132
126700
126702
913135
126703
913138
126706
126707
913141
126710
913144
913147
126715
126717
913150
913153
913156
126725
913159
126728
913162
126731
913165
126734
913168
126737
913171
126740
913174
126743
913177
126747
913180
126750
913183
913186
126754
913189
126759
913192
913195
126764
913198
913201
126769
126770
913204
126773
126774
913207
126777
913210
913213
126781
126783
913216
126786
913219
126789
913222
126790
913225
126794
913228
913231
126799
913234
126802
913237
126805
913240
126810
913243
126812
126813
913246
913249
126817
913252
388965
126822
913255
126823
913258
126826
126827
913261
126830
913264
126832
126834
913267
913270
126838
126839
913273
126842
913276
126845
913279
126847
126848
913282
126850
126851
913285
913288
126856
913291
126859
126860
913294
126863
913297
126865
913300
913303
126872
913306
126874
126875
913309
126879
913312
126882
913315
126885
913318
126888
913321
126891
913324
126893
126894
913327
913330
126899
913333
126902
913336
913339
126908
913342
126910
913345
126915
913348
913351
913354
126923
126924
913357
126926
913360
126928
126929
913363
126931
126932
913366
913369
126937
913372
126940
126942
913375
126945
913378
126947
126948
913381
913384
126954
913387
126956
913390
126958
913393
126961
913396
913399
126967
913402
126972
913405
126974
913408
126976
126978
913411
913414
126983
913417
913420
126988
913423
126992
126993
913426
126995
913429
126997
126999
913432
127002
913435
127003
127005
913438
127006
913441
913445
127015
913448
127017
913451
127021
913454
127024
913457
127025
913460
127030
913463
127033
913466
127034
913469
127037
913472
127040
913475
127045
913478
127047
913481
651338
127051
913484
127054
913487
127055
127057
913490
127058
127060
913493
913496
127066
913499
913502
913505
127075
913508
127078
913511
913514
127082
651370
913517
127085
913520
913523
127091
913526
127094
127096
913529
127099
913532
913535
913538
127108
913541
127109
651399
913544
127112
127113
913547
127116
913550
127118
913553
127123
913556
913559
127128
913562
127130
127131
651420
913565
127133
913568
127137
913571
127140
651428
913574
127142
127144
913577
127147
913580
127149
127150
913583
127153
913586
127154
913589
127158
913592
913595
127163
127165
913598
127166
127167
913601
127170
913604
127173
913607
127177
913610
913613
913616
127185
913619
913622
913625
127193
913628
127196
127197
913631
127200
913634
127204
913637
127207
913640
127209
913643
127212
127213
913646
127216
913649
127219
913652
913655
127224
913658
127228
913661
127231
913664
913667
127235
913670
127238
127240
913673
913676
913679
127247
127249
913682
913685
127254
913688
913691
127260
913694
913697
127266
127267
913700
127270
913703
127272
913706
127275
913709
913712
127280
127281
913715
127283
127284
913718
127287
127288
913721
127290
913724
127294
913727
127295
651585
913730
127299
913733
127301
127302
913736
127304
913739
127307
913742
127310
913745
127315
913748
127316
127318
913751
127320
913754
127323
127324
913757
127326
913760
127329
127330
913763
127333
913766
127336
913769
127339
913772
127341
913775
913778
127346
127347
913781
127349
127350
913784
127353
913787
913790
127358
127359
913793
913796
913799
127367
913802
127372
913805
913808
127376
127378
913811
127379
913814
127384
913817
127386
913820
127389
913823
127391
127392
913826
127395
913829
127397
913832
127400
127402
913835
651691
127405
913838
913841
127409
127411
913844
127414
913847
127417
913850
913853
127421
913856
127425
913859
127429
389573
913862
127432
913865
913868
127437
913871
127441
913874
127444
913877
389590
913880
127448
913883
127451
913886
127454
127456
913889
127458
913892
127461
913895
127463
913898
127468
913901
127471
913904
127473
913907
127477
913910
127479
913913
127482
913916
127484
127485
913919
127489
913922
913925
127493
127494
913928
127498
913931
913934
127502
127504
913937
127507
913940
127510
913943
127513
913946
127516
913949
127517
127519
913952
127521
389665
913955
127523
127525
913958
127526
913961
389673
127530
127531
127533
913966
913968
127536
913970
913972
127541
913974
913976
127544
913978
913980
913982
127550
913984
127552
127553
913986
127555
389699
913988
127556
913990
127559
913992
127560
913994
913996
127564
913998
127566
127567
914000
127569
914002
914004
127572
914006
914008
127576
914010
389722
914012
914014
127583
914016
127585
914018
914020
127588
127589
914022
127591
914024
127592
914026
127595
914028
914030
127599
914032
127601
914034
914036
127605
914038
914040
127608
914042
127611
914044
127612
914046
127614
127615
914048
389760
914050
127618
914052
914054
914056
127624
914058
914060
127628
914062
127631
914064
914066
127634
389779
914068
127637
914070
127639
914072
127640
914074
127642
914076
127644
914078
127647
914080
914082
127650
914084
127652
914086
914088
127656
914090
127658
914092
127661
914094
127662
914096
914098
127666
127667
914100
127669
914102
914104
127672
914106
914108
127676
914110
914112
127681
914114
127683
914116
127684
914118
914120
914122
127691
914124
127692
914126
127695
914128
127697
914130
914132
127700
914134
127703
914136
914138
914140
127708
127709
914142
914144
127712
914146
127714
127715
914148
127717
914150
127719
914152
914154
914156
127724
914158
127726
914160
127728
914162
127730
127731
914164
914166
127734
914168
127736
914170
914172
652028
914174
127743
914176
127745
914178
914180
127749
914182
127751
914184
652041
914186
127754
127755
914188
914190
914192
914194
914196
127765
914198
127767
914200
914202
914204
127772
914206
127774
914208
127777
914210
914212
127780
127781
914214
127782
914216
127785
914218
127786
914220
127788
914222
127791
914224
127793
914226
127795
914228
127797
914230
914232
127800
914234
127803
914236
127805
914238
127806
127807
914240
127809
914242
127810
914244
127812
914246
914248
127816
914250
127818
914252
127820
914254
127822
127823
914256
127825
914258
127827
914260
914262
127831
914264
914266
914268
914270
127839
914272
127841
914274
914276
127844
914278
914280
127848
914282
127851
914284
914286
127854
914288
127856
914290
127858
914292
127860
914294
127863
914296
914298
127866
914300
914302
127870
914304
127872
914306
127875
914308
127876
914310
127879
914312
127882
914315
914318
127888
914321
914324
914327
127895
127897
914330
127899
914333
127901
914336
127904
127905
914339
914342
914345
127914
914348
914351
127919
914354
127922
127924
914357
914360
127928
127930
914363
127932
914366
127936
914369
127939
914372
127942
914375
914378
127946
914381
127949
127950
914384
914387
127957
914390
914393
127962
914396
127966
914399
127969
914402
914405
127975
914408
914411
127979
127980
914414
127983
914417
127985
127987
914420
127989
914423
127991
127992
914426
127994
914429
914432
128000
914435
128004
128005
914438
128007
914441
128011
914444
128013
914447
128017
914450
128018
914453
128021
914456
128025
914459
128028
914462
128031
914465
128034
914468
128038
914471
914474
128042
914477
128045
914480
128050
914483
652341
914486
128054
914489
128057
128059
914492
128060
914495
128063
914498
914501
914504
128072
128074
914507
128075
914510
128078
914513
914516
128085
128086
914519
914522
128091
914525
128094
914528
128096
128097
914531
128099
914534
128102
128104
914537
914540
128108
128109
914543
128111
128112
914546
128116
914549
128119
914552
128122
914555
914558
128127
128128
914561
914564
128134
914567
914570
128138
128140
914573
914576
128144
914579
128148
914582
128152
914585
914588
914591
128159
914594
914597
128166
914600
914603
128172
914606
128175
914609
128178
914612
128181
914615
128183
128185
914618
128187
128188
914621
128191
914624
128192
914627
128195
914630
128200
914633
128201
914636
128204
128206
914639
914642
914645
128213
128214
914648
128217
914651
128219
914654
128222
914657
128225
914660
128228
914663
128231
914666
914669
914672
128240
914675
128243
914678
128247
914681
128250
914684
128253
128254
914687
914690
128258
128260
914693
128263
914696
128266
914699
128267
914702
128270
914705
128273
128275
914708
914711
128281
914714
914717
128285
128287
914720
128289
914723
128291
914726
128295
914729
128297
914732
128300
914735
914738
128308
914741
128311
914744
128312
914747
128317
914750
128320
914753
914756
128324
128325
128326
914759
128328
128329
914762
128331
128332
914765
128334
914768
128337
914771
128341
914774
128342
914777
128345
390489
128346
914780
128348
128350
914783
128352
914786
128354
914789
128359
914792
128362
914795
128365
914798
128368
914801
128371
914804
128372
128374
914807
914810
128379
914813
128381
128382
914816
128385
128386
914819
128388
128389
914822
128391
128392
914825
128396
128397
914830
914833
128401
128402
914836
128405
914839
128409
914842
914845
914848
128416
128418
914851
128421
914854
128424
914857
128426
914860
128428
914863
128433
914866
914869
128437
914872
128441
914875
128443
914878
914881
914884
128454
914887
128457
914890
914893
128463
914896
128466
914899
128469
914902
128471
914905
914908
128477
914911
128479
128481
914914
128483
914917
128485
128486
914920
128488
128489
914923
128493
914926
914929
128498
128499
914932
128501
914935
128505
914938
128506
128508
914941
128510
914944
914947
128515
128516
914950
128520
914953
128522
914956
128525
128526
914959
128529
914962
914965
128534
914968
128536
914971
128540
914974
128543
914977
128545
914980
128548
914983
128551
914986
128554
914989
128557
914992
128562
914995
914998
128566
128568
915001
128569
128571
915004
915007
128576
915010
128578
128580
915013
128583
915016
915019
128589
915022
128590
915025
128593
915028
128598
915031
128599
915034
128602
128604
915037
128606
915040
128608
915043
128611
128612
915046
915049
128617
915052
128620
915055
915058
128626
128628
915061
128631
915064
128634
915067
128636
128637
915070
128640
915073
915076
915079
128647
915082
128650
915085
128653
128655
915088
128657
915091
915094
915097
128665
128666
915100
128669
128670
915103
128673
915106
128675
915109
128677
915112
128680
128682
915115
915118
128687
915121
128689
128691
915124
128694
915127
128695
915130
128698
128700
915133
128702
915136
915139
915142
128710
128711
915145
128713
390857
915148
128716
915151
128721
915154
128723
915157
128725
915160
128728
128730
915163
128733
915166
128735
915169
128738
915172
128741
915175
915178
128747
915181
915184
128753
915187
128756
915190
915193
128763
915196
128764
915199
128769
915202
653058
128772
915205
128775
915208
128778
653066
915211
128781
915214
128784
915217
128787
915220
915223
128791
653079
128793
915226
128795
915229
915232
128801
915235
128805
915238
128806
915241
128809
915244
915247
128815
128817
653105
915250
915253
128821
915256
128824
128826
915259
915262
128830
915265
128835
915268
128837
915271
915274
128842
128844
915277
128846
128847
915280
128850
915283
128852
915286
128855
128856
915289
915292
653150
915295
128863
128865
915298
128867
915301
915304
128874
915307
128876
915310
128879
915313
128881
128882
915316
128884
128886
915319
128889
915322
128891
915325
915328
128897
915331
128901
915334
128904
915337
128906
128907
915340
128909
915343
128914
915348
128917
128918
915351
128921
915354
915357
128925
128927
915360
128928
128929
915363
128931
128933
915366
128936
915369
128938
915372
128940
128942
915375
128945
915378
915381
128951
915384
391097
915387
128957
915390
128958
915393
915396
128965
915399
128968
915402
128970
128972
915405
128973
915408
128976
391121
915411
128981
915414
128983
653272
915417
128985
915420
128988
915423
915426
128994
915429
128999
915432
915435
129003
129004
129005
915438
129008
915441
129010
915444
129013
915447
129017
915450
129020
915453
129023
915456
129025
915459
915462
129032
915465
915468
129037
915471
129039
129041
915474
129042
915477
129045
129046
915480
915483
129051
129053
915486
915489
129059
915492
915495
129065
915498
129067
129068
915501
129070
915504
915507
915510
129078
915513
129082
915516
129085
915519
129089
915522
129090
129092
915525
129093
129095
915528
915531
915534
129102
129104
915537
129106
391251
915540
129109
915543
129111
129113
915546
129116
915549
129118
915552
129121
915555
915558
129128
915561
129131
915564
915567
129136
915570
129138
129139
129140
915573
129142
915576
915579
915582
129150
915585
129153
915588
129156
915591
129159
915594
129163
915597
129166
915600
129169
915603
129172
915606
129175
653463
129176
915609
915612
129181
915615
129184
915618
129187
915621
915624
129192
915627
129195
129197
915630
915633
129201
915636
129204
915639
129207
915642
129211
915645
129214
915648
129216
129217
915651
915654
915657
129226
915660
129228
129230
915663
129231
915666
129234
915669
915672
129240
915675
129243
915678
915681
129249
129250
915684
129254
915687
129257
915690
129260
915693
129262
915696
129266
915699
129269
915702
129271
915705
129273
129275
915708
129278
915711
915714
129282
915717
129285
129286
915720
129289
915723
129291
915726
129294
915729
129297
915732
129301
915735
129304
915738
129308
915741
129310
915744
129314
915747
129316
915750
129319
915753
915756
129324
915759
915762
129330
915765
129333
915768
129336
915771
915774
915777
129347
915780
129348
915783
129352
915786
129354
129356
915789
129359
915792
129361
129362
915795
129365
915798
129368
915801
915804
129373
915807
129376
915810
915813
129381
129382
915816
129384
129386
915819
129389
915822
129392
915825
129395
915828
915831
129400
915834
915837
129407
915840
129408
129410
915843
915846
915849
129419
915852
129421
915855
129425
915858
915861
129429
129431
915864
129432
915867
129435
915873
129441
129443
915876
129445
915879
129448
915882
129450
915885
129455
915888
129456
915891
129460
915894
915897
129466
915900
129468
915903
129472
129473
915906
129476
915909
129478
915912
129480
129481
915915
915918
129486
129487
915921
915924
129494
915927
915930
129500
915933
129502
915936
129506
915939
915942
129512
653800
915945
915948
129516
129518
915951
915954
129522
129524
915957
129526
129527
915960
915963
129531
915966
129534
915969
129539
915972
129541
915975
129543
915978
129548
915981
915984
129553
915987
129557
915990
915993
129563
915996
129565
915999
129567
129568
916002
129571
916005
129573
916008
129576
129577
916011
129579
916014
129582
129583
916017
129587
916020
129588
916023
916026
129595
129596
916029
916032
129601
916035
916038
129606
129608
916041
129611
916044
129613
916047
129616
916050
129620
916053
129623
916056
916059
129629
916062
916065
129635
916068
129638
916071
129641
916074
129643
916077
129645
129647
916080
916083
129652
916086
129654
916089
129657
129658
916092
916095
129665
916098
916101
129669
916104
129672
129673
916107
129676
916110
129679
916113
916116
129684
129686
916119
129689
916122
916125
129694
916128
916131
129699
129701
916134
916137
129705
129707
916140
129709
916143
129711
916146
129714
129715
916149
129718
916152
129720
916155
129725
916158
129727
916161
129730
916164
129732
916167
129736
916170
129738
129740
916173
129742
129743
916176
129746
916179
129748
916182
129751
129752
916185
129755
916188
129758
916191
129761
916194
129763
916197
129765
129767
916200
129768
916203
129771
916206
129774
129776
916209
129779
916212
916215
129784
916218
129786
129788
916221
916224
129793
916227
129796
916230
129799
916233
129801
129802
916236
129805
916239
129807
916242
129810
129811
916245
129813
129814
916248
129817
916251
129819
916254
916257
129825
916260
129828
916263
916266
129834
129836
916269
129838
391982
916272
129840
916275
916278
129846
129847
916281
129850
916284
129854
916287
129857
916290
129860
916293
129861
916296
129865
916299
129867
129869
916302
129872
916305
916308
129877
916311
916314
916317
129886
916320
129888
916323
916326
916329
129898
129899
916332
129902
916335
129904
916338
129908
916341
129909
916344
129912
916347
129916
129917
916350
129920
916353
916356
129924
129926
916359
129928
916362
129932
916365
129934
916368
129938
916371
129941
916374
129942
129944
916377
129947
916380
129948
916383
916386
129954
392099
916389
129958
129961
916394
916397
129966
916400
129969
916403
129973
916406
916409
916412
129980
129982
916415
129983
129985
916418
916421
129990
916424
129992
129994
916427
129995
129996
916430
129999
916433
130002
916436
130005
916439
130007
130008
916442
130010
130012
916445
130013
916448
130017
916451
130021
916454
130023
130024
916457
130027
916460
916463
130031
916466
130034
130036
916469
130038
130039
916472
130041
916475
130045
916478
916481
916484
916487
130055
916490
130058
130060
916493
130062
130063
916496
916499
130067
130068
916502
130070
130072
916505
130075
916508
130077
916511
130079
916514
130082
916517
916520
130089
916523
130091
130093
916526
130095
916529
130098
916532
130100
130101
916535
916538
130106
916541
130109
916544
130112
130114
916547
916550
916553
130121
130123
916556
916559
130128
916562
916565
130133
130135
916568
130137
916571
916574
130142
130144
916577
130146
916580
130150
916583
130152
916586
130155
916589
130157
130159
916592
130162
916595
916598
130167
916601
916604
130173
916607
130175
130176
916610
130180
916613
130182
916616
130185
130186
916619
130189
916622
916625
130194
916628
130198
916631
916634
130202
916637
916640
130209
130210
916643
130211
130213
916646
916649
130217
130219
916652
130221
916655
130224
916658
130227
916661
130231
916664
130232
130234
916667
130235
916670
130239
916673
130243
916676
130246
916679
916682
130252
916685
130255
916688
130258
916691
130261
916694
130264
916697
130266
916700
916703
130272
130273
916706
130275
916709
916712
916715
916718
130287
916721
130290
916724
130292
916727
130296
916730
916733
130301
130303
916736
130304
130306
916739
130308
916742
916745
130313
916748
130316
130317
916751
130321
916754
130323
916757
130326
916760
130329
916763
130331
130333
916766
130334
130335
916769
130337
130338
916772
916775
916778
130347
916781
130350
130351
916784
130353
916787
916790
130360
916793
130361
916796
130364
130365
916799
130368
916802
130371
916805
916808
130376
130377
916811
130380
130381
916814
130384
916817
130387
916820
916823
130392
916826
916829
130397
130398
916832
130400
916835
130404
916838
130407
916841
130411
916844
916847
130417
916850
130419
916853
130421
130423
916856
130425
916859
130427
916862
130430
130432
916865
130434
130435
916868
130438
916871
130440
916874
130442
916877
916880
916883
130452
916886
130454
130456
916889
130457
130459
916892
130461
130462
916895
130464
392608
130465
916898
130467
916901
130469
916904
130474
916907
916910
130479
130481
916915
130485
392629
654773
916918
916921
916924
130493
392637
130494
916927
916930
130500
916933
916936
130505
654794
916939
130507
392653
916942
130510
130512
916945
916948
130516
916951
130519
916954
130523
916957
130526
916960
130530
916963
916966
130534
916969
130539
916972
130541
916975
130543
916978
916981
130550
916984
916987
130556
916990
130558
916993
916996
130565
916999
130568
917002
130570
654860
917005
130573
917008
392720
130577
917011
917014
130582
130583
917017
130586
917020
130588
130590
917023
130592
130593
917026
130596
917029
130597
917032
130600
917035
130603
917038
130606
917041
130609
917044
130612
917047
130615
917050
130620
917053
130622
130623
917056
917059
130629
917062
130632
917065
917068
130636
130638
917071
130640
917074
917077
130645
130647
917080
917083
130651
917086
917089
130657
130659
917092
130660
917095
130663
130665
917098
130668
917101
917104
130673
130674
917107
130675
130677
917110
130678
917113
917116
130684
130686
917119
130688
917122
130690
130692
654980
917125
130693
130695
917128
130698
917131
917134
917137
130705
130707
917140
130710
917143
917146
917149
130718
917152
130721
917155
130723
917158
130728
917161
917164
130732
917167
917170
130738
130739
917173
130743
917176
130744
655033
130746
917179
130748
917182
130752
917185
655041
917188
130756
917191
130760
917194
130762
655051
917197
917200
130769
917203
917206
917209
130777
917212
130782
917215
130785
917218
130787
917221
130790
917224
130793
917227
130797
917230
130800
917233
130801
130803
917236
917239
130807
130809
917242
917245
130815
917248
917251
130820
917254
130822
917257
130825
130827
917260
130830
917263
917266
130835
917269
130838
917272
130840
917275
130843
130845
917278
917281
917284
917287
130855
130857
917290
130858
130859
917293
130862
917296
130865
917299
130869
917302
917305
917308
130876
917311
917314
130883
917317
130887
917320
130890
917323
130892
917326
130895
917329
655186
917332
917335
130903
130904
917338
130907
917341
130909
130910
130911
917344
130913
130914
917347
130917
917350
130919
917353
130921
917356
130924
917359
130927
917362
130930
130931
917365
917368
130938
917371
917374
130943
917377
130947
917380
130948
917383
130951
130953
917386
130955
917389
130958
917392
130961
130962
917395
130964
917398
130967
130968
917401
130971
917404
130973
917407
130975
917410
130980
917413
917416
130986
917419
130988
917422
130991
917425
130993
130995
917428
130997
917431
130999
917434
131006
917439
131007
917442
131011
917445
131014
917448
131016
917451
917454
131022
131023
917457
131026
917460
131028
917463
917466
917469
131037
917472
131042
917475
131044
131045
917478
131047
917481
917484
131053
917487
131056
917490
131059
917493
917496
131064
917499
131069
917502
131072
917505
131074
917508
131076
131077
917511
131081
917514
917517
917520
131089
917523
131091
917526
131094
131095
917529
131098
917532
131102
917535
131105
917538
131107
917541
131109
131111
917544
131112
917547
131115
917550
917553
131122
131123
917556
131126
917559
917562
131130
131131
917565
131135
917568
131138
917571
917574
131143
917577
131147
917580
131149
917583
917586
131154
131156
917589
917592
131160
131162
917595
131163
917598
131166
917601
131171
917604
917607
131177
917610
131180
917613
131182
917616
131184
131186
917619
131189
917622
917625
917628
131198
917631
131200
131201
917634
917637
131205
917640
131210
917643
917646
917649
131217
131218
917652
917655
131223
917658
131226
917661
131230
917664
131232
917667
131236
917670
131238
655528
917673
131241
131242
131243
917676
131245
917679
131249
917682
131251
131252
917685
131254
917688
131257
917691
131260
917694
131263
917697
131267
917700
131268
917703
917706
131274
131276
917709
131279
917712
131282
917715
917718
131287
131288
917721
131291
917724
131293
917727
131296
917730
131298
131300
917733
131303
917736
131305
917739
131309
393453
917742
131311
917745
917748
131317
131318
917751
917754
131322
917757
131326
917760
131329
917763
131331
131332
917766
131335
917769
131338
917772
917775
131345
917778
131347
917781
131349
131351
917784
917787
131355
131357
917790
917793
131363
917796
131364
917799
131367
917802
131370
917805
131373
917808
131376
131377
917811
917814
131382
917817
917820
131388
917823
917826
917829
131397
131399
917832
131402
917835
917838
131406
131407
917841
131409
131411
917844
917847
131415
917850
131418
917853
131423
917856
131424
917859
917862
917865
131434
917868
131436
917871
131439
917874
131442
131444
917877
917880
131448
917883
131453
917886
131455
917889
131458
917892
131461
131462
917895
131464
917898
917901
131469
131470
917904
131473
917907
131477
917910
131479
917913
917916
131484
131486
917919
131487
917922
917925
131494
917928
131498
917931
131500
917934
131503
917937
131505
917940
131509
917943
131511
917946
131515
917949
131517
917952
131520
917955
131523
917958
131527
131530
917963
917965
131533
131535
917968
131537
917971
917974
131544
917977
917980
131548
917983
131551
917986
131554
917989
131558
131559
917992
131561
917995
131563
131564
917998
131566
918001
131569
918004
131573
918007
131575
918010
131578
918013
131582
918016
131585
918019
131588
918022
131591
918025
131594
131595
918028
131597
131598
918031
131600
918034
918037
131606
918040
131610
918043
131612
918046
131615
918049
131618
918052
918055
131623
918058
131626
918061
131629
131631
918064
131632
918067
131637
918070
918073
131641
131642
918076
131645
918079
131648
131649
918082
918085
131653
131654
918088
131658
918091
131660
918094
131663
918097
131666
131667
918100
131670
918103
918106
131675
918109
918112
131680
131682
918115
131683
918118
131686
918121
918124
918127
131695
131697
918130
131698
918133
131701
131703
918136
131704
918139
918142
131710
918145
131713
131714
918148
131717
918151
131721
918154
131723
131724
918157
131726
131727
918160
131729
131730
918163
918166
131734
131735
918169
131738
918172
131740
918175
131745
918178
131747
918181
131750
918184
131752
918187
131756
918190
131759
918193
131762
918196
131765
918199
131767
918202
131770
918205
131774
918208
131776
918211
918214
131783
918217
131786
918220
131789
918223
131792
918226
131794
131796
918229
131797
918232
131802
918235
131803
918238
131806
131807
918241
131809
131810
918244
131814
918247
918250
131820
918253
131822
131823
918256
131826
918259
131828
918262
131830
918265
918268
131837
131838
918271
131839
131841
918274
131844
918277
131846
918280
918283
131851
131853
918286
918289
131857
918292
131860
131862
918295
131865
918298
131868
918301
131871
918304
131874
918307
131877
918310
131879
918313
131882
918316
131884
918319
131889
918322
131892
918325
394038
131895
918328
131898
918331
131901
918334
918337
918340
131910
918343
131911
131913
918346
131914
918349
131917
918352
131920
131921
918355
918358
918361
131929
918364
131934
918367
131937
918370
131939
131940
918373
131943
918376
131944
394088
918379
131947
918382
131951
918385
918388
131956
131957
918391
131960
918394
131962
918397
131965
131966
918400
131968
131970
918403
131971
131973
918406
131975
918409
131978
918412
131980
131982
918415
131983
131985
918418
918421
918424
131994
394138
918427
131997
918430
131999
918433
132001
918436
132006
918439
132008
918442
132010
918445
132014
918448
132017
132018
918451
132021
918454
132023
918457
132026
918460
132030
918463
132031
132033
918466
132034
132035
918469
132037
132038
132039
918472
132042
918475
132045
918478
132046
132048
918481
132051
132054
918487
918490
132058
132059
918493
132061
132063
918496
132065
918499
132068
132069
918502
132072
918505
132074
918508
132076
132078
918511
132081
918514
132082
918517
918520
918523
132091
918526
132094
132095
918529
132097
132099
918532
132102
918535
918538
918541
132109
918544
132113
918547
918550
132120
918553
918556
132125
918559
656415
918562
132130
132132
918565
132133
918568
132136
918571
132139
132140
918574
132143
132144
918577
918580
132148
132150
918583
918586
918589
132158
918592
132161
918595
132163
132165
918598
132166
132168
918601
132169
918604
132173
918607
132176
918610
918613
132181
132182
918616
132185
918619
132187
918622
132190
918625
132193
918628
132196
918631
132199
132201
918634
132203
918637
132207
918640
132209
918643
918646
918649
132217
656505
132219
918652
132222
918655
918658
132227
918661
132231
918664
132232
656521
918667
132237
918670
132240
918673
132241
132243
918676
918679
132249
918682
132250
918685
132253
132255
918688
132257
918691
132260
918694
918697
132266
132267
918700
918703
918706
918709
132278
918712
132281
918715
132284
918718
132286
132287
918721
132290
918724
132292
918727
132296
918730
132298
132300
918733
918736
132305
918739
132307
918742
132310
132311
918745
132314
918748
918751
132319
132320
918754
918757
132327
918760
918763
132332
132333
918766
132335
918769
132338
132339
918772
918775
132344
918778
132346
918781
132349
132350
918784
132354
918787
132355
918790
132358
918793
132363
918796
656653
918799
132367
132369
918802
132371
918805
132373
656661
132374
918808
132376
918811
132380
918814
132383
918817
132386
918820
132388
132389
918823
132392
918826
132394
132395
918829
132398
918832
132402
918835
132404
918838
132407
918841
132409
132411
918844
132412
918847
132416
918850
132418
132419
918853
132421
918856
132425
132426
918859
132429
918862
132432
918865
918868
656724
132437
918871
132441
918874
918877
132445
132447
918880
132450
918883
132452
918886
918889
132457
918892
132461
132462
918895
132464
918898
132467
132468
918901
132470
918904
132472
132473
918907
132475
132477
918910
132480
918913
132482
918916
132484
918919
132488
132489
918922
132491
918925
132493
132495
918928
132496
918931
132501
918934
132503
918937
132505
918940
132510
918943
132513
918946
918949
132517
918952
132520
132522
918955
132525
918958
918961
132529
918964
132533
918967
132536
132537
918970
132539
132540
918973
132543
918976
132545
918979
132548
918982
132552
918985
918988
132556
918991
132559
132561
918994
132562
918997
132565
132566
919000
919003
132571
132574
919007
132576
132577
919010
132579
919013
132581
919016
132584
919019
132588
919022
919025
132595
919028
132596
919031
132600
919034
132602
919037
132606
919040
132609
132610
919043
919046
132614
132616
919049
132618
919052
132622
919055
132624
919058
919061
919064
132632
919067
132635
919070
132640
919073
132643
919076
132644
132646
919079
919082
132650
132651
919085
132653
919088
132656
132658
919091
132660
919094
132663
919097
132665
919100
132669
919103
132671
132673
919106
132676
919109
132677
132679
919112
919115
132683
132685
919118
919121
132689
919124
132693
919127
919130
132698
132700
919133
132703
919136
132706
919139
919142
132710
132712
919145
132713
919148
132717
919151
132721
919154
132723
919157
919160
132728
132730
919163
132732
919166
132735
919169
132737
919172
394884
132741
132742
919175
919178
132746
132748
919181
919184
132752
919187
132755
132757
919190
919193
132763
919196
132766
919199
132769
919202
919205
132774
132775
919208
132777
919211
132780
919214
132784
919217
919220
132790
919223
132791
132793
919226
132796
919229
919232
132800
919235
919238
132806
132807
919241
132811
919244
132812
919247
132815
132816
919250
132820
919253
132823
919256
919259
132827
919262
132830
132832
919265
132835
919268
132837
919271
132839
919274
132843
919277
132845
132847
919280
132849
132850
919283
132853
919286
132856
919289
132857
919292
919295
919298
919301
132869
919304
132872
919307
132876
919310
132878
919313
132881
919316
132886
919319
132889
919322
132890
919325
919328
132897
132898
919331
132900
657189
919334
132904
919337
919340
132908
132910
919343
132912
919346
919349
132917
919352
132922
919355
919358
132926
919361
132930
132931
919364
132934
919367
132936
132937
919370
132940
919373
919376
132944
919379
132947
132949
919382
919385
132953
919388
132956
132958
919391
132959
919394
132962
919397
132967
919400
132969
132970
919403
919406
132974
919409
132977
132979
919412
919415
132984
919418
132986
919421
919424
132993
919427
132995
919430
133000
919433
133003
919436
919439
133007
133008
919442
919445
133013
133015
919448
919451
133019
919454
133023
919457
919460
919463
919466
133034
919469
133037
133038
919472
133041
919475
133045
919478
919481
133050
919484
133053
919487
133056
919490
133058
133060
919493
133062
919496
133066
919499
133068
919502
133072
919505
919508
133076
919511
919514
133082
919517
133085
919520
133090
919523
133091
133094
919527
133096
919529
133098
133099
919532
133102
919535
133104
919538
133107
919541
133110
133111
919544
133113
919547
133116
919550
133120
919553
133123
919556
133124
133126
919559
133128
919562
133130
919565
919568
133136
133138
919571
919574
133143
919577
919580
919583
919586
133154
919589
133158
133159
919592
919595
133163
133164
919598
133167
133168
919601
919604
133172
919607
919610
133178
133179
919613
133182
919616
133184
919619
133187
919622
133190
919625
919628
133196
133198
919631
919634
133203
919637
133206
919640
133208
133210
919643
133213
919646
919649
919652
133222
919655
919658
133226
133228
919661
919664
133233
919667
919670
133239
133240
919673
133243
919676
133246
919679
133248
133249
919682
919685
133253
133254
919688
133258
919691
919694
133264
919697
133266
919700
133268
133270
919703
133272
919706
133275
919709
133278
919712
133282
919715
133284
919718
133288
919721
133291
919724
133293
133294
919727
133296
919730
133298
919733
919736
133305
919739
133308
919742
133311
395455
919745
133314
919748
919751
133320
919754
133324
919757
133327
919760
919763
133331
395476
919766
133334
133335
919769
133338
919772
919775
133344
919778
133347
919781
919784
133353
919787
133355
919790
133358
133360
919793
133362
919796
919799
133368
919802
919805
919808
133376
133378
919811
919814
919817
133385
133386
919820
133388
919823
133392
919826
133396
919829
133399
919832
133400
133402
919835
919838
133406
919841
133410
133411
919844
919847
133415
133417
919850
133419
919853
133421
919856
919859
133427
133429
919862
133431
919865
133434
919868
133437
919871
133440
919874
133442
133444
919877
919880
133448
133450
919883
133451
133453
919886
133456
919889
133459
919892
133462
919895
919898
133466
919901
133469
919904
133473
919907
133476
919910
133478
919913
133481
133482
919916
133485
133486
919919
919922
133490
919925
133494
919928
133497
919931
133500
919934
133502
133503
919937
133507
919940
133510
919943
133512
133513
919946
919949
133519
919952
133521
919955
133525
919958
133527
919961
133529
919964
133532
919967
133535
919970
133540
919973
133542
919976
133544
133546
919979
133548
133549
919982
133551
919985
133554
919988
133556
919991
133560
133561
919994
133564
919997
133566
133567
920000
133570
920003
133571
133573
920006
133574
133576
920009
133577
920012
133580
133581
133582
920015
133584
920018
133586
133588
920021
133590
920024
920027
920030
920033
133602
920036
133606
920039
133608
920042
133611
920047
133617
920050
920053
920056
133625
920059
133628
920062
133632
920065
133634
920068
920071
133641
920074
133642
920077
133645
920080
133648
133650
920083
133653
920086
920089
133657
920092
920095
133665
920098
920101
133671
920104
133674
920107
133676
920110
133679
133680
920113
920116
133684
133686
920119
133687
920122
133690
133692
920125
133693
920128
133697
920131
133699
920134
133702
133703
920137
920140
133709
920143
133711
920146
133715
920149
133718
920152
133720
920155
133723
920158
133726
133728
920161
133730
920164
133733
920167
920170
133738
920173
133741
920176
920179
133747
133748
658037
920182
133750
920185
920188
133757
133758
920191
920194
658050
920197
133767
920200
920203
133771
920206
133776
920209
133777
920212
133781
920215
133783
920218
920221
133789
920224
133793
920227
133796
920230
133799
920233
133803
920236
133804
920239
133808
920242
920245
133815
920248
133817
920251
133820
920254
133824
920257
920260
133828
920263
133832
920266
133834
920269
133837
920272
920275
920278
133848
920281
133849
133851
920284
920287
133855
920290
133858
920293
133861
133863
920296
920299
133867
133869
920302
133871
920305
133873
920308
920311
658167
133880
920314
133884
920317
133886
920320
133889
920323
133892
920326
133895
133896
920329
133898
920332
133901
920335
133905
920338
920341
133909
920344
133912
133914
920347
133915
920350
133918
133920
920353
133923
658211
920356
133925
920359
133927
133929
920362
133930
920365
133935
920368
133938
920371
920374
133942
133943
920377
920380
658236
133950
920383
920386
133955
133956
920389
133958
920392
920395
920398
133966
133968
920401
133970
920404
133972
133974
920407
920410
133978
133979
920413
133981
920416
133984
920419
133989
920422
658279
920425
920428
920431
133999
920434
134002
920437
134006
920440
134008
134010
920443
920446
134014
134016
920449
920452
134022
920455
134024
920458
920461
134030
920464
134033
920467
134036
920470
920473
134041
920476
134044
920479
134048
920482
134052
920485
134054
920488
134056
920491
134060
134061
920494
920497
134065
134067
920500
134070
920503
134072
920506
920509
134077
920512
134082
920515
134084
920518
134088
920521
134090
920524
134093
134094
920527
134096
920530
134100
920533
134103
920536
134106
920539
134107
134109
920542
920545
134114
920548
134116
134118
920551
134120
134121
920554
134124
920557
134127
920560
134128
920563
396275
134133
920567
134137
920570
920573
134143
920576
134146
920579
134147
920582
134150
134152
920585
920588
134156
920591
134160
920594
920597
134166
920600
920603
134171
134173
920606
920609
134177
134179
920612
134182
920615
920618
920621
134189
920624
134192
134193
920627
920630
134199
920633
134202
920636
920639
920642
134210
134211
134212
920645
134215
920648
134217
920651
134220
920654
134223
134224
920657
920660
396373
134230
920663
134231
920666
134234
134235
920669
134237
920672
134242
920675
920678
134248
920681
134249
134251
920684
134252
920687
134257
920690
134259
920693
134263
920696
134264
920699
134269
920702
134270
920705
134274
920708
134278
920711
920714
134283
920717
134285
134287
920720
134288
134290
920723
134291
920726
134294
134295
920729
134298
920732
134301
134302
920735
134304
134305
920738
134308
920741
134310
920744
134313
920747
134315
920750
134320
920753
134321
920756
134325
920759
920762
134330
134331
920765
134333
134335
920768
134338
920771
134340
134341
920774
134344
920777
920780
134349
920783
920786
134354
920789
134357
920792
920795
134363
920798
134368
920801
134370
920804
134374
920807
134376
920810
134378
134380
920813
920816
134385
920819
920822
134390
920825
134394
920828
134397
920831
134401
920834
134404
920837
134407
920840
134408
920843
134411
920846
134414
134415
920849
134417
920852
920855
134424
920858
920861
134430
134431
920864
920867
134435
920870
134439
134440
920873
134442
920876
134444
920879
134448
920882
134450
920885
134453
920888
134457
134458
920891
134461
920894
134464
920897
134466
134467
920900
134470
920903
134473
920906
134474
920909
134478
134479
920912
134482
920915
920918
134488
920921
134490
920924
134494
920927
134496
920930
134498
920933
134501
658789
920936
134505
920939
134508
920942
134512
920945
134514
920948
134517
134518
920951
920954
134523
920957
134527
920960
134528
134530
920963
134533
920966
920969
134538
134539
920972
134542
920975
920978
134547
134548
920981
134551
920984
920987
134555
920990
134558
920993
920996
920999
134568
921002
134570
921005
134573
921008
134576
134577
921011
921014
134582
921017
134585
921020
134588
134590
921023
921026
134595
134596
921029
134598
921032
134602
921035
134605
921038
134608
921041
921044
921047
921050
134619
921053
134622
921056
134625
921059
134627
921062
134630
921065
134635
921068
134637
921071
134639
921074
134643
134644
921077
134646
921080
134648
134650
921085
134653
134654
921088
134657
921091
134659
921094
134662
921097
134665
134666
921100
921103
921106
921109
134679
921112
134681
921115
134684
134685
921118
134687
921121
134691
921124
921127
134695
921130
921133
134703
921136
134704
921139
134707
134709
921142
134710
921145
921148
134716
396860
921151
134719
134720
921154
134723
921157
921160
134728
921163
134731
134733
921166
921169
134737
134739
921172
134741
921175
134743
134744
921178
921181
134751
921184
134754
921187
134755
134756
921190
134758
134760
921193
921196
134766
921199
921202
134770
134771
134772
921205
921208
921211
134781
921214
134783
921217
134786
921220
134788
134790
921223
134792
921226
134794
134796
921229
134797
921232
134800
134801
921235
921238
134808
921241
134811
921244
134814
921247
921250
134819
921253
921256
134825
134826
921259
921262
134831
921265
134833
921268
134837
134838
921271
134840
921274
134843
134844
921277
921280
134849
134850
921283
921286
134855
921289
134858
921292
134861
921295
134864
921298
921301
921304
134872
921307
134877
921310
134878
921313
134881
921316
134884
921319
134887
921322
134891
921325
134895
921328
134897
921331
134901
921334
134902
134904
921337
134906
921340
134910
921343
134913
921346
134914
134916
921349
921352
134920
134922
921355
397069
921358
134926
921361
134931
921364
921367
134937
921370
921373
134941
921376
134945
921379
921382
134950
921385
921388
921391
134959
921394
134962
134964
921397
134966
134967
921400
921403
134972
921406
134975
921409
921412
921415
134983
134985
921418
134986
134988
921421
921424
134992
921427
134996
921430
134999
921433
921436
135004
921439
135007
921442
135011
921445
921448
135016
135018
921451
135020
921454
135022
921457
135026
135027
921460
135029
921463
135032
921466
921469
135037
135038
921472
135040
921475
135045
921478
135047
921481
135049
921484
135052
921487
135055
135056
921490
921493
135061
921496
135066
921499
135067
135069
921502
921505
135074
921508
135077
921511
135080
921514
135083
921517
135085
921520
921523
921526
135095
921529
135097
135098
921532
135101
921535
135104
921538
135106
921541
135110
921544
135112
921547
135115
135117
921550
135120
921553
135123
921556
135125
921559
135128
921562
921565
921568
921571
135139
135140
921574
921577
135145
921580
135149
921583
135153
921586
135156
921589
135158
921592
135160
135162
921595
135165
921598
135167
135169
921603
921605
135173
921607
135176
921609
921611
921613
135181
921615
921617
135186
921619
921621
921623
135191
921625
135193
921627
135195
921629
135197
921631
921633
921635
135203
921637
135205
921639
135207
921641
135210
921643
921645
135214
921647
135216
921649
921651
135220
921653
135222
921655
921657
135226
921659
135227
921661
135230
921663
135232
921665
921667
921669
135237
921671
921673
921675
135243
921677
921679
921681
135250
921683
921685
135254
921687
135256
921689
921691
921693
921695
135263
921697
921699
135268
921701
921703
921705
135273
135274
921707
921709
921711
135279
921713
135281
921715
135283
921717
135285
921719
921721
135289
135290
921723
135292
921725
135294
921727
921729
921731
135300
921733
921735
135303
921737
135306
921739
921741
135309
921743
135311
921745
921747
135316
921749
921751
135319
921753
135321
921755
135323
921757
135326
921759
135328
921761
921763
135332
921765
921767
135336
921769
921771
921773
659629
921775
135343
921777
921779
921781
659637
921783
135351
921785
921787
135355
921789
135357
921791
921793
921795
135363
921797
921799
135368
921801
135369
921803
135371
921805
135373
135374
921807
135376
921809
659665
921811
135380
921813
921815
135383
135384
921817
921819
135387
921821
135389
921823
135391
921825
921827
397539
921829
135398
921831
921833
921835
135403
397547
921837
921839
921841
135409
135410
921843
921845
135413
397558
921847
135416
921849
921851
135420
921853
921855
659711
921857
135425
135426
921859
921861
135430
921863
135431
921865
135433
921867
921869
135437
921871
135439
135440
921873
135442
921875
135443
921877
135446
921879
921881
135450
921883
921885
135453
921887
135456
921889
135458
921891
921893
921895
135464
921897
135466
921899
921901
135469
921903
135471
921905
135473
921907
921909
135478
921911
921913
921915
135483
921917
135485
135486
921919
921921
135489
921923
921925
135493
921927
921929
135497
921931
921933
921935
921937
135505
921939
135507
921941
921943
135511
921945
135514
659802
921948
135517
921951
135519
135521
921954
135523
921957
135525
135526
921960
921963
135532
921966
135535
397680
921969
135538
921972
135541
921975
397687
135545
921978
135548
921981
921984
135552
921987
921990
135558
921993
921996
135564
135566
921999
135568
922002
135570
922005
135573
922008
135576
135577
922011
922014
135584
922017
135586
922020
135589
922023
135593
922026
135595
922029
135599
922032
922035
135604
135605
922038
922041
135609
922044
135612
135614
922047
135616
135617
922050
135620
922053
135623
922056
135625
922059
135627
922062
135631
922065
135633
135635
922068
135636
135638
922071
922074
135642
135644
922077
135645
135647
922080
135650
922083
922086
135655
922089
135657
135659
922092
922095
135664
922098
135666
135667
922101
135670
922104
135674
922107
135675
135677
922110
922113
135681
922116
135686
922119
135689
922122
135691
922125
922128
135697
922131
135699
922134
135702
135704
922137
135705
922140
135710
922143
922146
135714
922149
135717
922152
135720
922155
922158
135727
135728
922161
135730
135731
922164
135734
922167
135737
922170
135740
922173
922176
135744
922179
135748
922182
135750
135752
922185
135753
135754
922188
135757
922191
135760
135761
397905
922194
135764
922197
922200
135768
135769
922203
135773
922206
135776
922209
135778
922212
135782
922215
135785
922218
135787
922221
135789
922224
135792
135794
922227
922230
135798
135800
922233
135803
922236
135804
135806
922239
135808
922242
135812
922245
922248
135816
922251
135819
135821
922254
135824
922257
135827
922260
135828
135830
922263
135831
922266
135834
135835
922269
135838
922272
922275
135845
922278
135847
922281
135849
135850
922284
135852
135854
922287
922290
135859
922293
922296
135865
922299
135867
135868
922302
922305
135873
135875
922308
135877
135878
922311
135881
922314
922317
922320
135888
135890
922323
135893
922326
135896
922329
135897
922332
135900
922335
135904
922338
922341
135911
922344
135912
135913
922347
922350
135918
922353
135923
922356
922359
135927
922362
135931
922365
135933
135934
922368
135936
922371
135939
135940
922374
135943
922377
135945
922380
135950
922383
135953
922386
135955
398099
922389
922392
135961
135962
922395
135964
922398
135966
922401
135970
922404
135973
922407
398119
922410
135978
135980
922413
922416
135984
135986
922419
922422
135991
922425
922428
922431
922434
922437
136006
922440
136008
922443
136011
136012
922446
136016
922449
136017
922452
922455
136023
136025
922458
136028
922461
136029
136033
922466
136035
922469
398182
922472
136042
922475
922478
922481
136050
922484
136054
660342
922487
922490
136058
922493
136061
922496
136064
136066
922499
922502
136071
922505
136074
922508
136077
922511
136080
922514
922517
136085
922520
136089
922523
136092
922526
136096
922529
922532
136100
922535
136104
136105
922538
922541
136109
922544
136114
922547
922550
922553
136123
922556
136126
922559
136128
922562
136131
922565
136134
922568
136137
922571
922574
136142
136144
922577
136145
922580
136150
922583
398297
922586
136155
922589
136158
922592
136161
922595
136165
922598
136166
922601
136169
922604
922607
136176
922610
136178
136180
922613
922616
922619
136189
922622
922625
136193
922628
136196
136198
922631
136199
136201
922634
922637
136205
922640
136209
922643
136212
922646
136215
136216
922649
136219
922652
136221
922655
136223
922658
922661
136229
136230
922664
136234
922667
922670
136238
136240
922673
922676
136246
922679
922682
922685
136253
922688
922691
136260
922694
136263
922697
136267
922700
922703
136273
922706
922709
136279
922712
922715
922718
136286
922721
136291
922724
136294
922727
922730
922733
136302
922736
136304
136305
922739
136308
922742
136311
922745
922748
136318
922751
136320
136321
922754
136323
922757
136327
922760
136329
922763
136331
136332
922766
136336
922769
136338
922772
136342
922775
136344
136345
922778
136348
922781
922784
136352
922787
922790
136359
922793
922796
922799
136367
136369
922802
136372
922805
136375
922808
922811
136380
922814
136382
136383
922817
136387
922820
922823
136391
922826
136396
922829
136398
922832
922835
136404
136405
922838
136407
922841
136409
922844
136412
922847
136417
922850
136418
136420
922853
922856
136425
922859
136428
922862
136431
922865
922868
136436
136437
922871
136440
922874
922877
922880
136448
136450
922883
136452
136453
922886
922889
136458
922892
922895
136463
136465
922898
922901
136469
922904
136473
922907
136475
922910
136478
922913
136481
136482
922916
922919
136488
922922
136491
922925
922928
136497
922931
136499
922934
136504
922937
136505
136507
922940
922943
922946
136514
136516
922949
922952
922955
136524
922958
136526
922961
922964
922967
136537
922970
922973
136542
922976
136544
136546
922979
136547
922982
922987
136556
398700
922989
136558
922992
136560
922995
136563
398708
922998
136568
923001
923004
923007
923010
136580
398724
923013
136582
923016
923019
136587
136589
923022
136591
923025
136593
923028
923031
136600
923034
136604
923037
923040
923043
136611
136613
923046
923049
136618
923052
136620
136622
923055
923058
136627
923061
136629
923064
136633
923067
136636
923070
136639
923073
923076
136644
923079
136648
136649
923082
136651
923085
136653
923088
136656
923091
136659
136660
923094
923097
923100
136668
923103
136673
923106
136676
923109
136679
923112
136680
923115
923118
136687
923121
136691
923124
136692
923127
923130
136699
923133
923136
136704
136705
923139
136708
923142
923145
136714
136715
923148
136718
923151
136720
923154
136724
923157
136726
923160
136728
923163
136732
923166
136734
923169
136739
923172
136741
136742
923175
136744
923178
136748
923181
136749
136751
923184
136754
923187
136756
923190
136759
923193
136762
923196
136765
923199
923202
923205
136774
923208
136776
923211
136779
136781
923214
923217
136786
923220
136789
923223
923226
136794
136796
923229
136798
923232
136801
923235
136804
923238
136806
136808
923241
136809
923244
136812
923247
136815
136817
923250
136819
136820
923253
923256
923259
923262
136830
923265
923268
136838
923271
136839
923274
136843
136844
923277
136847
923280
661138
923283
136851
136853
923286
923289
136859
923292
923295
136865
923298
136867
923301
136869
923304
136873
923307
136876
923310
661167
136880
923313
136881
923316
136885
923319
136887
661175
136889
923322
136892
923325
923328
136898
923331
136899
136901
923334
136903
136904
923337
923340
136908
136910
923343
923346
136914
661204
923349
923352
136921
923355
136923
923358
136926
923361
923364
136934
923367
136936
136937
923370
136939
923373
136942
923376
136945
923379
136947
923382
923385
136953
923388
136957
923391
136959
136961
923394
923397
136966
923400
136970
923403
136971
923406
136975
923409
136978
923412
136981
923415
923418
136986
923421
923424
136992
923427
136995
136996
923430
136998
923433
137002
923436
137004
137006
923439
137008
923442
137010
137012
923445
923448
137016
137018
923451
923454
137023
923457
137026
923460
923463
137032
923466
137034
137036
923469
137039
923472
923475
137044
923478
137046
923481
137051
923484
923487
137055
923490
137060
923493
137063
923496
137064
923499
137067
137068
137069
923502
923505
137073
137077
923510
137079
923513
923516
923519
137087
923522
137090
923525
137093
923528
137096
137098
923531
137099
923534
137103
923537
923540
137110
923543
923546
137115
137116
923549
137119
923552
923555
137123
137125
923558
137128
923561
137131
923564
923567
137135
137136
923570
137139
923573
137142
137143
923576
137146
923579
923582
137150
923585
137153
923588
137157
923591
923594
137163
923597
923600
137168
923603
137172
923606
137175
923609
137178
923612
137182
923615
137183
923618
137186
923621
137190
923624
923627
137195
137197
923630
137200
923633
923636
137204
137206
923639
137208
923642
923645
137214
923648
137217
923651
137220
923654
137223
923657
923660
923663
137232
923666
137234
923669
137237
137238
923672
137241
923675
137243
137244
923678
137247
137248
923681
137250
923684
137254
923687
137256
923690
137260
923693
137263
923696
923699
137267
137269
923702
137271
923705
923708
137276
137278
923711
137280
923714
137282
923717
137285
923720
137288
923723
137292
923726
137295
923729
137297
923732
137302
923735
137305
923738
137307
923741
923744
137313
137314
923747
137317
923750
137319
923753
137322
923756
137325
923759
137329
923762
923765
137333
923768
137336
923771
137341
923774
137344
923777
137347
923780
137349
137350
923783
923786
137354
923789
137358
923792
923795
137363
137365
923798
923801
923804
137372
137374
923807
137377
923810
137380
923813
137382
923816
137385
923819
137387
137389
923822
137391
923825
923828
923831
137399
923834
923837
137407
923840
137409
923843
137411
137413
923846
137414
137416
923849
137418
137419
923852
137422
923855
137424
923858
137427
923861
137429
137430
923864
137433
923867
923870
137439
923873
137441
137443
923876
137446
923879
137448
923882
137450
923885
137453
923888
137457
923891
137461
923894
137462
923897
137465
923900
923903
137473
923906
923909
137478
923912
923915
137483
923918
137488
923921
923924
137493
923927
137497
923930
137499
923933
137501
137503
923936
137504
923939
137507
923942
923945
137513
137515
923948
137517
923951
923954
137522
137524
923957
137527
923960
137528
137530
923963
137533
923966
923969
137537
137539
923972
137542
923975
137545
923978
923981
137549
923984
137554
923987
137555
923990
661846
137559
923993
137561
923996
137565
923999
137568
924002
137572
924005
924008
137576
137577
924011
924014
924017
137585
137587
924020
137589
924023
137591
924026
137594
137595
137597
924030
137598
924032
137600
924035
137604
924038
137608
924041
137611
924044
137614
924047
137615
137616
924050
137618
137620
924053
924056
924059
137628
924062
137632
924065
137634
924068
924071
137640
137641
924074
137643
924077
137645
137646
924080
137649
924083
137653
924086
137656
924089
137659
924092
137661
924095
137663
137665
924098
137666
924101
924104
924107
137677
924110
137680
924113
924116
137684
137686
924119
137689
924122
137691
924125
137695
924128
137697
137698
924131
924134
924137
137706
924140
137709
924143
924146
137716
924149
137719
924152
137722
924155
137725
924158
137728
924161
924164
137733
924167
137736
924170
137740
924173
137743
924176
137744
924179
137747
137749
924182
137752
924185
924188
137756
137757
137758
924191
137760
137761
924194
924197
137766
924200
137769
924203
137772
924206
137775
924209
137779
924212
137782
924215
924218
137787
924221
137791
924224
137794
924227
924230
137799
924233
137801
924236
137804
137806
924239
924242
137810
924245
924248
137816
924251
137820
924254
137824
924257
924260
137830
924263
924266
137834
924269
137837
924272
137840
924275
137843
924278
137847
924281
137849
924284
137852
924287
137857
924290
137859
137860
924293
924296
137864
924299
137868
924302
137871
924305
137875
924308
137878
924311
137879
137881
924314
137882
924317
137885
924320
137888
137890
924323
137891
137893
924326
137895
924329
924332
137900
924335
137903
137905
924338
137907
924341
137911
924344
924347
137915
137916
924350
137918
137920
924353
137922
924356
137924
924359
924362
924365
924368
924371
137940
924374
924377
137946
924380
924383
137951
924386
137955
924389
137959
924392
137962
924395
924398
137967
924401
137969
137971
924404
924407
137977
924410
924413
924416
924419
137987
137988
924422
137991
137992
924425
924428
137996
137997
924431
137999
924434
138002
924437
138005
138006
924440
138009
924443
138013
924446
924449
138017
924452
924455
138024
924458
138027
924461
138029
924464
138033
924467
138036
924470
138038
924473
138041
138043
924476
138045
924479
138048
138049
924482
138051
924485
138054
924488
138057
924491
138059
924494
138063
924497
138066
138067
924500
138069
400213
924503
924506
138075
924509
924512
138081
924515
138084
924518
924521
924524
138094
924527
138096
924530
138098
138100
924533
138103
924536
138105
138106
924539
138109
924542
138110
924545
138115
924548
138119
924553
138122
924556
924559
138127
924562
138131
924565
138133
138134
924568
924571
138139
924574
138142
138144
924577
138146
400291
924580
138148
924583
138151
138152
924586
138155
400299
924589
138157
924592
138161
924595
138164
924598
138166
924601
138169
138171
924604
924607
138175
924610
138179
138180
924613
924616
924619
138187
924622
138190
924625
138194
924628
924631
138200
924634
924637
400349
138206
924640
138209
924643
138213
924646
138214
924649
138218
924652
138221
924655
138224
924658
138227
924661
138230
924664
924667
924670
138240
924673
924676
138244
138245
924679
138247
138249
400393
924682
138251
924685
138254
138255
924688
138257
400401
138258
924691
138261
924694
138264
924697
138267
924700
924703
138271
924706
138274
400418
138276
924709
924712
924715
138284
400428
924718
138287
924721
138290
924724
400438
924727
138297
924730
924733
138301
138302
924736
138304
400448
924739
138307
138309
924742
924745
924748
138316
924751
138319
924754
138324
924757
138326
924760
924763
924766
138335
924769
138338
924772
138342
924775
924778
924781
138349
138351
924784
924787
138357
924790
138359
924793
138361
924796
138365
924799
138367
924802
138370
924805
138373
138375
924808
924811
138379
924814
138383
924817
138387
924820
138388
924823
138391
138392
924826
138395
662683
924829
138398
138399
924832
924835
138403
924838
138406
662696
924841
138411
924844
138414
924847
138416
924850
138419
924853
138422
924856
138425
138426
924859
138429
924862
138431
924865
138433
924868
924871
138439
924874
138443
924877
138445
138447
924880
138448
662737
924883
924886
138454
924889
662745
924892
138461
138462
924895
138465
924898
924901
138471
924904
138473
662761
924907
138476
924910
138478
924913
138481
924916
138486
924919
138487
924922
138491
924925
138494
924928
138497
138498
924931
138500
924934
138502
138504
924937
138505
138507
924940
138509
924943
138513
924946
924949
138517
924952
924955
138523
138525
924958
138528
924961
924964
138533
138534
924967
924970
138539
924973
138543
924976
138544
138546
924979
924982
138551
924985
138553
924988
138558
924991
138560
924994
138562
924997
925000
138569
925003
138573
925006
138576
925009
138578
925012
925015
925018
138586
138588
925021
138591
925024
138592
925027
138595
138597
925030
138599
925033
138601
138602
925036
138606
925039
138608
925042
138610
925045
138615
925048
925051
138621
925054
138622
138624
925057
138627
925060
138628
925063
925066
925069
138637
925072
138640
138642
138643
925078
138646
138648
925081
138651
925084
138654
925087
925090
925093
138662
925096
138665
925099
138668
925102
138672
925105
138675
925108
138677
925111
138679
138681
925114
138682
138684
925117
138685
925120
138688
925123
400836
138693
925126
925129
138698
925132
138702
925135
138704
400849
925138
138706
925141
138709
925144
138713
925147
138716
925150
138718
138719
925153
138721
138722
925156
138724
138725
925159
138728
138729
925162
138732
925165
138735
925168
138738
925171
138740
925174
138742
925177
138745
925180
138748
925183
138751
138753
925186
925189
138759
925192
138762
925195
138763
925198
138767
925201
138769
925204
138774
925207
925210
138779
925213
138782
925216
138784
925219
138787
925222
138791
925225
138793
138794
925228
138798
925231
138799
138801
925234
925237
138805
925240
138809
925243
138812
138813
925246
925249
138818
925252
138821
925255
138824
925258
138827
925261
138830
925264
925267
925270
138838
138840
925273
138842
138843
925276
138846
925279
138849
925282
925285
138855
925288
925291
138859
138860
925294
925297
138865
138867
925300
138868
925303
138873
925306
138876
925309
138879
925312
925315
925318
138886
138888
925321
925324
925327
138895
925330
138898
138899
925333
138902
925336
138904
925339
138908
925342
138911
925345
138914
925348
138916
138918
925351
925354
138923
138924
925357
138926
925360
925363
138931
138933
925366
138935
925369
925372
138940
138942
925375
925378
138946
925381
925384
138952
138954
925387
925390
138959
925393
138963
925396
138965
138966
925399
138967
925402
925405
138973
925408
138977
925411
925414
925417
138985
925420
138988
138990
925423
138992
925426
138995
925429
925432
139000
139002
925435
139004
925438
139007
925441
139009
139011
925444
139014
925447
139017
925450
925453
139021
925456
139024
925459
663315
139028
925462
139030
925465
139035
925468
925471
139039
139041
925474
139042
139044
925477
925480
139048
139050
925483
139053
925486
139056
925489
139058
139059
925492
925495
139064
925498
139066
139067
925501
925504
139072
139073
925507
139075
139077
925510
925513
139081
139083
925516
139086
925519
139087
925522
139090
139092
925525
401239
925528
139097
925531
139100
925534
139102
139104
925537
139106
925540
139108
139109
925543
139111
925546
139114
925549
139117
925552
139120
925555
925558
139127
925561
925564
139132
925567
925570
139138
139139
925573
139142
925576
139145
925579
139149
925582
925585
139153
925588
139157
925591
139159
925594
139162
139163
925598
139166
925601
139169
139170
925604
139174
925607
925610
139178
139179
925613
139181
139183
925616
139185
925619
139188
925622
139191
925625
139194
925628
139196
139197
925631
139200
925634
139202
925637
139205
925640
139209
925643
139211
139213
925646
925649
139217
139219
925652
139220
139222
925655
139225
925658
139228
925661
925664
139232
139234
925667
139237
925670
139238
925673
139243
925676
139246
925679
139247
139249
925682
925685
925688
139256
925691
139260
139261
925694
925697
139265
925700
139268
139270
925703
139273
925706
925709
925712
139280
139282
925715
139283
925718
139287
925721
139290
925724
139293
925727
925730
925733
139303
925736
139305
925739
139308
925742
139311
925745
139314
925748
139316
139318
925751
925754
925757
139325
925760
139328
925763
139331
139333
925766
925769
139338
925772
139340
139342
925775
139345
925778
925781
139349
925784
925787
925790
139358
925793
139362
925796
139365
925799
139367
139369
925802
139371
925805
139373
925808
139376
925811
139379
925814
925817
139386
925820
139388
139390
925823
139392
925826
139395
925829
925832
139400
139402
925835
139405
925838
139408
925841
139411
925844
139414
925847
139416
925850
139418
925853
139422
925856
139426
925859
139429
925862
139431
925865
139435
925868
139437
925871
139439
139441
925874
139444
925877
139447
925880
925883
139451
925886
139454
925889
139458
925892
139462
925895
139465
925898
139467
925901
925904
925907
139475
925910
139478
925913
139481
139483
925916
139484
925919
139487
925922
139490
925925
139493
139494
925928
925931
139499
139501
925934
139504
925937
139506
925940
139509
925943
925946
139514
925949
139518
925952
139520
139522
925955
139523
925958
139526
925961
139529
139530
925964
139533
925967
139537
925970
139540
925973
139541
139543
925976
139546
925979
139549
925982
139550
925985
139553
925988
139556
925991
925994
139564
925997
139567
926000
139568
926003
139571
926006
139574
926009
139577
926012
139580
139582
926015
139584
926018
139586
926021
139589
926024
139593
926027
139596
926030
926033
139601
139603
926036
139606
926039
139608
926042
139612
926045
926048
139616
139617
926051
139620
926054
926057
926060
926063
139632
926066
139636
926069
139639
926072
139640
139642
926075
139644
926078
139646
926081
139650
926084
139653
926087
139655
139657
926090
139660
926093
139661
139663
926096
139664
926099
926102
139670
139672
926105
926108
139676
926111
926114
926118
139686
139687
926121
139691
926124
926127
139696
926130
139698
139700
926133
139703
926136
139705
926139
139708
926142
139711
926145
139715
926148
139717
926151
139720
926154
139724
926157
926160
139729
926163
139732
926166
139734
926169
139739
926172
139742
926175
926178
139746
926181
139751
926184
926187
139757
926190
139759
926193
926196
139765
139766
926199
926202
926205
139774
926208
139776
139777
926211
139781
926214
139783
139784
926217
139787
926220
139790
664078
926223
139793
926226
139796
926229
664086
926232
139801
926235
139805
926238
139808
926241
139811
926244
139813
926247
139817
926250
926253
139821
139823
926256
926259
139827
926262
139831
926265
926268
139836
139837
926271
139839
926274
139843
139844
926277
926280
139848
139850
926283
139852
926286
139855
926289
139857
926292
139861
926295
139864
926298
139867
926301
139871
926304
139873
926307
926310
139878
139879
926313
926316
139884
139886
926319
926322
139892
926325
139893
926328
139897
926331
139899
926334
139902
139904
926337
139906
926340
139909
139910
926343
926346
139914
139916
664204
926349
139917
139919
926352
926355
139925
926358
402070
926361
139929
926364
139932
926367
926370
926373
139941
139942
926376
139945
926379
139949
926382
139951
926385
139953
926388
926391
926394
139962
139963
926397
139965
139966
926400
139970
926403
926406
139974
139975
402119
926409
139978
139979
926412
926415
139983
139985
926418
139988
926421
139989
926424
139993
926427
139997
926430
139999
926433
926436
140005
926439
140008
926442
140010
140012
926445
140014
926448
140017
926451
140019
140020
926454
926457
140025
926460
926463
140032
926466
140035
926469
140038
926472
140041
140042
926475
926478
140047
926481
140049
140050
926484
140054
926487
140056
926490
140058
926493
402205
926496
926499
140068
926502
140071
402215
926505
140073
926508
140077
926511
140079
140081
402225
926514
140082
926517
926520
926523
926526
402238
140096
926529
140099
926532
140102
926535
140103
140105
926538
140107
926541
140109
140110
402255
926544
926547
140116
926550
140118
926553
140123
926556
926559
140128
926562
926565
926568
140137
926571
140141
926574
926577
140147
926580
926583
140153
926586
926589
140159
926592
926595
926598
926601
926604
140174
926607
926610
926613
140183
926616
140186
926619
140187
926622
140191
926625
140193
926628
402340
926631
140200
140201
926636
140205
140206
926639
140208
140209
926642
140211
926645
140214
926648
140218
926651
140219
926654
140222
140223
926657
140226
926660
140230
926663
140231
140232
926666
140235
926669
140237
926672
140240
926675
140243
926678
926681
140250
926684
140252
926687
140256
926690
140259
926693
140261
926696
140264
926699
926702
140271
926705
140274
926708
926711
140280
926714
140282
926717
140286
926720
140289
926723
926726
140296
926729
140297
140299
926732
140300
926735
140304
926738
140306
926741
926744
140313
926747
140315
926750
140318
140319
926753
140321
926756
140326
926759
140327
140329
926762
140331
926765
140334
926768
140336
926771
140339
926774
926777
140345
926780
140350
926783
926786
140354
140355
926789
140358
926792
140360
926795
140365
926798
140368
926801
926804
926807
140377
926810
140379
926813
926816
140384
140385
926819
140387
926822
140391
926825
140393
926828
140397
926831
140399
140400
926834
140402
926837
140407
926840
926843
140411
140413
926846
926849
140418
140419
926852
140422
926855
140424
926858
140426
140428
926861
140431
926864
140434
926867
140436
926870
140439
926873
140441
140443
926876
140444
140446
926879
926882
140451
926885
926888
140456
926891
140459
140461
926894
664750
140463
140464
926897
140467
926900
140469
926903
140472
926906
140476
926909
140478
926912
140481
926915
140484
926918
140486
926921
140489
926924
140492
926927
140496
926930
140498
926933
926936
140506
926939
140509
926942
140512
926945
140515
926948
140518
926951
926954
140523
926957
140525
140527
926960
140528
926963
926966
140534
926969
140538
926972
140541
926975
140543
140544
926978
926981
926984
140553
926987
926990
140560
926993
140561
140563
926996
140566
926999
927002
140572
927005
927008
927011
140579
140580
927014
140582
927017
927020
140588
927023
140591
927026
140594
140596
927029
140599
927032
927035
140603
927038
140606
140608
927041
927044
140612
140614
927047
402761
927050
927053
140621
140623
927056
140625
927059
140628
927062
927065
140633
927068
140636
140637
927071
140639
927074
927077
140646
927080
140648
927083
140651
927086
927089
140659
927092
140662
927095
140665
927098
140668
927101
927104
140673
140674
927107
927110
140678
927113
140681
140683
927116
140685
140686
927119
927122
140690
927125
140694
927128
140696
927131
140699
140701
927134
140703
140704
927137
140707
927140
927143
140712
927146
140715
927149
927152
140720
140721
140723
927157
927159
140729
927162
140732
927165
140735
927168
140737
927171
140739
140740
927174
140742
927177
927180
140750
927183
140752
927186
140755
927189
927192
140761
927195
140763
140764
927198
927201
140769
927204
140772
927207
140777
927210
140779
927213
140783
927216
927219
927222
140791
927225
927228
140796
140797
927231
140801
927234
927237
140805
140807
927240
927243
927246
140814
927249
140817
927252
140820
927255
140825
927258
140827
927261
140831
927264
140832
927267
140837
927270
140839
927273
140841
927276
927279
140847
927282
140850
927285
140853
927288
140856
927291
140859
927294
927297
927300
140868
140870
927303
140873
927306
140876
927309
927312
927315
140885
927318
140887
927321
927324
140893
927327
140895
140896
140897
927330
927333
140902
927336
140905
927339
140907
927342
140911
927345
927348
140917
927351
140919
927354
140922
927357
140925
927360
140930
927363
927366
140934
140936
927369
140938
927372
140941
927375
140943
140945
927378
140948
927381
927384
927387
140956
927390
927393
140962
927396
140965
140966
927399
140969
927402
927405
140974
403119
927408
927411
140979
140981
927414
140983
927417
140986
927420
140989
927423
140992
927426
140995
140996
927429
927432
141002
927435
141004
927438
141007
927441
141010
141011
927444
927447
141017
927450
141018
403162
927453
141022
927456
141025
927459
141028
927462
141031
927465
927468
141036
927471
141039
927474
403187
927477
141046
927480
927483
141052
927486
141054
927489
141059
927492
141061
927495
927498
141066
141067
927501
927504
141072
927507
141076
927510
927513
141081
927516
141085
927519
141087
141088
927522
141092
927525
141094
141095
927528
927531
927534
141102
927537
141105
141107
927540
927543
141113
927546
927549
141118
927552
141120
927555
927558
141126
927561
141129
141131
927564
141133
927567
141137
927570
141140
927573
927576
141146
927579
141148
927582
141150
141152
927585
141153
141155
927588
141158
927591
927594
927597
141165
141167
927600
927603
141171
927606
927609
927612
141180
927615
141185
927618
927621
141189
141191
927624
141193
927627
927630
141199
927633
141202
927636
141205
927639
927642
141210
141211
927645
141215
927648
141216
927651
927654
927657
141226
927660
141228
927663
141231
927666
141234
927669
141238
927672
141240
141242
927675
141244
927679
141247
927681
141250
927683
141253
927686
927689
927692
927695
927698
141266
927701
665557
141270
927704
141273
927707
927710
927713
141282
927716
141286
927719
141287
927722
141291
927725
141293
927728
927731
927734
141303
927737
141305
927740
665596
141310
927743
141313
927746
141315
927749
141319
927752
665609
141322
927755
141323
927758
141328
927761
927764
141332
927767
927770
927773
141343
927776
927779
141347
141349
927782
927785
141355
927788
141358
927791
141360
927794
141363
927797
141365
141367
927800
141369
927803
141373
927806
927809
141378
927812
141380
927815
927818
141386
665674
141387
927821
141389
141390
927824
927827
141396
927830
141398
927833
141401
141403
927836
927839
141408
927842
141412
927845
141414
927848
141416
141418
927851
927854
141422
927857
927860
141428
927863
141432
927866
141435
927869
141437
927872
141440
927875
141444
927878
141446
927881
141451
927884
141453
927887
141456
927890
141458
927893
141462
141463
927896
927899
141468
927902
141470
141471
927905
141473
141474
927908
927911
927914
141484
927917
141487
927920
927923
141491
141492
927926
927929
141498
141499
927932
141502
927935
927938
141507
927941
927944
141512
141513
141514
927947
141516
927950
141519
927953
141521
141523
927956
141526
927959
141527
927962
141530
141532
927965
927968
141536
141537
927971
141539
927974
141543
927977
141545
927980
141549
927983
927986
141554
141556
927989
141559
927992
927995
141563
141565
927998
141568
928001
141570
141571
928004
141574
928007
141577
928010
141579
928013
928016
141585
928019
141588
928022
141590
928025
141593
141594
928028
928031
141600
928034
141603
928037
141605
928040
141610
928043
928046
141614
141615
928049
141617
928052
141620
141621
928055
141624
928058
928061
928064
141633
141634
928067
141636
928070
141639
928073
141641
928076
141644
141646
928079
141648
928082
928085
141654
141655
928088
141658
928091
928094
928097
928100
141668
928103
141673
928106
928109
928112
141680
141682
928115
141685
928118
141686
928121
141691
928124
928127
141696
928130
141699
928133
141702
928136
141704
141706
928139
141707
928142
928145
141714
141715
928148
141718
928151
141720
928154
141724
928157
928160
141728
928163
141731
928166
141734
141736
928169
141737
928172
141741
928175
928178
141746
141748
928181
141751
928184
928187
141756
928190
141760
928193
928196
141766
928201
141770
928203
141771
928206
928209
141777
141778
928212
141780
141782
928215
141784
928218
141786
141788
928221
141790
928224
141792
403937
141794
928227
141795
928230
141798
141799
928233
141801
928236
928239
928242
141812
928245
928248
141816
141818
928251
141821
928254
928257
141826
928260
403973
928263
141831
928266
141834
928269
141837
928272
141842
928275
141845
928278
141847
928281
141851
928284
141852
403997
928287
141855
141857
928290
928293
141861
141862
666151
928296
141865
928299
141868
928302
141870
141872
928305
141874
141875
928308
928311
141879
141881
928314
666171
141884
928317
141885
928320
928323
141893
928326
141896
928329
928332
141900
141901
928335
141904
928338
141907
928341
141910
928344
141912
141914
928347
928350
928353
141923
928356
141926
928359
141927
141929
928362
141931
928365
141933
928368
141937
928371
141939
928374
141942
404086
141943
928377
141945
928380
141948
404094
928383
928386
141954
141956
928389
141958
928392
141962
928395
141963
141965
928398
404111
928401
141970
141971
928404
928407
141977
928410
928413
141982
928416
141986
928419
928422
141991
928425
141993
141994
928428
141997
928431
142001
928434
142003
928437
142005
928440
142009
928443
142012
928446
142016
928449
928452
928455
142023
928458
142026
142027
928461
928464
142032
928467
142035
142037
928470
142040
928473
142042
404187
928476
142045
928479
142048
928482
142052
928485
142054
142055
928488
928491
404203
928494
142062
928497
142065
928500
928503
928506
142074
142076
928509
928512
928515
928518
142086
928521
928524
142092
404236
928527
142096
928530
142099
142100
928533
142103
928536
142105
928539
142109
928542
928545
142113
928548
142116
142118
928551
142119
928554
142122
928557
142125
928560
928563
928566
142134
928569
142138
928572
142142
928575
142144
142145
928578
404291
928581
928584
928587
142157
928590
928593
142161
142162
928596
142166
928599
142167
928602
928605
142173
142175
928608
142178
928611
928614
142182
142184
928617
928620
928623
928626
142194
928629
142198
928632
142201
928635
142204
928638
142206
928641
928644
142214
928647
142216
928650
142218
928653
142222
928656
142225
928659
142228
928662
142231
928665
928668
928671
142241
928674
142244
928677
142245
142247
928680
928683
142252
928686
142255
142256
928689
142258
142259
928692
142261
928695
142263
142264
928698
928701
142271
928704
928707
142275
928710
142278
928713
142282
928716
142285
928719
142288
928724
142292
928727
142295
928730
142298
928733
142302
928736
142304
928739
142307
928742
142312
928745
142315
928748
142317
928751
142319
142320
928754
142322
928757
142327
928760
142330
928763
142331
928766
142335
928769
142338
928772
142342
928775
142345
928778
142347
142348
928781
928784
142353
928787
928790
142360
928793
142361
142363
928796
142365
928799
142369
928802
142371
928805
142375
928808
928811
928814
928817
142386
928820
142388
928823
142391
928826
142394
142395
928829
142398
928832
928835
928838
142406
142407
928841
142411
928844
142414
928847
142416
928850
142418
142419
928853
142423
928856
928859
142429
928862
928865
142433
928868
142438
928871
142439
928874
142444
928877
928880
142448
928883
928886
142456
928889
928892
142461
928895
142465
928898
142467
928901
142469
928904
142472
142474
928907
142477
928910
142480
928913
928916
142484
142485
928919
142489
928922
142492
928925
142494
142495
928928
142497
404641
928931
142500
928934
142503
928937
928940
142510
928943
142511
142513
928946
142515
928949
928952
142521
928955
404667
142524
928958
142528
928961
142530
142531
928964
928967
142536
928970
142539
928973
142542
928976
142544
142545
928979
928982
928985
142553
928988
142558
928991
928994
142563
928997
142565
142566
929000
142569
929003
929006
142575
929009
142577
142579
929012
142580
142582
929015
929018
142586
142588
929021
142590
929024
142592
929027
142595
929030
142598
142599
666888
929033
142602
929036
142606
929039
142609
929042
929045
142613
929048
142616
142618
929051
666909
929054
929057
142625
142626
929060
929063
142631
666921
929066
929069
142637
929072
142640
142642
929075
142643
929078
142646
929081
142649
142650
929084
142652
666940
142653
929087
142656
142657
929090
142659
929093
666949
142662
929096
142665
929099
142667
929102
142670
142672
929105
142674
142675
929108
666964
929111
142679
142681
929114
142683
929117
142687
929120
142688
929123
142691
666979
929126
142694
142696
929129
142699
666987
929132
142701
929135
142704
929138
142706
929141
142710
929144
142712
142713
667001
929147
142715
142716
929150
142718
142719
929153
142722
929156
142724
929159
142727
929162
142730
142731
929165
142735
929168
142737
667026
929171
142740
929174
142744
929177
929180
929183
929186
142755
929189
142757
142758
929192
929195
929198
142768
929201
142771
929204
142773
929207
142775
142777
929210
929213
142781
142783
929216
142785
929219
142788
929222
142790
929225
142793
929228
929231
142800
929234
929237
142807
929240
929245
142813
929247
667103
142817
929250
142819
142820
929253
142823
929256
142826
929259
142828
929262
929265
142833
929267
142836
929269
667125
929271
142839
929273
142841
404986
929275
929277
142846
929279
929281
929284
929286
142855
929288
929290
142858
142859
929292
405004
929294
142862
929296
929298
667154
142867
929300
929302
142871
929305
667162
142875
929308
142878
929311
142880
929313
929315
142883
929317
142886
929320
142889
929323
142891
929325
929327
142895
929329
142897
929332
929335
142903
929337
142905
929339
929341
929343
142911
929345
142914
929347
142916
929349
929351
929353
142923
929356
142925
929359
929362
142930
929364
142933
929366
929368
142937
929370
142940
929373
929375
142943
929377
142945
929379
142948
929381
929383
929385
929387
142955
929389
142958
929391
929393
929396
142966
929399
142968
929402
142970
929404
142973
929406
929408
142977
929410
929412
929414
929416
142984
929418
142986
929420
929422
929424
929426
142994
929428
142997
929430
929432
143000
143001
929435
929437
143005
929439
929441
929443
143012
929445
143014
929448
143017
929451
929453
143021
929455
929457
929459
143027
929461
143030
929463
143032
929465
143033
929467
143035
929469
143037
143038
929471
929473
143042
929475
143044
929477
143045
929479
929481
143050
929483
143051
929485
143053
929487
143055
929489
929491
143060
929493
143062
929495
143064
929497
143066
929499
143068
929501
929503
929505
929507
143076
929509
143078
929511
929513
143081
929515
143084
929517
929519
143087
929521
929523
143091
929525
143093
929527
143096
929529
143097
929532
929534
143102
143103
929536
929538
143107
929540
143109
929542
143110
929544
143113
929546
929548
143116
929550
929552
929554
929556
929558
929560
929562
143131
929564
143132
929566
929568
143136
929570
929572
929574
143142
929576
143144
929578
143146
929580
143149
929582
143151
929584
929586
929588
929590
143159
929592
143161
929594
143162
929596
143164
929598
143166
143167
929600
929602
143171
929604
143174
929607
929610
143178
929613
929615
929617
143187
929620
143189
929622
929624
143192
929626
143195
929628
143198
143199
929632
929634
143202
929637
143205
929640
143210
929643
929645
143213
143215
929649
143218
929651
929655
929659
929661
143229
929665
143233
929668
929671
143239
929674
143242
143243
929677
143246
929680
143249
929683
143251
143253
929686
143254
929689
143257
929692
143262
929695
929698
143268
929701
143271
929704
929707
143276
143277
929710
143280
929713
143283
929716
143286
929719
143288
929722
143290
929725
143294
929728
929731
143299
929734
143303
929737
143305
929740
143308
929743
143313
929746
143314
929749
929752
929755
143323
143324
929758
143326
667615
929761
929764
929767
929770
143339
929773
929776
143344
143346
929779
143348
929782
143350
143351
929785
143353
143354
929788
143356
929791
143360
929794
143363
929797
143366
929800
143368
143370
929803
143373
929806
143376
929809
143379
929812
143381
929815
143384
929818
929821
143389
929824
929827
929830
143399
929833
929836
929839
143407
143409
929842
143411
929845
143413
143414
929848
929851
143419
929854
929857
929860
929863
143431
929866
929869
143438
929872
143442
929875
143444
929878
143446
929881
929884
143452
929887
929890
143460
929893
143461
929896
143464
929899
143468
929902
143470
929905
143474
929908
143477
929911
929914
143482
143484
929917
929920
143488
143490
929923
143492
929926
929929
143498
929932
143501
143502
929935
143505
929938
929941
929944
143514
929947
929950
143518
929953
143521
929956
143524
929959
143528
929962
143531
929965
143535
929968
929971
929974
143543
143544
929977
143547
929980
143548
143550
929983
929986
929989
929992
143560
929995
929998
143567
930001
143570
930004
143574
930007
143576
930010
143580
930013
930016
930019
143587
143588
930022
930025
930028
143597
930031
143601
930034
143604
930037
930040
143609
930043
143612
930046
930049
143617
930052
143621
143622
930055
143624
930058
930061
143629
930064
143632
143633
930067
143636
405781
930070
930073
143641
930076
143645
405789
930079
143647
930082
930085
930088
930091
143660
930094
143663
143664
930097
930100
143670
930103
930106
143676
930109
143678
930112
930115
930118
143688
930121
143690
930124
930127
143695
143697
930130
143700
930133
930136
930139
405852
143709
930142
143712
930145
143715
930148
143717
143718
930151
143721
930154
930157
143725
930160
143730
930163
143733
930166
405878
143735
930169
143737
930172
143742
405886
930175
143744
930178
143749
930183
143751
930186
930189
930192
143760
405904
930195
143763
930198
143766
930201
143769
143770
930204
143772
930207
143775
143777
930210
143778
143779
930213
143782
930216
143784
930219
143787
930222
930225
143793
930228
143798
930231
930234
930237
143805
930240
143808
930243
668100
143813
930246
930249
405961
143818
930252
143821
930255
143823
930258
143826
143827
930261
405974
143831
930264
143833
930267
143837
930270
143840
930273
143843
930276
143845
930279
930282
930285
930288
143856
930291
930294
143863
930297
930300
143869
143870
930303
930306
143875
406019
930309
143879
930312
143881
930315
143885
930318
930321
930324
143894
930327
143896
930330
143900
930333
930336
143904
930339
143907
143909
930342
930345
143915
930348
143917
930351
143921
930354
143923
406067
930357
930360
143928
930363
406077
930366
143935
930369
930372
143941
930375
143944
930378
143947
930381
143950
143951
930384
143954
930387
143956
143957
930390
930393
143962
930396
143966
930399
143968
143969
930402
143972
930405
143975
930408
930411
930414
143982
930417
930420
143988
143990
930423
143992
930426
143995
930429
143999
930432
930435
144003
144005
930438
144008
930441
930444
144012
144013
930447
144015
930450
144020
930453
930456
144025
930459
144027
144029
930462
930465
144034
930468
144036
930471
144040
930474
144043
930477
144045
930480
144049
930483
144053
930486
930489
144058
930492
930495
930498
144066
930501
144070
930504
144074
930507
930510
144079
930513
930516
144084
930519
668377
930522
144092
930525
930528
930531
668388
930534
930537
144105
930540
144108
930543
668399
930546
930549
930552
144120
668410
930555
930558
930561
930564
668421
930567
144136
930570
144139
930573
144141
930576
144144
668432
930579
144148
930582
144151
930585
144154
668443
930588
144157
930591
144159
930594
930597
144165
668454
930600
930603
144172
144173
930606
144176
930609
668465
930612
930615
144183
930618
144186
668476
930621
930624
144193
144194
930627
930630
668487
144200
930633
144203
930636
144205
930639
930642
144210
668498
930645
144214
930648
144218
930651
668509
930654
930657
144225
930660
144228
930663
668520
144233
930666
930669
930672
144240
930675
668531
930678
144247
930681
144250
144251
930684
668542
930687
144256
930690
144258
144260
930693
144263
930696
144264
668553
930699
144267
144268
144271
930704
144273
930707
144276
668564
144277
930710
930713
144281
144282
930716
144284
930719
144287
668575
930722
144291
144292
930725
930728
144298
668586
930731
144301
930734
144304
930737
144307
930740
668597
930743
144311
930746
144314
930749
930752
668608
930755
930758
144326
144328
930761
668619
930764
144332
930767
144336
930770
144339
144340
930773
144343
930776
144345
930779
144347
144349
930782
144351
930785
668641
144354
930788
144357
930791
144359
930794
144362
668652
930797
406509
144367
930800
930803
144371
930806
144375
668663
930809
144377
144379
930812
930815
406527
144384
930818
144386
144388
930821
930824
144392
144394
930827
144395
930830
144398
930833
930836
930839
144407
930842
930845
930848
144418
930851
144419
930854
144422
930857
930860
144430
930863
144433
930866
930869
144438
930872
144441
930875
144445
930878
144447
930881
144450
930884
930887
144455
144457
930890
144459
930893
144463
930896
144465
144466
930899
144469
930902
144471
930905
930908
930911
144480
930914
930917
930920
144490
930923
930926
144494
144496
930929
144497
144499
930932
144502
930935
144504
144505
930938
144507
930941
930944
930947
144517
930950
144519
930953
930956
144526
930959
144528
668817
930962
144531
930965
930968
930971
144540
930974
144544
930977
930980
144549
930983
144552
144553
930986
144556
930989
144557
930992
144560
930995
144563
930998
144568
931001
144571
931004
931007
931010
144579
931013
144583
931016
931019
931022
931025
931028
144598
931031
144601
931034
931037
931040
144608
931043
144611
144612
931046
144614
931049
144619
931052
931055
144625
931058
144628
931061
144631
931064
931067
144635
931070
144640
931073
144641
144643
931076
144645
144646
931079
144648
144649
931082
144652
931085
144655
931088
931091
931094
931097
144665
144667
931100
144670
931103
144671
931106
144674
931109
931112
144680
931115
931118
144687
931121
144689
144691
931124
931127
144695
931130
144700
931133
406846
931136
144705
931139
931142
144710
144711
931145
144714
931148
144716
931151
144721
931154
144723
931157
144725
931160
144728
144729
931163
144731
144732
931166
144734
931169
144737
931172
144741
931175
144744
931178
144746
144747
931181
144750
931184
931187
144755
931190
144759
931193
144763
931196
931199
144767
931202
669059
931205
144775
931208
931211
931214
669070
144784
931217
931220
144788
931223
144791
144792
669081
931228
144797
931231
144800
931234
144802
669092
931237
144807
931240
931243
931246
669103
144816
931249
931252
144822
931255
931258
144826
669114
144828
931261
144830
144831
931264
931267
931270
931273
931276
144844
144846
931279
144848
669136
931282
931285
144854
931288
144857
931291
144859
669147
931294
144862
931297
931300
144869
669158
931303
144871
144872
931306
144874
144876
931309
144879
931312
669169
144882
931315
931318
144886
931321
144889
931324
669180
144893
931327
144895
931330
144898
144899
931333
144901
931336
931339
144908
931342
931345
669202
144915
931348
144916
931351
144921
931354
144924
931357
669213
144927
931360
144928
931363
144931
931366
669224
931369
144938
931372
144940
931375
144945
931378
669235
144948
931381
144950
931384
144952
144954
931387
144955
144957
931390
144959
931393
931396
144965
931399
669257
931402
144971
931405
144974
144975
931408
931411
144979
669268
931414
931417
144985
931420
144988
931423
669279
144992
931426
144995
931429
144997
931432
145001
931435
145004
145005
931438
931441
145011
931444
145013
669301
145014
931447
145016
931450
145018
931453
145022
931456
669312
931459
145027
145028
931462
931465
145034
669323
931468
145036
931471
145041
931474
145042
145044
931477
145045
669334
145047
931480
145050
931483
145052
931486
145054
145056
931489
931492
145060
931495
145065
931498
145068
669356
931501
145069
145071
931504
145074
931507
145077
931510
145079
669367
931513
145082
931516
145085
931519
145087
931522
669378
145091
145092
931525
145094
931528
145098
931531
145100
669389
931534
145103
931537
931540
145109
931543
145111
669400
931546
145115
931549
145117
931552
145120
931555
145125
931558
931561
145129
931564
145132
669422
931567
931570
145138
145140
931573
145143
931576
145144
669433
145146
931579
145147
931582
145150
145152
931585
931588
145156
669444
145158
931591
145160
931594
145164
931597
145166
669455
931600
145169
931603
145173
931606
145175
931609
669466
931612
145180
931615
145183
931618
931621
145190
931624
145192
931627
145197
931630
145199
669488
931633
931636
145204
931639
145209
931642
145211
669499
931645
145213
931648
145216
145217
931651
145221
931654
145222
669510
931657
145225
145226
931660
145229
931663
669521
931666
145235
931669
145239
931672
145242
931675
669532
931678
931681
145250
931684
931687
145255
669543
931690
145259
931693
931696
145264
931699
145268
931702
931705
931708
669565
145278
931711
931714
145284
931717
145285
145286
931720
669576
931723
145291
931726
145295
931729
145298
669587
931732
931735
931738
145307
931741
669598
145313
931746
931749
145318
931752
669609
931755
145323
931758
145326
931761
145330
931764
145332
145334
931767
145336
931770
145340
931773
931776
145344
931779
145348
931782
145350
931785
145354
931788
931791
145359
931794
145364
931797
931800
145369
931803
931806
931809
145377
145379
931812
931815
145383
931818
145386
931821
145389
145390
931824
145393
931827
145397
931830
145400
931833
145401
145403
931836
145406
931839
145407
931842
145410
931845
931848
145417
145418
931851
145420
931854
145423
931857
931860
145429
931863
931866
145435
931869
145439
931872
145442
931875
145445
931878
145446
145448
931881
145450
931884
407596
145453
931887
145455
145457
931890
145460
407604
931893
931896
931899
145467
407612
931902
931905
931908
145477
931911
931914
145482
931917
145485
931920
145489
931923
931926
145496
931929
145498
931932
931935
145503
145505
931938
145506
145508
931941
145510
931944
407656
931947
145516
931950
145518
145520
931953
145522
145523
931956
931959
145527
931962
931965
145533
931968
145537
931971
145540
931974
145543
931977
145546
931980
931983
931986
145554
931989
931992
931995
145564
931998
932001
145569
145571
932004
932007
145576
145577
932010
932013
145581
932016
145584
932019
145589
932022
145590
932025
145593
932028
932031
932034
145602
932037
145605
407750
932040
932043
145612
932046
407758
145616
932049
145617
932052
145621
932055
932058
145627
932061
932064
932067
932070
932073
932076
932079
145647
932082
145651
932085
145653
145655
932088
145656
932091
145659
145660
932094
145662
407808
932097
145665
145666
145667
932100
932103
145671
932106
932109
932112
932115
407827
145684
932118
145688
932121
932124
145693
145694
932127
932130
407842
145700
932133
145701
932136
145705
932139
145708
145709
932142
932145
145715
932148
145717
932151
145721
932154
932157
145727
932160
145730
932163
932166
145734
932169
932172
145740
932175
145745
932178
145747
932181
145751
932184
145754
932187
145755
932190
145758
145760
932193
145763
932196
145765
932199
145769
932202
932205
145773
932208
145776
145778
932211
145779
932214
145782
932217
145785
932220
145790
932223
932226
145796
932229
932232
145801
932235
145803
932238
145806
932241
145809
932244
145813
932247
145815
145817
932250
145819
932253
145822
932256
145824
932259
145828
932262
145830
932267
932269
932272
145841
932275
145843
932278
145847
932281
145851
932284
145852
145854
932287
145857
932290
932293
145862
932296
932299
145867
145868
932302
932305
145873
932308
145876
932311
145881
932314
145883
932317
145886
145887
932320
145890
932323
145891
145893
932326
932329
145898
145899
932332
932335
932338
145908
932341
145911
932344
145913
145914
932347
932350
145918
145919
932353
932356
145924
932359
932362
145932
932365
932368
145938
932371
932374
145942
932377
145946
932380
145949
932383
145953
932386
932389
145958
932392
145960
932395
145963
145965
932398
932401
145969
932404
145972
145974
932407
932410
145978
932413
145983
932416
145985
932419
145987
932422
145991
932425
145995
932428
932431
932434
932437
146005
932440
932443
146011
146013
932446
146016
932449
146019
932452
146021
932455
932458
146027
932461
146030
932464
146032
932467
932470
146039
932473
146041
146043
932476
932479
146047
146048
932482
932485
146053
146055
932488
932491
146060
932494
146062
932497
146065
146066
932500
146069
146070
932503
146072
932506
146074
146076
932509
146077
146079
932512
932515
146085
932518
146088
932521
932524
146092
932527
146096
932530
146098
932533
146101
932536
670392
932539
146109
932542
146110
932545
146113
670403
932548
146116
146118
932551
932554
932557
146126
670414
932560
146130
932563
932566
146134
932569
146137
670425
932572
146140
146142
932575
932578
146146
146147
670436
932581
146150
932584
146152
932587
146157
932590
408303
670447
932593
146161
146163
932596
932599
146168
932602
146170
670458
408316
932605
146175
932608
146177
932611
146180
670469
932614
146183
932617
146186
932620
932623
146192
670480
932626
146195
932629
146198
932632
408344
146201
932635
146203
146204
932638
146207
932641
146210
146211
932644
932647
932650
932653
146221
146222
932656
146224
932659
146229
932662
932665
932668
146238
932671
932674
932677
932680
146249
932683
146251
146253
932686
932689
146257
932692
932695
146263
146264
932698
146266
932701
146270
932704
146273
146274
932707
146277
932710
146279
932713
146281
932716
932719
932722
932725
146294
932728
932731
932734
146304
932737
146306
932740
146309
932743
146312
932746
146316
932749
932752
146321
146322
932755
146324
932758
932761
146331
932764
932767
932770
146338
146340
932773
146341
932776
146344
932779
146349
932782
146352
932785
932789
146358
932792
146360
146361
932795
146363
932798
146366
932801
146369
932804
146372
146374
932807
146375
146377
932810
146379
932813
932816
932819
146387
932822
146391
932825
932828
932831
146399
932834
932837
146405
146406
932840
146408
932843
146413
932846
932849
146418
932852
146420
146422
932855
932858
146427
146428
932861
932864
146432
932867
146435
146437
932870
146439
932873
146443
932876
146446
932879
146448
932882
932885
146454
932888
146457
932891
932894
146462
146464
932897
146466
932900
932903
932906
146475
932909
932912
932915
146484
932918
146486
146488
932921
146491
932924
146492
932927
932930
146498
146500
932933
146502
146503
932936
146505
932939
932942
146510
146512
932945
932948
146517
932951
146519
932954
932957
146526
932960
932963
146533
932966
146535
932969
146539
932972
146542
932975
146544
932978
932981
932984
932987
932990
146558
932993
146561
146563
932996
932999
146567
146569
933002
146571
933005
146573
933008
933011
146579
933014
146582
933017
146587
933020
933023
146592
146593
933026
146596
933029
933032
146600
146602
933035
146604
933038
146607
146608
933041
933044
146613
933047
146615
933050
146618
933053
933056
933059
933062
933065
933068
146637
933071
146639
146640
933074
933077
146645
933080
146648
933083
146652
933086
146654
933089
146657
933092
933095
146663
933098
146666
933101
933104
146673
933107
146677
933110
146679
933113
146681
146683
933116
933119
146687
146688
933122
146690
146691
933125
146694
933128
146696
933131
146700
933134
146702
933137
933140
146708
933143
146713
933146
933149
146718
933152
146722
933155
933158
146727
933161
933164
146732
933167
933170
146738
146739
933173
146741
933176
146746
933179
146749
933182
146751
933185
146754
933188
146756
146757
933191
146761
933194
933197
146766
933200
933203
933206
146774
146775
671063
933209
146777
146779
933212
146780
146782
933215
933218
146786
146788
933221
146790
933224
146792
933227
146795
933230
146799
146800
933233
146802
933236
146805
933239
933242
933245
146815
933248
146817
933251
146819
146820
146821
933254
146824
933257
933260
933263
146831
933266
933269
146839
933272
933275
146843
933278
146846
146848
933281
933284
933287
146855
146857
933290
146858
146860
933293
146862
146863
933296
146864
933299
146867
933302
146872
933307
146875
146876
933309
146878
933312
933315
146884
933318
146888
933321
933324
146892
146894
933327
933330
146898
933333
146901
146903
933336
146905
933339
933342
146911
146912
933345
146915
933348
146918
933351
933354
933357
933360
146930
933363
146932
933366
933369
146937
933372
933375
146945
933378
933381
933384
146952
933387
146955
933390
146958
933393
146961
146963
933396
146965
933399
146968
933402
146971
933405
146975
933408
933411
146979
146980
933414
933417
933420
933423
146991
146993
933426
146995
933429
146998
933432
147002
933435
147004
933438
147006
147008
933441
147011
933444
147013
933447
147015
147017
933450
933453
147021
933456
147026
933459
147028
147029
933462
933465
147035
933468
147037
933471
147040
933474
933477
147045
147047
933480
147049
147050
933483
933486
147054
147055
933489
147057
933492
933495
147063
147065
933498
147068
933501
147070
933504
147072
147074
933507
147077
933510
147079
933513
147082
933516
933519
933522
933525
147095
933528
933531
933534
147103
933537
147105
147107
933540
933543
147112
933546
933549
933552
147122
933555
147125
933558
147128
933561
147130
933564
147133
147134
933567
933570
147138
147140
933573
147142
933576
933579
147147
933582
147152
933585
147155
933588
933591
147159
933594
933597
147166
147167
933600
933603
147172
933606
147174
147176
933609
147178
933612
147182
933615
147185
933618
147187
933621
933624
933627
933630
147200
933633
147201
147203
933636
933639
933642
147210
933645
147213
933648
147216
933651
147220
933654
147224
933657
933660
147229
933663
147231
933666
147234
933669
147237
933672
147240
933675
933678
147246
933681
147250
409394
933684
933687
147255
147256
933690
671547
933693
147263
933696
147265
933699
147267
147269
933702
671558
933705
147273
933708
147277
933711
147280
671569
933714
409426
147284
933717
147287
933720
147289
933723
671580
933726
147294
147295
933729
147298
933732
147301
933735
671591
933738
147306
933741
147309
147310
409455
933744
671602
933747
933750
147318
933753
933756
147324
671613
147326
933759
933762
409476
933765
147333
147335
933768
671624
933771
147339
409484
147341
933774
933777
147347
671635
933780
933783
933786
147354
933789
671646
933792
147360
933795
147365
933798
147368
933801
671657
147370
933804
147374
933807
147377
933810
147380
671668
933813
933816
933819
933822
671679
933825
147393
933829
147398
933832
147401
671690
933835
147403
933838
933841
147410
147411
933844
671701
147414
933847
933850
933853
147422
933856
147424
671712
147426
933859
147428
933862
147430
933865
671723
933868
147438
933871
147439
933874
147444
933877
671734
933880
933883
147451
933886
147454
933889
671745
147458
933892
147462
933895
933898
671756
933901
147469
147471
933904
933907
147475
933910
671767
933913
147481
933916
147485
147486
933919
933922
671778
933925
147495
933928
409641
933931
147500
671789
933934
147504
933937
933940
933943
147512
671800
933946
147515
933949
147519
933952
147521
933955
671811
147525
933958
933961
147529
147530
933964
147532
671822
933967
147536
933970
933973
933976
147545
933979
147548
933982
147551
933985
933988
147556
671844
933991
147560
933994
933997
934000
934003
147571
147572
934006
147575
934009
147578
934012
147580
934015
934018
147587
934021
147591
934024
147594
934027
934030
147598
934033
147602
409747
934036
934039
147608
934042
147611
934045
147613
934048
147617
934051
147620
934054
147623
147624
934057
147626
934060
934063
934066
934069
934072
934075
147644
934078
147648
934081
147650
934084
147653
934087
147655
934090
147658
934093
147662
934096
147666
934099
934102
934105
147673
934108
147676
147678
934111
147679
934114
147683
934117
934120
147689
147690
934123
147692
934126
147696
934129
934132
147700
934135
934138
147706
934141
147709
934144
147713
934147
147716
147717
934150
147720
934153
147722
934156
147724
934159
147727
934162
147730
147732
934165
934168
147736
147738
934171
934174
934177
147746
934180
147749
934183
147752
934186
147756
934189
934192
147760
934195
147764
147765
934198
147768
934201
147769
934204
934207
147776
934210
147778
147780
934213
147782
934216
147784
934219
147789
934222
147792
934225
147794
934228
147798
934231
147801
934234
934237
934240
672097
147810
934243
147813
934246
147816
934249
147819
934252
934255
934258
934261
147829
672119
934264
147834
934267
147835
147837
934270
934273
147841
147842
934276
147845
934279
147849
934282
934285
147853
672141
934288
147857
147858
934291
934294
147862
934297
147867
934300
147869
934303
147871
147873
934306
147875
672163
934309
147879
934312
147881
934315
147885
934318
934321
147891
934324
147894
934327
147897
672185
934330
147900
934333
147902
934336
147906
934339
672196
147909
934342
147910
147911
934345
147917
934350
147919
934353
147922
934356
147924
934359
934362
147930
147932
934365
934368
934371
410084
147941
934374
147942
147944
934377
934380
147948
934383
147952
410097
934386
934389
934392
934395
147964
934398
147966
147967
934401
934404
147972
934407
147977
934410
147980
934413
934416
147984
934419
147988
934422
147990
934425
147995
934428
934431
147999
934434
934437
148006
934440
148009
934443
148011
934446
148014
934449
934452
934455
148023
934458
934461
934464
148033
934467
934470
148038
934473
148042
148043
934476
934479
148047
148049
934482
148051
934485
934488
148056
934491
148061
934494
148064
934497
934500
148068
934503
148073
934506
934509
934512
148082
934515
934518
148086
934521
148089
148090
934524
148093
934527
148095
934530
148100
934533
148102
934536
148105
934539
934542
148110
148112
934545
148115
934548
148117
934551
148119
934554
148122
148123
934557
148125
934560
148129
148130
934563
148132
148133
934566
934569
148137
934572
148141
934575
148143
148145
934578
148147
934581
934584
148152
934587
148157
934590
934593
148161
934596
934599
148168
934602
934605
148175
934608
148176
148178
934611
148180
934614
148184
934617
148185
934620
934623
148192
934626
148194
934629
148197
148198
934632
148201
934635
934638
934641
148209
148211
934644
934647
934650
148218
934653
934656
148225
934659
148229
934662
934665
934668
148237
934671
148239
934674
148242
934677
148247
934680
934683
148251
410397
934686
148255
934689
148257
148258
934692
934695
148263
148265
934698
934701
148270
934704
148273
934707
148276
934710
148280
934713
148283
934716
148284
934719
148288
934722
934725
148294
934728
934731
148299
148301
934734
148304
934737
934740
148308
934743
148311
934746
148316
934749
934752
148320
934755
148324
934758
934761
148331
934764
148332
934767
148336
934770
148338
934773
148342
934776
148344
148346
934779
934782
934785
934788
934791
934794
148363
934797
148366
934800
934803
148372
934806
148375
934809
934812
148380
934815
148383
934818
148388
934821
934824
148393
934827
148395
934830
934833
148401
934836
934839
934842
148410
148412
934845
148413
148415
934848
934851
148420
934854
148424
934857
934860
934863
934866
934870
148438
148439
934872
934875
934878
148448
934881
148449
934884
934887
148455
934890
148459
934893
148461
934896
934899
148468
934902
148471
934905
148474
934908
934911
148479
934914
148483
934917
148486
934920
148489
934923
934926
148496
934929
934932
934935
148503
148505
934938
934941
148510
148511
934944
148513
934947
148516
934950
148518
148519
934953
934956
148524
934959
148527
934962
934965
148535
934968
148537
934971
148540
934974
148542
148544
934977
148545
148547
934980
148550
934983
148551
934986
148556
934989
934992
148560
934995
148564
934998
148568
935001
148569
935004
935007
935010
148578
148580
935013
935016
148584
148586
935019
935022
935025
148593
935028
148596
148598
935031
148601
935034
148604
935037
935040
935043
148612
935046
148614
935049
148618
935052
148620
935055
935058
935061
148630
935064
148633
935067
148637
935070
935073
148642
935076
148644
148646
935079
148647
148649
935082
935085
148655
935088
148658
935091
148660
935094
935097
935100
148670
935103
148671
148673
935106
935109
935112
935115
935118
148686
935121
148691
935124
935127
148695
935130
148699
935133
148703
935136
935139
935142
935145
935148
148716
148718
935151
148720
935154
148722
148724
935157
148725
148727
935160
935163
148731
935166
148734
673023
935169
148737
148738
935172
935175
935178
148746
935181
148750
935184
148753
148754
935187
148756
935190
148759
935193
148761
935196
148764
935199
148767
673055
148769
935202
935205
148773
148774
935208
148777
935211
148780
935214
148783
673071
935217
148786
935220
148789
148790
935223
148792
148793
935226
935229
148798
935232
935235
148804
935238
148806
935241
935244
148812
935247
148817
935250
935253
148821
935256
935259
935262
148831
935265
935268
148838
935271
148839
148840
935274
148842
935277
148845
935280
935283
148851
935286
148854
935289
935292
148860
935295
148863
935298
148867
148868
935301
935304
148872
148874
935307
148875
148877
935310
935313
935316
148886
935319
935322
935325
148893
935328
148896
148898
935331
935334
935337
148905
935340
148908
148910
935343
148912
935346
148914
935349
148917
935352
148922
935355
148923
935358
148926
935361
148930
935364
148932
935367
148936
935370
148940
935373
148943
935376
935379
148947
935382
148950
935387
148955
148957
935390
935393
148963
935396
935399
148968
935402
148970
411114
148971
935405
148973
935408
148976
411122
935411
148980
935414
148983
935417
148985
148987
935420
148990
935423
411135
148992
935426
148994
935429
935432
149000
149001
935435
149003
935438
935441
149009
935444
935447
149016
411161
935450
149018
935453
149023
935456
149025
935459
149027
935462
935465
149034
935468
935471
149039
149041
935474
149043
935477
149045
149046
935480
149050
935483
935486
149054
935489
149058
935492
149060
411206
935495
149065
935498
149067
935501
149071
935504
149073
935507
935510
149079
935513
935516
935519
149088
935522
149092
935525
935528
149097
935531
149101
935534
935537
935540
149108
935543
935546
149115
149116
935549
149118
935552
149120
935555
935558
149126
935561
149131
935564
935567
935570
935573
149141
935576
149144
149145
935579
149148
935582
149152
935585
149155
935588
149156
935591
149161
935594
935597
935600
149169
935603
149173
935606
935609
149178
935612
149181
935615
149183
411328
935618
149188
935621
149191
935624
149193
935627
935630
149198
935633
935636
149206
935639
149208
935642
149211
935645
149215
935648
935651
149220
935654
149223
935657
935660
149230
935663
149233
935666
935669
149237
149238
935672
149240
935675
149243
149244
935678
149247
935681
935684
149252
935687
935690
149260
935693
149261
935696
149264
935699
935702
149272
935705
935708
935711
149279
149281
935714
149284
935717
149285
935720
149288
149289
935723
149291
935726
935729
935732
149300
935735
149304
935738
149306
149307
935741
149310
935744
149312
149314
935747
935750
149319
149320
935753
149323
935756
935759
149328
149329
935762
149331
935765
149335
935768
935771
935774
149342
149344
935777
149347
935780
935783
149351
149353
935786
149355
149356
935789
935792
935795
149363
935798
149366
935801
149369
935804
149374
935807
411519
149377
935810
149379
935813
149383
935816
149386
935819
935822
149390
935825
149394
935828
149396
935831
149400
935834
149403
935837
149405
149407
935840
149410
935843
935846
149416
935849
935852
935855
935858
149426
935861
149430
935864
935867
149436
149437
935870
149439
935873
935876
149445
935879
149447
935882
149450
935885
149455
935888
935891
149460
935894
149462
149464
935897
149466
935900
935904
935907
935910
149478
149479
935913
935916
935919
149488
935922
149491
935925
149495
935928
149497
935931
149500
935934
935937
935940
149508
935943
149511
149513
935946
149516
935949
149519
935952
149521
935955
935958
935961
149531
935964
935967
149535
935970
935973
935976
935979
935982
149552
935985
935988
149556
935991
935994
149562
935997
149566
936000
149568
936003
149573
936006
936009
149577
149578
936012
149581
936015
149584
936018
149587
936021
149590
936024
936027
149596
936030
149599
936033
936036
149605
936039
936042
149612
936045
149614
149615
936048
149618
936051
149619
149621
936054
149624
936057
149626
936060
936063
149633
936066
936069
936072
149642
936075
149645
936078
149646
936081
149649
936084
149652
936087
149656
936090
149658
936093
149661
149662
936096
149664
936099
936102
149670
936105
936108
936111
149680
936114
149683
936117
149686
149687
936120
149690
936123
936126
149695
936129
149699
936132
936135
936138
149707
936141
149710
936144
411856
149713
149714
936147
149716
936150
936153
936156
936159
936162
936165
936168
149736
149737
936171
149740
936174
936177
936180
149748
149750
936183
936186
149755
149756
936189
936192
149760
936195
149765
936198
936201
149771
936204
936207
149776
936210
149780
936213
149781
936216
149786
936219
936222
149791
936225
149793
936228
149797
936231
149799
936234
149803
936237
149805
936240
149808
149810
936243
149813
936246
149816
936249
149819
936252
936255
149823
149825
936258
149828
936261
936264
149834
936267
149836
936270
149840
936273
149842
936276
149844
936279
149847
936282
149851
936285
149853
936288
149856
149857
936291
149859
149861
936294
936297
149866
936300
149868
936303
936306
149874
936309
936312
149882
936315
149885
936318
149888
936321
149890
936324
149892
149893
936327
149897
936330
149898
936333
149901
936336
936339
936342
149910
936345
149913
149915
936348
149916
936351
936354
936357
149926
936360
149930
936363
936366
149934
936369
936372
149940
936375
149944
936378
149947
936381
149951
936384
149953
936387
149957
936390
149958
936393
149963
936396
149966
936399
149968
936402
936405
149974
936408
149977
936411
149979
149980
936414
149983
149984
936417
936420
149988
936423
149992
149994
936428
149997
936431
150000
150001
936434
150003
150004
936437
150006
936440
150008
150009
936443
936446
936449
150018
936452
150021
936455
150023
150025
936458
150026
936461
150030
936464
150034
936467
150037
936470
150040
936473
150042
936476
150046
936479
150049
936482
936485
150055
936488
936491
150060
936494
150064
936497
936500
936503
936506
150076
936509
150079
936512
150081
936515
150084
150085
936518
936521
150089
150090
936524
150092
150094
936527
150095
150097
936530
150099
936533
150102
936536
150105
936539
150107
936542
150110
936545
936548
150116
936551
150119
936554
150122
936557
150126
150127
936560
936563
936566
936569
150138
936572
936575
150145
936578
936581
150150
936584
150152
936587
150155
936590
936593
150161
936596
936599
936602
150172
936605
150175
936608
150178
936611
150179
150181
936614
936617
936620
150188
150190
936623
936626
936629
150198
150199
936632
150202
936635
936638
936641
150209
150210
936644
150212
150214
936647
150216
936650
150219
936653
936656
150224
936659
150227
936662
150230
936665
150233
936668
150237
936671
150241
936674
150243
936677
936680
150248
936683
936686
936689
150258
150259
936692
150262
936695
936698
150267
936701
150269
936704
150272
936707
150275
150277
936710
150280
936713
674570
936716
150286
936719
150288
936722
150291
936725
936728
150296
150298
936731
150299
936734
150304
936737
150307
936740
936743
936746
936749
936752
936755
150325
936758
936761
150330
936764
150334
936767
150336
936770
936773
150343
936776
150345
936779
936782
150350
674638
150352
936785
150354
936788
150358
674646
936791
936794
150362
936797
150365
936800
936803
936806
936809
150378
936812
150380
936815
150383
936818
150388
936821
150390
936824
150392
150393
150394
936827
936830
150398
936833
150403
936836
150404
936839
936842
150411
936845
936848
150416
936851
936854
150423
936857
150426
936860
150428
936863
936866
150435
936869
150437
150439
936872
936875
150443
936878
150446
674735
936881
150449
150451
936884
150454
936887
674743
150456
936890
150458
936893
936896
150465
936899
150469
936902
674760
936905
150473
936908
150476
936911
150480
936914
674770
150483
150484
936917
936920
150488
936923
150491
674780
150493
936926
150495
936929
936932
150500
150502
674790
936935
150504
936938
936941
150511
936944
674800
150514
936947
150516
150517
936950
150519
936953
150523
936956
936959
150529
936962
936965
150533
936968
936971
150539
150541
936974
150543
936977
150545
150547
936980
936983
150551
150553
936986
936989
150559
936992
936995
150564
936998
150566
937001
150569
150571
937004
150574
937007
150576
937010
150579
937013
150583
937016
150585
937019
150587
937022
150590
150592
937025
150594
937028
937031
150599
937034
937037
150606
937040
150610
937043
150611
937046
150615
937049
937052
150621
937055
150624
937058
150628
937061
937064
150633
937067
150636
937070
150640
937073
937076
150644
150646
937079
937082
150652
937085
150655
937088
937091
150660
937094
150662
150664
937097
150667
937100
937103
937106
937109
150677
937112
150681
937115
150685
412829
937118
150686
937121
937124
150693
937127
150696
937130
150699
937133
150703
937136
412850
937139
150709
937142
937145
150713
150715
937148
937151
150721
937154
150722
937157
150725
150726
937160
937163
150731
150732
937166
150734
150736
937169
150738
937172
937175
937178
937181
150750
937184
937187
150756
937190
150759
937193
150763
937196
150765
937199
150767
150769
937202
150772
412916
937205
937208
937211
150780
937214
150784
937217
937220
150790
937223
937226
150795
150796
937229
150799
937232
937235
150804
937238
150806
937241
150810
937244
150812
937247
150817
937250
937253
150821
150823
937256
937259
937262
937265
937268
150837
937271
937274
937277
937280
937283
150851
937286
937289
150857
150858
937292
937295
937298
150867
937301
150869
937304
937307
150875
937310
150880
937313
937316
150884
150885
937319
937322
150890
150892
413036
937325
937328
150897
937331
150901
937334
150903
937337
150907
937340
150908
937343
150911
937346
150915
937349
150918
937352
937355
150923
937358
937361
150929
937364
150934
937367
937370
150938
937373
150942
937376
150945
413089
937379
150947
937382
150951
937385
150953
413097
937388
150957
937391
150960
150961
937394
413107
937397
150967
937400
150969
937403
150973
937406
937409
150978
937412
937415
937418
150986
150988
937421
937424
150993
937427
150996
150997
937430
151000
937433
151003
937436
937439
151008
937442
151012
937445
151014
937448
151016
151018
937451
151020
937454
937457
151025
937460
937465
937467
151036
937469
937471
151040
937473
937475
151044
937477
937479
151047
151048
937481
151049
937483
937485
151053
937487
937489
151057
937491
151060
937493
151062
937495
937497
151065
937499
151067
937501
151070
937503
151072
937505
937507
151075
937509
151077
937511
937513
937515
937517
151085
937519
937521
151090
937523
151092
937525
937527
151096
937529
413242
937531
151099
937533
937535
937537
151105
151106
937539
151108
937541
937543
937545
151113
937547
937549
151117
937551
937553
151121
937555
937557
151126
937559
937561
151129
937563
151132
937565
937567
151135
937569
151138
937571
937573
151142
937575
151144
937577
937579
937581
937583
937585
937587
151155
937589
937591
937593
937595
151164
937597
151166
937599
937601
151169
937603
151172
937605
937607
937609
151177
937611
151179
937613
937615
937617
151186
937619
937621
937623
937625
937627
937629
937631
151200
937633
151201
937635
151204
937637
151206
151208
151209
937642
151211
937644
937646
937648
937650
151218
937652
937654
937656
151224
937658
151227
937660
151229
937662
151230
937664
937666
937668
151236
937670
937672
937674
937676
151244
937678
151246
937680
151248
937682
151250
937684
937686
151254
151255
937688
937690
151258
937692
151261
937694
937696
151264
937698
937700
151268
937702
151270
937704
151272
675560
937706
937708
151276
937710
151279
937712
937714
937716
151284
937718
151286
937720
151288
151289
937722
937724
151293
937726
937728
937730
937732
937734
151303
937736
937738
151306
937740
937742
151310
937744
937746
151314
151315
937748
937750
151319
937752
937754
937756
937758
151327
937760
937762
937764
151332
937766
151335
937768
937770
937772
151340
937774
937776
937778
151347
937780
937782
151350
937784
151352
937786
151354
937788
937790
937792
937794
151362
937796
151364
937798
151366
937800
151369
937802
151371
937804
937806
151375
937808
151378
937811
937814
151382
937817
151386
937820
937823
151393
937826
937829
937832
937835
151403
937838
151406
151408
937841
151409
937844
151413
937847
151417
937850
937853
151421
937856
151424
937859
151429
937862
937865
937868
151436
937871
151439
413584
937874
151442
937877
151446
937880
151449
937883
151451
937886
151454
937889
151457
937892
937895
151463
937898
937901
151469
937904
151473
937907
151475
937910
151479
937913
151482
937916
151484
937919
937922
151490
151491
937925
151494
937928
151497
151498
937931
151501
937934
151503
937937
151505
151507
937940
937943
151513
937946
937949
151517
937952
151520
937955
937958
151526
937961
937964
151533
937967
937970
151540
937973
151543
937976
151545
937979
151548
937982
937985
151553
937988
151557
937991
151559
937994
937997
151566
938000
151569
938003
151571
938006
938009
151579
938012
151582
938015
151584
938018
938021
938024
151592
151593
938027
938030
151598
151600
938033
151602
938036
151604
938039
151609
938042
938045
151615
938048
151618
938051
151619
151621
938054
151623
938057
938060
151628
938063
151632
938066
151636
938069
151639
938072
151640
151642
938075
151644
938078
938081
151650
938084
151654
938087
151656
938090
151658
151660
938093
938096
151665
938099
151669
938102
151671
938105
938108
151676
151678
938111
938114
938117
151685
151687
938120
938123
938126
151695
938129
151698
938132
151702
938135
938138
151706
938141
938144
938147
151716
938150
151718
938153
151722
938156
151724
938159
151727
938162
938165
151733
938168
151737
938171
151740
938174
151743
938177
151746
938180
151750
938183
938186
151755
938189
151758
938192
938195
938198
151766
938201
151769
938204
151774
938207
938210
151778
151780
938213
938216
938219
938222
151792
938225
151793
938228
151796
938231
938234
151802
151804
938237
938240
151808
151810
938243
938246
151814
151815
938249
938252
151820
151822
938255
151825
938258
151826
151828
938261
938264
151833
938267
151835
151837
938270
938273
151841
151843
938276
151844
938279
938282
151850
151852
938285
938288
151856
151858
938291
151860
938294
151863
938297
938300
151869
938303
151871
938306
151875
938309
151878
938312
938315
151883
938318
151887
938321
151890
151891
938324
151894
938327
151898
938332
151901
938335
151904
938338
151907
938341
938344
938347
938350
938353
151921
938356
151924
938359
938362
151932
938365
151933
938368
151936
938371
151939
938374
151942
151944
938377
938380
151950
938383
151952
938386
151956
938389
151957
938392
938395
151963
151965
938398
151966
938401
938404
151973
938407
938410
938413
151983
938416
938419
151988
938422
938425
151993
151994
938428
151998
938431
152001
938434
938437
152005
152007
938440
152008
938443
152011
152013
938446
938449
152017
938452
152020
938455
152023
938458
938461
152029
938464
152033
152034
938467
938470
152039
938473
938476
152044
152046
938479
152047
938482
152050
152051
938485
152055
938488
152057
938491
152059
938494
938497
152065
938500
938503
152071
938506
938509
152078
938512
152080
938515
938518
938521
938524
938527
152097
938530
938533
152102
938536
152104
938539
152108
938542
152111
938545
152113
152114
938548
152117
938551
152120
938554
152123
938557
152126
938560
152129
938563
152131
152132
938566
152136
676424
938569
938572
152140
938575
152143
152144
938578
152147
938581
152150
938584
152152
938587
938590
152158
938593
938596
938599
938602
676458
938605
152173
152175
938608
938611
152181
938614
938617
152185
676473
938620
152188
938623
152191
938626
152196
938629
938632
938635
152204
938638
152207
938641
152210
938644
152213
938647
938650
152218
152219
938653
938656
938659
938662
152230
938665
152234
938668
152236
938671
938674
152242
938677
152245
938680
152249
938683
152251
152252
938686
152254
938689
152258
938692
152260
152262
938695
152265
938698
152266
676554
152268
938701
152271
938704
938707
676564
938710
152280
938713
938716
152284
676574
938719
938722
152291
938725
152295
938728
676584
152297
938731
152299
152301
938734
152304
938737
152307
938740
676597
938743
152312
938746
152314
938749
938752
152320
152322
938755
152325
938758
152326
676614
414471
938761
152330
938764
152333
938767
152335
152337
938770
938773
152342
938776
152344
938779
152347
938782
152351
152352
938785
938788
938791
938794
152362
938797
152366
938800
152368
938803
152371
938806
152376
938809
938812
152380
938815
152384
938818
152388
938821
152389
938824
152393
938827
152397
938830
938833
152403
938836
152404
938839
152409
938842
152410
152412
938845
938848
414561
152419
938853
152422
938855
152423
152425
938858
152427
938861
152431
938864
414577
938867
938870
152438
938873
938876
152446
938879
152447
938882
152451
938885
938888
152456
152458
938891
152460
938894
152464
938897
938900
152470
938903
152473
938906
938909
152477
938912
152480
152481
938915
938918
938921
938924
152494
938927
938930
152499
938933
938936
152505
938939
152509
938942
152511
152512
938945
152515
938948
938951
152520
938954
938957
152526
938960
152530
938963
938966
152534
938969
152537
938972
938975
152543
152545
938978
152547
152548
938981
938984
152552
938987
152555
938990
938993
152562
938996
152564
152565
414709
938999
152567
939002
152571
152572
939005
414717
939008
939011
939014
939017
939020
152589
939023
152591
939026
152596
939029
939032
152600
152602
939035
152605
939038
152608
939041
152609
152611
939044
939047
152615
939050
939053
152623
939056
152626
939059
152627
152629
939062
939065
939068
414780
152637
939071
152641
939074
939077
152647
939080
152649
939083
152651
939086
152655
939089
152658
939092
939095
939098
152666
152667
939101
152670
939104
152672
939107
152675
152677
939110
152680
939113
939116
152685
939119
152689
939122
152692
939125
939128
152696
939131
152699
939134
939137
939140
152709
939143
939146
152715
939149
152718
939152
152720
939155
152725
939158
939161
152729
939164
939167
152735
939170
939173
152742
939176
152746
939179
152749
939182
152751
939185
939188
152756
152757
939191
152761
939194
152763
939197
939200
152768
939203
152773
939206
152774
939209
152778
939212
939215
152785
939218
939221
152790
939224
152792
152794
939227
939230
152798
939233
152801
939236
152804
152806
939239
939242
152810
939245
939248
152816
152818
939251
939254
152823
939257
152826
939260
939263
152831
939266
152834
939269
152838
939272
152840
939275
152845
939278
939281
939284
152852
939287
152855
152857
939290
152859
152860
939293
939296
152864
152866
939299
939302
152870
152871
939305
152874
939308
152877
939311
152881
939314
152883
939317
152885
939320
939323
939326
152894
939329
152898
939332
152901
939335
152905
939338
152907
939341
939344
152913
939347
152915
939350
152918
939353
152921
939356
939359
152928
939362
152930
152932
939365
939368
152937
939371
152939
939375
152944
152945
939378
152947
152948
939381
152950
939384
152953
939387
152955
152957
939390
939393
152963
939396
152965
939399
939402
939405
152975
939408
152977
152978
939411
152981
939414
152983
939417
152985
939420
152988
939423
152992
939426
152996
939429
939432
153001
939435
939438
153007
939441
153011
939444
153012
939447
153015
153017
939450
153019
939453
153023
939456
153025
939459
153029
939462
153032
939465
939468
153036
153038
939471
939474
153043
939477
153046
939480
153049
939483
153053
939486
153056
939489
153057
939492
153062
939495
153065
939498
939501
153069
153070
939504
939507
153075
939510
153079
939513
153082
939516
939519
153088
939522
153090
939525
153095
939528
153097
939531
415245
939534
153102
153104
939537
939540
153110
939543
153112
939546
153114
939549
153118
939552
153120
939555
153125
939558
153128
939561
153131
939564
939567
153136
939570
153139
939573
153143
939576
939579
153149
939582
939585
939588
939591
939594
153163
939597
153165
939600
153168
939603
153171
939606
153176
939609
153178
677466
939612
153182
939615
153185
939618
153186
677474
939621
153190
939624
939627
939630
939633
153203
939636
939639
153208
939642
153210
939645
153213
153215
939648
153217
939651
153220
939654
153222
939657
153227
939660
677517
153230
939663
153233
939666
153235
939669
153237
939672
939675
939678
153246
153248
939681
153250
939684
153253
153254
677542
939687
153257
939690
153259
153260
939693
153262
153263
939696
153266
939699
939702
939705
939708
153277
153278
939711
939714
153284
939717
939720
153290
939723
153291
939726
939729
939732
939735
939738
939741
153310
939744
939747
153317
939750
939753
153321
939756
153326
939759
153328
939762
153331
939765
153334
939768
153338
939771
939774
153344
939777
939780
153348
153350
939783
153351
153353
939786
153354
939789
153358
939792
153360
153362
939795
153364
153365
939798
153368
939801
939804
153372
153374
939807
939810
939813
153382
939816
153384
939819
939822
939825
153394
939828
939831
939834
153404
939837
153406
939840
153409
153410
939843
153413
939846
153415
939849
939852
939855
153423
939858
153428
939861
939864
153434
939867
939870
153440
939873
939876
153445
939879
939882
153452
939885
153453
939888
939893
939896
153466
939899
939902
153470
939905
939908
939911
153481
939914
153483
939917
939920
939923
153492
153493
939926
153495
939929
153499
939932
153502
939935
939938
153506
939941
153509
939944
153512
153513
939947
153516
939950
939953
153521
153522
939956
939959
153527
153529
939962
153532
939965
939968
153536
939971
153539
153540
939974
153543
939977
153547
939980
939983
939986
153555
939989
153559
939992
153561
939995
939998
153568
940001
940004
940007
940010
153580
940013
153582
940016
153584
153586
940019
940022
153591
940025
940028
153598
940031
153601
940034
153602
153604
940037
153606
940040
153608
940043
153611
940046
153614
940049
153617
153619
940052
940055
940058
153627
940061
940064
940067
153635
940070
153640
940073
940076
153646
940079
153649
940082
153650
940085
153654
940088
153656
940091
153660
940094
153662
940097
153665
940100
153668
940103
153671
940106
940109
153677
940112
153682
940115
153685
940118
940121
940124
153694
940127
940130
153698
940133
153701
153703
940136
940139
153707
940142
940145
153713
153714
940148
153716
153718
940151
153720
940154
940157
153725
940160
153730
940163
153732
940166
940169
940172
940175
940178
153746
940181
153751
940184
153754
940187
153756
940190
153759
940193
940196
153764
940199
153767
940202
153771
940205
940208
940211
153781
940214
940217
153787
940220
940223
153792
940226
940229
940232
153800
940235
940238
153806
940241
940244
153814
940247
153816
940250
940253
153822
940256
153826
940259
153828
940262
940265
153834
940268
940271
153840
940274
940277
153846
940280
153850
940283
153851
940286
153854
153856
940289
940292
153860
153862
940295
940298
153867
940301
153869
940304
153874
940307
940310
153879
940313
153883
940316
940319
940322
940325
940328
153896
153897
940331
153901
940334
940337
153905
940340
940343
153911
153913
940346
940349
153919
940352
940355
153925
940358
153926
940361
940364
153932
940367
153935
940370
940373
153942
940376
153944
153946
940379
153949
416093
940382
940385
153953
153954
940388
153958
940391
940394
416106
153963
940397
153966
940400
940403
940406
153976
940409
940412
153983
940417
153987
940420
940423
153992
940426
153995
678284
940429
940432
154001
940435
154003
940438
940441
154009
940444
154013
940447
154015
940450
940453
154021
940456
154026
940459
678315
940462
154031
940465
940468
154036
678325
940471
154039
154041
940474
154044
940477
154046
940480
154048
940483
940486
154054
154055
940489
154057
940492
154060
678349
154062
940495
940498
154067
154068
940501
154071
940504
154073
940507
154076
940510
416223
154080
940513
154082
940516
678372
154086
940519
940522
940525
154093
154095
940528
940531
154100
154101
940534
940537
940540
154108
940543
154111
940546
154115
940549
940552
154120
940555
154123
416267
154125
940558
940561
940564
154132
154134
940567
940570
154138
940573
940576
154145
940579
416292
940582
154152
940585
678441
940588
940591
678449
940594
154162
154164
940597
154167
940600
154169
940603
154172
154173
940606
154175
940609
678466
940612
940615
154183
154185
940618
154187
678476
940621
416335
940624
154194
940627
154195
940630
154200
940633
154203
940636
154204
940639
154208
940642
154212
940645
154213
154215
940648
154217
940651
154219
940654
154222
154224
940657
154227
940660
154230
940663
940666
154234
154236
940669
154239
940672
154241
940675
154244
940678
154247
940681
154249
940684
154252
940687
154255
154256
940690
678548
940693
154261
940696
154265
940699
154268
154269
940702
154271
154272
940705
678561
154275
940708
154278
940711
154280
940714
154282
154284
940717
678574
940720
154289
940723
154291
940726
154294
940729
154299
940732
154301
154302
940735
154304
940738
154306
154307
940741
154310
940744
154313
940747
154316
940750
154320
940753
154323
940756
940759
940762
154332
940765
940768
154336
154338
940771
154339
940774
940777
940780
940783
940786
154354
940789
154358
154359
940792
940795
154365
940798
154367
678655
940801
154370
940804
940807
154377
940810
940813
154383
940816
154386
940819
940822
154391
940825
154393
940828
154398
940831
940834
154402
154404
940837
154407
940840
154408
154409
940843
940846
154415
940849
154418
940852
154421
940855
154423
940858
940861
154430
940864
940867
154435
154437
940870
154440
940873
940876
154446
940879
154447
940882
154451
940885
940888
940891
154459
154461
940894
940897
154466
940900
154468
154470
940903
154472
940906
154475
940909
154478
940912
940915
154485
940918
154487
940921
154490
940924
154493
940927
940930
154500
940933
154502
940936
154505
940941
154509
940944
154514
940947
940950
940953
940956
154525
154526
940959
940962
154530
154532
940965
154534
940968
154536
154537
940971
940974
154542
940977
154545
940980
154548
154550
940983
940986
154554
154555
940989
154557
940992
940995
940998
941001
154570
941004
154573
154574
941007
154576
941010
154579
941013
154581
154583
941016
941019
941022
941025
154593
941028
154596
154598
941031
941034
154602
941037
941040
154609
941043
154612
941046
941049
941052
154621
941055
154625
941058
154628
941061
154631
941064
941067
154636
941070
154639
154640
941073
154642
941076
154644
941079
941082
154652
941085
154653
941088
154656
941091
154660
941094
154663
941097
154667
941100
941103
941106
154676
941109
941112
154681
941115
154685
941118
154687
941121
154690
941124
154692
941127
154695
941130
154698
941133
416845
941136
154706
941139
154708
154709
941142
154712
941145
154713
154715
941148
941151
154719
679008
154721
941154
154724
941157
154727
941160
154730
941163
941166
154734
941169
154737
941172
154740
941175
941178
154746
941181
154749
941184
941187
154756
941190
154759
941193
154763
941196
154766
941199
154767
154769
941202
941205
154773
941208
154778
941211
154780
941214
154783
941217
941220
154789
941223
154792
941226
154795
154796
941229
941232
154800
941235
154803
154805
941238
154808
941241
154811
941244
154814
941247
941250
941253
154822
941256
154825
941259
941262
154830
941265
154833
154835
941268
941271
154839
941274
154842
941277
941280
154848
941283
154852
941286
941289
154857
941292
941295
154865
941298
154866
941301
941304
154874
941307
154876
941310
154880
941313
941316
154886
941319
941322
941325
154895
941328
154898
941331
941334
941337
154906
941340
154909
941343
154911
941346
154914
154916
941349
941352
154920
154922
941355
154923
154925
941358
154927
941361
154930
941364
154932
154934
941367
154936
941370
154939
941373
941376
154944
941379
154947
941382
941385
941388
154957
941391
154959
941394
154962
941397
941400
154969
941403
941406
154974
941409
941412
154980
941415
154984
941418
941421
154991
941424
154994
941427
154997
941430
155000
941433
155003
941436
155005
941439
155007
941442
155010
941445
155015
941448
155017
155018
941451
941454
155022
155023
941457
941460
155028
155030
941463
941466
155036
941469
941472
155040
155041
941475
155043
941478
155046
679335
155048
941481
155050
941484
941487
679343
155057
941490
155058
941493
155061
155062
941496
155066
941499
155069
941502
155071
941505
679361
155074
941508
941511
941514
155082
155083
941517
941520
941523
155091
155093
941526
941529
155097
941532
941535
155104
941538
941541
941544
941547
155116
941550
155119
155120
941553
155123
941556
941559
155128
941562
941565
941568
155137
941571
155141
941574
941577
941580
155150
941583
941586
155154
941589
155158
941592
941595
155165
941598
155166
941601
941604
941607
155175
155177
941610
941613
155182
941616
155185
941619
155188
941622
941625
155194
941628
155197
941631
155199
941634
155202
941637
155206
941640
155209
941643
155211
155212
941646
155215
941649
155218
941652
155220
155222
941655
941658
155226
941661
941664
155234
941667
155236
941670
155238
941673
941676
155244
941679
941682
155252
941685
155254
941688
941691
155259
941694
941697
155265
941700
941703
941706
155276
941709
941712
155282
941715
941718
941721
155289
155290
941724
155292
941727
155297
941730
941733
155301
941736
155305
941739
941742
155311
941745
155313
941748
941751
941754
155324
941757
941760
941763
155331
155333
941766
941769
155339
941772
941775
155345
941778
155346
941781
155349
941784
155352
155354
941787
941790
155359
941793
155361
941796
941799
941802
941805
941808
155377
941811
941814
941817
155386
941820
155388
941823
155391
941826
155395
941829
941832
941835
941838
941841
941844
155414
941847
941850
155419
941853
155421
941856
941859
155428
941862
155430
941865
941868
155437
941871
941874
155442
155443
941877
155447
941880
155450
941883
155453
941886
941889
155459
941892
155462
941895
941898
155467
941901
155470
941904
155472
941907
155476
941910
155479
155480
941913
941916
155485
941919
155488
941922
155492
941925
155495
941928
155497
941931
941934
155504
941937
155507
941940
155509
941943
155512
941946
155516
941949
941952
155520
941955
155523
941958
941961
155530
941964
155533
941967
155536
941970
155539
941973
417685
941976
155546
941979
155549
417693
155551
941984
941987
155556
941990
155560
941993
155562
941996
941999
942002
155570
942005
155574
942008
417721
155578
942011
155579
155581
942014
942017
942020
155589
155590
942023
155591
942026
155595
942029
155597
155599
942032
155601
942035
942038
155606
942041
155610
942044
155614
942047
155615
942050
155618
942053
155621
155623
417767
942056
155626
942059
155627
942062
155630
942065
155634
942068
155636
942071
155640
942074
942077
155645
942080
155648
942083
155651
942086
155655
942089
155657
155658
942092
942095
155663
942098
155667
942101
155669
155671
942104
155674
942107
942110
942113
155683
942116
942119
155687
942122
155692
942125
155695
942128
155698
942131
155701
942134
942137
155705
942140
942143
942146
417858
155715
155716
942149
942152
155722
942155
942158
155727
942161
155729
942164
942167
155735
942170
155738
942173
155742
155743
942176
942179
942182
942185
155753
155755
942188
942191
155759
942194
155764
942197
155765
155767
942200
942203
155772
942206
155776
942209
942212
155782
942215
155785
942218
155787
942221
155790
942224
942227
155796
942230
155799
942233
942236
942239
155808
942242
942245
942248
155817
942251
155819
942254
155824
942257
155827
942260
942263
155832
942266
155836
942269
942272
155840
680130
942275
155844
942278
155846
155847
942281
942284
942287
155855
155857
942290
155858
942293
155861
155862
942296
155864
155866
942299
155868
942302
155871
680159
942305
155873
942308
155877
942311
942314
155883
942317
155885
942320
155888
942323
155892
942326
155894
942329
155898
942332
942335
155904
942338
155908
942341
155911
942344
155914
942347
942350
155918
942353
155921
155923
942356
155926
942359
155928
942362
155930
155932
942365
680222
942368
155938
942371
942374
155942
942377
942380
942383
942386
155954
942389
155957
155959
942392
942395
155964
942398
155968
680256
942401
155971
942404
942407
155977
942410
942413
155983
942416
942419
155987
155989
942422
155991
155992
942425
942428
155996
942431
942434
156002
156004
942437
156005
942440
156008
942443
942446
156014
942449
942452
156022
942455
942458
942461
942464
942467
942470
680327
942473
156041
942476
156046
942479
942482
680340
942485
156055
942488
942491
156059
942494
156062
942497
156066
942500
156070
942503
156073
156075
942508
156077
942510
942513
156083
942516
156086
942519
942522
156092
942525
942528
942531
942534
942537
156105
942540
942543
156113
942546
942549
156117
942552
942555
942558
156126
942561
156129
942564
680421
942567
156137
942570
942573
156141
156143
942576
942579
942582
942585
156153
942588
156156
942591
156159
156160
942594
156162
942597
942600
942603
942606
156176
942609
942612
942615
156183
942618
156188
942621
942624
156192
942627
156195
156197
942630
156200
942633
942636
156205
942639
156207
942642
156210
156212
942645
156214
942648
156217
942651
156221
942654
156223
942657
156227
942660
156229
942663
156231
942666
156234
156236
942669
156238
942672
156240
156242
942675
156245
942678
942681
156249
156251
942684
418398
942687
156255
942690
156258
156260
942693
942696
942699
156269
942702
156270
156272
942705
156275
942708
942711
156281
942714
942717
156287
942720
942723
156291
942726
156296
942729
156298
156299
942732
156301
942735
156305
942738
156307
156308
942741
156311
942744
942747
156315
942750
156318
942753
156321
156322
942756
156324
942759
156328
942762
156330
942765
156335
942768
156337
942771
942774
156342
942777
156346
156347
942780
156349
942783
156351
942786
156354
156356
942789
942792
942795
942798
156367
942801
156371
942804
156374
942807
156377
942810
942813
156382
942816
942819
156387
942822
156390
156392
942825
942828
942831
156401
942834
942837
156406
942840
942843
942846
156414
156416
942849
942852
156420
156421
942855
156423
156425
942858
156428
942861
942864
156433
942867
156436
942870
156438
156439
942873
156441
942876
156445
156446
942879
156448
942882
156452
942885
156454
942888
942891
942894
156462
942897
156467
942900
156469
942903
156472
942906
156475
942909
156477
942912
942915
156484
942918
156488
942921
942924
942927
942930
156498
942933
942936
156505
942939
156509
942942
942945
156513
942948
156517
942951
156521
942954
156523
942957
942960
156528
156530
942963
942966
156534
942969
942972
156541
942975
156544
156545
942978
942981
942984
156554
942987
942990
156559
942993
942996
942999
156568
943002
156570
943005
156573
156574
943008
943011
156581
943014
680871
943017
156586
943020
156588
943023
156591
943026
156598
943031
156601
943034
156603
943037
156607
943040
943043
156613
943046
156616
943049
156619
943052
943055
943058
156626
943061
156629
943064
156633
943067
943070
156638
943073
156643
943076
156646
943079
943082
943085
156653
943088
156657
943091
156660
943094
943097
156665
943100
156668
156669
943103
156671
156672
943106
156674
156676
943109
943112
156680
943115
156684
943118
156686
156688
943121
156690
943124
156694
943127
943130
156698
943133
943136
156704
156705
943139
156707
943142
156712
943145
943148
943151
156721
943154
156724
943157
943160
156729
943163
156733
943166
156735
943169
943172
156741
943175
943178
156748
943181
156750
943184
943187
156757
943190
156758
943193
156761
943196
156766
943199
943202
156770
943205
943208
156776
943211
943214
156782
156783
943217
156785
156787
943220
156788
156790
943223
156792
943226
156796
943229
156799
943232
156802
943235
156805
943238
943241
156809
156811
943244
156814
943247
156815
943250
156818
156820
943253
156822
943256
156825
943259
156829
943262
156831
943265
156835
943268
156836
156838
943271
156841
943274
943277
943280
156849
943283
156852
943286
156854
943289
943292
156862
943295
943298
156866
943301
156870
943304
156873
943307
156875
943310
156878
156879
943313
943316
156885
943319
156887
156889
943322
156891
943325
156895
681183
943328
943331
156899
156901
943334
156903
943337
156905
156907
943340
943343
156913
943346
156915
943349
156917
681206
943352
943355
943358
943361
156929
943364
156932
943367
943370
943373
943376
943379
156948
943382
156950
943385
156953
156955
943388
156956
943391
943394
156963
943397
156967
943400
943403
156971
943406
943409
156977
943412
156980
156982
943415
156985
943418
156987
943421
156990
943424
156994
943427
943430
156999
943433
157001
157003
943436
157005
943439
157007
943442
157010
943445
943448
157016
943451
157020
943454
157024
943457
157026
943460
157028
943463
157033
943466
157035
943469
943472
943475
943478
157046
943481
157050
419194
943484
157052
943487
157056
943490
157058
943493
157062
943496
157064
157065
943499
157067
157068
943502
943505
943508
157077
943511
419223
157080
943514
157082
157083
943517
157086
419231
943520
157090
943523
943526
157096
943529
943532
157100
157102
943535
157104
943538
157107
943541
157109
943544
157114
943547
419260
943550
943553
157123
943556
943559
943562
157131
943565
943568
157138
943571
943574
157142
157143
943577
157146
943580
157148
943583
943586
157154
943589
157159
943592
157160
943595
157165
943598
943601
157171
943604
943607
157177
943610
943613
157181
157183
943616
157186
943619
943622
157190
943625
157193
943628
943631
943634
157204
943637
943640
157210
943643
157212
157213
943646
943649
157218
943652
157221
943655
157225
943658
943661
943664
943667
943670
157238
943673
157241
943676
943679
157247
157248
943682
943685
157253
943688
943691
943694
943697
943700
157268
943703
943706
157274
943709
157278
943712
157280
943715
157284
943718
157287
157288
943721
157291
943724
943727
943730
157299
943733
943736
157306
943739
943742
157310
157311
943745
157314
943748
157318
943751
943754
157322
157323
943757
943760
943763
943766
157334
943769
943772
943775
943778
157348
943781
157351
943784
157353
943787
157355
157357
943790
943793
157362
943796
157365
157366
943799
157368
943802
157370
943805
943808
943811
157380
943814
157383
943817
943820
157388
943823
157391
943826
157394
157396
943829
943832
157402
943835
157404
943838
943841
157409
943844
943847
157415
157417
943850
943853
157421
943856
157424
157426
943859
157429
943862
157430
943865
943868
157436
943871
157439
157440
943874
943877
157445
943880
943883
943886
157455
943889
943892
157460
943895
157464
943898
943901
157469
943904
943907
157476
943910
157478
943913
157481
943916
157485
943919
943922
157490
943925
157493
157495
943928
943931
157501
943934
943937
157506
157507
943940
943943
157513
943946
157516
943949
943952
943955
157524
943958
157526
943961
943964
157533
943967
157535
943970
157538
943973
943976
943979
157547
157549
943982
943985
157554
943988
157558
943991
157560
943994
943997
157566
944000
157568
157569
944003
157572
157573
944006
944009
157578
944012
157580
944015
157584
944018
944021
157589
157591
944024
944027
157596
944030
944033
157601
157603
944036
157606
944039
157609
944042
944045
157615
944048
944051
944054
944057
944060
157629
944063
157631
157634
944068
944070
944073
157641
944076
157646
944079
944082
157650
157651
944085
157654
944088
157656
157658
944091
157661
944094
944097
157665
944100
681956
157669
944103
944106
157676
681964
944109
944112
157680
944115
157683
157685
944118
944121
944124
157692
944127
157695
944130
157698
944133
157701
944136
944139
157708
681996
944142
157711
944145
157714
944148
157716
944151
157719
157721
944154
157723
944157
157727
944160
944163
157732
944166
157736
944169
682025
944172
944175
157744
944178
944181
944184
944187
944190
157758
419902
944193
944196
157766
944199
944202
157770
157771
944205
157773
157774
944208
157776
944211
157780
944214
157783
944217
157785
157786
944220
944223
157791
944226
944229
157797
944232
157800
944235
157805
944238
944241
157810
944244
944247
157817
682105
944250
944253
157821
944256
157824
682113
944259
157828
944262
157830
157832
944265
944268
157836
944271
157840
944274
157843
944277
157846
157847
944280
944283
157852
944286
944289
157858
944292
944295
157864
944298
157866
944301
157871
944304
944307
157875
682164
944310
944313
157881
157882
157883
944316
944319
944322
944325
157894
944328
944331
944334
944337
157906
944340
682198
944343
157911
944346
157914
157915
944349
157918
944352
157920
944355
944358
157926
157928
944361
157930
944364
157933
944367
157935
944370
157938
157940
944373
682229
157942
944376
944379
157949
944382
157952
944385
157954
944388
157957
157958
944391
944394
157963
944397
157966
944400
157970
944403
157973
944406
157976
944409
944412
157981
944415
157983
944418
157986
944421
944424
944427
157995
944430
944433
158003
944436
158005
944439
158007
944442
158010
158012
944445
158014
944448
158018
944451
944454
944457
158026
944460
158030
944463
944466
158034
944469
158037
158039
944472
158042
944475
158044
944478
158046
158048
944481
158050
944484
158052
158053
944487
158056
944490
158060
944493
158062
944496
158066
944499
158068
944502
944505
158074
944508
944511
158080
944514
158082
944517
158086
944520
158090
944523
158091
944526
158094
944529
158099
944532
158101
944535
158104
944538
158107
944541
158111
944544
158114
944547
158115
944550
158120
944553
944556
158124
944559
944562
944565
158133
944568
158136
944571
158139
944574
158143
944577
158145
944580
158148
944583
158153
944588
158156
944591
158159
944594
158164
944597
944600
158168
158170
944603
158171
158173
944606
944609
158177
158178
944612
158182
944615
158184
944618
158186
158187
944621
944624
158193
944627
158197
944630
158200
944633
158202
944636
158206
944639
944642
158212
944645
158213
944648
944651
944654
158223
944657
158226
944660
158228
158229
944663
158232
944666
158235
944669
158239
944672
158242
944675
944678
944681
158249
158250
944684
158253
944687
944690
158258
158259
944693
158261
944696
158264
944699
158267
158268
158269
944702
944705
944708
944711
944714
158282
944717
158286
944720
158289
944723
158291
944726
158294
944729
158297
944732
158301
944735
158304
944738
158307
944741
944744
158313
944747
158317
944750
944753
158323
944756
944759
158329
944762
158331
944765
158335
944768
158337
944771
158341
944774
944777
158345
158346
944780
158350
944783
158352
944786
158355
944789
158357
944792
158360
944795
158365
944798
944801
944804
944807
158375
944810
682667
944813
944816
944819
158388
944822
944825
944828
158398
944831
944834
158402
944837
158405
944840
158408
158409
944843
944846
944849
158419
944852
944855
944858
944861
944864
944867
158436
944870
158438
944873
158441
944876
944879
944882
944885
158454
944888
158458
944891
158459
158461
944894
158463
944897
158466
944900
158468
158470
944903
158472
158473
944906
158475
944909
158478
944912
158480
158481
944915
944918
944921
158491
944924
158493
944927
944930
944933
944936
944939
158508
944942
944945
158513
944948
158516
944951
158519
944954
158522
158524
944957
944960
158528
944963
944966
158535
944969
158537
944972
158540
944975
158545
944978
944981
944984
944987
158557
944990
944993
158562
944996
158566
944999
158569
945002
158572
945005
945008
158577
945011
945014
945017
945020
158588
945023
945026
158594
420739
945029
945032
945035
945038
158608
420752
945041
158610
945044
158612
945047
158615
158616
945050
945053
945056
945059
158629
945062
158631
945065
945068
158637
945071
158640
945074
158643
158644
945077
158645
945080
420793
945083
158651
158653
945086
945089
420801
158659
945092
945095
158663
945098
945101
158670
158673
420817
945106
945109
158678
945112
945115
158683
158685
945118
945121
158689
682977
945124
158692
945127
945130
158700
945133
158702
945136
158704
158706
945139
158708
945142
158710
158711
945145
158714
945148
158717
945151
158719
945154
158724
945157
945160
158729
945163
945166
945169
945172
158740
945175
945178
158747
945181
158749
945184
158754
945187
158756
945190
158758
158760
945193
158762
945196
945199
158769
945202
158772
945205
158774
945208
945211
158780
945214
945217
945220
158789
945223
945226
945229
158797
945232
945235
158804
945238
158808
945241
945244
158813
945247
945250
945253
158821
945256
945259
945262
945265
158834
945268
158836
945271
945274
158843
945277
158845
945280
158848
158850
945283
158852
945286
158856
945289
158858
945292
158861
945295
945298
158866
158868
945301
158871
945304
945307
158876
945310
158879
158880
945313
945316
945319
158887
945322
158892
945325
158894
158895
945328
945331
158899
945334
158903
945337
945340
158909
945343
158911
945346
158914
158915
945349
945352
158921
945355
158924
945358
158926
945361
945364
158932
945366
945368
158937
945370
945373
158941
945376
158945
945379
945382
158951
945385
945388
158956
945391
158960
945394
945397
158965
945400
158968
945403
158972
945406
158976
945409
945412
158982
945415
945418
945421
158990
945424
158993
158994
945427
945430
158998
159000
945433
945436
159004
159006
945439
159009
945442
945445
159013
159015
945448
159018
945451
945454
159022
159024
945457
945460
945463
159031
945466
945469
159039
945472
945475
945478
945481
945484
945487
159055
945490
945493
159062
945496
945499
159069
945502
159072
945505
159075
945508
159078
945511
945514
159082
159084
945517
159085
945520
159088
945523
945526
159096
945529
159099
945532
159101
159102
945535
945538
945541
159111
945544
945547
159117
945550
159120
945553
159122
945556
159126
945559
945562
159130
159131
945565
945568
159137
945571
945574
159142
945577
159145
945580
945583
159153
945586
945589
159159
945592
159161
945595
945598
159166
159168
945601
159170
945604
945607
945610
945613
159182
945616
159184
159190
159192
159193
159195
159198
159199
159202
159205
159210
159213
159214
159216
159219
159222
421371
159230
159234
159236
159240
159245
159248
159249
159253
159262
159265
159268
159269
159273
159276
159283
159285
159289
159298
159299
159302
159304
159308
159312
159314
159320
159323
159325
159329
159331
159333
159336
159340
159341
159343
159347
159349
159353
159357
945791
945794
159363
945797
159366
945800
159368
159370
945803
159372
159373
945806
159376
945809
945812
945814
945816
945818
159388
945821
945824
159394
945827
945830
159398
945833
159401
945836
159405
945839
159408
945842
159410
159412
945845
159414
945848
159416
159417
945851
159419
945854
159422
159423
945857
945860
945863
159433
945866
683722
945869
945872
159440
945875
159444
945878
159448
945881
159449
945884
945887
159455
945890
159459
683748
945893
945896
159466
945899
159468
945902
159470
683758
159471
945905
945908
159477
945911
159479
159481
945914
945917
159486
159487
945920
159490
945923
159491
945926
159496
945929
945932
159500
945935
159505
945938
945941
945944
159512
159514
945947
159516
945950
159518
945953
945956
159524
945959
159528
945962
159531
945965
159534
945968
683824
159538
945971
159541
945974
159543
945977
159545
159547
945980
683837
945983
159553
945986
945989
159559
945992
945995
945998
159567
946001
946004
159573
946007
159577
946010
946013
159581
159582
946016
683874
946019
159588
946022
159590
946025
159593
946028
159598
946031
946034
159602
946036
946038
159607
946041
159610
946044
159613
946047
946049
159617
946051
159619
946053
159621
159622
946056
159625
946059
159627
159629
946062
159631
946065
946068
946071
159639
946074
946077
946080
159649
946083
946086
159656
946089
159657
159659
946092
159662
946095
159664
946098
159666
159668
946101
159671
946104
159673
946107
946110
159679
946113
159681
159683
946116
946119
159689
946122
946125
946128
159696
159698
946131
159700
946134
159703
946137
159705
946140
946143
946146
159714
946149
159718
946152
159720
946155
159723
946158
684015
946161
159729
946164
946167
684023
159736
946170
159739
946173
159742
946176
159744
946179
946182
946185
159755
946188
159756
946191
946194
946197
159765
159767
946200
946203
159771
946206
159774
159776
946209
946212
159780
159782
946215
946218
159788
946221
159790
946224
159792
946227
159795
159796
946230
946233
159802
946236
159805
159806
946239
159809
946242
946245
159814
159815
946248
159818
946251
159819
159821
946254
159822
159824
946257
159827
946260
159830
946263
946266
159835
946269
159837
159838
946272
946275
159843
159845
946278
159848
946281
159851
946284
946287
946290
159860
946293
159863
946296
946299
946304
946307
159875
946310
159880
946313
159882
946316
159884
159886
946319
159888
159889
946322
159892
946325
159895
946328
946331
159899
946334
159903
946337
159906
946340
946343
159911
946346
159915
946349
946352
946355
159923
946358
946361
946364
946367
946370
946373
159941
159943
946376
946379
159947
159949
946382
159950
946385
159953
946388
159956
946391
159959
159960
946394
946397
159965
159967
946400
159969
946403
159972
159973
946406
159976
946409
159979
946412
159982
946415
946418
159988
946421
422134
946424
159992
946427
159997
946430
159998
422142
946433
946436
946439
946442
946445
160013
946448
946451
160020
946454
946457
160025
160027
946460
160028
160030
946463
946466
946469
160037
946472
946475
160044
946478
160047
946481
160049
946484
160052
946487
160056
160057
946490
946493
160063
946496
946499
160067
946502
946505
946508
160076
946511
160079
160081
946514
160083
946517
160086
946520
160088
946523
160091
160092
946526
160095
946529
160097
160099
946532
160101
946535
946538
946541
160111
946544
160113
946547
422260
160117
946550
946553
946556
160125
946559
946562
160130
160132
946565
160134
946568
160136
946571
946574
946577
160146
946580
946583
160151
946586
160154
946589
160158
946592
160161
946595
946598
160166
946601
946604
160173
946607
160175
160177
946610
946613
946616
946619
160189
946622
160191
160192
946625
160194
946628
946631
160199
160201
946634
946637
160205
160206
946640
160209
946643
160211
946646
160216
946649
160219
946652
160221
946655
160224
946658
946661
946664
946667
946670
160239
946673
160243
946676
160244
160246
946679
946682
160250
946685
160254
946688
946691
160259
946694
946697
160265
160267
946700
160269
946703
946706
160275
946709
160278
946712
160281
946715
946718
160287
946721
160289
946724
160292
160294
946727
160296
946730
160299
946733
160302
946736
946739
160308
946742
160311
946745
160314
946748
160318
946751
946754
946757
946760
160328
946763
160332
946766
160336
946769
160339
946772
946775
160345
946778
946781
946784
160353
946787
946790
160359
160360
946793
946796
160364
946799
160367
160369
946802
160370
160372
946805
946808
160376
946811
160379
946814
160383
160384
946817
946820
160388
160390
946825
946827
946830
160400
946833
160403
946836
946839
946842
946845
946848
946851
160420
946854
160422
946857
946860
160430
946863
160433
946866
160435
946869
160437
946872
160441
946875
160443
946878
160448
946881
946884
946887
946890
160458
160459
946893
160461
684751
946896
946899
946902
684759
946905
946908
160477
946911
946914
160483
946917
946920
160490
946923
946926
160494
946929
160498
946932
160501
946935
160505
946938
160506
946941
946944
160512
160513
946947
160515
946950
160518
946953
160522
946956
160524
946959
160529
946962
160532
946965
160533
946968
160536
946971
160539
946974
160544
946977
160546
946980
160549
946983
160551
160553
946986
946989
946992
946995
160563
946998
160566
947001
160570
947004
947007
947010
947013
160583
947016
947019
947022
947025
160595
947028
160598
947031
160600
947034
160603
160604
947037
160606
947040
947043
160612
947046
160614
947049
160618
947052
160620
947055
947058
947061
160629
160630
947064
947067
160635
947070
947073
160643
947076
160645
947079
160649
947082
947085
160655
947088
947091
947094
422806
160663
947097
160665
160667
947100
160669
160670
947103
160672
947106
160674
160676
947109
160679
947112
947115
160684
947118
160687
947121
160689
947124
160693
947127
947130
160698
160700
947133
947136
160705
947139
947142
947145
160715
947148
947151
160719
160721
947154
160724
947157
947160
160730
947163
947166
160734
947169
160737
947172
947175
160745
947178
160748
947181
947184
947187
160755
947190
160759
947193
947196
160765
947199
160768
947202
947205
160775
947208
160777
947211
947214
160782
160784
947217
160785
947220
160790
947223
160791
160793
947226
947229
947232
160800
160802
947235
947238
947241
160810
947244
947247
947250
160820
947253
160821
947256
947259
947262
160830
160831
160832
947265
160834
947268
160836
947271
160840
160841
947274
947277
947280
160850
947283
160852
947286
947289
160857
947292
160860
947295
160864
947298
160867
947301
160869
160870
947304
160873
947307
160876
160877
947310
160879
947313
160883
947316
947319
947322
160892
947325
160893
947328
160896
160897
947331
160901
947334
947337
160905
160907
947340
947343
160911
947348
160916
160918
947351
160920
947354
160922
947357
160925
947360
947363
160933
947366
160934
947369
160938
947372
160940
160942
947375
947378
947381
160949
947384
160954
947387
947390
160960
947393
160961
947396
160964
947399
160967
947402
160970
947405
947408
947411
160980
947414
947417
947420
947423
160992
160993
947426
160996
947429
947432
947435
947438
161008
947441
947444
947447
161017
947450
947453
947456
947459
947462
947465
161034
947468
161036
947471
161040
947474
161042
947477
161045
947480
161049
161050
947483
947486
947489
161059
947492
947495
161063
947498
947501
161070
947504
947507
161077
947510
161080
947513
161083
947516
947519
161089
947522
161091
947525
161093
161095
947528
161097
947531
947534
161102
947537
947540
161108
947543
161111
161112
947546
161114
947549
947552
161120
947555
161123
947558
161126
947561
947564
161133
947567
161135
947570
161140
947573
161141
947576
161145
947579
947582
947585
947588
161156
947591
161159
161160
947594
161164
947597
947600
161168
947603
161171
947606
947609
161178
947612
947615
947618
161187
685476
947621
947624
947627
161196
947630
947633
161201
947636
161206
947639
685496
161209
947642
161212
947645
161214
947648
947651
161220
685509
947654
947657
161226
947660
161228
947663
161231
161232
947666
161236
947669
947672
161240
947675
947678
161246
947681
161249
947684
947687
161255
161256
947690
161258
685546
161259
947693
161261
947696
161264
161266
685554
947699
947702
161271
947705
161275
947708
947711
161279
947714
947717
161285
947720
161290
947723
947726
947729
161298
947732
947735
947738
161306
947741
161309
161310
947744
161314
947747
161317
947750
947753
947756
161324
161326
947759
161329
947762
161332
947765
161335
947768
161337
161338
947771
161340
947774
161342
947777
161345
947780
947783
947786
161355
947789
947792
161360
161362
947795
161365
947798
947801
161370
947804
161372
161373
947807
161376
947810
161380
947813
161383
947816
947819
161387
947822
947825
161395
947828
161397
947831
685687
947834
947837
161407
947840
161408
947843
947846
947849
161417
947852
161420
161422
947855
161424
161425
947858
161426
947861
161429
947864
947867
161435
685724
161439
947872
947874
161443
947877
161446
947880
161449
947883
161453
947886
161456
947889
947892
947895
947898
161467
947901
423613
161470
947904
161473
947907
947910
161479
947913
947916
161484
161486
947919
947922
161490
947925
161493
947928
947931
161501
947934
161503
947937
161505
947940
161508
423652
161509
947943
161511
947946
947949
161519
947952
423665
947955
161523
161525
947958
685815
161528
947961
947964
947967
947970
161539
947973
161543
947976
947979
947982
947985
161554
947988
161556
947991
947994
947997
161565
948000
161570
948003
948006
161576
948009
948012
948015
161585
948018
423730
161588
948021
948024
948027
161595
948030
948033
161602
948036
948039
948042
161611
948045
948048
948051
161620
948054
948057
161626
948060
161629
948063
161631
948066
161636
948069
948072
161640
948075
948078
161646
161647
948081
161650
161651
948084
948087
161655
948090
161658
948093
948096
161664
948099
948102
161670
948105
161674
948108
161677
948111
948114
161683
161684
948117
948120
948123
161692
948126
948129
161697
948132
948135
948138
161706
948141
161711
948144
948147
161717
948150
161718
948153
161722
948156
161724
948159
161727
161728
948162
948165
161734
948168
948171
161740
948174
161744
948177
161747
948180
161749
948183
948186
948189
161757
948192
948195
948198
161766
948201
161769
161770
948204
948207
161776
948210
161779
948213
948216
161786
948219
948222
161790
948225
161793
948228
948231
161799
161800
948234
948237
948240
161808
948243
161813
948246
948249
948252
161821
948255
161825
948258
161826
948261
161830
948264
161833
948267
161837
948270
948273
948276
161846
948279
161849
948282
161852
948285
161855
948288
161856
948291
948294
948297
948300
161868
161869
948303
161872
948306
948309
948312
161882
948315
948318
948321
161891
948324
948327
948330
161900
948333
948336
948339
161908
161909
948342
948345
161914
948348
161916
948351
161919
948354
948357
161925
948360
161929
948363
161933
948366
161936
948369
161938
948372
948375
948378
161948
948381
161950
948384
161953
948387
161957
948390
161961
948395
948397
948400
161968
948403
161972
161973
948406
948409
161977
948412
948415
161983
948418
161986
161988
948421
161991
948424
161993
948427
161996
948430
161999
948433
162001
948436
162006
948439
162009
948442
162011
948445
162014
948448
162016
162017
948451
162020
948454
948457
948460
162030
948463
162033
948466
162035
948469
948472
162042
948475
162045
948478
162048
948481
162050
948484
162054
948487
162055
948490
948493
424207
948496
162064
948499
162068
948502
948505
162073
948508
162077
948511
162080
948514
162082
424227
948517
162085
948520
162089
948523
162093
948526
162096
948529
162099
948532
162101
948535
162104
948538
162106
162108
948541
948544
948547
162117
948550
162120
948553
948556
948559
162127
948562
162132
948565
948568
162137
948571
162139
948574
162142
948577
162146
948580
948583
948586
162155
948589
162157
686445
948592
948595
162165
948598
162167
948601
162169
162171
948604
162173
948607
162175
948610
162178
948613
948616
948619
162189
948622
948625
162193
948628
162197
686485
948631
162199
948634
948637
162205
948640
162208
162209
948643
948646
162215
948649
162217
948652
162221
948655
162224
948658
162228
948661
162231
948664
948667
162236
948670
162239
948673
948676
162245
948679
948682
162251
948685
162253
948688
162257
948691
162259
948694
162264
948697
948700
948703
162272
948706
162275
948709
162277
948712
162280
162281
948715
162283
162285
948718
948721
162291
948724
948727
162295
948730
162298
162300
948733
162303
948736
948739
162307
162308
948742
162311
948745
162315
948748
948751
948754
162324
948757
948760
162330
948763
948766
162336
948769
948772
948775
162345
948778
162347
948781
162349
162351
948784
162353
948787
948790
162358
162360
948793
948796
162364
948799
162368
948802
948805
162373
162375
948808
948811
162380
948814
162382
948817
948820
162388
948823
948826
162396
948829
948832
162400
162402
948835
162405
948838
162408
948841
948844
162413
948847
948850
162418
948853
162421
162423
948856
162424
162426
948859
162428
948862
948865
948868
162438
948871
162439
162441
948874
162442
162444
948877
162446
948880
162450
948883
162452
948886
948889
948892
162460
162462
948895
162465
948898
162468
948901
162470
948904
162472
162473
948907
162476
948910
162479
948913
162483
948916
162486
948919
162488
948922
162491
948925
162493
948928
948931
162500
948934
948937
162506
948940
948943
948946
948949
948952
162521
948955
162524
948958
162528
948961
948964
162533
948967
162535
948970
162539
948973
162542
948976
162544
948979
162548
948982
162551
162552
948985
948988
948991
162559
948994
162562
162564
948997
162566
949000
162569
949003
162571
949006
162575
949009
162578
949012
162580
162581
949015
162585
949018
949021
162589
162591
949024
162594
949027
162597
949030
949033
162602
949036
162604
162605
162606
949039
162609
949042
162612
949045
162615
949048
162616
949051
162620
949054
162622
162624
949057
949060
949063
162633
949066
949069
162638
949072
949075
949078
162647
949081
162650
949084
162654
949087
949090
162660
949093
162663
949096
162666
949099
162669
949102
162672
949105
162673
949108
162677
949111
162679
949114
949117
162685
949120
162688
162689
949123
949126
162694
949129
949132
949135
949138
162706
162708
949141
162710
949144
162712
162713
949147
949150
949153
949156
162725
949159
162729
949162
949165
949168
949171
162739
949174
949177
162745
949180
162749
949183
162752
949186
162754
162756
949189
949192
949195
162765
949198
949201
162770
949204
949207
162777
949210
949213
162783
949216
949219
162787
949222
162790
949225
162794
949228
162797
949231
424944
949234
162802
162804
949237
162806
949240
162809
162810
949243
949246
162815
949249
162818
949252
162820
424965
162822
949255
162825
949258
162828
949261
162829
949264
424977
949267
949270
162838
949273
162842
949276
949279
162848
949282
424996
949285
949288
162856
949291
162859
425005
949294
949297
949300
162868
949303
162871
949306
425020
949309
162877
949312
162882
949315
949318
162886
949321
162889
425035
949324
949327
162895
949330
162898
425043
949333
162901
949336
687194
949339
162908
949342
162910
162912
949345
425057
162914
162915
949348
162917
162918
949351
162921
949354
949357
949360
162928
949363
162933
949366
162934
949369
162938
425082
949372
949375
162945
949378
949381
162950
949384
162952
949387
162957
949390
949393
162962
949396
162964
949399
949402
162970
162972
949405
949408
162977
949411
162980
949414
687270
162984
949417
162985
949420
162988
949423
949426
162995
949429
162998
687286
949432
949437
949440
949443
163011
949446
163014
425159
949449
163018
949452
163021
949455
949458
949461
949464
949467
163036
425181
949470
949473
163042
949476
949479
163047
163049
949482
163051
949485
163053
949488
687344
949491
949494
163063
949497
163066
425210
949500
163069
949503
949506
163074
425218
163076
949509
949512
163082
949515
949518
163087
949521
163091
949524
949527
163095
163096
949530
163100
949533
949536
163104
163106
949539
949542
163110
687400
949545
163114
949548
163118
949551
687408
949554
949557
163125
163127
949560
163129
949563
163132
949566
163136
949569
163138
163139
949572
949575
163145
949578
163147
949581
163150
949584
163152
163153
687441
949587
163156
949590
163159
949593
687449
163162
949596
163165
163166
949599
949602
163171
949605
163173
163174
949608
163177
949611
949614
163183
949617
949620
163188
949623
163192
949626
163195
949629
163198
949632
949635
163205
949638
949641
949644
949647
949650
949653
949656
163224
163226
949659
949662
163232
949665
949668
949671
163241
949674
949677
163245
949680
163248
949683
163251
949686
163254
949689
949692
163261
163262
949695
949698
163267
949701
163271
949704
163273
949707
163277
949710
163280
949713
163282
949716
949719
163288
949722
949725
163295
949728
163297
163298
949731
949734
163304
949737
163306
949740
163309
949743
949746
949749
163318
163319
949752
163321
163322
949755
163324
949758
163328
949761
949764
163333
949767
163337
949770
163338
949773
163341
949776
949779
163347
163348
949782
949785
163354
949788
949791
163360
949794
949797
163365
163367
949800
949803
163372
949806
163374
163375
949809
163378
163379
949812
949815
163383
163384
949818
163386
949821
163391
949824
163393
949827
949830
949833
949836
163404
949839
163407
949842
163412
949845
163415
949848
949851
949854
949857
163425
163427
949860
949863
949866
163435
949869
949872
163442
949875
163445
949878
949881
163449
949884
163453
949887
163456
949890
163459
949893
163461
949896
949899
163467
949902
163470
949905
163474
949908
163478
949911
949914
163482
163484
949917
949920
163488
163490
949923
163493
949926
163495
949929
949932
163502
949935
949938
163508
949941
163510
163511
949944
163514
949947
949950
163520
949953
163521
949956
163526
425671
949961
163529
949964
949967
163535
949970
163540
949973
163542
949976
163546
949979
163549
949982
163551
949985
949988
949991
163559
949994
163564
949997
950000
163568
950003
163572
950006
950009
163577
950012
950015
950018
163587
950021
950024
163592
950027
950030
163598
163600
950033
163602
950036
950039
163607
950042
163611
950045
950048
163616
950051
163619
950054
950057
950060
163629
950063
163631
950066
163634
950069
163638
950072
163641
950075
950078
163648
950081
163650
950084
163652
950087
163656
950090
163659
950093
163662
950096
950099
163669
950102
163672
950105
950108
163677
950111
163680
950114
163682
950117
163687
950120
163688
950123
163691
950126
163695
950129
950132
163702
950135
163705
950138
950141
950144
950147
163715
950150
163718
950153
163722
950156
950159
163728
950162
950165
163733
950168
163736
163738
950171
950174
163743
950177
950180
163748
950183
163751
163753
950186
163754
950189
163758
950192
950195
163763
950198
163768
950201
163771
950204
163774
950207
163777
950210
950213
163781
163783
950216
950219
950222
950225
163795
950228
163798
950231
950234
163804
950237
163806
950240
163808
950243
950246
163814
163816
950249
163819
950252
163822
950255
163824
950258
950261
163831
950264
163834
950267
163837
950270
950273
163842
163843
950276
163846
950279
950282
950285
163854
163855
950288
950291
163860
950294
163862
950297
950300
950303
950306
950309
950312
163880
950315
950318
950321
688177
163890
950324
950327
688185
950330
950333
950336
163905
950339
163909
950342
163910
163912
950345
950348
163918
950351
163920
950354
163923
950357
163925
950360
163929
950363
950366
163935
950369
163939
950372
950375
950378
163948
950381
950384
163952
163954
950387
163955
163957
950390
163960
950393
950396
163964
950399
950402
163970
950405
163975
950408
950411
950414
163984
950417
163986
950420
163990
950423
163993
950426
163995
950429
163998
950432
164000
950435
950438
164006
950441
164011
950444
426156
164014
950447
950450
164018
164020
950453
164022
950456
164024
164026
950459
164029
950462
164032
950465
164034
950468
950471
950474
950477
950480
164048
164051
950485
950487
164055
164056
950490
164060
950493
164063
950496
164066
950499
950502
164072
950505
950508
164078
950511
164080
950514
164082
164083
950517
950520
950523
164091
950526
950529
950532
950535
164105
950538
950541
164109
950544
950547
164115
164117
950550
950553
950556
950559
164127
164128
950562
164131
950565
950568
164136
950571
950574
164142
950577
164145
950580
950583
164151
164153
950586
950589
164157
164159
950592
164162
950595
164164
164165
950598
164167
950601
164171
950604
950607
950610
164178
950613
164182
950616
164186
950619
164188
950622
164192
950625
950628
164198
950631
164201
950634
950637
164205
950640
164210
950643
164212
950646
164214
950649
164217
950652
950655
950658
164227
950661
164229
950664
164234
950667
164236
164237
950670
164239
950673
164241
164243
950676
164244
164246
950679
950682
950685
164255
950688
164256
950691
164261
950694
164263
950697
164266
950700
950703
164272
950706
164274
164275
164276
950709
950712
950715
164283
950718
164286
950721
164289
426433
950724
164292
950727
164295
164297
950730
164299
426444
950733
950736
164306
950739
950742
164311
426455
950745
164313
950748
164316
950751
950754
426466
164324
950757
164327
950760
950763
164332
426477
950766
950769
164338
950772
164340
950775
426488
950778
164348
950781
164351
950784
164354
950787
426499
164357
950790
950793
164361
950796
164365
426510
950799
164367
950802
164372
950805
164374
164375
950808
426521
950811
164379
950814
950817
950820
426532
164389
164390
950823
164393
950826
164395
950829
164398
426543
950832
950835
164404
950838
950841
426554
950844
950847
950850
164420
950853
426565
950856
164426
950859
950862
164430
426576
950865
164435
950868
950871
164439
164441
950874
426587
950877
950880
164449
950883
164451
950886
426598
950889
164459
950892
164461
950895
164465
426609
950898
164468
950901
950904
950907
164476
426620
950910
164479
950913
164482
950916
950919
426631
164489
950922
164490
164492
950925
950928
164497
426642
950931
950934
164504
950937
164506
950940
426653
950943
164512
950946
164516
950949
950952
164520
426664
950955
164523
950958
164527
950961
688818
426675
950964
164532
950967
164537
950970
688826
164539
950973
164543
950976
164546
950979
164548
950982
164550
164552
950985
164553
426697
688842
164555
950988
164557
950991
950994
164562
164563
164564
426708
950997
164567
688855
951000
951003
164573
164574
951007
426719
951010
164578
951013
164581
951016
164586
951019
951022
164591
951025
164595
951028
951031
164601
951034
164602
164604
951037
688893
164607
951040
164609
951043
164611
688901
951046
164615
951049
951052
164621
951055
951058
164626
951061
164631
951064
951067
951070
164640
951073
951076
164644
951079
164648
951082
951085
164653
951088
164657
951091
951094
951097
951100
164668
951103
164671
164673
951106
951109
164677
951112
164682
951115
951118
951121
164691
951124
164693
951127
951130
951133
951136
164706
951139
951142
164712
951145
951148
164717
951151
951154
951157
164726
164727
951160
164729
426873
951163
164733
951166
951169
951172
951175
951178
951181
951184
164752
951187
164756
951190
951193
689050
951196
164764
164766
951199
951202
689058
951205
164775
951208
951211
164779
951214
164783
951217
164786
951220
951223
951226
164796
951229
164798
689086
951232
951235
164804
951238
951241
164810
951244
164813
951247
951250
951253
164821
951256
951259
164828
951262
164832
951265
951268
951271
951274
951277
951280
951283
164851
164853
951286
164855
951289
164857
951292
164860
951295
164864
951298
164866
951301
951304
951307
951310
951313
951316
164886
951319
164888
951322
951325
951328
164897
951331
164899
951334
951337
164905
951340
164908
951343
164912
164913
951346
164915
951349
164917
951352
951355
164923
951358
951361
951364
951367
164936
951370
164938
951373
951376
164946
951379
951382
951385
951388
951391
164960
951394
164963
951397
164966
951400
164968
951403
427115
164973
951406
164975
951409
951412
427126
951415
951418
164986
951421
164989
164991
951424
164992
427137
951427
951430
164999
951433
951436
427148
951439
165007
165009
951442
165011
951445
165013
427159
951448
165016
951451
951454
951457
427170
951460
165030
951463
951466
951469
165039
951472
165042
951475
951478
165047
427192
951481
165051
951484
165052
951487
165057
951490
165059
427203
951493
165063
951496
165065
951499
951502
165070
427214
951505
951508
951511
165080
427225
951514
951517
951520
165089
165090
427236
951525
951527
165096
951530
165098
165099
951533
951536
951539
165108
951542
951545
165113
427258
951548
951551
951554
951557
427269
165126
951560
165128
951563
951566
427280
951569
951572
165141
951575
165144
951578
427291
165148
951581
951584
165153
951587
165156
951590
165158
951593
951596
165165
165166
951599
427313
951602
165170
951605
951608
165176
165178
951611
165179
427324
951614
165182
951617
165186
951620
951623
427335
951626
165194
951629
951632
951635
951638
951641
165209
951644
165212
427357
951647
165215
165216
951650
165220
951653
951656
165224
427368
165225
951659
951662
951665
165233
165235
427379
951668
951671
951674
165244
951677
427390
165247
951680
165249
951683
951686
951689
951692
165261
951695
165264
951698
165266
427412
951701
951704
951707
951710
165278
427423
951713
165282
951716
951719
165289
951722
427434
165291
951725
165294
951728
165297
951731
165299
165301
427445
951734
951737
165307
951740
165308
951743
427456
951746
165316
951749
951752
165320
951755
951758
951761
165330
951764
165332
427478
951767
165335
951770
951773
165341
951776
165344
165345
427489
951779
165347
951782
951785
165353
951788
427500
165357
951791
165361
951794
165363
951797
165366
165367
427511
951800
165369
951803
165372
951806
165376
951809
165378
427522
951812
951815
951818
951821
165389
951824
951827
165396
951830
427544
951833
951836
165405
951839
165408
951842
427555
951845
165413
165415
951848
165418
951851
951854
427566
165423
951857
165426
165427
951860
951863
165431
427577
951866
951869
165438
165439
951872
165441
951875
165443
427588
951878
951881
951884
165452
951887
165455
427599
951890
951893
165463
951896
951899
951902
165472
951905
165473
165475
951908
427621
951911
951914
165482
951917
951920
165488
427632
165490
951923
951926
951929
427643
951932
165500
951935
165504
951938
165507
689795
951941
427654
165511
951944
165513
165514
951947
689803
951950
951953
427665
165523
951956
165526
951959
951962
165531
951965
165534
951968
951971
165539
951974
951977
165546
951980
951983
165553
951986
165556
951989
951992
165562
951995
165564
951998
165566
952001
165571
952004
165574
952007
952010
165580
952013
952016
952019
165589
952022
952025
952028
952031
165599
952034
165603
952037
165605
952040
952043
165613
952047
952049
165617
952052
165621
952055
165625
952058
165627
952061
165629
952064
165633
952067
952070
165639
952073
165643
952076
165644
165646
952079
952082
952085
165653
952088
952091
952094
165662
165663
952097
165665
952100
952103
165673
952106
165674
952109
165679
952112
165682
952115
165685
952118
952121
165689
952124
165692
952127
165697
952130
165698
952133
165702
165703
952136
165705
165706
952139
952142
165710
165712
952145
165714
952148
165716
952151
165720
952154
165722
165723
952157
165727
952160
165730
952163
952166
165735
165736
952169
165738
952172
165741
952175
165745
952178
952181
165750
952184
952187
165755
165756
952190
165758
165759
952193
165762
952196
952199
165769
952202
165770
165772
952205
165773
952208
165776
952211
165780
952214
952217
165786
165787
952220
165789
952223
952226
165794
165796
952229
165799
952232
165800
952235
165803
165804
952238
165808
952241
165811
952244
165812
165814
952247
165817
952250
952253
165821
165823
952256
952259
165827
952262
165831
952265
165834
952268
165838
952271
952274
165842
165843
952277
165847
952280
165850
952283
165852
952286
165854
165855
952289
165858
952292
952295
165863
952298
165866
165868
952301
952304
165872
165874
952307
952310
165878
952313
165881
165882
165883
952316
165885
952319
165888
165889
952322
165892
952325
952328
165897
952331
165899
165901
952334
165903
952337
952340
165908
952343
165912
165913
952346
952349
952352
165920
952355
165923
952358
952361
165930
952364
952367
165936
165937
952370
165939
165940
952373
165943
952376
165944
165946
952379
952382
165950
165952
952385
952388
165957
165958
952391
952394
165962
165963
952397
165966
952400
165969
165970
952403
165973
952406
165976
952409
952412
952415
952418
165986
952421
165989
952424
165993
165994
952427
165997
952430
165999
952433
166002
952436
166005
952439
166007
166009
952442
952445
166013
952448
166016
952451
166019
952454
166024
952457
952460
166028
166030
952463
166033
952466
166035
952469
166038
952472
166041
166042
952475
166045
952478
166048
952481
166049
952484
166052
952487
166056
952490
166060
952493
166061
952496
166064
952499
166068
166069
952502
166072
952505
952508
166076
952511
166079
952514
166082
952517
166085
166086
952520
166089
952523
952526
166094
952529
166098
166099
952532
166101
952535
166103
166105
952538
166108
952541
166109
952544
952547
166115
166116
952550
166118
952553
952556
166124
166125
952559
166127
952562
952567
166135
952570
166139
952573
166142
952576
166145
690433
952579
166149
952582
166150
166152
952585
166153
690441
952588
166156
166157
952591
166160
166161
690449
952594
166164
952597
166167
952600
166170
952603
952606
166174
166175
952609
166177
952612
166181
952615
166183
166185
952618
952621
166189
952624
166192
690481
166194
952627
952630
166198
952633
952636
166205
952639
166208
166209
952642
166212
952645
166214
952648
166217
166218
952651
166221
952654
166222
952657
166225
166227
952660
166230
952663
952666
952669
166239
952672
166242
952675
690532
166245
952678
952681
166249
166251
952684
166253
952687
166255
166256
952690
166258
952693
952696
166264
952699
166268
952702
166272
952705
166275
952708
166276
952711
166280
952714
166283
952717
166287
952720
952723
166293
952726
166296
952729
952732
952735
166304
428448
952738
166306
952741
166311
952744
166314
952747
428459
166317
952750
166318
952753
166321
952756
166324
166325
690613
428470
952759
166327
952762
166331
952765
690621
166334
952768
166336
428481
952771
166339
952774
166342
166343
952777
166345
952780
428492
952783
166351
166353
952786
166354
166356
952789
166357
428503
952792
166360
166361
952795
166364
952798
166367
952801
166370
428514
690659
952804
166372
166374
952807
952810
166378
952813
166381
428525
952816
952819
952822
166392
428536
952825
166395
952828
166396
166398
952831
166401
952834
952837
166405
166406
952840
166408
166410
952843
952846
166414
952849
166418
952852
166420
166422
952855
166423
952858
166426
952861
166429
952864
952867
166435
952870
166438
952873
166443
952876
166444
166445
952879
166447
952882
166450
166452
952885
166454
952888
166457
952891
166460
166461
952894
166463
952897
166465
952900
166468
952903
166472
952906
166474
166476
952909
166479
952912
166481
952915
166483
952918
166486
166487
952921
166489
166490
952924
166493
166494
952927
166497
952930
166498
952933
166502
952936
166504
166505
952939
166508
952942
166511
166512
952945
166513
166515
952948
166517
952951
166520
952954
166523
166524
952957
166526
952960
952963
166531
952966
166534
952969
166538
952972
166541
166542
952975
166544
952978
166547
952981
952984
166554
952987
166556
952990
166558
166560
952993
952996
166565
952999
166568
166569
953002
166571
166572
953005
166574
166575
953008
953011
166580
953014
166582
166583
953017
166586
953020
166590
953023
166592
953026
166596
953029
166599
953032
166600
953035
166603
166605
953038
166606
166608
953041
953044
953047
166615
166616
953050
953053
166621
166622
953056
166625
953059
166627
953062
953065
166633
953068
166637
953071
166639
166641
953074
953077
166645
166647
953080
953083
166651
166654
953088
166656
953090
953092
166660
953094
953096
166664
953098
953100
166668
953102
166670
953104
166672
953106
166675
953108
166677
953110
953112
166680
953114
166682
953116
953118
166686
166687
953120
953122
166691
953124
953126
166694
953128
166697
953130
953132
166700
953134
166702
166703
953136
953138
953140
166709
953142
166710
953144
953146
953148
166716
166717
953150
953152
166720
953154
166723
953156
166724
953158
166727
953160
953162
166731
953164
953166
953168
166737
953170
953172
166740
953174
166743
953176
953178
166746
953180
166749
953182
953184
166752
166753
953186
953188
166756
953190
166758
953192
953194
166762
953196
166764
953198
166767
953200
953202
953204
953206
953208
953210
166778
166779
953212
953214
166782
166783
953216
953218
166786
953220
953222
166791
953224
166792
953226
166794
953228
166797
953230
166798
953232
166801
953234
953236
166804
166805
953238
953240
953242
166810
953244
166813
953246
166814
953248
166817
953250
166819
953252
953254
166822
953256
953258
166827
953260
166829
953262
166831
953264
166833
953266
166835
953268
166837
953270
953272
166840
166841
953274
953276
166844
953278
166847
953280
953282
953284
166852
953286
166854
166855
953288
166857
953290
953292
166861
953294
166863
953296
166865
953298
953300
953302
166870
953304
953306
953308
166877
953310
953312
953314
953316
953318
166886
953320
166889
953322
166890
953324
166893
953326
953328
166897
953330
166899
953332
953334
166902
953336
166904
953338
166906
953340
166908
953342
166910
166911
953344
166913
953346
166915
953348
953350
166919
953352
953354
166922
166923
953356
953358
166926
166927
953360
953362
166930
953364
166932
953366
166934
953368
166936
953370
166938
953372
953374
953376
953378
166947
953380
953382
166951
953384
166952
953386
166955
953388
166956
953390
166959
953392
166961
953394
953396
166964
953398
953400
953402
166971
953404
166972
953406
429119
953408
166977
953410
166979
953412
166980
953414
166983
953416
953418
166986
953420
166989
953422
166991
953424
953426
166995
953428
953430
166998
953432
953436
167004
953438
167007
953440
953442
167010
953444
167013
953446
167016
953449
167017
953451
167019
953453
953455
167024
953457
167025
953459
167028
953461
953463
953465
167034
953467
167036
953469
953471
167039
953473
953475
167043
953477
167045
167046
953479
953481
167050
953483
167051
953485
167053
953487
953489
167058
953491
953493
167062
953495
953497
167066
953499
953501
167069
953503
953505
167073
167074
953507
167076
953509
167078
953511
167080
953513
953515
167083
953517
167086
953519
953521
167089
953523
167092
953525
167093
953527
167096
953529
953531
167099
953533
167101
167102
953535
167104
953537
167105
953539
691395
167108
953541
167109
953543
167111
953545
167114
953547
167115
953549
167118
953551
953553
167121
167122
953555
953557
167125
953559
167127
167128
953561
167129
953563
167131
167132
953565
953567
167135
167136
953569
953571
167139
953573
953575
167143
953577
167146
953579
167147
953581
167149
167150
953583
953585
953587
167155
953589
167157
953592
167161
953594
167164
953597
953599
167167
167168
953601
167170
953603
953605
167174
953607
953609
167178
953611
167180
953613
953615
167183
953617
167186
953619
953621
167189
953623
953625
953627
167195
953629
167198
953631
167200
953633
953635
953637
167205
953639
953641
167209
953643
167212
953645
167214
953647
953649
167218
953651
953653
167221
953655
953657
167225
953659
953661
167229
953663
167232
953665
953667
167236
953669
953671
167239
953673
167241
953675
167243
953677
167246
953679
167247
953681
167250
953683
953685
167253
953687
167255
953689
167258
953691
953693
167261
953695
167264
953697
953699
167268
953701
953703
167271
167272
953705
953707
167275
167276
953709
953711
167279
953713
167281
953715
167284
953717
953719
167288
953721
167290
953723
167292
953725
953727
167295
167296
953729
953731
167299
167300
953733
953735
167304
953737
953739
953741
167310
953743
167312
953745
167314
953747
953749
167318
953751
953753
167322
953755
167324
953757
167326
953759
953761
167330
167331
953764
167334
953767
167337
953770
167338
953773
953776
167345
167346
953779
167347
167349
953782
167350
953785
167353
167354
953788
953791
167360
953794
167362
953797
167366
953800
167369
953803
167372
167373
953806
953809
167377
953812
167380
953815
167383
167384
953818
167387
167388
953821
167390
953824
953827
167395
953830
167398
167400
953833
167403
953836
167406
953839
167408
953842
167411
953845
167414
167415
953848
167418
953851
167419
953854
167423
167424
953857
953860
167428
167430
953863
167432
953866
953869
167437
167439
953872
953875
167443
953878
167446
953881
167449
167450
953884
167452
953887
167455
953890
167459
429603
167460
953893
953896
167464
167466
953899
953902
167470
429614
953905
167474
167475
953908
167478
953911
429625
953914
167482
167483
953917
167487
953920
167490
953923
167491
429636
953926
167494
953929
167497
167498
953932
167501
953935
167503
429647
953938
167506
167508
953941
167509
953944
167512
167513
429658
953947
167516
953950
167520
953953
953956
167525
429669
953959
167527
953962
167532
953965
167535
953968
429680
167538
953971
953974
953977
167545
167547
429691
953980
953983
167551
167553
953986
953989
167557
429702
953992
167561
953995
167565
953998
167568
954001
429713
167571
954004
954007
167575
954010
429724
954013
167581
954016
167585
954019
954022
429735
954025
167594
954028
167598
954031
167600
167601
954034
429746
167603
167604
954037
954040
167609
954043
429757
954046
167614
167616
954049
954052
167621
167622
954055
429768
954058
954061
167629
167630
954064
167634
954067
429779
954070
954073
167643
954076
167644
167645
429790
954079
167647
954082
167650
167651
954085
167653
167654
954088
167656
167657
429801
954091
167660
954094
167662
954097
167665
954100
167668
429812
167670
954103
167672
954106
954109
167677
429823
954112
954115
167684
167685
954118
167688
954121
429834
167691
954124
167692
954127
167695
167696
954130
167700
954133
429845
167702
954136
167705
954139
167708
954142
167712
429856
954145
167714
692003
954148
167718
954151
167720
954154
429867
167724
954157
167726
954160
167729
954163
167731
692020
954166
167734
429878
954169
954172
167741
954175
167743
954178
167747
954181
167750
167751
954184
954187
429900
954190
954193
167763
954196
167766
954199
167769
954202
167771
954205
167774
954208
954211
954214
167783
954217
167785
954220
167789
954223
167791
954226
167795
954229
167799
954232
954235
167805
954238
692095
954241
167809
954244
167812
954247
167815
692103
954250
167818
167819
954253
167822
167823
954256
167825
167826
954259
167829
954262
167832
954265
167834
954268
167836
167837
954271
167839
692129
954274
167843
954277
167845
167847
954280
167850
167851
954285
167853
167854
954288
167858
954291
167859
167861
954294
692152
954297
167866
954300
167869
954303
167872
954306
167874
167876
954309
167879
954312
167881
167882
954315
167884
167885
954318
167888
954321
167890
954324
167894
954327
167897
954330
167900
954333
692190
167903
954336
954339
167908
167909
954342
167911
954345
167915
954348
167918
954351
167921
692209
954354
167923
954357
167926
167927
954360
167929
954363
167932
167933
954366
167935
954369
954372
167940
167941
954375
167943
167945
954378
167948
954381
167951
954384
167952
954387
167955
954390
167958
954393
954396
954399
167967
167969
954402
167972
954405
954408
167976
167977
954411
167980
167981
954414
167983
167984
954417
954420
167988
954423
167991
954426
167994
167995
954429
167998
167999
954432
168002
954435
168004
954438
168006
168008
954441
430153
168010
954444
168013
954447
168016
954450
168019
168020
954453
168023
954456
168026
954459
168027
954462
168030
430175
168032
954465
954468
168036
954471
168039
168040
954474
168044
954477
168047
954480
168048
954483
168051
168052
430197
954486
168054
168056
954489
168058
954492
168060
954495
168064
954498
168066
954501
954504
168074
954507
430219
954510
954513
168081
954516
168085
168086
954519
168088
954522
168091
168092
954525
168095
954528
168096
168097
430241
954531
168099
168101
954534
168103
954537
168105
168106
954540
430252
168109
954543
168112
168113
954546
168115
168116
954549
168119
954552
168122
954555
954558
954561
168129
954564
168132
954567
168135
168136
954570
168139
954573
168141
954576
168145
954579
168148
954582
168151
954585
168154
954588
168158
954591
168159
954594
168162
954597
168167
954600
168170
954603
168171
954606
168175
954609
168178
954612
168180
954615
168185
954618
168187
168188
954621
168190
954624
168192
954627
168195
954630
168198
954633
168201
168202
954636
168205
168206
954639
168207
168209
954642
954645
168215
954648
954651
168219
954654
168224
954657
168225
954660
168229
954663
168231
954666
954669
168237
954672
168241
954675
954678
168246
168247
954681
954684
954687
168256
954690
168259
954693
168261
168263
954696
168264
954699
168267
954702
168271
954705
168275
954708
954711
168281
954714
168283
954717
168285
168286
954720
168288
954723
168291
954726
168294
954729
168297
954732
168300
954735
168303
168305
954738
168308
954741
168309
954744
168313
954747
168316
954750
168320
954753
168323
954756
168326
954759
168329
954762
954765
168333
168334
954768
168337
168338
954771
168341
954774
168342
954777
168345
168346
954780
168349
168350
954783
168353
954786
168354
954789
168357
168358
954792
168361
954795
168364
954798
168366
168367
954801
168369
954806
168376
954809
168379
954812
168380
954815
168383
168385
954818
168387
168388
954821
168391
954824
168394
954827
168395
954830
168398
954833
954836
168404
168405
954839
168407
954842
168410
168411
954845
168413
168414
954848
168416
168417
954851
168420
954854
168422
954857
168425
168426
954860
168430
954863
954866
168435
954869
954872
168441
954875
168443
168444
954878
168446
168447
954881
168449
168450
954884
168452
168453
954887
168456
954890
168459
954893
168461
168463
954896
168464
954899
168469
954902
168472
954905
954908
954911
168479
954914
168483
168484
954917
168487
954920
168490
954923
168493
954926
168494
954929
168497
954932
168500
954935
168503
168505
954938
168507
954941
168510
954944
168514
954947
168515
168517
954950
954953
168521
954956
168525
168526
954959
168528
954962
168532
954965
168535
954968
168536
168537
954971
168539
954974
168543
168544
954977
168546
954980
168548
954983
954986
954989
168559
954992
954995
168563
168564
954998
168566
168568
955001
168571
955004
955007
168576
168577
955010
955013
168583
955016
168586
955019
168587
955022
168591
955025
955028
168596
955031
168601
955034
168603
955037
168606
168607
955040
168610
955043
168611
955046
168615
955049
168618
955052
168622
955055
955058
168628
955061
168630
692919
955064
955067
168635
955070
168638
168640
955073
168642
955076
168645
168646
955079
168649
955082
955085
168653
168655
955088
168656
955091
168659
168660
955094
168662
955097
168666
955100
168669
955103
168672
168673
955106
168675
955109
168677
168679
955112
168680
955115
168683
955118
168686
955121
168689
955124
168692
955127
168695
955130
168699
168700
955133
168702
955136
168705
955139
955142
955145
168713
168714
955148
168716
955151
955154
168723
955157
168726
955160
168729
168730
955163
168732
955166
168735
168736
955169
168738
955172
168741
168742
955175
168745
955178
168746
955181
168749
955184
168753
955187
168756
955190
168758
168760
955193
168761
955196
168766
955199
168768
955202
168771
955205
168773
955208
955211
168779
168780
955214
168782
955217
955220
168789
955223
168792
955226
168794
955229
955232
168800
168801
955235
168805
955238
168807
955241
168811
955244
168813
955247
168815
955250
168819
955253
168821
955256
955259
168828
955262
168831
955265
168833
955268
168838
955271
168841
955274
168844
955277
168845
955280
168848
955283
168851
955286
168854
955289
168857
955292
168860
955295
168863
955298
168867
955301
168870
955304
168873
955307
168875
168877
955310
168879
955313
168883
955316
168886
955319
168887
955322
168890
168891
168894
955327
955330
168898
168899
955333
168902
168903
955336
168905
955339
168908
955342
168912
955345
168914
955348
168918
955351
168921
955354
168923
955357
955360
168928
955363
168932
168933
955366
168935
431079
168936
955369
955372
168940
955375
168943
168944
955378
168947
955381
168950
955384
168953
955387
955390
168959
168960
955393
955396
168964
168966
955399
431111
168969
955402
168972
955405
168974
955408
168976
955411
168981
955414
168983
431127
955417
168985
168986
955420
168989
955423
168992
168993
955426
955429
168997
168998
693287
955432
169001
955435
169005
955438
955441
169009
169011
955444
169014
955447
169016
955450
169018
955453
169021
955456
169026
955459
169029
955462
955465
169034
169035
955468
169038
955471
955474
169042
169044
955477
169045
169047
955480
169048
169050
955483
169051
955486
169055
955489
169057
955492
169062
955495
169065
955498
955501
169069
169070
955504
169072
955507
169076
955510
169079
955513
169081
169083
955516
169086
955519
169089
955522
169091
955525
169093
169095
955528
169097
955531
169099
169101
955534
169103
169104
955537
955540
169108
169109
955543
169111
955546
169115
955549
955552
955555
169123
955558
169126
955561
955564
169133
955567
169136
955570
169139
169140
955573
169143
955576
955579
169149
955582
169152
955585
955588
169156
955591
169160
955594
955597
169167
955600
169170
955603
169171
955606
169174
955609
169178
955612
169181
169182
955615
169184
169185
955618
169188
955621
169191
955624
169194
955627
169195
169197
955630
955633
169201
169202
955636
955639
169208
955642
169211
955645
169214
955648
169217
955651
169219
955654
169222
169224
955657
169225
955660
169228
169229
955663
169233
955666
169236
955669
169239
693527
955672
955675
169245
955678
169248
955681
169249
955684
169252
169253
955687
169257
955690
955693
169261
169262
693551
955696
169266
955699
169269
955702
955705
955708
169276
169278
955711
169280
955714
169282
955717
955720
169289
169290
955723
169293
955726
169296
955729
955732
169300
955735
169303
955738
169307
169308
955741
955744
169312
169314
955747
955750
169318
955753
169321
955756
169324
169325
955759
955762
169331
955765
169335
955768
169338
955771
169339
955774
169342
169343
955777
169346
955780
169349
955783
169352
955786
169355
955789
169358
955792
169362
955795
955798
169366
955801
169369
169370
955804
169373
955807
169376
955810
169379
955813
169382
169383
955816
169386
955819
955822
169391
955825
693681
169394
955828
169397
169398
955831
169401
955834
169404
955837
169406
955840
169409
955843
169412
169413
955847
169416
955850
169420
955853
169421
169423
955856
169425
955859
955862
169430
169431
955865
169434
955868
169436
169438
955871
169440
955874
169442
955877
169445
955880
169448
955883
169451
169452
955886
955889
169458
169459
955892
169461
169462
955895
169465
955898
169468
955901
955904
169473
955907
169477
955910
169479
955913
169482
955916
169484
955919
169489
955922
169492
955925
169493
955928
169496
955931
169500
169501
955934
169503
955937
169506
955940
169510
955943
169512
955946
169515
169516
955949
955952
169522
955955
169523
955958
169526
955961
169530
955964
169534
955967
169535
955970
169538
955973
169541
169542
955976
169544
169545
955979
169548
955982
955985
169553
169555
955988
169558
955991
955994
169562
169563
169564
955997
169567
956000
169570
956003
169572
956006
169574
956009
169577
956012
169582
956015
169585
956018
169586
169588
956021
169591
956024
956027
169595
956030
169599
956033
169602
956036
169606
956039
956042
956045
169614
169615
956048
169617
169618
956051
169621
956054
169623
956057
169626
169627
956060
956063
169632
956066
169635
956069
169638
956072
956075
169644
956078
169648
956081
169649
169651
956084
956087
169655
956090
169659
956093
956096
169666
956099
169667
956102
169671
956105
169673
169674
956108
169676
169678
956111
169680
956114
169683
169684
956117
169686
956120
169690
956123
169691
956126
169696
956129
169697
169699
956132
169702
956135
169704
956138
169706
956141
169709
169710
956144
169713
956147
169716
956150
169719
956153
169722
956156
169725
956159
169727
956162
169730
169731
956165
169735
956168
169737
956171
169740
169741
956174
169744
956177
169746
169747
956180
169749
956183
169752
956186
169754
169755
956189
169758
956192
169762
956195
169763
956198
169766
169767
956201
956204
169774
956207
956210
169780
956213
169783
956216
169785
956219
169787
169789
956222
169791
169792
956225
956228
169797
169798
956231
169801
956234
169803
956237
169806
169807
956240
956243
169812
956246
169816
956249
169819
956252
169821
169822
956255
169825
956258
956261
169829
169831
956264
169834
956267
169836
956270
169838
956273
169841
169842
956276
169845
956279
169849
956282
169850
169852
956285
169855
956288
956291
169860
956294
169863
169864
956297
956300
169868
169869
956303
169872
956306
169876
956309
169879
956312
169880
956315
169883
956318
169887
956321
169890
169891
956324
169893
956327
169896
956330
169899
169900
956333
169903
956336
169905
956339
169907
169908
956342
169912
956345
956348
956351
169920
169921
956354
169924
956357
169927
956360
169932
956365
169934
169935
956368
169937
956371
169940
956374
169943
956377
169946
956380
169948
956383
169951
956386
169955
169956
956389
169959
956392
169960
956395
169963
169964
956398
169967
956401
169970
956404
169972
169974
956407
169976
956410
169978
169979
956413
169983
956416
169985
956419
169988
956422
169990
956425
169994
956428
169997
956431
169999
956434
170002
170003
956437
956440
170009
956443
956446
956449
170017
956452
170020
170021
956455
170025
956458
956461
170030
956464
170033
956467
170035
956470
170038
956473
170041
170043
956476
170045
170046
956479
170048
170049
956482
170052
956485
170054
956488
170057
956491
170059
170061
956494
170062
956497
170066
956500
170069
956503
956506
170074
956509
956512
170080
956515
170083
956518
170087
956521
170091
956524
956527
170095
170097
956530
170100
956533
170101
956536
170104
956539
170107
956542
170110
956545
170113
956548
170117
956551
170119
170121
956554
170124
694412
956557
170126
956560
170130
956563
170133
956566
170134
956569
170137
956572
170141
170142
956575
170145
956578
170146
170148
956581
170149
956584
170153
956587
170155
956590
170159
956593
170162
956596
170164
956599
170167
956602
170170
956605
170173
956608
170176
956611
956614
170182
956617
170185
956620
170188
170190
956623
170192
956626
956629
170198
956632
170201
956635
170204
956638
956641
170209
170210
170211
956644
170213
170214
956647
170215
170217
956650
170219
956653
170221
170222
956656
170226
956659
170228
956662
170232
956665
170234
956668
956671
170241
694529
956674
170242
170244
956677
170246
956680
170248
170249
956683
170252
956686
170255
956689
170258
956692
956695
956698
170266
956701
170269
170270
956704
170273
956707
956710
170278
170279
956713
170281
170283
956716
956719
170288
170289
956722
170291
956725
170294
956728
170298
956731
956734
170303
170304
956737
170307
956740
170308
956743
956746
170314
956749
170317
956752
170320
956755
170323
170324
956758
170326
170328
956761
170331
956764
170334
956767
956770
956773
956776
170344
956779
170348
956782
170350
956785
170355
956788
170357
956791
170359
956794
956797
170365
170366
956800
170369
170370
956803
956806
170374
956809
170377
170378
956812
170381
956815
170384
956818
170387
956821
170390
170391
956824
170393
956827
170397
956830
170399
170400
956833
170403
956836
956839
170408
956842
170410
170412
956845
170413
956848
956851
170419
956854
170422
956857
170427
956860
170428
956863
170432
956866
170434
956869
170437
170438
956872
170440
956875
170444
956878
170446
170448
956881
170451
956884
170454
956888
170457
956890
956893
170461
170463
956896
170464
956899
956902
170470
956905
956908
170477
956911
170480
956914
432626
170483
956917
170487
956920
956923
170491
956926
956929
170497
170498
956932
170501
956935
170503
956938
956941
170509
170510
956944
170513
956947
170515
956950
170518
956953
956956
170524
956959
170529
956962
956965
170533
170534
956968
170537
956971
170539
956974
170543
956977
170547
956980
170549
432694
956983
170551
170552
956986
956989
170557
432702
956992
956995
956998
170567
957001
170569
170571
957004
170574
957007
957010
170578
957013
170581
170582
957016
170585
170586
957019
170589
957022
957025
170594
957028
170598
957031
170601
957034
957037
170605
170607
957040
170608
957043
170611
957046
170615
170616
957049
170619
957052
170622
957055
170623
957058
170626
957061
170629
957064
170632
170633
957067
170635
957070
957073
170641
957076
170644
957079
432791
170648
170649
957082
170651
957085
432799
957088
170658
957091
170661
957094
957097
170666
957100
170668
957103
170671
170672
432816
957106
957109
170678
170679
957112
170682
432826
957115
170685
957118
170687
957121
170691
957124
432836
170693
957127
957130
170698
170700
957133
432846
957136
170705
957139
170708
957142
170710
170712
432856
957145
957148
957151
170720
957154
170723
170724
957157
170726
170727
957160
957163
170731
957166
170735
170736
957169
170739
957172
170740
170742
957175
957178
170746
957181
170749
170750
695038
957184
170753
957187
170756
170757
957190
170760
957193
957196
170766
957199
170769
957202
170770
695059
170772
957205
170775
957208
170777
957211
170779
695067
957214
957217
170786
957220
170789
957223
170792
957226
695083
170796
957229
170798
957232
170800
170801
957235
170803
170804
957238
170807
170808
957241
957244
170812
957247
170815
957250
170818
957253
170821
957256
170826
957259
170829
957262
170832
957265
170833
957268
170836
170837
957271
170839
957274
170843
957277
170846
957280
170849
957283
170851
170853
957286
170856
957289
170858
957292
170860
170862
695150
957295
170863
957298
170866
957301
170869
170871
957304
170872
957307
170875
957310
170878
170880
957313
170881
957316
170884
170886
957319
170888
957322
170891
957325
170893
957328
170896
957331
170899
957334
170902
957337
170906
957340
170910
957343
170913
957346
170914
957349
170918
957352
957355
170924
957358
957361
957364
170933
957367
170935
957370
170940
957373
170943
957376
957379
170947
170948
957382
170950
957385
170953
170954
170955
957388
170958
957391
170959
170961
957394
170964
957397
957400
170968
170970
957403
170972
957406
170975
957411
170981
957414
170984
957417
170985
170987
957420
957423
170992
957426
170994
957429
170997
170998
957432
171000
171001
957435
171004
957438
171008
957441
171011
957444
171012
171013
957447
171016
957450
171018
957453
171021
171022
957456
171024
957459
171027
957462
171030
957465
171033
957468
957471
171039
171040
957474
171042
171044
957477
171047
957480
171048
171050
957483
171052
171053
957486
957489
957492
171061
957495
171063
957498
171067
957501
171070
957504
171073
957507
171076
171077
957510
171079
957513
171082
957516
171086
957519
957522
171090
957525
957528
171096
171097
957531
171100
171101
957534
171104
957537
171107
957540
171108
957543
171112
957546
171114
957549
171118
171119
957552
171122
957555
171125
957558
171128
957561
171131
957564
171133
171134
957567
171137
957570
171139
957573
171142
957576
171146
957579
171149
957582
171152
957585
171155
957588
171156
957591
171159
171161
957594
171164
957597
171167
957600
957603
171171
171173
957606
957609
171177
957612
171180
171181
957615
171183
957618
957621
171189
171190
957624
171193
957627
171196
171197
957630
171200
957633
171203
957636
171206
957639
171209
957642
957645
171213
171214
957648
171216
957651
171220
957654
171222
171224
957657
957660
171228
171230
957663
957666
171234
171236
957669
957672
171241
957675
171243
171244
957678
171247
171248
957681
171251
957684
171252
957687
171255
171256
957690
171260
957693
957696
171264
171265
957699
171269
957702
171270
957705
171275
957708
171278
957711
171281
957714
171282
957717
171286
957720
171290
957723
171293
957726
957729
957732
171301
957735
171305
957738
171308
957741
171311
957744
171313
957747
171317
957750
171320
957753
171323
957756
957759
171328
957762
171331
957765
171333
171334
957768
171338
957771
957774
171342
171343
957777
171345
171346
957780
957783
171353
957786
171354
957789
171357
957792
171361
957795
171364
957798
171368
957801
171371
957804
171374
957807
957810
171380
957813
171382
957816
171385
171386
957819
171388
957822
171391
171392
957825
957828
171396
171397
957831
171399
171400
957834
171403
957837
171405
171407
957840
171408
171410
957843
171411
957846
171415
957849
171418
957852
171421
957855
957858
171426
957861
171429
171430
957864
171432
957867
171435
957870
171440
957873
171442
171443
957876
957879
171447
171449
957882
171450
957885
171455
957888
957891
957894
171463
957897
957900
171470
957903
171472
433616
171473
957906
171475
957909
171479
957912
171482
957915
171483
957918
171486
171488
957921
171490
957924
171494
957927
171495
171497
957930
171498
171501
171502
957935
171505
957938
957941
171509
957944
171514
957947
171516
957950
171520
957953
171523
957956
957959
171529
957962
171531
171532
957965
171535
957968
957971
171539
957974
171542
171543
957977
171547
957980
171550
957983
171551
171553
957986
171555
957989
171557
957992
171561
957995
957998
171567
958001
171571
958004
171572
958007
171575
958010
171578
958013
171581
958016
171584
171586
958019
958022
171591
958025
171593
695883
958028
958031
171601
958034
958037
171605
171606
958040
171610
958043
958046
171614
171616
958049
171619
958052
171622
958055
958058
958061
171629
958064
171632
171634
958067
171635
958070
171638
171639
958073
958076
171645
958079
171649
958082
171650
171651
958085
171653
958088
171657
958091
171659
171661
958094
171662
171663
958097
171666
958100
171668
958103
171671
171672
958106
171674
171675
958109
171679
958112
171681
171682
958115
958118
171686
958121
958124
958127
171695
958130
171699
958133
171701
171703
958136
171705
958139
171708
171709
958142
958145
171713
958148
171716
171717
958151
171720
958154
958157
171725
958160
171729
958163
171731
171733
958166
171736
958169
171737
171739
958172
171740
958175
171744
958178
171747
171748
958181
171751
958184
171754
958187
171756
958190
171758
958193
171761
958196
171764
171765
958199
171768
958202
171771
171772
958205
171775
958208
171778
958211
171779
171781
958214
171783
171784
958217
171787
958220
958223
958226
958229
958232
958235
958238
958241
171809
958244
171812
958247
171816
171817
958250
171819
958253
958256
171824
171826
958259
171827
958262
171830
171831
958265
171835
958268
171838
958271
958274
171843
958277
171846
958280
171849
958283
171852
958286
171854
958289
171857
958292
171860
171862
958295
171863
958298
171866
171867
958301
171870
958304
171873
958307
958310
171878
958313
171882
958316
171886
958319
171889
958322
958325
171893
171894
958328
171896
958331
171899
958334
171903
958337
171905
171906
958340
171909
958343
171913
958346
171915
958349
171917
958352
171921
958355
171923
958358
171926
958361
171929
171930
958364
171933
958367
171936
171937
958370
171939
958373
171941
171943
958376
171944
958379
171947
958382
171950
958385
171953
958388
171956
958391
171959
171960
958394
958397
171966
958400
171969
171970
958403
958406
171974
171975
958409
171977
958412
958415
958418
171987
958421
171989
171990
958424
171993
958427
171996
958430
171999
958433
958436
172004
958439
172007
958442
172011
958445
172015
958448
172018
958451
172021
958454
172025
172027
958460
172029
958463
172033
958466
172034
958469
172037
958472
172040
958475
172043
172044
958478
958481
172050
958484
958487
958490
172059
958493
172063
958496
958499
172067
172068
958502
958505
172073
172074
958508
172078
958511
172079
172081
958514
172082
958517
172085
958520
172088
958523
172092
958526
172095
172096
958529
958532
172100
958535
172104
958538
172108
958541
172110
958544
172113
958547
172115
172116
958550
172119
172120
958553
172123
958556
172124
172126
958559
172128
958562
172130
958565
172134
958568
958571
172139
958574
172142
958577
172146
958580
172149
958583
172152
172153
958586
172156
958589
172157
958592
172161
958595
172163
958598
172167
958601
172169
958604
172172
172173
958607
172175
172177
958610
172180
696468
958613
172181
958616
172184
958619
172187
958622
172192
958625
172193
172195
958628
172198
958631
172199
172201
958634
172202
172204
958637
172207
958640
958643
172213
958646
958649
172217
958652
172220
958655
172223
172224
958658
172227
172228
958661
172230
696518
172231
958664
172234
958667
172237
958670
172238
958673
172241
958676
172244
958679
958682
172250
958685
172253
958688
172256
958691
172259
172261
958694
172263
958697
172265
172267
958700
958703
172271
958706
172274
172275
958709
172278
958712
696568
172282
958715
172284
958718
172286
172288
958721
958724
172294
958727
172295
958730
172298
958733
172301
172303
958736
172305
172306
958739
172308
958742
172311
958745
172315
958748
172316
958751
172320
172321
958754
172324
958757
172327
958760
172330
958763
172333
958766
434480
958769
172339
958772
172342
958775
172345
958778
958781
172350
958784
172352
172353
958787
958790
172360
958793
172361
172362
958796
172364
172365
958799
172368
172369
958802
434514
958805
172375
958808
172378
958811
172379
172381
958814
172382
958817
434529
172386
958820
172390
958823
172392
958826
172396
958829
172399
958832
172400
958835
172403
958838
172406
172408
958841
172410
958844
958847
958850
958853
172422
958856
172425
958859
172429
958862
172430
172432
958865
172435
958868
172436
172437
958871
172439
172440
958874
958877
172445
958880
172450
958883
958886
172454
958889
958892
172460
172461
958895
172463
958898
172466
434610
958901
172469
958904
172472
958907
172476
434620
958910
172480
958913
172482
958916
172485
434630
958919
958922
172491
958925
172494
172495
958928
434640
172498
958931
958934
958937
172506
958940
172509
434653
172510
958943
172512
172513
958946
172516
958949
958952
172520
958955
172523
958958
172526
434670
958961
172529
172530
958964
172533
958967
172535
172537
958970
172539
958973
958976
172544
958981
172550
958984
172552
958987
172555
958990
172558
172559
958993
172561
958996
172564
958999
172568
959002
172571
172572
959005
172575
959008
172577
959011
172581
959014
172582
959017
959020
172588
172590
959023
172592
172593
959026
172596
959029
172598
959032
172601
172602
959035
959038
172608
959041
172611
959044
172613
959047
172616
959050
172619
172620
959053
172623
959056
172626
959059
172628
172629
959062
172632
959065
172633
959068
172636
172637
959071
172640
959074
959077
172647
959080
172648
959083
172653
959086
172654
959089
172657
959092
172661
959095
172663
172665
959098
959101
172669
172671
959104
172674
959107
959110
172680
959113
959116
172684
172686
959119
959122
172691
172692
959125
172694
959128
172697
959131
172701
959134
172703
172704
959137
172705
172707
959140
172708
959143
172713
959146
172715
959149
172718
959152
959155
959158
172726
172727
959161
172730
959164
959167
172735
959170
959173
959176
172744
172745
959179
172747
172748
959182
172752
959185
172755
959188
959191
172759
959194
172764
959197
172767
959200
172770
959203
172773
959206
172776
959209
959212
172780
172781
959215
172784
959218
172788
959221
172789
172791
959224
172792
959227
959230
172798
959233
172803
959236
172806
959239
172807
959242
172810
172811
959245
959248
959251
172819
959254
172824
959257
959260
172829
172830
959263
172833
959266
172836
959269
172839
959272
172842
959275
172845
959278
172848
959281
959284
172852
959287
172855
959290
172858
959293
959296
172865
959299
172869
959302
172871
959305
172875
959308
172876
959311
172879
959314
959317
172885
959320
172888
172890
959323
959326
172894
959329
172897
959332
959335
172904
172905
959338
172908
959341
172910
959344
172913
172914
959347
172917
959350
172920
959353
172921
959356
172924
959359
959362
172931
959365
959368
172936
172938
959371
172940
959374
172943
959377
172947
959380
172948
959383
172951
172952
959386
172954
959389
172957
172959
959392
172961
959395
172964
959398
172968
959401
172971
959404
959407
172976
959410
172980
959413
959416
172984
959419
959422
172991
959425
172995
959428
172998
959431
173000
173001
959434
173003
959437
173006
173007
959440
173009
959443
173012
173013
959446
173016
959449
173017
959452
959455
173024
959458
697314
173027
959461
959464
959467
173035
173036
959470
173038
959473
173041
173043
959476
959479
173047
173048
959482
173051
959485
173054
959488
173057
173058
959491
959494
173064
959497
173067
959502
959505
173073
173075
959508
173077
959511
173080
959514
173082
959517
173085
959520
173088
959523
173092
959526
173095
173096
959529
959532
173102
959535
173105
959538
959541
173109
173110
959544
173112
173113
959547
173116
959550
173118
173120
959553
173121
173123
959556
959559
173127
959562
173131
959565
173135
959568
959571
173139
173141
959574
173144
959577
173145
959580
173148
959583
173151
959586
959589
173157
959592
173162
959595
173164
959598
173166
173168
959601
173169
173171
959604
959607
173175
173176
959610
173178
959613
173181
959616
173184
173185
959619
959622
173190
959625
173194
173195
959628
959631
173201
959634
173204
959637
173207
959640
173210
959643
959646
173214
173216
959649
173219
959652
173222
959655
173225
959658
959661
173229
959664
173234
959667
173237
959670
173238
959673
173243
959676
173244
173246
959679
959682
173250
173252
959685
173254
173255
959688
173258
959691
173259
959694
173262
959697
173265
173266
959700
173269
173270
959703
173272
959706
173274
173276
959709
173278
959712
173282
959715
173284
959718
173286
959721
173289
959724
173292
959727
173295
959730
959733
173301
959736
173305
173306
959739
173309
959742
173311
959745
959748
173317
959751
173320
959754
173324
959757
173327
959760
173330
959763
173333
959766
173336
959769
959772
173340
173341
959775
173344
173345
959778
959781
173349
959784
173352
959787
173355
173356
959790
173359
173360
959793
173362
959796
173365
959799
173369
959802
173370
959805
173373
173375
959808
173376
435522
959811
173379
173380
959814
173382
959817
173385
435530
959820
173390
959823
173391
959826
173394
173395
959829
173398
959832
173402
959835
959838
173408
959841
173411
959844
173414
959847
173415
959850
173418
173420
959853
173422
959856
959859
435573
959862
173431
959865
173433
173434
959868
173438
959871
173440
173441
959874
173444
959877
173446
959880
173449
959883
173451
173453
959886
173454
435598
959889
173457
173459
959892
173462
959895
173465
959898
173466
173468
959901
173471
959904
173472
959907
173475
959910
173479
173480
959913
959916
959919
173488
959922
173491
959925
173494
959928
173497
959931
173499
173501
959934
173503
959937
173505
959940
173510
959943
173511
959946
173514
959949
173517
959952
959955
173524
959958
173527
959961
173531
959964
173534
959967
173537
959970
173540
959973
959976
173544
959979
173548
959982
173551
173552
959985
173555
959988
173557
959991
173560
173561
959994
959997
173565
960000
173569
960003
173573
960006
173576
960009
173577
173579
960012
960015
173584
960018
173588
173590
960023
173591
173593
960026
173596
960029
173597
697885
173599
960032
960035
173603
173605
960038
173608
960041
173609
173610
960044
173613
960047
173616
960050
697906
173619
960053
173622
173623
960056
173626
960059
173627
960062
173630
960065
173633
173634
960068
173638
960071
173641
960074
173644
960077
173646
173647
960080
960083
173651
173652
960086
173655
960089
173659
960092
173662
960095
173663
960098
173666
960101
173670
173671
960104
173674
960107
960110
173678
173680
960113
960116
173684
173686
960119
960122
173692
960125
173695
960128
173698
960131
173701
960134
173704
960137
173705
960140
173709
960143
173711
960146
173715
960149
173719
960152
960155
173723
960158
173726
960161
173730
960164
173733
960167
173737
960170
960173
173742
960176
173744
960179
960182
960185
173755
960188
173758
960191
960194
173763
960197
173765
960200
173769
173770
960203
173773
960206
173774
173776
960209
173779
960212
960215
173785
960218
960221
173789
173791
960224
173794
960227
173795
960230
173798
960233
173801
173802
960236
960239
173807
960242
173810
173811
960245
173814
960248
960251
173819
960254
173822
960257
960260
173829
960263
960266
173834
173835
960269
960272
173840
960275
173843
173844
960278
173846
960281
173849
173851
960284
173853
960287
173855
960290
173858
173859
960293
960296
173864
960299
173868
960302
173872
960305
173875
960308
173877
960311
173879
960314
173883
960317
173886
960320
173890
960323
173891
960326
960329
173898
960332
173901
960335
173903
960338
173907
173908
960341
173910
173911
960344
173914
960347
173915
173917
960350
173918
173920
960353
173922
960356
173924
173925
960359
173928
960362
173931
960365
960368
173936
173937
960371
960374
173942
960377
173946
173947
960380
173950
960383
960386
173956
960389
173957
960392
173961
173962
960395
173965
960398
173966
173968
960401
173970
960404
173973
173974
960407
173975
960410
173979
960413
173983
960416
173984
960419
173989
960422
173991
960425
173994
173995
960428
173998
960431
174000
960434
960437
174007
960440
174009
960443
960446
174014
960449
174018
960452
174021
174022
960455
174025
960458
960461
174029
174030
960464
174034
960467
174037
960470
174039
960473
174043
960476
174044
960479
174047
174049
960482
174051
960485
174055
960488
174058
960491
960494
174063
960497
174065
174067
960500
174070
960503
174072
174073
960506
174076
960509
174078
174079
960512
960515
174083
174085
960518
174088
960521
174089
960524
174092
174093
960527
174095
174096
960530
174098
960533
960536
174105
960539
174109
174110
174113
174115
174122
960557
960559
174128
960561
960563
174132
960565
174134
960567
174135
960569
174138
960571
174139
960573
960575
174143
960577
174145
174146
960579
174148
960581
174149
960583
174152
960585
960587
174156
960589
960591
174159
174160
960593
960595
174163
960597
174166
960599
174168
960601
960603
174172
960605
960607
960609
174177
960611
174179
174180
960613
174181
960615
174183
174184
960617
960619
174188
960621
960623
174191
960625
174194
960627
174195
436340
960629
174198
960631
960633
174202
960635
174203
960637
960639
174208
960641
174210
960643
960645
960647
174215
960649
174218
960651
960653
174222
960655
960657
174225
960659
174227
436371
960661
174229
960663
960665
174233
960667
960669
174237
436381
960671
174239
960673
174241
960675
174244
960677
174245
960679
174248
960681
960683
174251
960685
174254
960687
174255
960689
174258
960691
174259
960693
436405
174262
960695
960697
174265
174267
174268
174270
174271
174274
174275
960708
960710
960712
960714
960716
174284
436428
174285
960718
174287
960720
960722
960724
960726
174294
960728
174297
960730
960732
174300
960734
960736
174304
174305
960738
174307
960740
960742
174311
960744
174312
960746
174314
960748
960750
174319
960752
174321
960754
174323
960756
960758
174327
960760
174328
960762
174331
960764
960766
960768
174336
174337
960770
960772
174340
960774
174342
960776
960778
174347
960780
960782
174350
960784
436497
960786
174354
960788
960790
174358
174359
960792
436505
960794
174362
960796
174365
960798
174366
174367
960800
960802
960804
960806
174375
960808
960810
174378
436522
960812
174381
960814
174383
960816
174385
960818
960820
436532
174389
960822
960824
174392
960826
174394
960828
174396
174397
960830
174399
960832
960834
960836
174405
960838
960840
174408
960842
174410
960844
174412
960846
174414
174415
960848
698705
960850
174418
174421
174424
174427
960861
960863
960865
960867
174435
960869
960871
174439
960873
174441
960875
174444
960877
960879
174448
960881
960883
174451
960885
174453
960887
174456
960889
960891
174459
436604
960893
174462
960895
174463
960897
174466
960899
960901
174469
960903
960905
436617
960907
174475
960909
960911
960913
174481
960915
960917
174486
436630
960919
174487
960921
174489
960923
174491
960925
960927
174496
960929
960931
174499
960933
174502
960935
174503
960937
174506
960939
960941
174509
174510
960943
960945
174513
174514
960947
698803
960949
174517
174518
960951
174520
960953
174521
960955
960957
174525
960959
174527
960961
960963
174531
960965
174533
960967
960969
174537
960971
174540
960973
960975
174543
960977
960979
174547
960981
174550
960983
174551
960985
174553
960987
174555
960989
174557
960991
174560
960993
174561
960995
960997
174565
174566
960999
436711
174568
961001
961003
174571
174572
961005
961007
174576
961009
174578
961011
961013
174581
961015
174583
961017
961019
174587
961021
174590
961023
961025
174593
174594
961027
961029
174598
961031
174599
961033
174601
961035
961037
174605
174606
961039
961041
961043
174611
961045
174613
961047
174616
961049
174617
961051
174620
961053
174621
961055
174623
961057
174625
961059
961061
174629
174630
961063
961065
174633
961067
961069
174637
961071
174640
961073
174641
961075
174644
961077
174645
961079
174648
961081
174650
961083
961085
174653
174654
961087
961089
174657
961091
961093
174661
961095
961097
174665
961099
174668
961101
961103
174672
961105
961107
174675
961109
961111
174679
961113
174681
961115
961117
174685
961119
961121
174690
961123
174691
961125
174694
961127
961129
174697
961131
961133
174702
961135
174704
961137
961139
174708
961141
961143
174711
961145
174713
961147
174716
961149
174717
961151
961153
961155
174723
174724
961157
961159
174727
174728
961161
961163
174731
174732
961165
961167
174735
174736
961169
174738
961171
174739
961173
174742
961175
961177
961179
961181
174749
961183
961185
174753
174754
961187
174756
961189
174757
961191
174760
961193
961195
174764
961197
174765
961199
174767
961201
174770
961203
961205
174773
961207
174776
174777
961210
174780
961213
961216
174784
174786
961219
174788
174789
961222
174792
961225
174793
174795
961228
961231
174799
174801
961234
961237
174805
961240
174808
174809
961243
174813
961246
174816
961249
174818
961252
174820
174821
961255
174824
961258
174827
961261
961264
174832
174834
961267
174835
174837
961270
174838
961273
174841
174842
961276
174845
961279
174849
961282
174850
961285
174855
961288
174858
961291
961294
174862
174863
961297
174866
961300
174870
961303
174873
961306
174876
961309
174879
961312
174881
174882
961315
174885
961318
174886
961321
174889
961324
174894
961327
174897
961330
961333
174901
961336
174905
961339
174909
961342
174912
961345
174915
961348
174918
961351
174919
437064
961354
174923
961357
174927
961360
961363
174931
961366
174934
961369
174937
961372
174941
174942
961375
174945
961378
174946
961381
174949
174951
961384
174953
174954
961387
174957
961390
174960
961393
174963
961396
174966
961399
174967
961402
174970
961405
174973
174975
961408
174977
961411
174979
174981
961414
174982
961417
174985
174986
961420
174988
961423
174992
961426
174995
961429
174997
174998
961432
699290
961435
175004
961438
175007
175008
961441
175011
961444
175012
961447
961450
175019
961453
175021
961456
175024
175025
961459
175029
961462
961465
175035
961468
175038
961471
175041
961474
175042
175044
961477
175046
961480
175048
961483
175052
961486
175056
961489
175057
961492
961495
175063
175064
961498
175066
175067
961501
175070
961504
175073
175074
961507
175077
961510
175078
961513
175081
961516
175084
961519
175087
961522
175090
961525
175093
961528
175098
961531
175100
961534
175104
961537
175106
961540
175110
961543
175113
961546
175116
961549
175117
175118
961552
175120
961555
175123
961558
175127
175128
961561
175131
961564
175134
961567
175137
961570
175139
961573
175141
961576
175146
961579
961582
175150
175152
961585
175155
961588
175158
961591
175160
961594
961597
175167
961600
175168
961603
961606
175174
961609
961612
175180
175181
961615
175184
961618
175187
961621
175189
961624
961627
175195
961630
175198
961633
175201
961636
175206
961639
175208
175209
961642
175211
699499
175212
961645
175215
961648
175216
961651
175219
175221
961654
175223
961657
175226
961660
175230
961663
175231
961666
175235
961669
175238
961672
175241
961675
175243
961678
437391
175248
961681
175250
961684
175252
175254
961687
437399
175257
961690
175260
961693
961696
175265
175266
961699
175268
175269
961702
175272
961705
437417
175275
961708
961711
175281
961714
175282
961717
175285
175287
961720
175289
175290
961725
175293
961728
175296
961731
961734
961737
175306
961740
175308
961743
175311
961746
175315
961749
175317
961752
175321
175322
961755
961758
175328
961761
175329
175331
961764
175334
961767
961770
175338
175340
961773
175343
961776
961779
961782
175350
175352
961785
175354
961788
175358
961791
961794
175363
961797
175367
961800
175368
961803
961806
175374
961809
175378
961812
175381
175382
961815
961818
175388
961821
175390
961824
175394
961827
175397
961830
175398
175400
961833
175402
961836
175404
961839
175407
961842
175410
175412
961845
175414
961848
175417
175418
961851
175420
961854
175423
961857
175426
961860
175428
175429
961863
175432
175433
961866
961869
961872
175440
961875
175444
175445
961878
175447
961881
961884
175452
961887
175456
961890
175459
961893
175462
961896
175465
961899
961902
175470
175472
961905
175475
961908
961911
175479
175481
961914
175483
175484
961917
175487
961920
175490
961923
961926
175494
175496
961929
175499
961932
175501
961935
175504
961938
175507
175508
961941
175510
961944
175513
175514
961947
175516
175517
961950
175520
961953
175522
961956
175524
961959
175527
961962
175530
175531
961965
175533
961968
175537
961971
175539
961974
175543
175544
961977
175546
961980
961983
175553
961986
175554
175556
961989
175557
961992
175560
175561
961995
175564
961998
962001
175570
962004
175572
962007
175575
962010
175578
962013
175581
175583
962016
175585
175586
962019
962022
175591
962025
175593
962028
175597
962031
175599
175601
962034
175604
962037
175606
962040
175609
962043
175611
962046
175614
175615
962049
175618
175619
962052
175622
962055
175625
962058
175626
962061
175629
175630
962064
962067
175635
175637
962070
175640
962073
175641
175643
962076
175646
962079
175647
175649
962082
175651
962085
175655
962088
175656
175658
962091
175661
962094
962097
175665
175666
962100
175670
962103
962106
175674
962109
962112
175680
699969
962115
175683
962118
175687
175688
962121
699977
175691
962124
175692
962127
175695
962130
175699
175700
699988
962133
175702
175703
962136
175706
962139
175707
962142
175710
962145
175713
175715
962148
175717
175718
962151
962154
175724
962157
175727
962160
175729
962163
175733
962166
175734
962169
175737
175738
962172
175741
962175
175743
175744
962178
175746
175747
962181
175749
175750
962184
962187
175756
962190
175758
175760
962193
962196
175764
962199
175767
175768
962202
175771
962205
175775
962208
175776
962211
175779
962214
175784
962217
962220
175788
175790
962223
175793
962226
175795
962229
175798
962232
175801
175802
962235
962238
175806
175808
962241
175811
962246
175814
962248
175817
175818
962251
175821
962254
700110
175823
962257
175825
962260
175828
700117
962263
175831
962266
175835
962269
175838
962272
175841
175842
962275
175844
175845
962278
962281
175849
175850
962284
175852
175854
962287
175857
962290
175859
175860
962293
175863
962296
175866
962299
175869
962302
175870
175872
962305
175875
962308
175877
962311
175880
962314
175882
962317
175885
962320
175888
175889
962323
175891
962326
175894
962329
175898
175899
962332
175901
962335
175903
962338
175907
962341
175909
175910
175911
962344
175913
175914
962347
962350
175919
962353
175921
962356
175924
175925
962359
175928
175929
962362
175931
175932
962365
962368
175936
175938
962371
175941
962374
962377
175945
175947
962380
962383
175951
962386
175954
175955
962389
175958
962392
175962
962395
175965
962398
962401
175969
175970
962404
175972
962407
962410
175979
175980
962413
962416
175984
175986
962419
175987
175989
962422
962425
175993
175995
962428
175996
962431
175999
962434
176002
176003
962437
176005
176006
962440
176010
962443
962446
176014
176015
962449
176019
962452
962455
962458
176026
962461
176030
962464
962467
176035
176036
962470
176038
176039
962473
176042
438186
962476
176044
962479
176047
700335
962482
962485
176054
962488
176057
962491
176059
962494
176062
962497
176066
176067
962500
176069
962503
438215
176072
962506
176076
962509
176078
962512
176080
176082
962515
176083
962518
176087
962521
176090
962524
962527
176095
176096
962530
176099
176100
962533
176103
962536
176106
962539
176107
962542
962545
176113
962548
962551
176119
962554
176123
962557
176125
962560
176129
962563
176133
962566
438278
176135
176136
962569
176139
962572
176141
962575
176145
962578
176148
962581
176151
962584
176154
962587
176156
962590
176159
962593
962596
176164
176166
962599
176168
438312
176169
962602
176171
962605
176174
962608
176177
176178
962611
962614
176182
176183
962617
176185
962620
176188
962623
176192
962626
176194
176195
176196
962629
962632
176200
176201
962635
176204
962638
176207
962641
176210
176211
962644
962647
176217
962650
962653
176223
962656
176226
962659
176229
962662
176231
962665
962668
176236
176238
962671
438383
176241
700529
962674
176244
962677
962680
176248
176249
962683
176251
438396
962686
176255
962689
176259
962692
176261
700549
962695
176263
176265
962698
176268
962701
176270
176271
962704
176274
962707
176277
962710
176280
962713
176281
176283
962716
176286
962719
176287
176288
962722
176291
962725
176293
176294
962728
176297
176298
962731
176301
962734
176302
962737
176305
962740
176310
962743
176312
962746
176315
962749
176319
962752
176321
962755
700612
176325
962758
176326
176328
962761
962764
176332
438477
176335
962768
176338
962771
176341
962774
176342
962777
176345
176346
962780
176348
962783
962786
176354
176355
962789
176357
176358
962792
176362
962795
176365
962798
176366
176368
962801
176369
962804
176372
962807
176375
962810
176379
962813
176381
176383
962816
962819
176387
962822
176390
176392
962825
176395
962828
962831
176399
962834
176403
962837
176406
962840
176409
962843
176412
962846
176415
962849
176417
176419
962852
962855
176423
176425
962858
962861
176429
176430
962864
176432
176434
962867
962870
176439
700727
176440
962873
176442
962876
176445
962879
176448
962882
176451
962885
176453
962888
962891
176459
176460
962894
176462
962897
176465
176466
962900
176469
176470
962903
176473
962906
176474
962909
176477
176478
962912
176481
176482
962915
176485
962918
962921
176489
962924
176492
962927
176495
176497
962930
962933
176501
962936
962939
176507
176508
962942
176510
176511
962945
176514
962948
176518
962951
962954
176522
176523
962957
176526
962960
176529
176530
962963
176533
962966
176535
962969
962972
176540
176541
962975
962978
962981
176549
962984
176552
962987
176556
962990
962993
962996
962999
176569
963002
176572
963005
176573
963008
176576
963011
176579
963014
176582
963017
176585
176587
963020
176588
963023
176591
176593
963026
176596
963029
963032
176601
963035
176605
963038
176608
963041
176610
963044
176613
963047
176615
176616
963050
176618
176619
963053
963056
176625
963059
176628
963062
176632
963065
176633
963068
176636
963071
176640
963074
176643
963077
176646
176647
963080
963083
176653
963086
176655
963089
176657
176659
963092
176660
176662
963095
176665
963098
176667
963101
176670
963104
176673
176674
963107
963110
176679
963113
176682
176683
963116
176685
963119
176689
963122
963125
176694
963128
176697
963131
176701
963134
963137
176706
176707
963140
176710
963143
963146
176714
963149
176717
176719
963152
176721
963155
176723
176725
963158
963161
176729
176731
963164
176733
963167
176737
963170
176739
963173
176743
963176
176746
963179
176747
176748
963182
176751
963185
176754
176755
963188
963191
176760
963194
176762
963197
176765
963200
176768
176770
963203
963206
176775
963209
176778
963212
176780
176782
963215
438927
176785
963218
176788
963221
176789
963224
176792
963227
176796
176797
963230
176800
963233
176801
963236
176804
963239
176808
963242
176812
963245
176815
963248
963251
176821
963254
176822
963257
176825
963260
176828
176829
963263
176832
963266
176836
963269
176838
963272
701130
963275
963278
176848
963281
701138
963284
176852
176853
963287
176855
176856
963291
176859
176860
963293
176863
963296
176864
701154
963299
963302
176871
963305
176874
963308
176876
176878
963311
176881
963314
176883
963317
176887
963320
963323
176893
963326
176895
176896
963329
963332
176900
176902
963335
176903
963338
176906
963341
176910
963344
176913
176914
963347
176916
963350
176919
963353
176923
963356
176924
963359
176928
963362
176930
176931
963365
176935
963368
176938
963371
176939
963374
963377
176945
176946
963380
176950
963383
963386
176956
963389
176959
963392
176962
963395
176964
176965
963398
176967
963401
176969
176971
963404
176973
963407
176976
963410
176980
963413
176983
963416
176984
963419
176987
963422
176990
176992
963425
963428
176996
963431
176999
177001
963434
177003
963437
177005
177006
963440
177008
963443
177011
177012
963446
177015
963449
177017
963452
177021
963455
177023
963458
177027
963461
177030
963464
177033
963467
177035
963470
177039
963473
963476
177044
177046
963479
177049
963482
177051
177052
963485
963488
177057
177058
963491
963494
177063
963497
177066
177067
963500
177069
177070
963503
177072
963506
177075
963509
177077
177078
963512
963515
177084
963518
177087
963521
177090
963524
177092
177094
963527
439239
177097
963530
177098
963533
177102
963536
177105
963539
177107
177109
963542
177110
177112
963545
177113
963548
177117
439262
963551
177119
177120
963554
177122
963557
177126
963560
177128
177130
963563
177131
177133
963566
177136
963569
177137
177139
963572
177142
963575
177143
177144
963578
177146
963581
177149
177151
963584
177152
177154
963587
177157
963590
177159
963593
177161
963596
177164
963599
177168
963602
177170
963605
177173
963608
177176
177177
963611
177179
177180
177181
963614
177183
963617
177187
963620
177190
963623
177191
963626
177194
963629
177197
963632
177200
963635
963638
177206
963641
177209
177211
963644
177213
963647
177215
177217
963650
963653
177222
963656
177224
177225
963659
177229
963662
177232
963665
177233
963668
177236
963671
177239
963674
177242
177243
963677
963680
177249
963683
177252
963686
963689
177259
963692
177260
963695
177264
963698
177268
963701
177270
177271
963704
963707
177275
177276
963710
177279
177280
963713
963716
177284
177285
963719
177288
963722
177291
177292
963725
177293
963728
963731
177299
963734
963737
177305
177306
963740
177309
177310
963743
177312
963746
177314
177315
963749
177317
963752
963755
177324
963758
177328
963761
963764
177332
963767
177336
177337
963770
177339
177340
963773
177342
177343
963776
177346
963779
963782
177352
963785
177353
963788
177356
177357
963791
177359
963794
177362
177363
963797
177366
963800
177369
963803
177372
177373
963806
177375
177376
963811
177379
963814
177384
963817
177385
963820
177388
963823
177392
177393
963826
963829
177398
963832
177402
963835
177405
963838
177407
963841
177409
963844
177414
963847
963850
177420
963853
177423
963856
177426
963859
963862
177430
963865
177433
177434
963868
177436
963871
177441
963874
177443
963877
963880
177448
177449
963883
963886
177454
963889
177458
963892
177461
177462
963895
177464
963898
177468
963901
177471
963904
963907
963910
177479
963913
177482
963916
177485
177486
963919
963922
177490
963925
177494
963928
177497
963931
177500
963934
177503
177504
963937
177506
963940
177508
177509
963943
177513
963946
177514
177516
963949
177518
963952
177521
963955
177523
177524
963958
177527
177528
963961
177531
963964
963967
177535
963970
177540
963973
177543
963976
177545
963979
177547
963982
177552
963985
177553
177555
963988
177557
963991
177559
963994
963997
177566
964000
177568
177569
964003
964006
177574
964009
177578
964012
177580
177581
964015
177584
177585
964018
964021
177591
964024
177594
964027
964030
177598
964033
177602
964036
964039
177609
964042
177610
177612
964045
177613
964048
177618
964051
964054
964057
177626
177627
964060
177629
177630
964063
177632
964066
177636
964069
177637
964072
177641
964075
177644
177645
964078
177647
177648
964081
177651
964084
177652
964087
177657
964090
964093
177661
177662
964096
964099
177667
177669
964102
964105
177675
964108
177677
964111
177680
964114
177682
964117
177686
964120
177688
177690
964123
964126
177696
964129
964132
964135
177703
964138
177707
964141
177709
964144
177713
964147
177716
964150
177720
964153
177722
964156
177726
964159
177727
964162
177730
177731
964165
177734
964168
177737
177738
964171
177740
177741
964174
177744
964177
964180
177749
964183
177751
964186
177755
964189
177757
177758
964192
177761
964195
177764
964198
177767
177768
964201
177771
964204
177774
964207
177775
964210
177778
964213
177782
964216
177784
177785
964219
964222
177791
964225
177794
964228
177796
177798
964231
177801
964234
177803
964237
177807
964240
177810
964243
177812
964246
177816
964249
177818
177819
964252
964255
177824
964258
177828
964261
177829
177831
964264
177834
964267
177835
964270
177838
964273
177841
964276
177844
177846
964279
177848
964282
177850
964285
177853
177855
964288
964291
177860
964294
177864
964297
177865
964300
177868
440012
177869
964303
177871
964306
177874
440020
964309
177877
177878
964312
177880
964315
177884
964318
177887
177888
964321
177891
964324
964327
177895
177898
964332
177900
964335
177903
964338
440052
964341
177910
964344
177913
964347
177916
964350
177919
964353
177923
964356
177926
964359
177929
964362
177932
964365
964368
177936
177937
440081
964371
177940
964374
177942
964377
177945
177946
964380
177950
964383
177951
964386
177954
964389
177958
964392
177960
964395
177963
177964
964398
177967
177968
964401
177970
964404
177974
964407
177977
964410
177980
964413
177983
964416
177984
964419
177987
177988
964422
177991
964425
177995
964428
964431
177999
178000
964434
964437
964440
178008
178009
964443
178012
178013
964446
178015
964449
440161
964452
178021
964455
440169
964458
178026
178028
964461
964464
178032
178033
964467
964470
178039
964473
964476
178046
964479
178047
178049
964482
178050
964485
178054
964488
964491
964494
178062
964497
964500
178068
178069
964503
178072
178073
964506
178076
440220
964509
178077
178079
964512
964515
178083
964518
178086
178087
964521
178090
964524
178093
964527
964530
178098
178099
964533
178101
178103
964536
178104
964539
178107
964542
440254
964545
178113
964548
178116
964551
178119
964554
964557
178125
964560
964563
964566
178134
964569
178137
964572
178141
440285
964575
178145
964578
178146
964581
178150
964584
178153
964587
178156
964590
178159
964593
178162
178163
964596
178166
964599
178167
964602
178170
964605
178173
178175
964608
964611
178181
964614
178184
964617
178186
178187
964620
178190
964623
178193
964626
178195
964629
178198
178199
964632
178202
964635
178205
964638
178206
964641
178209
178210
964644
178214
964647
178217
964650
178219
964653
964656
178224
964659
178228
178229
964662
178232
964665
178234
964668
178236
964671
178240
964674
178242
178244
964677
178246
964680
178249
964683
964686
964689
178259
964692
178260
964695
178265
964698
178267
178268
964701
178271
964704
178272
964707
178275
964710
178278
964713
178281
964716
178285
964719
178288
964722
178290
178292
964725
178295
964728
964731
178299
178301
964734
178302
178304
964737
178306
178307
964740
178310
964743
178312
964746
178315
964749
178319
964752
964755
178323
964758
178327
964761
964764
964767
178335
178337
964770
964773
178343
964776
178345
964779
178348
964782
178350
178351
964785
702643
964788
964791
178359
178361
964794
178363
964797
178367
964800
178368
178370
964803
178371
964806
178374
964809
178378
178379
964812
178382
964815
178383
964818
178387
178388
964821
178391
964824
178392
178394
964827
964830
178398
178400
964833
178402
964836
178406
964839
178409
964842
178410
178412
964845
964848
178417
964851
178420
178423
964856
964858
178427
178428
964861
178431
964864
702721
178434
964867
178437
964870
178438
178440
964873
702729
178443
964876
964879
178447
964882
178452
964885
178454
964888
964891
178459
964894
178463
178464
964897
178467
964900
178470
964903
178471
964906
178474
178476
964909
178479
964912
178480
178482
964915
178485
964918
178487
964921
178489
178490
702779
964924
964927
178495
178496
964930
178499
964933
178502
178503
964936
178506
964939
178507
964942
178510
178512
964945
178514
964948
178516
964951
178519
964954
178522
178524
964957
964960
178528
964963
178531
964966
178535
702823
964969
178539
964972
964975
702831
178545
964978
178547
964981
178549
964984
178552
178554
964987
178557
964990
702848
964993
178562
964996
178565
178566
964999
178568
178569
965002
702858
178572
965005
178575
965008
178576
965011
178579
440723
702868
965014
965017
178586
965020
178589
702878
965023
178592
178593
965026
178595
965029
178599
965032
178601
965035
178603
965038
178607
965041
178609
178611
965044
178613
965047
965050
965053
178621
965056
965059
178627
965062
965065
178634
965068
178636
965071
178640
965074
178642
965077
965080
178648
965083
178651
965086
178654
178656
965089
965092
965095
178663
965098
965101
178670
178671
965104
178674
965107
178677
965110
178678
965113
178681
965116
178684
965119
178688
965122
965125
178695
965128
178697
965131
178701
965134
178703
965137
965140
178709
178710
965143
178713
965146
178714
965149
178717
965152
178720
965155
178724
965158
178726
965161
178729
965164
178732
965167
178737
965170
965173
178741
178742
965176
178744
178745
965179
178747
178748
965182
178751
965185
178755
965188
178757
965191
178760
965194
178762
178764
965197
178767
965200
178768
965203
178771
965206
965209
178777
965212
965215
178783
178785
965218
965221
178789
965224
178792
178794
965227
965230
178799
965233
178802
965236
178804
178806
965239
965242
178810
965245
178814
965248
178817
965251
178820
965254
178822
178823
965257
178826
965260
965263
178831
965266
178834
965269
178838
965272
178840
965275
965278
178846
965281
178849
178850
965284
178853
965287
178856
178857
965290
178860
965293
178863
965296
965299
178869
965302
178872
965305
965308
178876
965311
178880
965314
178883
965317
178885
965320
178889
441033
965323
178892
178893
965326
178896
965329
965332
178901
965335
178903
965338
178906
178908
965341
178911
965344
178912
965347
178916
178917
965350
178919
965353
965356
178924
965359
965362
178930
178932
965365
178934
965368
178937
965371
178940
965374
178945
965379
178947
178948
178949
965382
965385
178954
178955
965388
178957
965391
178961
965394
965397
178966
178967
965400
178969
965403
178972
965406
178975
178976
965409
178978
703266
965412
178981
965415
178984
178985
965418
178988
965421
178991
703279
965424
178992
178994
965427
178997
965430
178999
965433
179003
965436
179006
965439
965442
965445
179013
179014
965448
179016
965451
179019
179020
965454
179023
965457
179025
179027
965460
179028
179030
965463
179033
965466
179035
965469
179038
965472
179042
965475
179045
965478
965481
965484
179053
179054
965487
179056
179057
965490
965493
179061
179062
965496
179066
965499
179067
179069
965502
179070
965505
179073
179074
965508
179076
179077
179078
965511
179080
965514
179082
179084
965517
179087
965520
179090
965523
179091
965526
179095
965529
179098
965532
965535
179103
965538
179106
179108
965541
965544
179113
965547
179116
179117
965550
179120
965553
179121
179123
965556
179125
179126
965559
179128
965562
179130
179132
965565
965568
179136
965571
179139
179140
965574
179142
179143
179144
965577
179146
965580
965583
179151
965586
965589
179158
965592
179160
179161
965595
179163
965598
179166
965601
179170
965604
179172
965607
179176
965610
179180
965613
179181
179183
965616
179184
965619
179187
179189
965622
179191
179192
965625
965628
179196
179198
965631
179201
965634
179203
965637
179206
965640
179209
179210
965643
965646
179215
965649
179217
179218
965652
179221
179222
965655
179224
965658
179227
965661
179231
965664
179233
965667
179235
179237
965670
179240
965673
965676
179245
965679
179249
965682
179251
179252
965685
179255
965688
179257
965691
179259
179261
965694
965697
179266
965700
179269
965703
179272
965706
965709
965712
179280
179282
965715
179284
965718
179287
179288
965721
965724
179294
965727
179296
179297
965730
965733
179301
179302
965736
179305
179306
965739
179309
965742
179312
965745
179314
965748
179317
965751
179321
965754
179323
965757
965760
179328
965763
179332
965766
179335
965769
179337
179339
965772
179341
965775
965778
179346
965781
179349
179351
965784
179352
965787
965790
179358
965793
179361
965796
179365
965799
179367
965802
179371
965805
179374
179375
965808
179377
965811
179381
703669
965814
179384
965817
179385
179387
965820
965823
179391
965826
179394
965829
179398
179399
965832
179402
965835
179404
179405
965838
179408
965841
179409
965844
179412
965847
179415
179416
965850
179420
965853
179421
179423
965856
965859
179427
179429
965862
179432
965865
179433
179435
965868
179438
965871
965874
179442
965877
179445
179446
965880
179449
965883
179451
179452
965886
965889
965892
179461
965895
179463
179464
965899
179468
965902
179471
965905
179475
965908
179476
179478
965911
179480
965914
179483
179484
965917
179487
965920
965923
965926
179494
179495
965929
179497
965932
179500
179501
965935
965938
179507
965941
179510
965944
179513
179514
965947
179516
965950
179519
965953
179523
965956
179526
965959
179529
965962
965965
179533
965968
179536
965971
179539
179540
965974
179542
965977
179545
965980
179549
965983
179551
965986
179554
179555
965989
179557
179558
965992
965995
179563
179565
965998
179568
966001
179570
966004
179572
179574
966007
966010
179578
179580
966013
966016
179584
179586
966019
179589
966022
179590
179592
966025
966028
179597
966031
966034
179604
966037
179607
966040
179610
966043
179613
966046
179614
966049
179619
966052
966055
179623
966058
179628
966061
966064
179632
441778
966067
966070
179639
966073
966076
179646
966079
966082
179650
179652
966085
966088
966091
179659
441804
179661
966094
179663
179664
966097
966100
179668
179670
441814
966103
179671
966106
179675
966109
179678
966112
179680
179681
179682
966115
966118
179686
179687
966121
179690
966124
179692
179694
966127
966130
179699
966133
179702
966136
179705
179706
966139
966142
179710
179712
966145
179713
966148
179716
966151
179719
179721
966154
179724
966157
966160
179730
966163
179733
966166
179734
179736
441880
966169
179737
179739
966172
179740
966175
179743
966178
179746
179748
966181
441893
179750
966184
179752
966187
179756
966190
179760
966193
179762
179763
966196
179766
966199
179767
966202
179770
966205
179774
966208
179777
966211
966214
179782
179783
966217
179785
179786
441930
966220
966223
179792
966226
966229
179797
179798
966232
179800
966235
966238
179806
179808
966241
966244
179813
966247
179816
966250
179819
179820
966253
179822
179823
966256
179826
966259
179828
179829
966262
966265
179833
966268
179836
966271
179840
966274
966277
179845
966280
966283
179851
966286
179854
179855
966289
179857
966292
179860
179861
966295
179863
179864
966298
179868
966301
179869
966304
179872
179873
966307
179875
966310
966313
966316
179884
966319
179888
966322
179891
966325
179895
966328
179896
179898
966331
179900
966334
179903
179904
966337
179906
179907
966340
179909
966343
179913
966346
179915
966349
179917
966352
179920
179922
966355
179925
966358
179926
442071
966361
179929
179930
966364
179932
966367
442079
966370
179938
179940
966373
179942
966376
179944
966379
179947
966382
179951
966385
179953
966388
179956
179957
966391
179960
966394
966397
179967
966400
179969
966403
179973
966406
179975
966409
179978
966412
179981
179982
179984
966417
966420
179988
179989
966423
179991
966426
179994
179995
966429
179998
966432
180002
966435
180004
966438
180006
180008
966441
966444
180012
966447
180016
180017
966450
180020
966453
180021
966456
180024
180026
966459
180027
180028
966462
966465
180033
966468
180036
180037
966471
180040
966474
966477
180046
180047
966480
180050
966483
180051
180053
966486
180054
966489
180058
966492
180062
966495
180063
180065
966498
180067
966501
966504
180072
966507
180075
966510
180078
180080
966513
180081
180083
966516
180084
180086
966519
180088
966522
180091
966525
180094
966528
966531
180099
180101
966534
180104
966537
180106
966540
180108
966543
180112
180113
966546
180116
966549
966552
180120
180122
966555
180124
966558
180127
966561
180129
180131
966564
180134
966567
180136
966570
180138
966573
180142
966576
180144
966579
180147
966582
180150
180151
966585
966588
180156
966591
180159
180160
966594
966597
180165
180166
966600
180170
966603
966606
180175
966609
966612
180180
180182
966615
180184
966618
180188
966621
180189
966624
180192
966627
180197
966630
180198
180200
966633
966636
966639
180207
180209
966642
180212
704500
966645
180213
180215
966648
180218
966651
180220
966654
966657
966660
180230
966663
180233
966666
180234
966669
180238
966672
966675
180243
966678
180246
966681
180249
966684
180252
180254
966687
966690
966693
180261
704549
966696
180264
180266
966699
180268
966702
180271
966705
180273
180274
966708
180277
966711
966714
180283
180284
966717
180287
966720
966723
180291
966726
180295
966729
180297
180298
966732
180301
966735
180303
180305
966738
180308
966741
966744
180312
180313
966747
966750
180318
180320
966753
180321
966756
180324
966759
180329
966762
966765
180334
966768
180336
180337
966771
180340
180341
966774
966777
180345
704635
966780
180349
966783
180352
966786
180356
966789
704645
180359
966792
180360
180362
966795
966798
180366
704655
966801
966804
966807
180375
966810
180379
704668
966813
966816
180386
966819
180388
966822
180391
966825
180395
966828
180397
704685
966831
180400
180401
966834
180404
966837
180405
180407
966840
966843
966846
180414
966849
180417
180418
966852
180422
966855
180423
180425
966858
180426
180428
966861
180430
966864
966867
180437
966870
180440
966873
180442
966876
966879
180447
966882
180451
966885
180453
966888
180456
966891
180460
180461
966894
180463
966897
966900
180468
966903
180472
966906
966909
180477
180478
966912
180481
180482
704770
966915
180484
180485
966918
180486
180488
966921
966924
180492
180493
966927
180495
180497
966930
180498
180500
966933
180501
966937
180505
180506
966939
966941
180509
966943
180512
966945
180514
966947
966949
180517
966951
180519
966953
966955
180524
966957
180525
966959
180527
966961
180529
180531
966964
180533
966967
966970
180540
966973
180541
966976
180544
180545
966979
180549
966982
966985
180553
180555
966988
180558
966991
966994
180562
180563
966997
180567
967000
180570
967003
180571
967006
180574
967009
967012
180580
967015
180583
967018
180586
180588
967021
180591
967024
967027
180595
180596
967030
180598
180599
967033
180603
967036
180604
967039
180607
967042
180610
967045
180613
967048
180616
180617
967051
180619
180620
967054
180623
967057
180625
180627
967060
180629
967063
180631
967066
180635
967069
180639
967072
180642
967075
180643
180645
967078
180646
967081
180649
180651
967084
180654
967087
180655
967090
180658
967093
180661
442807
967096
180666
967099
180667
967102
180670
180671
442815
967105
180674
180675
967108
180678
967111
180679
967114
180682
967117
180685
180686
967120
967123
180693
967126
967129
180699
967132
180700
967135
180703
180704
967138
967141
180710
180711
967144
180713
967147
180717
967150
180718
180720
967153
967156
180725
967159
180727
180729
967162
180732
967165
180735
967168
967171
180739
967174
180742
967176
180745
967178
967180
180748
180750
180751
967185
180753
180754
967187
180756
967189
180758
967192
180760
180761
967195
180763
180764
967198
180767
967201
180771
967204
180774
967207
180776
967210
180779
180780
967213
180783
967216
180785
967219
180788
180789
967222
180792
967225
180794
180795
967228
180798
967231
180799
967234
180804
967237
180806
967240
180810
967243
180812
967246
967249
180817
180819
967252
180820
967255
180823
967258
180826
967261
180829
180831
967264
967267
180837
967270
180838
967273
180841
967276
180844
967279
180848
967282
180850
967285
180853
180854
967288
180857
967291
180861
967294
180862
180864
967297
967300
180868
180869
967303
967306
180875
967309
180877
180879
967312
967315
180883
967318
180886
967321
180889
180891
967324
967327
180895
180897
967330
180898
180900
967333
180901
705191
967336
180904
967339
180907
967342
180911
967345
180914
180915
967348
967351
180919
967354
180922
967357
180925
967360
180928
180930
967363
180931
967366
180934
180935
967369
180938
967372
967375
180943
180945
967378
180946
967381
180949
967384
180952
967387
180956
180957
967390
180960
967393
967396
180966
967399
967402
180970
180972
967405
967407
180975
180976
967409
967411
180980
967413
180981
967415
180984
967417
967419
180987
180988
967421
180990
180994
180997
180998
181001
181002
181004
181007
181008
181011
181018
181019
181027
181028
181031
181034
181039
181042
181043
181049
181052
181053
181056
181065
181067
181068
181070
181078
181079
181083
181085
181088
181092
181094
181097
181098
181100
181101
181105
181108
181109
181111
181114
181123
181124
181127
181130
181132
967565
967567
181136
967569
181138
967571
181140
967573
181142
967575
967577
181145
181146
967579
967581
181149
967583
967585
967587
181155
181156
967589
181157
967591
967593
967595
181164
967597
181166
967599
181167
967601
181170
967603
967605
967607
967609
967611
181179
967613
967615
181183
967617
181185
967619
181188
967621
181189
967623
181191
181192
967625
967627
181195
967629
181197
967631
181199
967633
181201
967635
181203
181204
967637
967639
181207
967641
181209
967643
181211
967645
181214
967647
181215
967649
181218
967651
181219
967653
967655
181223
967657
181226
967659
181227
967661
967663
181232
967665
967667
181236
967669
181238
967671
181240
967673
181242
967675
967677
967679
967681
181249
967683
181252
967685
967687
967689
181257
967691
967693
181261
705549
181262
967695
181264
967697
967699
181268
967701
967703
967705
181274
967707
181275
967709
181278
967711
967713
181281
967715
181283
967717
181286
967719
181288
967721
181289
967723
181292
967725
967727
181295
967729
967731
967733
967735
181304
705592
967738
181307
967740
181309
967742
967745
181314
967747
181315
181316
967749
181318
967751
967753
181321
181322
967755
967757
181325
181326
967759
967761
181329
705617
967763
967765
181333
967767
181335
181336
967769
181338
967771
967773
181341
181342
967775
967777
181345
967779
967781
181349
967783
181352
967785
181353
967787
181356
967789
181358
967791
967793
181361
181362
967795
967797
181366
967799
181368
967801
181369
967803
181372
967805
181374
967807
967809
181378
967811
181380
967813
967815
181383
967817
181386
967819
443532
967821
181390
967823
967825
181393
181394
967827
967829
181397
181398
967831
967833
181401
181402
967835
181403
967837
181405
967839
181408
443552
967841
967843
181411
181412
967845
967847
181415
181416
967849
967851
181419
967853
181421
443565
967855
181424
967857
181426
967859
967861
967863
181432
967865
181433
967867
967869
967871
967873
181441
967875
967877
181445
967879
181447
967881
967883
967885
967887
967889
181457
443602
967891
181459
181460
967893
967895
181463
967897
181465
443610
967899
181467
967901
181470
967903
181471
967905
967907
967909
181477
967911
181480
967914
967917
181486
967920
181488
181490
967923
181491
181493
967926
181494
181495
967929
181498
967932
181500
967935
181505
967938
967941
181510
967944
181514
967947
181515
967950
181518
967953
181522
967956
181525
967959
181528
967962
181530
181531
967965
967968
181536
181537
967971
967974
181542
181544
967977
181545
967980
181550
967983
181551
967986
181554
967989
181557
181558
967992
181561
967995
181565
967998
181568
968001
181569
968004
181572
968007
181577
968010
181579
968013
181583
968016
181584
181586
968019
181589
968022
968025
181593
968028
181596
968031
443743
968034
181602
181604
968037
181607
968040
968043
181612
968046
181616
968049
181618
181619
968052
181622
968055
181624
968058
181626
968061
968064
181632
968067
181635
443780
181637
968070
181640
968073
181641
181643
968076
968079
181647
181649
968082
968085
181653
968088
181656
968091
181659
968094
181663
968097
968100
968103
181672
968106
181674
181675
968109
181677
968112
181680
968115
181683
181684
181685
968118
181687
181688
968121
181691
968124
181692
968127
181696
181697
968130
181700
968133
181702
181703
968136
181706
968139
181707
181709
968142
181710
968145
181714
968148
181717
968151
181720
968154
181723
968157
181726
443871
968160
181728
181730
968163
181732
968166
181734
968169
181737
181739
968172
181742
968175
181743
181745
968178
181746
968181
181750
968184
181754
968187
181757
968190
968193
181761
968196
181764
968199
181767
181769
968202
181772
968205
181774
968208
181776
968211
181780
181781
968214
968217
181785
181786
968220
968223
181793
968226
181796
968229
181799
968232
968235
181804
968238
181807
181808
968241
181811
968244
181814
968247
181815
181817
968250
181820
968253
968256
968259
181828
181829
968262
181832
968265
181834
968268
181837
968271
181840
968274
181844
968277
968280
181848
968283
181851
181852
968286
181855
968289
181859
968292
181861
968295
181865
968298
181866
181868
968301
181869
181871
968304
181872
968307
181875
968310
181878
968313
181883
968316
968319
968322
968325
181893
181894
968328
181897
968331
968334
968337
181905
968340
181908
181909
968343
181913
968346
968349
968352
181922
968355
968358
181926
181927
968361
181929
968364
181932
968367
181936
968370
181938
181939
968373
181943
968376
181944
968379
181947
968382
181950
968385
181954
968388
181957
968391
181961
968394
181962
968397
968400
181968
968403
181971
181973
968406
181975
968409
968412
181981
181982
968415
181984
968418
181987
968421
181990
181991
968424
181993
181994
968427
181996
968430
181998
181999
968434
182002
182003
968437
182006
968440
182008
182010
968443
182013
968446
182016
968449
182019
968452
182020
968455
182023
968458
182026
968461
182029
968464
968467
182035
968470
182038
182040
968473
182041
968476
968479
182048
968482
968485
968488
182056
968491
182059
182061
968494
182063
968497
182066
968500
968503
182072
968506
182076
968509
182079
706367
968512
182080
182082
968515
182085
968518
182086
968521
182091
968524
182094
968527
182096
968530
182100
968533
182102
968536
182104
182105
968539
182107
968542
182111
968545
182114
706403
968548
182117
182118
968551
182121
968554
182124
968557
182127
968560
968563
182131
182133
968566
182135
968569
182137
706427
968572
182141
968575
968578
182147
968581
182149
182150
968584
182154
968587
968590
182158
182160
968593
968596
182166
968599
182167
968602
182172
968605
182174
968608
182177
968611
182181
968614
182182
182184
968617
182185
968620
182189
968623
968626
182194
182195
968629
182198
968632
182200
182202
968635
182203
968638
182206
182207
968641
182209
182211
968644
182212
968647
182215
968650
182218
182219
968653
182223
968656
182224
182226
968659
182227
706516
968662
182232
968665
968668
706524
182237
182238
968671
182241
968674
968677
182245
968680
182249
968683
182251
182252
706541
968686
182256
968689
968692
182262
968695
968698
182266
968701
968704
182273
182274
968707
182276
968710
182279
182280
968713
182282
968716
968719
968722
182290
182292
968725
182295
968728
182296
968731
182299
968734
182304
968737
968740
182309
968743
182312
968746
182315
182316
968749
968752
182320
182322
968755
182324
182325
968758
968761
706617
182331
968764
968767
182335
182337
968770
968773
182343
968776
182344
706633
968779
182347
182348
968782
182352
968785
182355
968788
182356
444501
968791
182359
182360
968794
182364
968797
182367
968800
182368
968803
182371
182372
968806
182374
968809
182377
706666
968812
968815
182383
968818
182388
968821
182389
182391
968824
968827
182395
444541
968830
968833
182403
968836
182406
968839
182409
968842
968845
182413
968848
182416
182417
968851
182420
968854
182423
968857
182426
968860
182429
968863
182431
706721
968866
182436
968869
968872
182440
182441
968875
182444
182445
968878
182448
968881
968884
182454
968887
968890
968893
968896
182466
968899
182467
968902
968905
182474
968908
968911
182480
968914
182482
182484
968917
182486
968920
968923
182491
182492
968926
968929
182497
182499
968932
182500
182502
968935
968938
182506
182508
968941
182509
182511
968944
182513
968947
968952
968954
182523
968957
182526
968960
182529
968963
182532
182533
968966
182536
968969
182538
968972
182540
182542
968975
182544
968978
968981
182549
968984
182552
968987
182555
182557
968990
182559
182560
968993
182563
968996
968999
182569
969002
182572
969005
969008
182576
969011
969014
182583
969017
182587
969020
182589
969023
969026
182594
182595
969029
182597
182598
969032
182600
182601
969035
182603
182605
969038
182607
182608
969041
182610
969044
182613
969047
182616
969050
182619
969053
182621
182623
969056
182626
969059
182629
969062
182631
969065
182634
182635
969068
182638
969071
182639
969074
182642
969077
182646
969080
182648
182650
969083
182653
969086
182654
969089
182657
969092
182660
969095
969098
182668
969101
182669
182671
969104
182674
969107
182676
182677
969110
182679
969113
182682
969116
182686
969119
182689
969122
969125
969128
182696
182697
969131
182699
182700
969134
182702
182703
969137
182706
969140
182710
969143
969146
182714
969149
182717
182718
969152
182720
182721
969155
182723
969158
182727
182728
969161
969164
182732
182733
969167
182736
182737
969170
182740
969173
182743
969176
182745
969179
182748
969182
182750
969185
182753
182754
969188
969191
182759
969194
182762
182764
969197
182766
969200
182768
969203
969206
182776
969209
182777
969212
969215
707071
182785
969218
182786
182788
969221
182789
969224
182792
969227
182795
969230
182798
182800
969233
182801
969236
182805
969239
182807
707097
969242
182811
969245
969248
969251
182819
969254
182823
969257
182826
969260
182829
969263
182831
969266
182834
969269
182838
969272
182841
969275
182844
182845
969278
182847
969281
969284
182854
969287
182856
182857
969290
182860
969293
969296
182865
969299
182868
969302
182871
969305
182874
182875
969308
182877
182878
969311
969314
182883
182884
969317
182887
969320
182890
969323
969326
182894
182896
969329
182898
182899
969332
969335
182903
969338
182907
969341
182910
182911
969344
182913
182914
969347
182917
969350
182918
969353
182921
969356
969359
182928
969362
182930
969365
182933
182935
969368
182938
969371
182939
969374
182942
182943
969377
969380
182948
182949
969383
182952
969386
969389
182957
969392
182961
969395
182964
969398
182968
969401
969404
182972
182974
969407
182975
182977
969410
182978
969413
182981
969416
182985
969419
182987
182989
969422
182992
969425
182993
969428
969431
183000
969434
183004
969437
183005
969440
183010
969443
183011
183013
969446
969449
183017
969452
183020
969455
183024
969458
183027
969461
183029
969464
183032
183034
969467
183037
969470
183039
969473
969475
969478
183046
183047
969481
183049
969484
183052
183053
969487
183056
969490
183059
969493
969496
183064
183065
969499
183067
969502
969505
969508
183076
969511
183080
969514
183082
183083
969517
183085
183086
969520
183089
183090
969523
183092
183093
969526
183095
183096
969529
183098
969532
183100
969535
183104
969538
445250
183108
969541
183111
969544
969547
183115
183116
969550
183119
183120
969553
969556
183126
969559
183127
183128
707416
969562
183130
183131
969565
183133
969568
183138
969571
183140
969574
183143
969577
707434
183147
969580
969583
969586
183154
183155
969589
183158
969592
183160
969595
183163
969598
183167
969601
183170
969604
183173
969607
969610
183179
969613
445326
969616
183185
969619
183188
183189
969622
183191
969625
183195
969628
183197
445342
969631
969634
183202
969637
969640
183208
969643
183211
183213
969646
183214
969649
183217
969652
969655
183224
969658
183227
969661
969664
183232
183234
969667
969670
183238
183239
969673
183241
183242
969676
969679
183247
969682
183251
183252
969685
969688
183256
445400
183258
969691
969694
183262
969697
183265
183267
969700
183270
969703
183271
183273
969706
183274
969709
183277
183279
969712
183280
969715
183284
183285
969718
183287
183288
969721
969724
183293
183294
969727
183297
969730
969733
183301
969736
183306
969739
183309
969742
183312
445456
969745
183314
969748
183316
183318
969751
183320
445464
183321
969754
183324
969757
183326
969760
183329
969763
183331
969766
183334
183335
969769
183337
969772
183340
183341
969775
183345
969778
183347
969781
183351
969784
445497
183354
969787
969790
183360
969793
445505
969796
183365
969799
969802
183370
969805
969808
969811
969814
183383
969817
183386
969820
969823
183391
183392
969826
183395
969829
183397
969832
183400
183402
969835
969838
183408
969841
969844
969847
183415
183416
969850
183418
183419
969853
183422
969856
183426
969859
183428
969862
183430
183432
969865
183433
183434
969868
183436
969871
183439
969874
183442
969877
183445
969880
183449
969883
183451
969886
183455
183456
969889
183459
969892
969895
183463
969898
183467
969901
183469
183470
969904
183473
183474
969907
969910
183478
183480
969913
183481
183483
969916
969919
183487
183489
969922
183491
969925
183493
183495
969928
183498
969931
183499
969934
183502
969937
183506
969940
183509
183510
969943
183512
183513
969946
183515
183516
969949
183519
969952
183520
969955
183523
183524
969958
183526
969961
183531
969964
183533
969967
183535
969970
183538
969973
183543
969976
969979
183548
183549
969982
183551
183552
969985
183555
969988
183556
183557
969993
969996
183564
183566
969999
970002
183570
183571
970005
183573
183574
970008
183576
183577
970011
183580
970014
183582
183584
970017
183586
970020
183590
970023
970026
970029
183598
970032
970035
183604
970038
183606
183607
970041
183609
183610
970044
183613
970047
183615
970050
183619
970053
970056
183626
970059
183628
970062
183630
183631
970065
183634
970068
183636
970071
183641
970074
183643
970077
183645
183647
970080
970083
183651
183652
970086
183654
183655
970089
183658
183659
970092
183662
970095
970098
183666
183667
970101
970104
183674
970107
183675
970110
183679
970113
970116
183684
183685
970119
183687
970122
183691
970125
183693
970128
183697
970131
183699
970134
183703
970137
183705
183707
970140
183708
183710
970143
183712
970146
183714
970149
183717
183718
970152
183720
183722
970155
183723
183725
970158
970161
183729
183730
970164
183732
970167
183736
970170
183740
970173
183743
970176
183746
970179
970182
183751
970185
183755
970188
183757
970191
183760
970194
183763
183764
970197
183766
970200
970203
970206
183774
970209
183778
970212
183781
970215
183785
970218
183787
970221
183790
970224
183792
183793
970227
970230
183798
183800
970233
183801
183803
970236
183806
970239
970242
183811
183812
970245
183815
970248
183816
970251
183821
970254
970257
183825
970260
183828
970263
970266
183834
183835
183836
970269
183839
970272
183840
970275
970278
183846
183848
970281
970284
970287
970290
183859
183860
970293
970296
183865
183866
970299
183868
970302
183871
970305
183874
183875
970308
183877
183878
970311
183881
970314
183883
183884
970317
183885
970320
183888
183890
970323
183893
970326
970329
183898
970332
183902
970335
970338
183907
970341
183910
970344
970347
183916
970350
183919
970353
183921
183922
708211
970356
183924
183925
970359
183928
970362
183931
708219
970365
970368
183936
183937
970371
183939
970374
183942
183943
970377
183946
970380
183949
970383
970386
183954
970389
183959
970392
970395
183963
970398
183966
970401
183969
970404
183972
183974
970407
183977
970410
970413
183982
970416
183985
970419
183987
183988
970422
183991
970425
708282
970428
183996
183997
970431
183999
970434
184002
970437
970440
184008
970443
184011
970446
184014
970449
184017
184018
970452
184020
708308
184021
970455
970458
184026
184027
708316
970461
184030
970464
970467
184037
970470
184040
970473
184042
970476
708334
970479
184047
184049
970482
184051
970485
184054
184055
970488
184057
970491
184060
184061
970494
184063
970497
184066
970500
184069
970503
184073
970506
184074
184075
970509
184077
970512
184080
184083
970517
184085
970519
184089
446233
970522
184090
184092
970525
184093
184095
970528
184096
446241
184098
970531
184100
970534
184103
708391
184104
970537
184107
970540
970543
184111
184112
970546
184115
708404
970549
970552
184122
970555
184125
970558
184126
184128
970561
184131
970564
184134
970567
970570
184138
970573
184141
184143
970576
970579
184147
970582
184151
970585
184153
970588
184156
970591
184159
708449
970594
184164
970597
184166
970600
184169
970603
970606
184175
184176
970609
184179
970612
184182
970615
184185
970618
184186
184188
970621
970624
184193
970627
184197
970630
184198
184200
970633
184201
970636
970639
184207
708497
970642
184210
970645
970648
184217
970651
184219
708507
970654
184223
970657
184225
970660
184228
970663
184231
184232
970666
184234
184235
970669
184238
970672
184241
970675
184243
970678
184246
184247
970681
184250
970684
184252
184254
970687
184255
970690
970693
184261
970696
970699
184267
970702
184270
184272
970705
184273
970708
184276
184278
970711
970714
184283
970717
184285
970720
184289
970723
970726
184295
970729
970732
184300
970735
184303
970738
184306
184308
970741
184311
970744
970747
970750
184318
184320
970753
970756
184325
184326
970759
184329
970762
184332
970765
184335
970768
184337
970771
184339
970774
184342
970777
184345
970780
184349
970783
184351
970786
184354
970789
184359
970792
184360
184362
970795
184365
970798
184366
970801
184370
970804
184374
970807
184376
970810
184378
184380
970813
184382
184383
970816
184386
970819
970822
184391
970825
184394
970828
184397
970831
184400
970834
184404
970837
970840
184409
970843
184411
184413
970846
184415
970849
184417
970852
184420
970855
184425
970858
184428
970861
970864
184432
970867
184437
970870
184439
184440
970873
184442
184443
970876
184446
970879
184448
970882
184452
970885
184454
184455
970888
970891
184461
970894
184464
970897
970900
184468
970903
970906
184475
970909
184478
184479
970912
184482
970915
184483
970918
184486
970921
184491
970924
184493
184494
970927
184497
970930
184498
970933
184501
970936
970939
184507
970942
184510
970945
184514
184515
970948
970951
184519
184521
970954
970957
184525
184526
970960
970963
970966
184534
970969
184539
970972
184542
970975
970978
184547
970981
184549
970984
184552
970987
184557
970990
184558
184560
970993
184562
970996
184565
970999
184568
971002
184570
184571
971005
184573
184574
971008
184576
184578
971011
184580
971014
184583
971017
184586
971020
184590
971023
184591
971026
184595
971029
971032
184600
184602
971035
184603
184606
971040
971042
184610
184611
971045
184613
971048
184618
971051
971054
184623
971057
184626
971060
971063
184631
971066
184636
971069
184639
971072
971075
184643
971078
184648
971081
708939
971084
184652
971087
184655
971090
184659
971093
184663
971096
184664
971099
184667
708957
971102
184670
971105
184673
971108
184676
971111
184680
971114
184683
971117
971120
184689
971123
184691
184693
971126
971129
184697
971132
184700
971135
184704
971138
184706
971141
184711
971144
184714
971147
184716
971150
971153
184722
184723
971156
184725
184726
971159
184728
971162
446874
971165
971168
184738
446882
971171
184741
971174
184742
184744
971177
971180
184750
971183
184753
971186
446898
184755
971189
184758
971192
184761
971195
184765
971198
184767
446911
184768
971201
971204
184772
971207
971210
184779
971213
184782
184783
971216
971219
184788
971222
184790
184791
971225
971228
184797
184798
971231
184800
184801
971234
971237
446949
184806
184807
971240
184809
971243
184812
446957
971246
184815
971249
184818
184819
971252
184821
971255
184824
971258
184826
971261
184830
971264
184832
184834
971267
971270
184838
184839
971273
184842
184843
971276
184846
971279
184847
971282
184850
971285
184853
184855
971288
184857
971291
184860
184861
971294
184864
971297
184865
184867
971300
971303
184872
971306
184875
971309
184878
971312
184880
184882
971315
184883
971318
184886
184888
971321
184891
971324
184893
971327
184896
971330
184898
971333
184901
971336
184904
184905
971339
184907
971342
184911
971345
184913
184915
971348
184916
184918
971351
184920
971354
184923
971357
184927
971360
184928
971363
184931
971366
184935
971369
184937
184938
971372
184941
971375
184945
971378
184948
971381
971384
971387
184955
971390
184959
184960
971393
184962
447106
971396
184965
971399
184967
971402
184970
447114
971405
184973
971408
184977
971411
184980
971414
184984
971417
184986
971420
184988
709276
184989
971423
184991
971426
184996
971429
447142
971432
971435
185004
971438
185006
185007
971441
185010
971444
185014
971447
185016
971450
185019
185020
971453
971456
185024
971459
185028
971462
185031
185032
971465
185035
971468
185038
971471
971474
185042
185044
971477
185046
971480
185049
971483
185053
971486
185054
971489
185057
185058
971492
185060
185061
971495
185063
971498
971501
971504
185072
971507
185075
185076
971510
185080
971513
971516
185084
971519
185088
971522
185091
185092
971525
185095
971528
185096
971531
185101
971534
971537
185106
971540
185108
971543
185111
185113
971546
185114
185116
971549
185117
971552
185120
971555
185123
971558
185127
971563
185133
971566
185136
971569
185137
971572
185140
971575
185143
185145
971578
185146
971581
185149
971584
185154
971587
185157
971590
971593
185161
971596
185165
185166
971599
971602
185170
185172
971605
185173
185175
971608
185176
971611
185179
971614
185182
971617
185185
971620
185189
185190
971623
185192
185193
971626
185196
971629
971632
185201
971635
185204
971638
185207
971641
185210
185211
971644
185213
971647
185216
185217
971650
185220
971653
971656
971659
185227
971662
185230
971665
185233
971668
185236
185238
971671
971674
185242
185244
971677
185247
971680
185250
971683
971686
185254
185255
971689
971692
971695
185264
971698
185267
185268
971701
971704
185274
971707
185277
971710
185278
971713
185282
971716
185284
185285
185286
971719
185288
971722
185290
971725
971728
185297
971731
185301
971734
185304
971737
185306
971740
185308
971743
971746
185314
971749
185317
185319
971752
971755
185324
971758
971761
185329
971764
185332
971767
185335
971770
185338
971773
185341
185343
971776
971779
185348
971782
185351
971785
971788
185357
971791
185359
971794
971797
185365
971800
185368
185369
971803
971806
971809
185379
971812
185380
185382
971815
971818
185388
971821
185389
185391
971824
185392
185394
971827
185397
971830
185400
971833
971836
185404
185406
971839
185408
971842
185412
971845
185415
971848
185417
971851
971854
185423
971857
185426
971860
185429
971863
971866
185434
971869
185438
971872
971875
185443
185445
971878
185447
971881
185450
971884
971887
185457
971890
185460
971893
185461
971896
971899
185469
971902
185471
971905
185475
971908
185478
971911
185480
971914
185483
971917
185485
185486
971920
185490
971923
185492
971926
971929
185499
971932
971935
185505
971938
185507
971941
185510
971944
971947
185516
971950
185518
971953
185521
971956
185524
971959
185527
971962
185530
971965
185534
971968
971971
185539
185540
971974
185542
185544
971977
185546
185547
971980
971983
185552
971986
185554
185556
971989
971992
185561
971995
185564
971998
185567
972001
185569
972004
185573
185574
972007
185576
185577
972010
185579
972013
185583
972016
185586
972019
185587
972022
185590
972025
185593
185594
972028
185597
185598
972031
185600
185601
972034
185604
972037
972040
185608
185610
972043
185613
972046
972049
185617
185618
972052
972055
185624
972058
185627
972061
185630
185631
972064
185634
972067
185635
185637
972070
972073
185641
185642
972076
185644
185645
185648
972081
185651
972084
972087
185656
972090
185658
185660
972093
972096
185664
972099
972102
185670
185671
972105
185673
185675
972108
185678
972111
185679
972114
185684
972117
185687
972120
185688
972123
185691
185692
972126
185694
972129
185697
972132
185700
972135
185705
972138
447851
972141
185710
185711
972144
185713
972147
447859
185717
972150
185720
972153
185721
972156
185724
185726
972159
185727
185729
972162
972165
185733
972168
185736
185737
710026
972171
185741
972174
185744
972177
710034
972180
185750
972183
972186
185754
710042
185755
972189
972192
972195
185765
972198
185767
185768
972201
185771
972204
972207
185776
972210
972213
185781
972216
185785
972219
185788
972222
972225
185793
972228
185796
185797
710086
972231
185800
185801
972234
972237
185805
185806
972240
972243
185811
185812
972246
972249
185818
972252
185821
972255
185824
972258
185827
972261
185830
185831
972264
185834
972267
185835
972270
185838
972273
972276
185844
972279
185847
185848
972282
185852
972285
185854
972288
185858
972291
185861
972294
185862
972297
185865
185866
972300
185869
972303
185872
972306
185875
972309
972312
185880
185882
972315
185885
972318
185887
972321
185889
972324
710180
185893
972327
972330
185898
185899
710188
972333
185901
972336
185904
972339
185907
972342
185912
972345
185915
972348
185918
972351
185921
972354
185924
972357
185925
185927
972360
185928
972363
185933
972366
185936
972369
185939
972372
185942
972375
185945
972378
972381
185949
710238
972384
185954
972387
972390
185958
972393
185962
972396
185964
185965
972399
185967
185969
710257
972402
972405
185973
972408
185976
185977
972411
185979
972414
185982
185983
710272
972417
185985
185986
972420
185988
972423
185991
972426
185994
185996
972429
185999
972432
186002
972435
972438
186006
972441
186010
972444
186014
972447
186016
972450
186018
186020
972453
186023
972456
186025
972459
972462
186032
972465
186034
972468
186038
972471
186041
972474
186043
972477
186045
186047
972480
186048
972483
186051
186053
972486
186055
972489
186057
186059
972492
186062
972495
186065
972498
186067
186068
972501
186071
972504
972507
186076
972510
186079
972513
186082
972516
186085
972519
186089
972522
186090
972525
186094
972528
186096
186098
972531
972534
186104
972537
186106
972540
972543
186111
972546
186114
972549
186117
186118
972552
972555
972558
186126
972561
186129
186130
972564
186133
186134
972567
186136
972570
186139
972573
972576
186144
972579
972582
186150
186152
972585
186153
972588
186157
972591
186159
972594
186162
186163
186166
972599
972602
186170
186172
972605
972608
186177
186178
972611
972614
186182
186184
972617
972620
186188
186190
972623
186193
972626
186194
972629
186197
186198
972632
186201
972635
186204
972638
186206
972641
186209
186210
972644
186212
972647
186215
972650
186218
972653
186221
186222
972656
186224
972659
186227
972662
972665
186234
972668
186236
186237
972671
186240
972674
186242
972677
186245
972680
186248
186250
972683
186253
972686
186256
972689
972692
186260
972695
186264
186265
972698
972701
186269
972704
186274
972707
972710
186278
186279
186280
972713
186282
186283
972716
186285
972719
186288
972722
186291
972725
186294
186295
972728
186298
972731
972734
186302
186304
972737
186306
186307
972740
186309
186310
972743
186312
972746
186315
972749
186317
186318
972752
186321
972755
186325
972758
186327
972761
972764
186332
186334
972767
186337
972770
186339
972773
186342
972776
186345
448489
972779
186348
972782
186352
972785
448497
972788
186356
972791
186360
448505
972794
186362
186363
972797
972800
186368
186369
972803
186371
186372
972806
186375
972809
186377
972812
972815
972818
186386
186388
972821
186389
972824
186392
186393
448537
972827
186396
972830
186398
186400
972833
186401
972836
186404
186406
972839
186409
972842
186411
972845
186414
186415
972848
972851
186421
972854
972857
186425
186426
972859
186428
972861
972863
972865
972868
186436
186438
972871
186440
972874
186442
448588
972877
186445
710733
972880
972883
186451
972886
186455
972889
710746
972892
972895
186463
972898
186466
186468
972901
186471
972904
972907
186475
972910
186478
972913
186481
186483
972916
710774
972919
186487
186488
972922
972925
186493
186494
972928
186496
972931
186501
972934
186504
972937
186506
972940
186508
972943
186512
972946
186515
186516
972949
972952
186520
972955
186523
448669
972958
186527
972961
972964
186532
448677
972967
186535
186537
972970
186539
972973
186541
186543
972976
186545
972979
186548
972982
972985
186555
972988
972991
186560
972994
972997
186565
186566
973000
186569
973003
186571
448715
973006
186574
973009
973012
186580
973015
186585
973018
186586
973021
186589
186590
973024
186592
973027
186595
186597
973030
973033
973036
186604
186606
973039
186607
186609
973042
186611
973045
973048
186616
973051
186620
973054
186624
973057
186626
973060
186628
973063
973066
973069
186637
186638
973072
186641
973075
186645
973078
186646
186647
973081
186649
973084
186652
186653
973087
186655
973090
186658
973093
186663
973096
186665
973099
186668
186669
973102
973105
186675
973108
186677
186678
186681
186685
186688
186689
186694
186700
186701
186707
186709
186710
186712
186715
186717
186720
186723
186727
186734
186735
186749
186752
186758
186760
186765
186771
186773
186774
186777
186778
186784
186786
186790
186793
186797
186799
186801
186805
186810
186812
186813
186815
186818
186819
186821
186824
186825
186831
186832
186833
186835
186836
186838
186839
186843
186846
186847
186849
186850
973285
186853
186854
973287
973289
973291
186859
973293
186861
973295
186863
973297
186866
973299
973301
186870
973303
973305
186874
973307
186875
973309
186877
186878
973311
186880
973313
186881
973315
186884
973317
973319
186888
973321
186889
973323
186892
973325
186894
973327
973329
186898
973331
973333
186901
973335
186904
973337
973339
186908
973341
973343
186912
973345
186913
973347
973349
186917
973351
186920
973353
973355
186923
973357
186926
973359
973361
973363
973365
973367
973369
973371
973373
186942
973375
973377
186946
973379
186948
973381
186949
973383
186952
973385
973387
186955
973389
973391
186959
973393
186961
973395
186963
973397
186966
973399
186968
973401
186970
973403
973405
186973
973407
186975
973409
186977
973411
186979
186980
973413
973415
186984
973417
186986
973419
973421
973423
186991
973425
186993
973427
973429
186997
973431
187000
973433
973435
187003
973437
973439
187007
973441
187009
187010
973443
973445
187013
973447
187015
973449
187017
973451
187019
973453
187022
973455
973457
187026
973459
187027
973461
187030
973463
187031
973465
973467
973469
187037
187038
973471
187040
973473
187042
973475
187044
973477
973479
187048
973481
973483
187051
973485
973487
187055
973489
187057
973491
973493
187061
973495
187064
973497
973499
187067
973501
973503
187071
973505
187074
973507
973509
187077
973511
187080
973513
187082
973515
187084
973517
187086
973519
973521
973523
187091
187092
973525
973527
187095
187096
973529
973531
187099
973533
187101
187102
973535
973537
187105
187106
973539
187108
973541
973543
973545
187114
973547
973549
187117
973551
973553
187121
973555
187124
973557
187126
973559
187127
973561
187129
187130
973563
973565
187133
973567
973569
187138
973571
973573
187141
187142
973575
187144
973577
973579
187148
973581
187150
973583
973585
187153
973587
187155
973589
973591
187160
973593
973595
973597
973599
187167
973601
187169
187170
973603
973605
187174
973607
187175
973609
187177
973611
187180
973613
973615
187184
973617
973619
973621
973623
973625
187193
973627
973629
973631
973634
187202
973637
973640
187208
973643
187211
187212
973646
187214
187215
973649
187218
973652
187220
973655
187223
187224
973658
187226
187227
973661
187231
973664
187234
973667
187236
973670
187239
187240
973673
187242
973676
187246
973679
187249
973682
187251
973685
973688
187257
973691
187260
973694
973697
187265
187267
973700
187268
973703
187273
973706
973709
187279
973712
973715
187283
187284
973718
187286
187288
973721
187289
973724
973727
973730
187298
187300
973733
187303
973736
187306
973739
449451
973742
187310
187312
973745
187314
973748
187316
973751
187319
973754
187322
187324
973757
973760
187328
973763
187332
973766
187335
973769
187338
187339
973772
187341
973775
187344
973778
187347
973781
187351
973784
187352
187354
973787
973790
187358
187360
973793
187363
973796
973799
187367
973802
187370
187371
973805
973808
187376
973811
187380
187381
973814
187384
973817
187386
187387
973820
187389
187390
973823
973826
187396
973829
187399
973832
973835
187403
973838
187406
187407
973841
973844
187413
973847
187416
187417
973850
973853
187422
973856
187424
187425
973859
973862
187430
973865
187434
973868
973871
973874
187442
187443
973877
973880
187448
973883
187451
187452
973886
187454
973889
187458
973892
973895
187463
973898
187467
187468
973901
187470
187471
973904
973907
187476
973910
187479
973913
187483
973916
973919
187489
973922
187491
973925
187494
973928
187496
187498
973931
973934
187503
187504
973937
973940
187509
973943
187511
187513
973946
187515
973949
187518
973952
187520
973955
187523
187525
973958
187526
187528
973961
973964
187532
187534
973967
711824
187537
973970
973973
187541
973976
187544
187546
973979
187547
973982
187552
973985
973988
187556
973991
973994
187563
973997
187566
974000
187568
711856
187569
974003
187571
187572
974006
187576
974009
187578
974012
974015
187584
974018
187586
187587
974021
187590
974024
974027
187597
711885
974030
187598
187600
974033
974036
187604
974039
187607
187608
974042
187610
187612
974045
187614
187615
974048
187618
711906
974051
187619
974054
187622
187624
974057
187626
711914
974060
187630
974063
187632
187633
974066
187636
974069
187639
974072
187641
974075
187643
974078
187647
187648
974081
187650
974084
974087
187656
974090
187658
974093
187662
974096
187666
974099
974102
187670
974105
187675
974108
187676
974111
187680
974114
187684
974117
187686
974120
187689
974123
187692
974126
187696
974129
187697
974132
187701
187702
974135
187705
974138
974141
187710
974144
974149
187719
974152
187721
974155
187724
974158
187726
187727
974161
187729
974164
187732
974167
187736
187737
974170
187740
974173
187743
974176
187744
974179
187747
974182
187752
974185
187754
974188
974191
974194
187764
974197
187765
974200
187768
187769
974203
187771
974206
187775
974209
187779
974212
974215
712071
974218
187787
974221
187789
187791
974224
974227
187795
974230
187799
974233
974236
187805
974239
187809
974242
187810
974245
187814
974248
187817
187818
974251
187821
974254
187824
974257
187826
974260
187828
187829
974263
187831
974266
187834
187836
974269
187838
187839
974272
187841
974275
187845
974278
187846
974281
187849
187851
974284
187853
187854
974287
187857
974290
187860
974293
187861
974296
187864
974299
187867
974302
974305
187874
187875
974308
187877
974311
187881
974314
187884
974317
187885
974320
187888
712177
974323
187893
974326
974329
187898
974332
187901
974335
187903
974338
187906
974341
187909
974344
187914
974347
450059
974350
187918
974353
187923
974356
187925
974359
187928
974362
187930
450076
974365
187933
187935
974368
187938
974371
187941
974374
187943
974377
187945
974380
187948
187950
974383
187951
974386
974389
187958
974392
187962
974395
187963
187965
974398
187966
974401
187970
974404
187973
974407
187977
974410
974413
187982
187983
974416
187986
974419
187989
974422
974425
187993
187995
974428
187998
974431
974434
974437
450151
974440
188008
188010
974443
974446
450159
188016
974449
188017
974452
974455
188023
974458
188026
188027
974461
188030
974464
188033
188034
974467
974470
188038
974473
450185
188042
974476
188045
974479
188047
188049
974482
188050
974485
188053
188055
974488
188056
974491
188059
974494
188062
450208
974497
188066
974500
188069
974503
188072
974506
188076
974509
188077
188079
974512
188080
974515
188083
188084
974518
188087
974521
188089
974524
188092
974527
188095
974530
188098
188099
974533
450246
188103
974536
188106
974539
188109
974542
188111
188112
974545
188115
974548
188118
974551
188119
188121
450265
974554
974557
188125
974560
188129
974563
188131
974566
188135
188136
974569
188138
188139
974572
188141
188142
974575
188145
974578
188148
974581
188149
974584
188152
188153
974587
188155
188156
974590
188158
974593
188162
974596
188165
974599
188168
974602
974605
188173
188174
974608
188177
188178
974611
188180
974614
188182
974617
188187
974620
974623
188191
188193
974626
974629
188199
974632
188201
974635
188204
188205
974638
188207
974641
188210
974644
188212
188214
974647
974650
188218
974653
188222
974656
188226
712514
974659
974662
188233
188234
974667
188236
188237
974670
712527
974673
974676
188244
188245
974679
188248
188249
974682
188252
974685
974688
188256
974691
188261
974694
188263
974697
188266
974700
974703
188271
974706
188274
974709
974712
188281
188282
974715
188285
974718
188286
974721
188291
974724
188294
974727
188297
974730
974733
188302
974736
188304
188306
974739
188308
188309
974742
188311
974745
188314
188315
974748
188318
974751
188321
974754
974757
188326
188327
974760
974763
188333
974766
974769
974772
188340
188341
974775
188344
974778
188347
974781
188350
974784
188353
188354
974787
188357
974790
188358
188360
974793
188362
188363
974796
188366
974799
188368
974802
188371
974805
188375
974808
188376
188378
974811
188379
974814
188383
188384
974817
974820
188388
188390
974823
188391
188393
974826
188396
974829
974832
188400
974835
188404
974838
974841
188410
974844
188413
974847
188416
188417
974850
188419
188420
974853
188423
974856
188425
188426
974859
188427
188429
974862
974865
188434
188435
974868
188438
974871
188440
974874
188442
188443
974877
188445
188446
974880
188450
974883
188452
188453
974886
188456
974889
188458
974892
188460
974895
188465
974898
974901
974904
188473
974907
974910
188478
974913
974916
188484
974919
188487
974922
974925
188493
188495
974928
188498
974931
974934
188503
974937
188505
974940
188508
188509
974943
188512
974946
188515
974949
974952
188521
188522
974955
974958
188527
188528
974961
188530
974964
974967
188535
974970
188539
712827
974973
188541
974976
188544
188546
974979
974982
188552
974985
188555
974988
188558
974991
188561
974994
188564
974997
975000
188568
188570
975003
188571
975006
188576
975009
188577
975012
975015
188583
975018
188587
975021
188589
975024
188594
975027
188595
975030
188598
975033
188601
975036
188604
975039
188607
188609
975042
188612
975045
188613
975048
188616
975051
188619
188621
975054
188624
975057
975060
188628
975063
188631
975066
188634
975069
188638
188639
975072
188642
975075
188644
188645
975078
188648
975081
975084
975087
188657
975090
188660
975093
975096
188665
975099
975102
975105
188673
975108
188676
975111
188679
975114
188683
975117
188686
975120
188690
975123
188691
188693
975126
188694
975129
188697
188698
975132
188700
975135
188703
188704
975138
188708
975141
975144
188713
975147
188716
975150
188719
975153
975156
188724
975159
188727
975162
188730
188731
975165
975168
188738
975171
188740
975174
188742
188744
975177
188746
975180
188748
975183
188753
975188
188756
188757
975191
188759
975194
188764
975197
975200
188769
975203
188771
975206
975209
188777
975212
188781
188782
975215
188784
188785
975218
188788
975221
188789
188791
975224
975227
188796
975230
188798
975233
188802
975236
188805
975239
188808
975242
188811
975245
188813
975248
188816
975251
188820
975254
188822
188823
975257
188826
975260
188829
975263
188831
450975
975266
188835
975269
188839
975272
975275
975278
188846
188848
975281
188849
975284
188852
188854
975287
188855
188857
975290
975293
188861
188863
975296
188866
975299
975302
188870
188871
975305
188873
975308
188878
975311
188881
975314
188882
188884
975317
188885
975320
188888
975323
975326
188894
188896
975329
188898
975332
188900
975335
188903
975338
188906
975341
188909
188911
975344
188912
975347
188915
188917
975350
188918
975353
188921
188923
975356
188924
188926
975359
975362
188931
975365
975368
188936
975371
188940
975374
188943
975377
188946
975380
188949
975383
188951
188952
975386
188954
188955
975389
188958
975392
188962
975395
188964
975398
188966
975401
975404
188972
188974
975407
975410
188980
975413
975416
188984
975419
188987
188989
975422
188990
188992
975425
975428
188996
188997
975431
189000
975434
189003
975437
189007
975440
189008
975443
189011
189012
975446
189014
975449
189017
189018
975452
189020
975455
189023
975458
189026
189028
975461
189029
975464
189033
975467
189035
189037
975470
189039
975473
975476
189046
975479
189047
975482
975485
189054
975488
975491
189059
189060
189061
975494
975497
189065
975500
189068
975503
975506
189076
975509
189077
975512
189080
975515
189085
975518
975521
189089
189090
975524
189092
975527
975530
189099
189100
975533
189103
975536
189106
975539
975542
975545
189113
189115
975548
975551
189119
189120
975554
189123
975557
189126
975560
189129
975563
189131
189132
975566
975569
189137
975572
189140
189142
975575
189144
189145
975578
189148
975581
975584
189152
189154
975587
189156
975590
189159
975593
189163
975596
189166
975599
189169
975602
189170
189172
975605
189175
975608
189178
975611
975614
189182
189184
975617
975620
189190
975623
189191
975626
189194
189195
975629
189197
451343
975632
189202
975635
189205
975638
189206
975641
189211
975644
975647
189215
975650
189219
975653
189221
975656
975659
189227
189228
975662
189230
975665
975668
189237
975671
189240
975674
975677
189247
975680
189249
189250
975683
189253
975686
189256
713544
975689
189258
189259
975692
975695
713552
189265
975698
975701
189269
975704
189272
189273
189275
975708
713565
189278
975711
975714
189283
975717
189285
189287
975720
975723
189291
975726
189294
975729
189297
189298
975732
189301
189302
975735
713591
189304
975738
189307
975741
975744
189313
189314
975747
189317
975750
975753
189323
975756
189324
189326
975759
975762
189330
975765
189335
975768
975771
189339
189341
975774
189344
975777
189345
975780
713636
189349
975783
189351
975786
189354
975789
189357
975792
189360
975795
189364
975798
189367
975801
189369
189370
975804
189372
975807
189375
975810
189379
975813
189383
975816
975819
189388
975822
975825
189395
975828
189397
975831
189399
189401
975834
189404
975837
975840
189410
975843
975846
189415
189416
975849
189418
975852
189422
975855
189424
975858
189427
189428
975861
975864
189432
975867
189435
975870
451583
975873
975876
189445
975879
189448
975882
189451
975885
189455
975888
189457
975891
189459
975894
189463
451607
975897
189465
189466
975900
189469
713758
975903
975906
975909
189478
975912
189481
189482
975915
975918
975921
975924
189492
975927
189495
975930
975933
189503
975936
189506
975939
189508
975942
189511
189512
975945
189515
975948
975951
975954
189523
189524
975957
189527
975960
189528
975963
975966
189534
975969
189539
975972
975975
189544
975978
975981
189549
189550
975984
189554
975987
189556
189557
975990
189559
975993
189563
975996
189566
975999
189568
189569
976002
189572
976005
189575
976008
189576
189578
976011
976014
189582
976017
189585
976020
189589
976023
189593
451737
976026
189596
976029
189599
976032
189600
976035
189604
976038
189606
976041
189610
976044
189612
976047
189616
976050
189619
976053
189621
976056
189626
976059
976062
189631
189632
976065
976068
189636
189638
976071
189641
976074
189644
976077
976080
189649
976083
189651
189652
189653
976086
189655
976089
189657
189659
976092
189660
713949
976095
976098
189668
976101
189669
189671
976104
189674
976107
189677
976110
976113
189682
189683
976116
189686
976119
976122
189692
976125
189695
976128
976131
189699
976134
189703
189704
976137
189707
976140
189710
976143
189713
976146
189716
976149
189719
976152
976155
189723
976158
189727
976161
189731
976164
189732
189734
976167
189737
976170
189738
976173
189742
976176
189744
976179
189749
976182
189752
976185
189753
976188
189757
976191
976194
189762
976197
189765
189766
976200
976203
189771
976206
189774
189775
976209
189778
976212
189781
976215
189783
189785
976218
189787
976221
189789
189791
976224
189796
976229
189798
189799
976232
189802
976235
189805
976238
189807
976241
189809
976244
189812
976247
189815
976250
189818
189820
976253
189823
976256
189826
976259
189829
976262
189830
189832
976265
976268
189838
976271
189840
189841
976274
976277
976280
189848
976283
976286
976289
976292
189861
976295
976298
189867
976301
189869
976304
189872
189874
976307
976310
189878
189880
976313
189881
189883
976316
189884
189886
976319
189889
976322
189891
976325
189893
189895
976328
976331
976334
189902
976337
189905
976340
189909
189910
976343
189912
976346
189914
976349
189918
976352
189922
976355
976358
189926
976361
189929
189931
976364
189933
189934
976367
189936
189937
976370
189939
189940
976373
189943
976376
976379
189949
976382
976385
189953
189955
976388
189958
976391
189959
976394
189964
976397
189966
976400
189969
976403
189973
976406
189974
189976
976409
189978
976412
189980
189982
976415
976418
189986
189987
976421
189989
189991
976424
189994
976427
976430
714286
190000
976433
976436
190004
976439
190009
976442
976445
190014
190015
976448
190018
976451
190021
976454
190023
976457
190025
976460
190028
190030
976463
976466
190034
976469
190039
976472
190041
976475
190044
976478
190047
976481
190051
976484
190053
190054
976487
190057
976490
190058
976493
190061
190063
976496
190066
976499
976502
190071
976505
976508
190076
190078
976511
190081
976514
976517
190085
190087
976520
976523
190091
976526
190094
976529
190098
190099
976532
976535
190104
976538
190108
976541
190110
976544
190113
190114
976547
976550
190119
976553
190122
976556
190125
976559
190127
976562
976565
976568
190136
190137
976571
190140
976574
190144
976577
976580
976583
190151
976586
190154
976589
190158
976592
190161
976595
190163
976598
190166
190168
976601
190170
976604
976607
190175
976610
190178
976613
190181
976616
190184
190185
976619
190187
976622
190191
976625
976628
190196
190197
976631
190201
976634
190202
190204
976637
190207
976640
976643
190211
190212
976646
976649
190217
190218
976652
190220
190221
976655
190224
976658
976661
976664
190234
976667
190235
976670
190238
190240
976673
190242
976676
190245
976679
190248
190249
976682
190251
190252
976685
190255
976688
190257
190258
976691
190260
976694
190262
976697
190265
976700
190268
190270
976703
190272
976706
190275
190276
976709
190278
190279
976712
190282
976715
190283
190285
976718
976721
190289
190291
976724
976727
190295
976730
190299
976733
190303
976736
190305
976739
976742
190311
976745
190314
976748
190317
190318
976751
190320
190321
976754
190324
452468
976757
190325
976760
190330
976763
190333
976766
976769
976772
190340
976775
190343
190345
976778
190347
976781
190349
190351
976784
976787
976790
190358
190360
976793
190362
976796
190365
976799
190367
190369
976802
190372
976805
190374
190375
976808
976811
190381
976814
190382
190384
976817
976820
190389
976823
190391
190393
976826
976829
190398
190399
976832
190401
190402
976835
190404
976838
976841
976844
190412
190413
976847
190416
976850
190419
976853
190421
190422
976856
976859
190427
976862
190432
976865
190435
976868
190438
976871
190441
452585
976874
976877
190445
190446
976880
190449
190450
976883
190453
976886
976889
190457
190459
976892
190461
976895
190463
190465
976898
190466
190468
976901
190469
976904
190472
190474
976907
190475
976910
190478
976913
190482
976916
190484
190485
976919
976922
976925
190493
190495
976928
190498
976931
190499
976934
190503
976937
976940
976943
190511
190513
976946
976949
190517
190518
976952
190521
976955
190525
976958
190527
976961
190529
976964
190533
976967
976970
976973
190542
976976
190546
976979
190548
976982
190550
190552
976985
976988
190556
976991
976994
976997
190565
190566
977000
190569
977003
190572
977006
190574
190576
977009
190578
977012
190582
977015
190585
977018
190586
977021
190590
977024
190594
977027
190596
977030
977033
190601
190603
977036
977039
190607
977042
190610
190611
977045
977048
977051
190619
977054
190624
977057
190627
977060
190628
977063
190633
977066
190635
190636
977069
190638
190639
977072
190642
977075
190645
977078
190646
977081
190649
977084
190654
977087
190655
190657
977090
190659
977093
977096
190664
190666
977099
190669
977102
190670
977105
190673
190674
977108
190677
977111
190680
977114
190682
977117
190685
190686
977120
190690
977123
190693
977126
190695
977129
190699
977132
190702
977135
190704
190705
977138
977141
190709
190710
977144
977147
190717
977150
977153
190723
977156
190726
977159
190728
977162
190730
977165
190733
190734
977168
190737
190738
977171
977174
190743
190744
977177
977180
977183
190751
190753
977186
977189
977192
190761
977195
190764
977198
190767
190768
977201
977204
190772
977207
190777
977210
977213
190781
977216
190786
977219
190789
977222
977225
190794
977228
190796
977231
977234
190802
977237
190806
977240
190808
977243
190811
190813
977246
190814
977249
190818
190819
977252
190821
977255
190825
977258
977261
977266
190835
977268
977270
190838
977272
190841
977274
190843
977276
977278
190846
977280
190848
977282
977284
190852
977286
190854
977288
190857
977290
977292
977294
190863
977296
190864
977298
190866
190867
977300
977302
190870
977304
977306
977308
977310
190878
977312
190880
977314
977316
190884
977318
190886
977320
190888
977322
190890
977324
977326
190894
977328
190896
190897
977330
977332
190900
977334
190903
977336
190905
977338
190906
977340
977342
977344
190913
977346
190914
977348
190917
977350
190918
977352
190920
977354
190923
977356
977358
190927
977360
190928
977362
190931
977364
190932
977366
977368
977370
977372
190940
977374
190943
977376
190944
977378
977380
190949
977382
453094
977384
190953
977386
977388
190957
977390
977392
190961
977394
190963
977396
977398
190966
977400
977402
190970
453115
715259
977404
977406
977408
977410
453123
977412
977414
190982
190983
977416
977418
190987
977420
190988
977422
190991
977424
715280
977426
190994
453139
977428
977430
977432
191001
977434
977436
977438
977440
191008
191010
977443
977445
191014
977447
977449
191018
977451
977453
191022
977455
977457
191026
977459
191027
977461
191030
977463
977465
191034
977467
977469
191037
977471
977473
191041
977475
191044
977477
191046
977479
977481
977483
977485
191053
977487
191055
977489
191058
715346
977491
977493
191061
453206
977495
977497
191065
977499
191068
977501
191069
977503
191072
977505
191073
977507
191076
977509
191078
977511
191080
977513
191081
977515
191084
977517
191086
977519
977521
191089
977523
977525
977527
191096
977529
191098
977531
977533
977535
191103
977537
191105
977539
977541
977543
191111
977545
191114
977547
191115
977549
191117
977551
191119
977553
191122
977555
191124
977557
191126
977559
977561
977563
191131
977565
191133
977567
977569
191137
977571
977573
191141
977575
977577
191146
977579
191148
977581
191150
977583
191152
977585
977587
191155
977589
191157
191158
977591
191160
977593
191161
977595
191164
977597
191165
977599
191167
977601
191169
977603
191171
977605
191173
977607
977609
715466
191182
191187
191194
191197
191199
191201
191204
191205
191208
191211
191212
191216
191218
191220
191221
191224
191225
191227
715519
191236
191239
715527
191240
191242
191246
191248
715537
191257
191259
191262
191265
191267
191272
191274
191277
191278
191284
191286
191289
191294
191296
191299
191302
191306
191309
191312
191313
191315
191317
191318
191320
191330
191332
191334
191337
191341
191343
191345
191349
977784
191353
977786
191354
977788
977790
191358
977792
191361
977794
977796
977798
191367
977800
191369
977802
191371
977804
191372
977806
191375
977808
191377
977810
191379
977812
977814
191382
977816
715672
191385
977818
977820
191388
191389
977822
191391
977824
977826
977828
191397
977830
191398
977832
191400
977834
191403
977836
977838
191406
977840
977842
191410
977844
977846
977848
191417
977850
977852
191420
977854
191422
977856
977858
191426
977860
191429
977862
977864
191432
977866
191435
977868
191436
977870
977872
977874
191442
977876
191444
977878
191447
977880
977882
191450
977884
191452
977886
191454
977888
977890
191458
977892
191461
977894
191462
977896
191464
977898
977900
191468
977902
977904
191472
191473
977906
977908
191476
977910
191479
977912
977914
191483
977916
191484
977918
191486
191487
977920
191489
977922
191490
977924
191493
977926
977928
191496
977930
977932
191500
977934
977936
191505
977938
977940
191509
977942
191511
977944
977946
191514
191515
977948
191517
977950
977952
191521
977954
191522
977956
191525
977958
977960
191528
977962
977964
191532
977966
191534
191535
977968
191537
977970
191538
977972
977974
977976
191545
977978
977980
191548
977982
977984
977986
191554
977988
977990
191558
977992
191560
191561
977994
977996
191565
977998
191566
978000
978002
191570
191571
978004
978006
191574
978008
978010
191579
978012
978014
978016
191584
978018
191586
978020
191588
191589
978022
191591
978024
191593
978026
191594
191595
978028
191597
978030
191598
978032
191600
978034
191602
978036
978038
191606
978040
191609
978042
191610
978044
191612
978046
191614
191615
978048
978050
978052
978054
978056
978058
191626
978060
191629
978062
191631
978064
978066
191634
978068
978070
978072
978074
191642
978076
191644
978078
191647
978080
191649
978082
978084
191653
978086
978088
191656
978090
191658
978092
191661
978094
978096
978098
191667
978100
978102
191671
978104
191672
978106
191675
978108
191677
978110
978112
978114
191683
978116
978118
191686
978120
978122
191691
978124
978126
191694
978128
978130
191698
978132
978134
978136
191705
978138
191707
978140
978142
191710
978144
978146
191715
978148
191717
978150
191718
978152
191720
978154
978156
191724
191725
978158
716014
191727
978160
191729
978162
191730
978164
191732
191733
978166
978168
191736
978170
191739
978172
191741
978174
978176
191744
191745
978178
191747
978180
191748
978182
978184
191752
978186
191754
978188
978190
978192
191760
978194
191762
191763
978196
978198
191766
191767
978200
191769
978202
978204
978206
191774
978208
978210
191778
978212
978214
191782
978216
191784
978218
978220
978222
191790
191791
978224
191793
978226
453939
978228
191796
978230
191798
978232
191800
978234
191802
978236
978238
191807
978240
191809
978242
191810
978244
191812
978246
978248
978250
978252
978254
978256
191824
978258
191826
978260
978262
978264
191832
978266
978268
191836
978270
191838
978272
191841
978274
978276
978278
978280
978282
191850
978284
191852
191853
978286
191855
978288
978290
191858
191859
978292
978294
191862
978296
191865
978298
191866
978300
191868
191869
978302
978304
978306
191874
191875
978308
978310
978312
978314
191882
978316
191885
978318
978320
191889
978322
191890
978324
191892
978326
191894
978328
191896
978330
191899
978332
191900
978334
191902
191903
978336
191905
978338
191906
191907
978340
191909
978342
191910
978344
191912
191913
978346
978348
191917
978350
978352
191920
191921
978354
978356
978358
191926
978360
191928
978362
978364
191933
978366
191934
978368
191937
978370
191939
978372
978374
191942
978376
978378
191946
978380
191949
978382
191951
978384
191952
978386
191955
978388
191956
978390
191958
191959
978392
978394
978396
191965
978398
978400
978402
978404
978406
978408
191976
978410
978412
191980
978414
191982
978416
978418
191987
978420
978422
978424
978426
978428
191996
978430
191998
978432
978434
192003
978436
192005
978438
192007
978440
192009
978442
192011
978444
978446
192014
978448
192017
978450
192019
978452
192021
978454
978456
978458
192027
978460
978462
978464
978466
978468
978470
978472
192040
978475
192043
192044
978477
192046
978480
192049
978483
192052
978486
978489
192058
978492
192061
192062
978495
978498
192066
978501
192071
978504
192073
978507
192077
978510
192080
978513
978516
192084
192085
978519
192087
978522
192091
978525
978528
978531
192099
192101
978534
192104
978537
192106
192107
978540
192110
978543
978546
978549
192118
192119
978552
192121
192122
978555
192124
978558
192126
192128
978561
192129
978564
192132
978567
192135
192136
978570
978573
192143
978576
192144
192146
978579
978582
192151
978585
192154
192155
978588
978591
192159
978594
192162
192163
978597
192165
192166
978600
192170
978603
192171
192173
978606
192174
978609
192178
978612
192182
978615
192185
978618
192186
978621
192189
192190
978624
978627
978630
192198
978633
192201
978636
192204
978639
192208
978642
192211
978645
978648
192218
978651
192221
978654
192224
978657
192226
978660
192230
978663
192232
978666
192235
978669
978672
978675
192243
192245
978678
192246
978681
978684
192252
192254
978687
192256
192257
978690
978693
192261
978696
192264
978699
192267
978702
192270
978705
192273
192274
978708
192277
978711
192279
192281
978714
978717
192285
978720
192290
978723
978726
978729
192299
978732
192302
978735
192305
978738
192308
978741
978744
192314
978747
978750
192318
978753
192321
192323
978756
978759
192328
192329
978762
192331
978765
192334
978768
192337
192338
978771
978774
192342
978777
192345
192346
978780
192348
192350
978783
192353
978786
192354
192356
978789
978792
192360
978795
192363
192365
978798
978801
192369
192371
978804
192372
978807
192375
192376
978810
192379
454524
978813
192383
978816
192386
978819
192389
978822
192391
978825
192393
978828
192397
978831
192399
978834
978837
192406
978840
192408
192409
978843
192411
192412
978846
978849
192419
978852
192421
978855
192424
978858
192426
192428
978861
454574
978864
192434
978867
192435
978870
192439
192440
978873
978876
192446
978879
978882
978885
978888
978891
192459
192461
978894
978897
192466
978900
192469
978903
192471
978906
978909
192478
978912
454624
192482
978915
192485
978918
192488
978921
192490
192491
978924
978927
192496
978930
192500
978933
978936
978939
192507
978942
978945
192513
978948
192517
978951
192521
978954
192523
192524
978957
192526
192527
978960
978963
192531
978966
192535
192536
978969
192538
978972
192541
978975
192543
978978
192547
978981
978984
192552
978987
192557
978991
978994
192563
978997
979000
192568
979003
979006
192574
979009
192577
192578
979012
192582
979015
192583
979018
192588
979021
192590
979024
192592
979027
192597
979030
979033
192601
192602
979036
979039
192609
979042
192612
979045
192613
716901
192615
979048
192616
979051
192619
192620
979054
192623
979057
192626
979060
192630
979063
979066
192634
979069
192637
979072
192641
192642
979075
192645
979078
192648
979081
192651
979084
192653
979087
979090
192660
979093
192662
192663
979096
192665
979099
192669
979102
192671
979105
192673
979108
192676
979111
192680
979114
192683
979117
192685
192686
979120
192689
979123
979126
979129
979132
192701
979135
716991
192704
192705
979138
192707
979141
192710
192711
979144
192714
979147
192716
979150
192719
717007
192720
979153
192722
979156
192724
979159
192729
979162
979165
192735
979168
192738
979171
192739
192741
979174
192744
979177
192746
979180
979183
192752
979186
192756
979189
192759
979192
192762
979195
979198
192766
979201
192770
979204
192773
979207
979210
192778
192779
979213
192782
979216
192784
192785
979219
192787
192788
979222
979225
979228
192796
979231
192799
192800
979234
192803
192804
979237
979240
192808
192809
979243
192812
979246
192815
979249
192817
192818
979252
192821
979255
192823
192824
979258
192827
979261
192830
979264
192834
979267
192835
192837
979270
979273
192841
979276
979279
192849
979282
717139
979285
192854
979288
192856
192858
979291
192859
717147
192861
979294
192863
979297
192867
979300
192868
979303
192872
979306
192875
979309
192879
979312
192880
192882
979315
192884
192885
979318
192887
192888
979321
192890
192891
979324
192893
979327
192896
979330
979333
192901
192902
979336
192904
192906
979339
979342
192912
979345
192914
979348
192917
192918
979351
979354
717210
192923
979357
192925
979360
192928
192930
979363
192932
979366
192935
979369
192939
979372
192942
979375
192943
192945
979378
979381
192950
192951
979384
979387
192957
979390
192960
979393
192961
979396
192964
192965
192966
979399
192969
979402
979405
192973
979408
192977
192978
979411
192981
979414
192984
979417
979420
192988
192989
979423
192991
979426
192994
192996
979429
192999
979432
979435
193004
979438
979441
193009
193010
979444
193013
193014
979447
193017
979450
193020
979453
193023
979456
193025
979459
193028
979462
979465
193033
193035
979468
193037
979471
193040
979474
193044
979477
193046
193047
979480
193050
979483
979486
979489
193057
979492
979495
193065
979498
193068
979501
193069
193071
979504
193074
979509
193078
193079
979512
193081
979515
193085
979518
193086
979521
979524
193092
193094
979527
193095
193097
979530
193100
979533
193101
193103
979536
979539
193107
193108
979542
979545
193113
193114
979548
193116
193117
979551
193120
193121
979554
193123
979557
193125
193127
979560
193129
979563
193132
979566
979569
193137
193138
979572
193142
979575
193143
979578
193146
193147
979581
193149
979584
979587
193156
979590
193160
979593
193163
979596
979599
193167
193168
979602
193171
979605
193175
979608
193177
979611
193181
979614
979617
193186
979620
193190
979623
193192
193193
979626
193195
979629
193199
979632
193202
979635
193203
193205
979638
193208
979641
193209
979644
193212
979647
979650
193218
979653
193222
193223
979656
193226
455370
979659
193227
979662
193230
193232
979665
979668
193238
979671
979674
193242
193244
979677
193247
979680
193250
979683
193252
193253
979686
979689
193258
979692
193260
193261
979695
979698
193266
979701
193269
193271
979704
193272
979707
193277
979710
193280
979713
193283
979716
193284
979719
193287
979722
193292
979725
193293
979728
193298
979731
979734
979737
193305
193306
979740
193308
979743
193311
979746
193314
979749
193319
979752
979755
193325
979758
193327
979761
193330
979764
193332
193334
979767
193335
193337
979770
979773
193341
979776
193346
979779
193347
979782
979785
979788
193356
193357
979791
193359
979794
193362
979797
193365
193367
979800
193369
979803
193371
193373
979806
193374
979809
193378
979812
193381
979815
193383
979818
193386
717675
193388
979821
193391
979824
193393
193394
979827
193397
979830
193399
979833
193402
979836
193405
979839
193408
979842
193411
979845
193413
979848
193417
193418
979851
193421
979854
193422
979857
193426
193427
979860
193429
979863
193433
979866
979869
193437
979872
193440
979875
193443
193444
979878
193448
979881
193450
979884
193454
979887
193456
193457
979890
193460
979893
193463
979896
193466
979899
193468
979902
193471
193472
979905
979908
193477
979911
193479
193481
979914
193484
979917
193487
979920
979923
193491
193492
979926
193495
979929
193499
979932
193501
979935
193503
193504
979938
979941
979944
193512
193513
979947
193517
979950
979953
193523
979956
193526
979959
193528
979962
193530
979965
979968
193537
979971
979974
193543
979977
193545
979980
979983
193552
979986
979989
193558
193559
979992
193561
979995
979998
193567
980001
980004
980007
193576
193577
980010
193579
980013
193582
980016
193586
980019
193587
193589
980022
193590
193592
980025
193595
980029
193598
980031
980033
980035
193603
193604
980037
980039
193608
980041
980043
980045
980047
193615
980049
193617
980051
193619
980053
193621
980055
193623
193624
980057
980059
980061
193629
980063
193632
980065
193634
980067
980069
193637
193638
980071
980073
193641
193642
980075
980077
980079
980081
193650
980083
980085
193654
980087
193655
980089
193657
980091
193659
980093
980095
193663
980097
193665
980099
193668
980101
193670
980103
193672
980105
980107
980109
980111
193680
980113
193682
980115
980117
193685
980119
193688
980121
193689
980123
980125
980127
980129
193697
980131
980133
980135
193703
980137
193705
980139
193708
980141
980143
193711
980145
193713
980147
193715
980149
193717
980151
193719
980153
193721
980155
193724
980157
193726
980159
193728
980161
980163
980165
980167
193735
980169
980171
980173
980175
193743
193744
980177
980179
980181
193750
980183
980185
980187
980189
980191
980193
193761
980195
980197
193765
193766
980199
980201
193770
980203
980205
193774
980207
193775
980209
193777
980211
193780
980213
980215
193783
193784
980217
193786
980219
980221
980223
980225
980227
193795
980229
193797
455941
980231
193799
193800
980233
980235
193803
193804
980237
980239
193808
980241
980243
980245
193814
980247
980249
455962
980251
193819
193820
980253
193822
980255
193824
980257
980259
193827
980261
193830
980263
980265
980267
193836
980269
980271
193839
193840
980273
193842
980275
193844
980277
980279
193847
980281
193849
980283
980285
980287
193855
980289
980291
980293
193861
980295
193863
980297
193866
980299
980301
980303
193871
980305
193874
980307
980309
193877
980311
193880
980313
980315
980317
980319
980321
193889
980323
193891
980325
980327
980329
980331
193899
980333
980335
980337
193905
193906
980339
193908
980341
980343
193911
193912
980345
980347
193916
980349
193918
980351
193919
980353
193922
980355
980357
193925
980359
193927
193928
980361
193930
980363
980365
193933
193934
980367
193936
980369
193938
980371
193941
193944
193946
193950
193952
193960
193964
193966
193968
193977
193980
193981
193983
193986
193990
193991
193996
193997
194003
194005
194009
194012
194013
194015
194020
194027
980460
980462
194032
194035
194039
194041
194042
194045
194048
194050
194052
194054
194056
194058
194061
194066
194070
194072
194074
194076
194078
194081
194084
194088
194091
194094
194095
194098
194102
194106
194110
194113
194116
980550
194119
980552
980554
194122
194123
980556
980558
980560
194129
980562
980564
980566
194134
980568
194136
980570
980572
194140
980574
980576
980578
194146
980580
194149
980582
194150
980584
194153
980586
194155
980588
980590
194158
980592
194160
980594
194163
980596
980598
194167
980600
980602
194170
980604
980606
194174
980608
980610
194178
980612
980614
980616
194184
980618
194187
980620
980622
194190
194191
980624
194192
980626
194194
980628
980630
980632
194201
980634
980636
980638
194206
194207
980640
980642
194210
980644
194212
194213
980646
194215
980648
980650
980652
194221
980654
980656
980658
980660
194229
980662
194230
980664
194232
980666
194234
194235
718523
980668
980670
980672
980674
194243
980676
194244
980678
980680
194248
718536
980682
980684
194252
980686
194254
194255
980688
980690
194258
980692
980694
194262
980696
194264
194265
980698
980700
194269
980702
980704
194272
980706
194274
980708
980710
980712
194280
980714
194283
980716
194285
980718
194287
980720
980722
194290
980724
194293
980726
980728
980730
980732
194300
980734
194302
980736
980738
980740
194308
980742
980744
194313
980746
194314
980748
194317
980750
194319
980752
980754
980756
194325
980758
980760
194328
980762
194331
980764
194332
980766
194334
980768
980770
194338
980772
980774
980776
980778
194347
980780
194349
980782
194351
980784
194352
980786
194354
980788
980790
194359
980792
194361
980794
980796
718653
980798
194367
980800
194369
980802
980804
194373
980806
194375
980808
194376
980810
194379
980812
980814
980816
194384
980818
980820
194389
980822
980824
980826
194394
194395
980828
194397
980830
980832
194400
980834
980836
194405
980838
980840
194408
718697
980842
980844
980846
980848
980850
194419
980852
194421
980854
194423
980856
194425
980858
194427
980860
194429
980862
980864
194432
980866
718722
980868
194436
980870
194439
980872
980874
194442
194443
980876
980878
194446
980880
194448
980882
194451
980884
980886
980888
194456
194458
980891
194459
980893
194462
980895
194464
980897
194466
980899
194467
980901
194469
194470
980903
980905
980907
194475
980909
718765
194478
980911
194480
980913
980915
194484
980917
980919
194488
980921
980923
194491
980925
194493
980927
980929
194498
980931
194500
980933
980935
194503
980937
980939
194508
980941
980943
194511
980945
980947
194515
980949
194518
980951
194519
980953
194521
194522
980955
194523
980957
980959
194527
980961
194529
980963
194532
980965
194533
980967
194535
194536
980969
980971
980973
194541
980975
194544
980977
980979
194547
980981
194549
980983
194551
980985
980987
980989
980991
194560
980993
980995
194563
980997
194566
980999
194567
981001
981003
981005
194573
981007
981009
981011
194579
981013
981015
981017
194586
981019
194588
981021
194590
981023
981025
981027
981029
194598
981031
194599
981033
981035
194603
981037
194606
981039
194607
981041
194609
981043
981045
194614
981047
194615
981049
194617
456761
194618
981051
981053
194621
194622
981055
194624
981057
981059
194627
981061
194629
981063
981065
194633
981067
194635
981069
981071
981073
194641
981075
194644
981077
194645
981079
194647
981081
194650
981083
194651
981085
981087
194656
981089
194657
981091
981093
194661
981095
194663
981097
981099
194667
194668
981101
981103
194671
194672
981105
981107
981109
981111
194679
981113
194682
981115
194683
981117
981119
981121
194689
981123
194692
981125
981127
194695
981129
194697
194698
981131
194700
981133
981135
194703
981137
194705
981139
981141
194710
981143
194711
981145
981147
456859
981149
194717
981151
194719
981153
194721
981155
194723
981157
194726
981159
194727
981161
194730
981163
981165
981167
194735
194736
981169
981171
194739
981173
194742
981175
194744
981177
981179
194747
981181
194749
194750
981183
981185
194753
194754
981187
194755
981189
194757
981191
981193
194762
981195
981197
194766
981199
194768
981201
194770
981203
981205
194774
981207
981209
194777
981211
194780
981213
981215
194783
981217
194786
981219
981221
194790
981223
981225
194793
194794
981227
194796
981229
981231
194800
981233
194804
194805
194807
194810
194812
194814
194817
194822
194826
194829
194830
194832
194836
194838
194841
194844
194850
194853
194857
194859
194862
194864
194869
194871
194878
194884
194886
194889
194894
194897
194898
194901
194906
194910
194911
194914
194917
194918
194920
194923
194926
194929
194931
194934
194935
194944
194952
194953
194958
194962
194965
194966
194971
194976
981411
194980
194981
194983
194984
981418
719275
194988
981425
194993
194994
194996
194998
981432
195005
981439
195007
195008
195010
981444
195013
195016
981450
195019
195021
981456
195027
981463
195031
195034
981470
195042
981476
195045
195047
981482
195051
195055
981488
195061
981494
195062
195065
195066
195068
981501
195069
195071
981507
195075
195078
981513
195082
195084
195087
981520
195089
195090
195093
981527
195096
195097
195100
981534
195102
195105
195109
195113
981546
195119
981552
195122
195125
981558
195127
195131
981565
195133
195135
195138
981572
195141
195143
981578
195146
981584
195153
981590
981596
195168
195170
981603
195177
195182
981616
195184
195185
981625
195194
195196
195199
981633
195202
457346
195208
981642
195211
195212
981649
195219
195221
981656
195224
195228
981662
195230
195232
195233
981668
195237
195241
981675
195243
195246
981683
195253
195256
981690
195258
195260
981697
195267
195271
981704
195274
981708
981713
195281
981720
195291
195293
981726
195295
195298
195299
195304
195306
981739
195311
195312
981746
195315
195316
195317
195319
981752
195322
981758
195327
195329
981764
195332
195333
195335
195337
981770
195341
195342
981776
195344
195345
195347
981783
195354
195356
981790
195358
195361
981794
195363
981798
195367
981804
981810
195378
195380
195383
981817
195385
195387
195389
981823
195392
195393
195397
981831
195399
195402
981838
195406
195410
457555
195412
981845
195413
981851
195422
981858
195426
195429
195431
981864
195432
195435
195438
981871
195439
195441
195442
981878
195446
195449
195451
981884
195454
195455
195457
981890
195458
195460
195461
981896
195464
195467
195468
981902
195470
195473
981906
195476
195477
981910
195479
195483
981916
195487
981922
195490
195493
195496
195498
195499
981934
195505
981940
195509
195511
195513
981946
195516
195519
195522
195526
981959
195528
195532
981966
195536
981972
195540
195541
195546
981979
195551
195553
981986
195555
195558
981992
195562
195565
981998
195568
195571
982004
195572
195575
982010
195578
982014
195583
195585
982018
982024
195592
195596
195597
982030
195599
195603
982036
195607
195609
982042
195612
195614
982050
195621
195622
195624
195625
982059
195628
195630
982066
195636
195641
982074
195648
195650
195651
982084
195657
982092
195664
195667
195668
982102
195670
195675
982109
195679
195681
982116
195684
195686
195688
982122
195690
195694
982129
195698
982136
195705
195707
982142
195715
982148
982154
195722
195724
982160
195731
982164
195734
982168
195737
195741
982174
195742
195744
195747
982180
195750
195751
982186
195754
195757
982192
195761
195764
195766
982199
195768
195770
195771
195778
982213
195781
195783
982219
195787
195790
195791
195793
195797
195800
982233
195802
195805
195806
982241
195813
195814
982247
195816
195817
195820
982254
195827
720115
982260
195828
195830
195834
982267
195835
720123
982274
195846
195847
982280
195852
982286
195854
195855
195857
982292
195861
720151
982298
195867
195868
195870
195872
195874
982307
195877
195881
458025
982314
195884
982320
195888
458033
982327
195895
195900
458044
982333
195902
195905
195908
982341
720197
195914
982348
195916
195923
195924
982357
195928
195929
982365
195933
195935
195936
195940
982374
195944
195947
195948
982382
195950
195953
195957
195958
982391
195960
195961
195965
982398
195968
195972
982406
195977
195978
195981
982415
195983
195985
195986
195989
982422
195991
195996
982429
196000
720288
196001
982436
196005
196008
982442
196012
982449
196018
196022
458166
982455
196023
196025
196026
458173
982462
982468
196036
196039
196041
196043
196045
196047
982481
196049
196051
196054
196055
196056
196059
982495
196063
196064
196069
982502
196075
982508
196077
196078
196080
196083
196084
196088
982521
196092
196093
982528
196099
982534
196102
196104
196105
196108
982541
196111
196114
196116
196117
196120
196122
196127
982561
196129
196130
196132
982568
196138
196140
982574
196142
196145
196146
982581
196150
196152
982587
196156
196158
196161
982595
196164
196168
982603
196172
982611
196179
196182
196183
982618
196188
196191
196192
982625
196194
196198
982633
196201
196203
196206
982640
196212
982647
196216
196218
982655
196223
196227
196228
982662
196231
196234
196238
982672
196242
196246
458391
982680
196248
196252
196253
196256
982690
196259
196260
196262
196265
982698
196272
196273
982707
196275
196278
196279
196281
982714
196282
196285
196288
196289
982722
196292
196293
196297
982730
196299
196301
982737
196305
196309
982744
196314
196316
982751
196319
196321
196324
982758
196326
982765
196337
196338
196340
982773
196343
196346
982781
196349
196351
196354
982789
196357
196360
982795
196364
982800
196370
196373
982806
196375
196376
196379
982812
196381
196382
196385
982818
196388
196391
982824
196393
196395
196396
982830
196400
196401
196404
982837
196406
196409
196414
982849
196418
196419
196421
196424
196426
196428
196429
982863
196432
196434
196436
196438
982871
458585
196444
982877
196445
196453
196455
196457
982891
196460
458605
196465
982898
196467
196468
982904
196473
196476
196478
982911
196481
982918
196486
196487
196490
982924
196493
196496
982930
196499
196503
982936
196506
982942
196511
196514
982948
196516
196519
982954
196522
196523
458668
196525
982960
196529
196531
982966
196534
196535
196538
720828
196541
982974
196543
982980
196548
196551
982986
196554
196560
982993
196561
196565
982998
196568
196572
983005
196578
983012
196582
196584
196585
196588
983022
196591
196594
196595
983030
196598
196601
196606
983039
196612
196614
983047
196616
983056
196624
196629
196632
983065
196633
196637
458783
196640
983074
196643
196646
983080
196652
196654
983087
196656
196660
983093
196663
196666
983100
196668
196670
196671
983106
196674
196675
196677
983112
196680
196681
983116
196684
196685
196687
196689
983122
196691
196692
196694
983128
196697
196698
196702
983135
196704
196705
983140
196708
196713
983147
196715
196716
196717
983153
196722
196724
196726
196729
196732
983167
196736
196738
196739
983174
196743
196744
196746
196747
983180
196751
196752
983187
196758
196760
983194
196763
196765
196766
196769
196772
983206
196774
196780
983213
196781
983219
196787
196790
196793
983226
196794
196797
983232
196801
196803
196805
983238
196809
983242
196810
196813
983248
196816
196820
196821
983254
196823
196827
983261
196830
196832
983266
196835
196837
196841
196843
983276
196849
196850
983285
196854
196856
196857
196859
196862
983295
196866
196869
983303
196872
196875
196876
196878
196879
983313
196881
196883
196884
196885
196887
983321
196890
196893
196895
196897
983331
196899
196902
196903
983341
196910
196911
983349
196919
196921
196923
983356
196924
196929
983363
196931
983369
196938
196939
196942
983375
983382
196952
196958
983391
196962
196965
196967
983400
196970
196972
196975
983409
196977
196979
196982
983416
196987
983420
196991
983425
196993
196995
196997
983435
197005
983439
197007
197008
983443
197011
197016
983450
197026
983459
197028
197032
197035
983468
197036
197038
197039
197041
459186
983475
197045
197048
983481
459194
197051
983487
197055
197059
983493
197061
197064
197066
459210
197068
197070
197071
197073
197074
983507
197076
197078
197082
983516
197084
197087
197089
983523
197091
197093
197095
197098
983531
197101
197102
197104
983537
197106
197109
197114
197118
983551
197121
197126
983559
197127
197131
197133
197135
197136
197139
197143
197144
197146
983579
197147
197149
197150
197152
983586
197159
983592
197164
983598
197166
197168
197171
983604
197173
197176
983611
197179
197182
197184
983618
197187
197193
197196
983630
197199
197200
983633
197202
197203
983637
197207
197211
983645
983648
197217
197220
197222
197223
983657
197230
983665
197233
197234
197237
197240
983673
197241
197243
983679
197249
197250
983684
197253
983690
197258
197259
197261
983696
197264
197265
197267
983703
197271
197274
197275
983710
197279
197282
197283
197284
983719
197293
197294
983728
197299
197300
197302
983735
197303
197306
983742
197312
197315
197316
197319
983752
197320
197324
983759
197327
197330
197333
983766
197335
197336
721624
197339
983772
197342
197343
197345
983780
197349
197351
197353
983789
197358
197361
197362
983795
197365
721653
197366
197368
983803
197373
721661
197376
983811
197379
197380
197383
197385
983820
197388
197391
197394
197396
983829
197398
197399
197401
721690
983837
197405
197406
197408
197409
197412
983845
197413
983850
197419
983854
197425
197426
197427
983860
197429
197433
197434
983867
197437
197439
197440
983873
197443
197445
983878
197448
197449
983884
197454
983890
197458
197461
197462
197464
983897
197467
197468
197470
983903
197474
197477
197478
983911
197481
197486
197490
197492
197494
197497
983931
197500
197501
197504
197506
197507
197510
983945
197513
197515
197518
983952
197520
197525
983958
197527
197531
983965
197534
197537
197542
197545
983978
197548
197551
983984
197555
983990
197559
197560
197563
197564
983997
197566
197569
984004
197572
197576
984010
197578
197582
984016
197586
984020
197588
197591
984024
984030
197598
984034
197602
197605
984038
197608
197610
197613
197614
984049
197617
197618
197620
984055
197625
984061
197629
197630
197632
984068
197636
197640
984075
197647
197651
984085
197654
197655
197657
984092
197660
197666
197668
984101
197669
197671
197674
197677
984110
197678
197683
984117
197685
197689
197691
984124
197694
197699
984132
197700
197702
197705
984138
197708
197710
984145
197713
197716
984151
197719
197722
984157
197725
197726
984161
197730
197734
984167
984173
197744
984180
197749
197752
984186
197755
197759
197763
197766
984200
197768
197771
197774
197775
984208
197776
197778
197781
197786
197787
197794
984228
197796
197798
197801
197802
197804
984242
984249
197818
984255
197824
197827
197831
197832
984266
197834
197840
984273
197841
197844
984280
197848
197850
197851
197855
197856
984289
197858
197861
197862
197864
984297
197868
197870
197872
984306
197875
197879
984314
197883
197885
197886
197888
984323
197892
197894
197896
197900
984333
197907
984341
197909
197914
984349
197918
197919
197921
984359
197929
984366
197936
197938
197939
984374
197942
197944
984380
197949
197951
197953
984387
197955
197956
197959
984393
197961
197964
197967
984400
197968
984406
197977
984413
197985
984419
197988
197991
984426
197995
197999
198002
198007
198008
198012
984446
198015
198016
198019
198022
198023
198025
984460
198032
198034
984468
198037
984473
198042
722332
984479
198047
198050
984485
198054
198056
198059
198060
984493
198063
198068
984501
198071
198074
198076
984509
198078
984516
198085
198089
984525
198093
198098
198099
984533
198105
198106
198108
198110
984543
198113
198118
984551
198120
198122
198125
198128
984561
198130
198134
984569
198139
198142
984579
198149
198151
984587
198156
198162
984597
198167
198168
198172
984605
198176
198179
984614
198182
198184
198185
198187
984621
198191
198193
984627
198196
198197
984631
984635
198205
198206
984639
198208
198211
198213
984646
198216
198220
984653
198222
198224
198228
198230
198231
984665
198234
984672
198241
198243
198244
984678
198248
198252
984686
984692
198260
198262
198264
198267
198270
198271
984706
198274
198279
198283
984720
198289
198292
984728
198296
198299
198301
984734
198302
198305
198306
198308
984741
198309
198312
198314
984747
198315
198318
198321
984757
198325
198328
984763
198331
198332
198334
984769
198337
198340
198342
984775
198346
984782
198350
198354
984791
198360
198363
198367
198368
984801
198371
198375
984809
198377
198378
198380
984816
198384
198385
198387
198389
984824
198395
984831
198399
198402
198405
984840
198408
198413
198415
984849
198423
984857
198426
984864
198432
198433
198436
198437
984871
198440
198442
984877
198445
198446
198448
984884
198455
198459
984892
198464
984899
198467
198470
984905
198474
198475
984909
198478
198480
984913
198484
984919
198487
198490
984925
198493
198495
198498
984932
198500
198502
198504
198505
984940
198508
198512
984946
198515
198517
198519
984952
198521
198523
198528
198530
984966
198534
198535
198538
984973
198541
198546
198547
984980
198549
984987
460699
198557
198560
984993
198562
984999
198567
198570
198572
985005
198575
198576
985011
198585
198586
198588
198589
198593
198594
985030
198598
198600
985035
198603
985039
198607
198612
985048
198616
985053
198623
985057
198625
198626
985063
198632
460777
198635
985069
198638
198641
460785
198642
985075
198645
198646
985082
198650
198652
198653
198655
985089
198658
985095
198663
198665
198669
985102
198672
985110
198679
198684
198685
985118
198691
460835
198692
985127
198696
198700
985134
198703
198710
985143
198712
198717
985151
198719
198723
198727
985160
198729
198734
460879
985168
198736
198740
198741
198743
460887
985176
198744
198747
198751
985184
198754
198758
985192
198760
460904
198762
198765
985200
198769
460914
198773
198774
985207
198776
198777
198780
460924
985213
198782
198786
985219
198789
198790
460934
198791
198793
985226
198796
198798
198799
985232
198802
198805
985239
198815
198816
985249
198820
198821
985255
198824
985258
985260
198828
198831
198836
198837
198839
198840
985273
198843
985277
198845
198848
985281
198851
198853
985288
198857
198860
198861
985295
198863
198867
985301
198870
198872
198874
985307
198875
198878
198879
985313
723169
198882
198885
985319
198888
198889
985326
723182
198895
198897
198898
985331
198900
198904
985338
198909
198911
985344
198913
198916
198917
985351
198923
985357
198927
198928
198929
985363
198934
723223
198936
985369
198939
198942
723231
985376
198945
198949
985383
198951
198952
198953
198955
198956
985389
723247
198960
985395
198964
985399
198967
198968
198973
198976
198977
985412
198982
198985
198986
985421
198989
198991
985427
198996
985433
199001
199005
199007
985440
199013
985447
199015
199019
985453
199024
199026
985459
199030
199033
985466
199035
199038
199039
985473
199042
199044
199045
985480
199048
199049
199051
199053
985488
199056
199062
985496
199065
199067
199068
199069
985504
199074
199076
199078
199079
985513
199081
199082
985519
199088
199092
985525
199095
199096
985531
199099
199101
199102
199105
985539
199107
199110
199112
199113
985547
199116
985555
199125
199127
199128
985561
985567
199138
985571
199139
199142
985575
199145
985579
199147
199149
985584
199152
985589
985593
199161
199162
985597
199166
985601
199169
199170
985605
199177
985610
461322
199180
985614
199184
985620
199188
199190
199191
461335
985626
199195
199198
985633
985638
199206
199209
199210
985644
199212
199217
985650
199219
199220
985655
199224
199227
985660
199231
199232
199234
199235
985668
199240
199241
985675
199244
199247
199248
985681
199249
199254
985688
199256
985694
199264
985699
199268
985703
199271
199273
199275
199276
199279
199282
199284
199285
199293
199296
199299
199301
199304
199306
199313
199316
199317
199319
199323
199326
199331
199334
199335
199339
199342
199347
199349
199354
199356
199361
199365
199367
199372
199373
199375
199380
199382
199385
199386
199390
199392
199397
199399
199400
199409
199413
199416
199418
199420
199425
199428
199430
199434
199440
199443
199446
199447
199454
199455
199457
199461
199463
199466
199473
199475
199481
199484
199486
199488
199494
199498
199499
199503
199506
199507
199513
723801
199516
199519
199523
199528
199533
199534
199538
199542
199549
199552
199554
199555
199557
199559
199562
199565
199570
199572
199579
199580
461725
199582
199587
199589
199591
199594
199598
199601
199606
199610
199613
199619
199620
199623
199624
199627
199628
199632
199636
199638
199643
199645
199646
199650
199657
199659
199661
199662
199665
199666
199669
199672
199675
199678
199679
199681
199684
199691
199697
199701
199703
199706
199707
199709
199713
199716
199718
199722
199723
199727
199729
199731
199735
199738
199741
199743
199748
199750
199754
199756
199757
199760
199762
199765
199768
199771
199772
199775
199777
199782
199784
199785
199787
199793
199796
199798
199801
199803
199805
199809
199812
199815
199819
199821
199825
199827
199831
199833
199835
199836
199839
199842
199845
199846
199852
199855
199857
199862
199869
199871
199875
199876
199878
199879
199882
199886
199887
199889
199892
199894
199896
199898
199900
199901
199905
199908
199910
199913
199915
199916
199922
199924
199927
199930
199931
199933
199935
199936
199942
199944
199949
199950
199953
199954
199957
199961
199962
199965
199969
199971
199978
199980
199982
199987
199989
199991
199993
199996
199998
200000
200001
200004
200011
200012
200015
200018
200020
200023
200025
200028
200030
200032
200035
200036
200039
200043
200045
200047
200049
200053
200055
200058
200060
200064
200066
200068
200069
200071
200075
200076
200078
200079
200083
200084
200088
200089
200091
200094
200099
200105
200108
200110
200114
200119
200120
200122
200123
200128
200129
200131
200132
200135
200137
200138
200140
200141
200144
200145
200148
200149
200152
200154
200156
200159
200169
200171
200175
200181
200185
200191
200197
200200
200202
200203
200206
200208
200210
200212
200215
200218
200221
200225
200228
200234
200236
200238
200241
200244
200248
200251
200254
200256
200260
200264
200266
200268
200271
200273
200274
724564
200278
200279
200281
200282
724572
200286
200288
200292
200297
200301
200307
200308
200310
200313
200315
200320
200322
200323
200327
200328
200333
200339
200341
200343
200348
200355
200359
200360
200362
200365
200367
200370
200372
200374
200376
200379
200381
200385
200389
200390
200395
200397
200400
724690
200405
200412
462556
200414
200422
200423
200428
200434
200435
200440
200441
200446
200448
200450
200455
200458
462605
200462
200464
200468
200469
200471
200474
200477
200479
200483
200484
200486
200489
200492
200496
200498
200501
200508
200512
200514
200516
200520
200523
200524
200530
200532
200534
200539
200541
200543
200547
462691
200549
200554
200555
462701
200563
200566
200567
462711
200570
200572
200573
200580
462724
200582
200584
200589
200591
200593
462741
200598
200602
200606
200609
200612
200615
200622
200624
200629
200631
200635
200638
200640
200643
200646
200649
200652
200654
200658
200661
200666
200668
200670
200676
200678
200682
462826
200686
200687
200689
200691
200696
200697
200700
200701
200703
200704
200707
200711
200715
200718
200725
200727
200730
200733
200734
200736
200740
200743
200746
200748
200752
200756
200758
200761
200765
200766
200769
200772
200773
200775
200778
200781
200783
200785
200787
200790
200794
200798
200799
200804
200808
200811
200812
200818
200823
200826
200827
200836
200839
200842
200845
200848
200851
200854
200859
200861
200865
200872
200873
200878
200883
200886
200889
200890
200892
200898
200899
200901
200902
200904
200907
200909
200911
200914
200915
200919
200920
200922
200926
200930
200934
200936
200942
725236
200950
200955
200960
200962
200963
200965
200967
200969
200973
200976
200982
200984
200987
200988
200994
200997
201001
201003
201008
201012
201017
201018
201020
201026
201027
201029
201032
201034
201038
201040
201043
201050
201053
201057
201059
201062
201066
201072
201073
201076
201077
201085
201093
463247
201105
201106
201111
201116
201117
201119
201125
201128
201130
201135
201140
201142
201144
201146
201149
201150
201152
201159
201160
201163
201167
201169
201175
201176
201179
201186
201187
201190
201194
201197
201199
201201
201204
201211
201213
201215
201217
201218
201221
201222
201225
201228
201235
201239
201242
201247
201249
201252
201258
201264
201266
201269
201274
201277
201278
201280
201283
201288
201293
201294
201297
201305
201308
201310
201311
201313
201315
201316
201318
201319
201320
201322
201324
201325
201328
201332
201333
201337
201339
201341
201343
201345
201347
201350
201353
201354
201357
201365
201367
201370
201373
201376
201377
201386
201390
201391
201393
201399
201400
201402
201414
201415
201417
201418
201421
201423
201424
201426
201431
201432
201435
201437
201439
201441
201444
201445
201449
201453
201456
201457
201459
201461
463605
201463
201465
201467
201470
201473
201475
201482
201493
201497
201499
201500
201503
463648
201507
201510
201513
201523
463673
201532
201535
201536
201539
201541
201543
201547
201549
201551
201554
201557
201561
201562
201565
201569
201571
201572
201575
201577
201579
201581
201582
201585
201586
201590
201593
201596
201599
201601
201603
201606
201610
201615
201616
201619
201623
201626
201631
201633
201634
201637
201641
201644
201647
201651
201655
201656
201657
201660
201661
201665
201667
201670
201674
201677
201679
201682
201688
201691
201694
201697
201701
201702
201708
201712
201717
201718
201721
201722
201726
201728
201730
201733
201739
201740
201742
201744
201750
201751
201753
201755
726043
201757
201760
201761
201763
201769
201773
201776
201777
201780
201785
201788
201791
726082
201801
201803
201807
726095
201819
201822
201823
201826
201829
201831
201834
201836
201838
201842
201843
201845
201848
201854
201856
201858
201861
201866
201867
201870
726160
201874
201877
201881
201885
201888
201889
201892
201894
201897
201898
201900
201901
201905
201909
201910
201912
201913
201918
201925
201927
201931
201934
201935
201938
201939
201940
201942
201944
201949
201954
201955
201960
201963
201967
201969
201971
201974
201976
201983
201984
201986
201989
201990
201993
201995
201997
202000
202002
202011
202012
202013
202017
202023
202026
202028
202032
202035
202037
202040
202043
202046
202049
202055
202059
202061
202063
202064
202066
202067
202069
202071
202073
202076
202077
202081
202084
202086
202088
202089
202093
202094
202097
202100
202101
202104
202106
202110
202112
202115
202116
202120
202122
202124
202127
202129
202131
202134
202138
202139
202145
202147
202150
202151
202153
202156
202159
202162
202165
202167
202170
202174
202181
202183
202184
202187
202191
202199
202201
202204
202208
202210
202217
202219
202223
202226
202227
202229
202233
202235
202236
202242
202246
202251
202254
202260
202263
202264
202268
202270
202274
202276
464423
202280
202282
202284
202285
202288
202292
202293
202295
202297
202302
202306
202313
202314
202315
464459
202317
202318
202320
202329
202333
202337
464483
202340
202344
202348
726637
202350
202353
202358
202362
202363
202365
202366
726657
202371
202374
202378
202382
202389
202392
202393
202396
202402
202404
202405
202409
202412
202414
202415
202418
202423
202425
202427
464572
202433
464580
202437
202440
202441
202443
202444
202447
202449
202450
464597
202454
202459
202463
202468
202469
202476
202479
202483
202486
202510
202513
202518
202527
202528
464673
202530
202533
202536
202539
202543
464689
202546
202547
202550
202552
202555
202558
202560
202567
202571
202573
202574
464722
202579
202582
202590
202593
202597
202604
202607
202609
202613
202614
202616
202619
202621
202623
202625
202628
202631
464777
202635
202637
202638
202641
202643
202645
202656
202660
202668
202669
202673
202676
202679
202682
202686
202687
202694
202700
202704
202709
202711
202721
202725
202729
202730
202733
202734
202736
202737
202739
202741
202748
202760
202762
202763
202766
202770
202775
202781
202784
202786
202791
202792
202795
202798
202801
202804
202808
202816
202817
202820
202822
202826
202828
202833
202836
202838
202841
202843
202844
202847
202848
202852
202854
202859
202863
202865
202867
202869
202872
202874
202883
202884
202887
202892
202893
202900
202901
202903
202904
202910
202913
202915
202919
202920
202922
202923
202925
202927
202929
202932
202934
202935
202936
202938
202942
202947
202954
202957
202958
202961
202962
202965
202967
202968
202970
202972
202974
202976
202977
202980
202983
465127
202988
202989
202995
202996
202999
203001
203002
203005
203008
465153
203012
203017
203020
203022
203027
203028
203030
203033
203034
203035
203037
203040
203042
203045
203047
203049
203054
203055
203057
203058
203062
203065
203066
203071
203073
203082
203083
203086
727374
203088
203092
203098
203102
203105
727395
203109
203111
203112
727407
203123
203126
203129
203135
203137
727426
203142
203145
727435
203149
203150
203152
203153
203155
203158
203161
727450
203163
203164
203167
203171
203175
203176
727465
203178
203184
727473
203188
203189
203192
203193
203195
203198
727487
203200
203204
203208
203209
203211
203213
203220
203223
727512
203227
203229
203231
203236
203237
203240
203244
203246
203248
203250
203256
203260
203263
203266
203269
203273
203275
203277
203279
203281
203282
203284
203287
203294
203297
203299
203301
727589
203304
203305
203307
203308
203312
203313
203315
203316
203318
203320
727611
203324
203327
465472
203332
203336
203341
203343
203344
465490
203351
203352
727640
203355
203359
727648
203361
203365
203370
203372
203374
203376
203378
203379
203382
203385
203386
203392
203394
203395
203398
203399
203404
203409
203412
203416
203418
203420
203421
203424
203426
203430
203433
203434
203436
203438
203440
203442
203445
203446
203448
203450
203454
203458
203461
203463
203464
203468
203470
203481
203485
203489
203491
203494
203498
203500
203501
203504
203507
203513
203518
203520
203530
203539
203543
203546
203549
203551
203557
203558
203562
203568
203570
203572
203575
203578
203586
203589
203593
203595
203599
203600
203603
203607
203610
203611
203614
203618
203620
203623
203625
203628
203633
203638
203640
203642
203652
203655
203657
203659
203663
203671
203674
203677
203680
203682
203683
203686
203692
203697
203699
203703
203705
203707
203710
203711
203715
203718
203719
203722
203723
203726
203730
203734
203736
203738
203741
203742
203748
203751
203752
203755
203759
203760
203764
203768
203770
203773
203775
203779
203781
203784
203793
203796
203798
203802
203804
203811
203812
728101
203816
203818
203820
203828
203830
203833
203836
203839
203843
203846
203853
203854
203856
203859
203862
203863
203865
203872
203873
203875
203877
203878
203880
203882
203884
203890
203895
203897
203900
203901
203903
203908
203910
203913
203916
203917
203926
203928
203930
203933
203935
203937
203940
203943
203946
203948
203949
203951
203955
203957
203959
203962
203963
203968
203972
203976
203981
203983
203985
203986
203992
203994
203998
204000
204011
204013
204015
204019
204020
204022
204024
204026
204027
204030
204031
204036
204039
204045
204049
204055
204058
204064
204066
204069
204070
204072
204076
204080
204083
204086
204089
204090
204092
204097
204102
204104
204106
204111
204113
204115
204117
204118
204121
204123
466267
204125
204127
204128
204131
466275
204132
204134
204135
204137
204141
204147
204151
204155
204156
204161
204166
204171
204173
204178
204180
204182
204186
204188
204194
466338
204197
204200
204201
204202
204204
204206
204208
204210
204216
204218
466364
204221
204227
466372
204230
204231
204233
204235
204239
204245
466390
204248
204250
204252
204254
204256
204259
204261
204264
204266
204269
204271
204273
204279
204283
204288
204292
204294
204298
728586
204300
204302
466447
204308
204309
204314
466460
204318
204323
204328
204339
204343
204345
204347
204352
204357
204360
466505
204362
204364
204369
204373
204378
204380
204382
204383
204385
204389
204393
204396
204402
204407
466553
204412
204416
204418
204419
466563
204421
204424
204426
204431
204433
204440
204441
204442
204444
204447
204448
204454
204461
204462
204468
204475
204477
204484
204486
204488
204489
204492
204493
204500
204506
204507
204509
204511
204515
204519
204522
204527
204528
204534
204535
204537
204542
204543
204545
204549
204552
204557
204559
204561
204563
204565
204569
204575
728863
204578
204581
204582
728874
204587
204589
204593
204596
728885
204602
204605
728896
204609
204613
204614
204618
728907
204620
204623
204625
204627
728918
204632
204635
204636
204638
204639
204640
728929
204642
204645
204648
728940
204659
204660
728951
204665
204673
728962
204675
204680
204683
728973
204687
204688
204690
204693
204694
728984
204702
204705
728995
204708
204714
204718
729006
204722
204726
729017
204732
204737
204738
204740
729028
204741
204750
204751
729039
204753
204755
204759
729050
204764
204766
204770
204772
729061
204775
204776
204780
204784
729072
204786
204791
729083
204798
204800
729094
204810
204815
729105
204819
204822
204824
204828
204833
204835
204836
204838
729127
204843
204844
204846
204848
204849
729138
466995
204852
204854
204856
204858
204861
729149
204863
204866
204867
467013
204871
204873
204877
204878
204880
204882
204887
204888
204893
204897
204900
204908
204911
204912
204914
204921
204924
204925
204928
204929
204932
204934
204936
204939
204942
204948
204949
204954
204957
204962
204963
204966
204968
204970
204973
204974
204976
204977
204986
204992
204995
205002
205005
205008
205011
205013
205015
729303
205019
205022
205028
205029
205032
205034
205036
205042
205044
205046
205047
205049
205050
205053
205056
205060
205062
205066
205070
205071
205075
205076
205079
205082
205092
205094
205096
205101
205102
205105
205111
205115
205119
205121
205124
205126
205127
205135
205137
205140
205142
205143
205145
205146
205149
205153
205155
205160
205163
205167
205168
205179
205182
205185
205188
467332
205191
205199
205202
205208
205211
205215
205217
205222
205225
205231
205232
205237
205238
205242
205244
205251
205254
205257
729545
205260
205268
729556
205269
205271
205274
205275
205277
205278
729567
205280
205288
205289
729578
205292
205294
205298
205301
729589
205302
205304
205309
205312
729600
205314
205316
205321
205323
205326
205327
205330
729622
205335
205336
205339
205341
205345
729633
205348
205353
205354
205356
729644
205359
205360
205362
205363
205366
729655
205368
205371
205373
205377
729666
205380
205382
205383
205386
205389
205393
205397
205400
729688
205405
205407
205411
729699
205416
205418
205421
729710
205424
205432
729721
205434
205437
205444
205448
205449
205451
205455
729743
205458
205462
205464
205465
729754
205468
729765
205478
205481
205487
205489
205490
205496
205497
729787
205501
205504
205505
205508
729798
205511
205513
205514
205517
205520
729809
205522
205528
205531
729820
205534
205536
205539
205543
205548
205549
205551
205554
729842
205559
205561
205564
205565
729853
205570
205573
729864
205581
205584
729875
205588
205591
205593
205597
729886
205601
205608
205609
205614
205616
205620
729908
205623
205625
205627
205631
729919
205636
205637
205641
729930
205644
205647
205648
205650
205652
205653
729941
205656
729952
205668
205672
205673
205679
205684
729974
205687
205691
729985
205698
205700
205706
729996
205709
205711
205714
205717
205719
730007
205722
205726
205729
205730
730018
205731
205733
205736
205738
205739
205741
730029
205749
205752
205756
205758
730051
205764
205766
205771
205773
730062
205775
205776
205780
205783
730073
205786
205792
205796
730084
205799
205802
205807
730095
205808
205811
205813
205816
205818
205823
205825
205828
205831
205836
205838
205839
205843
205844
205850
205851
205856
205862
205864
205867
205871
205874
205879
205883
205885
205887
205890
205892
205894
205901
205906
205909
205913
205917
205920
205927
205931
205935
205936
468082
205940
205944
205946
468090
205949
205954
468098
205956
205957
205964
205968
205971
205976
205978
205982
205983
205984
205986
205991
205995
468142
205999
206002
206011
206015
206016
206018
206026
206027
206028
206030
206031
206034
206039
206042
206045
206048
206052
206053
206056
206058
206059
206069
206070
206074
206079
206081
206084
206085
206089
206092
468236
206096
206099
468244
206102
206104
206105
206111
206114
206116
206117
206119
206132
206139
206142
206143
206146
206148
468294
206152
206154
206155
206159
206163
206164
206167
206169
468313
206175
206177
206180
206182
468328
206186
206188
206191
206192
206198
206199
206202
206204
206207
206211
206218
206219
206223
206227
206228
206230
206231
206233
206234
206240
206249
206252
206255
206257
206260
206263
206264
206269
206271
206274
206276
206278
206280
206283
206287
206291
206293
206296
206301
206302
206305
206307
206309
206312
206317
206320
206321
206324
206326
206327
206329
206330
206334
206338
206342
206344
206346
206349
206350
206352
206353
206357
206358
206362
206363
206367
206370
206371
206373
206379
206382
206383
206386
206391
206394
206397
206401
206403
206407
206411
206413
206416
206418
206425
206426
206434
206435
206437
206440
206444
206457
206459
206462
206466
206467
206473
206477
206479
206481
206486
206487
206499
206507
206510
206512
206515
206517
206519
206522
206526
206527
206532
206535
206539
206547
206550
206554
206557
206560
206562
206565
206566
206568
206570
206573
206575
206578
206581
206586
206590
730878
206591
206593
206598
206600
730889
206608
206610
206611
730900
206615
206616
730911
206625
206627
206630
730922
206635
206642
468789
730933
206650
206653
206654
730944
206657
206658
468802
206660
206662
206665
206667
730955
206670
206673
206674
206676
730966
206679
206681
206684
468830
206687
206693
206694
206697
206700
206703
206704
206710
206716
206718
206719
206722
206725
206726
206728
206736
206739
206741
206742
206744
206746
206750
206753
206756
206757
206759
206761
206765
206767
206770
206771
206775
206777
206782
206786
206788
206791
206793
206795
206797
206799
206801
206803
206805
206808
206811
206813
206816
206818
206819
206821
206822
206825
206827
206830
206834
206836
206840
206843
206844
206846
206849
206852
206856
206858
206860
206861
206863
206865
206870
206873
206875
206879
206881
206883
206886
206887
206890
206892
206899
206904
206907
206910
206913
206917
206918
206920
206924
206925
206929
206930
206934
206935
206937
206938
206942
206943
206945
206948
206951
206954
206960
206962
206965
206966
206971
206976
206979
206982
206983
206985
206994
206996
206998
207002
207007
207008
207014
207015
207019
207021
207023
207025
207027
207029
207032
207036
207043
207045
207051
207052
207058
207063
207065
207067
207074
207075
207076
207079
207084
207088
207095
207099
207104
207106
207108
207110
207116
207117
207121
207123
207133
207134
207137
207138
207141
207147
207153
207154
207159
207164
207172
207176
207181
207183
207185
207189
207190
207193
207196
207197
207199
207201
207205
207208
207209
207211
207212
207215
207219
207222
207223
207226
207227
207234
207236
207240
207245
207250
207253
207258
207259
731549
207263
207265
207267
207271
207274
207275
207277
207278
207289
207292
207294
207295
207301
207304
207306
207309
207310
207312
207315
207316
207318
207320
207326
207333
207336
207338
207345
207347
207350
207352
207356
207362
207365
207370
207373
207377
207380
207394
207396
207399
207403
207405
207410
207413
207418
207422
207425
207427
207431
207435
207437
207442
207445
207449
207450
207454
207459
207461
207462
207464
207468
207471
207476
207479
207480
207487
207490
207492
207494
207497
207502
207503
207505
207510
207512
207515
207519
207520
207525
207529
207533
207534
207538
207541
207545
207547
207550
207554
207556
207557
207563
207564
207566
207574
207576
207579
207582
207585
207589
207594
207596
207598
207600
207603
207610
207617
207621
207623
207629
207630
207632
207633
207636
207638
207640
207641
207643
207645
207648
207650
207656
207660
207663
207670
207673
207674
207677
207679
207684
207696
207701
207703
207706
207710
207712
207719
207721
207724
207725
207726
207728
207729
207733
207736
469880
207739
207744
732033
207747
207750
732044
207761
207764
207767
732055
469912
207770
207773
207775
732066
207781
207783
207784
207786
207788
732077
207793
207796
469941
207799
732088
207801
207802
207804
207805
207807
207808
207811
732099
207814
207815
207817
207818
469962
732110
207826
469970
207829
207830
207832
732121
207838
207844
732132
207845
207850
732143
207858
207861
207862
207864
207865
732154
207869
207872
207874
207875
207877
732165
207882
207884
207885
207888
732176
207889
207891
207892
207894
207895
207897
732187
207900
207902
207903
207905
207907
207910
732198
207917
732209
207922
207924
207927
732220
207935
207937
207940
207942
732231
207946
207950
207952
732242
207958
207960
207962
207964
732253
207967
207972
207974
732264
207977
207978
207980
207981
470127
207985
732275
207989
207991
207994
207996
207998
732286
208002
208004
732297
208012
208014
208017
208019
732308
208025
208029
208034
208036
208038
208041
732330
208044
208046
208048
208050
208051
208055
208056
208058
208061
208063
208064
208068
208069
208073
208074
208079
208081
208084
470233
208090
208094
208097
208098
208101
208104
208108
208109
208117
208119
208122
208124
208125
208127
208128
208131
208133
208135
208136
208139
208141
208146
208154
208155
208159
208160
208162
208164
208166
208169
208171
208174
208176
208179
208180
208182
208184
208188
208192
208193
208195
208198
208199
208204
208208
208210
208211
208214
208220
208225
208231
208232
208235
208236
208242
208253
208255
208258
208261
208262
208269
208271
208273
208274
208278
208283
208292
208293
732583
208296
208297
208303
208306
208307
208310
208314
208317
732605
208320
208321
208324
208325
208329
208332
208334
208336
732627
208341
208344
208345
208347
208350
208356
208359
732649
208363
208364
208366
208368
208376
208378
208380
732671
208384
208388
208392
732682
208395
208397
208398
208400
208402
208407
208409
208411
208416
208418
208421
208425
470570
208427
208431
208433
208434
208436
208437
470583
208445
208447
208451
208455
208457
208460
208463
208466
208468
208470
208471
208473
208475
208479
208481
208485
208486
208492
208494
208498
208502
208505
208507
208510
208512
208515
208516
208518
208520
208522
208524
208525
208528
208530
208532
208539
208541
208545
208548
208556
208561
208562
208564
208567
208570
208571
208573
208574
208575
208578
208580
208585
208587
208591
208593
208596
208600
208602
208604
208609
208614
208615
208620
208625
208627
208633
208636
208641
208642
208644
208646
208647
208649
208650
208652
208655
208657
208660
208663
208667
208669
208672
208673
208675
208678
208683
208686
208688
208689
208694
208697
208699
208700
208706
208707
208712
208717
208719
208726
208727
208732
208735
208736
470883
208740
208743
208747
208748
208750
208751
208755
208760
208761
208763
208764
208767
208770
208774
208778
208780
208786
208788
208791
208794
208796
208799
208802
208806
208807
208814
208817
208819
208822
208825
208832
208833
208836
208839
208843
208844
208849
208852
208854
208856
208861
208864
208873
208877
208879
208883
208884
208886
208889
208892
208894
208899
208902
208903
208905
208910
208911
208913
208915
208916
208921
208926
208928
208932
208934
208935
208937
208945
208951
208953
208955
208964
208966
208967
208970
208974
208982
208986
208988
208989
208992
208994
209003
209005
209008
209010
209013
209017
209019
209022
209024
209026
209030
209031
209033
209034
209037
209040
209042
209049
209050
209052
209057
209061
209062
209065
209067
209068
209070
209076
209079
209081
209082
209088
209093
209096
209100
209102
209105
209108
209111
209112
209121
209125
209129
209134
209139
209142
209147
209149
209151
209157
209158
209160
209163
209164
209166
209170
209172
209178
209179
209181
209182
209185
209186
209188
209190
209191
209193
209208
209212
209214
733509
209224
209225
209228
209230
209233
209246
209251
209253
733541
209254
209256
209258
209259
209261
209266
733557
209271
209275
209278
209280
209281
209284
209286
209287
209291
209296
209297
209299
209300
209302
209305
209307
209313
209314
209320
209322
209325
209328
209331
209335
209339
209342
209343
209347
209350
209352
209356
209359
209362
209364
209365
209369
209371
209374
209375
209377
209382
209385
209386
209393
209396
209397
209400
209403
209404
209411
209413
209416
209420
209421
209423
209426
209430
209435
209438
209442
209443
209447
209450
209453
471600
209458
209462
471608
209466
209469
209473
209477
471621
209479
209482
209483
209488
209492
209497
209502
471647
209512
209516
209517
209520
209522
209527
209529
209531
209533
209536
209542
209544
209545
209548
471692
209550
209551
209555
209558
209559
209561
209563
209564
209573
209577
209579
209581
209583
209584
209586
209589
209592
209600
209606
209608
209611
209613
209615
209617
209618
209621
209624
209625
209627
209631
209634
209636
209641
209645
209647
209650
209653
209657
209660
209665
209667
471814
209674
209677
209684
209688
209690
209697
209701
209704
209707
209712
209713
209716
209718
209721
209723
209727
209736
209739
209744
209745
209746
209749
209754
209757
209761
209768
209771
209775
209778
209781
209784
209787
209788
209791
209793
209800
209801
209804
209808
209810
209812
209813
209815
209818
209820
209823
209828
209829
209831
209835
209838
209841
209845
209849
209852
209859
472005
209863
209866
209871
209875
209877
209882
209884
209887
209895
209900
209901
209906
209909
209910
209912
209914
209925
209929
209930
209932
209935
209937
209938
209942
209943
209949
209954
209955
209958
209961
209965
209967
209971
209973
209975
209976
209979
209987
209990
209993
209994
209997
209999
210004
210009
210013
210019
210022
210025
210031
210036
210038
210044
210047
210050
210055
210060
210061
210067
210077
210080
210084
210087
210088
210090
210093
210096
210099
210102
210103
210106
210113
210114
210120
210123
210124
210127
210133
210135
210138
210144
210145
210148
210156
210158
210162
210165
210169
210171
210174
210176
210180
210186
210195
472342
210199
210204
210210
210215
210218
210219
210222
210223
210225
210227
210228
210231
210234
210237
210244
210245
210248
210251
210255
210259
210260
210265
210268
210269
210271
210272
210275
210277
210279
210282
210285
210287
210288
210301
210303
210306
210310
210314
210318
210319
210324
210326
210328
210332
210335
210340
210345
210348
210353
210355
210361
210362
210367
210369
210374
210377
210380
210381
210383
210386
210391
210392
210395
210396
210402
210405
210409
210413
210414
210417
210419
210421
210422
210426
210429
210432
210451
210455
210457
210462
210465
210466
210475
210478
210480
210482
210484
210485
210488
210493
210495
210502
210507
210510
210512
210517
210520
210523
210524
210526
210528
210530
210531
210533
210535
210539
210541
210545
210549
210551
210552
210554
210557
210558
210561
210565
210567
210569
210571
210576
210577
210580
210581
210583
210585
210591
210593
210594
210597
210599
210602
210606
210612
210613
210618
210621
210622
210624
210628
210629
210631
210635
210638
210642
210643
210645
210648
210653
210659
210661
210666
210672
210677
210680
210683
210689
210693
210694
210697
210701
210702
210704
210706
210709
210712
210713
210715
210716
210720
210723
210726
210731
210732
210736
210739
210742
210743
210746
210747
210756
210759
210760
210762
210765
210768
735056
210771
210772
210776
210778
210779
210783
210785
210788
210789
210793
210795
210799
210801
210802
210805
210809
210813
210818
210819
210821
210825
210832
210833
210835
735124
210839
210843
735132
210845
210846
210852
210854
210856
210858
210861
210862
210865
210867
210869
210872
210883
210884
210886
210893
210895
210899
210900
210904
210908
210910
210914
210916
210923
210924
210930
210933
735221
735229
210944
210947
210952
210955
210956
210958
735246
210960
210962
735256
210969
210972
210977
735266
210979
210984
210987
735276
210990
210993
210996
735286
210999
211002
211007
211012
211016
211022
211024
211025
211030
211031
211034
211035
211040
211043
211045
211049
211053
211056
211062
211063
211065
211068
211072
211075
211076
211082
211084
211086
211088
211090
211092
211094
211097
211098
211101
211115
211119
211120
211121
211123
211124
211127
211130
211132
211133
211135
211137
211139
211142
211144
211146
211153
211154
211156
211159
211165
211168
473315
211174
211176
211183
211188
211190
473336
211193
211194
211196
211204
211209
211210
211215
211219
211221
211223
211227
211229
211232
211236
211238
211239
211247
211250
211252
211254
211256
473402
211263
211265
211267
211269
211271
211273
211274
211280
211287
211289
211291
211294
211296
211297
211300
211302
211306
211308
211310
211314
211324
211327
211328
211331
211335
211336
211338
211342
211345
211349
211355
211358
211360
211364
211366
211369
211371
211375
473522
211379
211383
211385
211386
211389
211394
211397
211400
211402
211406
211408
211413
211420
211422
211425
211429
473575
211434
473583
211440
211442
211447
211448
473593
211450
211453
211462
211464
211467
211470
211471
211473
211476
211481
211482
211487
211488
211491
211494
211497
211499
211505
211507
211510
211513
211517
211526
211528
211529
211532
211533
211536
211538
211541
211543
211548
211552
211553
211556
211557
211559
211561
211564
211566
211569
211571
211573
211579
211583
473728
211586
211587
211591
211593
211595
211600
211601
211606
211611
211613
211614
211616
211620
211624
211627
211630
211634
211637
211641
211644
211645
211649
211655
211657
211658
211661
211664
211665
211672
211674
211677
211681
211684
211688
211689
211691
211695
211698
211702
211704
211711
211714
211717
211720
211722
211723
211726
211730
211735
211743
211746
211749
211753
211755
211756
736046
211759
211761
211763
211765
211769
211771
211773
211774
211780
211784
211788
211791
211794
211798
211799
211802
211806
211808
211813
211816
211821
211825
211827
211828
211831
211832
211834
211835
211837
211839
211840
211844
211847
211849
211850
211853
211854
211857
211858
211860
211863
211867
211870
211872
211875
211877
211880
211884
211888
211891
211895
211898
211902
211905
211909
211913
211916
211919
211922
211923
474070
211927
211929
211932
211936
211942
211945
211946
211948
211949
211953
211956
211957
211963
211967
211968
211970
211971
211977
211981
211984
211986
211988
211990
211993
211995
211997
211999
212002
212006
212009
212010
212014
212015
212020
212022
212023
212027
212029
212032
212035
212037
212040
212042
212044
212050
212053
212054
212056
212062
212064
212067
212070
212072
212073
212076
212077
212083
212086
212091
212095
212096
212099
212101
212108
212114
212117
212119
212120
212125
212128
212131
212132
212141
212144
212149
212153
212154
212157
212161
212163
212164
212170
212171
212177
212179
212181
212183
212185
212187
212190
212192
212194
212197
212199
212200
212203
212205
212208
212209
212212
212215
212219
212221
212225
212229
212233
212234
212236
212240
212243
212245
212247
212249
212251
212253
212256
212257
212260
212266
212267
212270
212271
212276
212278
212280
212285
212290
212294
212298
212301
212306
212307
212310
212311
212316
212317
212320
212323
212324
212330
212335
212337
212340
212341
212343
212346
212348
212349
212355
212359
212360
212364
212367
212368
212370
212380
212382
212387
212393
212395
212396
212398
212404
212406
212408
212410
212413
212416
212420
212423
212424
212427
212429
212433
212438
212439
212444
212445
212449
212451
212455
212459
212462
212463
212467
212471
212472
212475
212477
212478
212486
212491
212492
212498
212500
212506
212508
212511
212512
212515
212517
212519
212521
212522
212523
212528
212531
212534
212536
212538
212543
212545
212548
212551
212552
212553
212555
212557
212561
212564
212569
212572
212575
212577
212579
212582
212586
212591
212593
212598
212599
212602
212604
212614
212616
212618
212620
736910
212626
212627
212631
212632
212635
212641
212645
212653
212656
736944
212662
212664
212665
212669
212670
736959
212675
212678
212680
212684
212686
212687
212689
212690
212696
212697
212700
212702
212705
212708
212713
212714
212716
212720
212722
212724
212727
212728
212736
212737
212740
212744
212748
212750
737040
212753
212756
212760
212761
737050
212763
212766
212767
212769
737060
212773
737070
212784
212787
212789
212790
212792
212793
737083
212796
212798
212803
212808
212812
737100
474957
212816
212817
212820
212822
212824
212832
212836
212838
212840
212842
212844
212848
212850
212854
212857
212860
212864
212867
212868
212870
212875
212878
212879
212880
212884
212885
212889
212890
212892
212897
212900
475047
212904
212912
212915
475063
212920
212922
212924
212925
212927
212929
212930
212932
212936
212940
212943
212952
212955
212960
212963
212965
212968
212971
212976
212979
212981
212984
212986
212990
212995
212996
213000
213003
213007
213011
213016
213020
213023
213024
213026
213029
213033
213036
213039
213043
213046
213051
475195
213054
475203
213061
213066
213069
213071
213074
213078
213083
213086
213088
213090
213092
213095
213096
213098
213101
213104
213105
213108
213113
213117
213119
475266
213125
213128
213129
213131
213134
213136
213138
213141
213144
213145
213149
213157
213159
213168
213172
213175
213178
213181
213183
213189
213190
213199
213205
213209
213211
213213
213215
213216
213218
213224
213225
213232
213234
213236
213239
213240
213242
213245
213246
213248
213249
213252
213255
213258
213260
213265
213270
213271
213273
213277
213282
213283
213286
213289
213295
213300
213301
213306
213321
213327
213329
213334
213339
213341
213346
213348
213349
213351
213355
213359
213363
213365
213370
213374
213380
213383
213386
213389
213394
213402
213403
213408
213409
213413
213416
213419
213426
213427
213432
213435
213437
213438
213440
213444
213446
213449
213451
213452
213455
213458
213463
213464
213473
213476
213478
213479
213482
213489
213493
213496
213497
213504
213507
213511
213512
213515
213519
213524
213526
213537
213538
213540
213542
213544
213545
213558
213561
213565
213566
213569
213571
213575
213577
213580
213583
213585
213586
475731
213590
213593
213597
213599
213602
213603
213605
213617
213623
213630
213633
213639
213646
213647
213655
213657
213664
737952
213669
213670
737960
213674
213677
213679
213681
213685
213686
213691
213692
213694
213695
213698
213700
213702
213707
213709
213712
738003
213716
213718
213719
213721
213722
213725
213726
213728
213733
213736
213739
738028
213741
213742
213745
213748
213750
213752
213753
213758
213764
213769
213770
213773
213776
213779
213780
213786
213790
213796
213798
213801
213802
213807
213812
213815
213816
213817
213820
213823
213824
213827
213831
213833
213836
213841
213844
213850
213853
213857
213862
213867
213871
213873
213875
213877
213893
213898
213901
213912
213914
213917
213925
213929
213935
213936
213938
213941
213942
213944
213946
213948
213952
213954
213962
213964
213967
213972
213974
213977
213980
213982
213986
213989
213993
213995
213997
213999
214000
214002
214006
214011
214012
214018
214021
214023
214025
214029
214032
214034
214036
214038
214046
214049
214051
214058
214061
214066
214069
214071
214072
214074
214075
214083
214084
214087
214089
214091
214093
214094
214098
214100
214103
214106
214108
214111
214116
214117
214119
214120
214122
214126
214128
214130
214131
214134
214138
214140
214142
214144
214147
214150
214155
214157
214158
214164
214165
214169
214171
214174
214175
214177
214178
214180
214182
214185
214190
214193
214198
214203
214207
214211
214215
214216
214219
214220
214222
214223
214229
214233
214234
214241
214244
214248
214250
214252
214256
214257
214259
214261
214267
214269
214272
214274
214279
214282
214283
214290
214292
214297
214300
214303
214304
214311
214325
214328
214334
214335
214341
214344
214350
214357
214358
214360
214361
214364
214365
214367
214368
214375
214377
214380
214381
214384
214388
214393
214396
214401
214402
214404
214407
214412
214413
214415
214416
214418
214423
214429
214434
476579
214437
214440
214444
214448
476592
214453
214457
214461
214469
214471
214473
214476
214479
214480
738770
214491
214493
214494
214497
214500
214504
738801
214517
214518
214520
214522
214523
738811
214526
214528
214530
214531
214534
214538
214542
214546
214547
738835
214552
214554
214558
214561
214562
214564
476709
214566
214568
738858
214571
214574
214579
214584
214587
214589
214592
214594
214596
214600
214603
214607
476753
214614
214615
214618
214621
214626
214628
214632
476778
214635
214636
738927
214643
214646
738935
214649
214655
214658
214660
214662
738952
214671
214674
738962
476821
214679
214681
214686
214690
214694
214696
214699
214701
214702
214709
214711
214712
214714
214720
214722
214727
214730
214732
214735
214741
214744
214746
739034
214748
214749
214752
214755
739047
214760
214765
214767
214769
214772
739060
214775
214781
214784
214785
214790
214795
214796
214800
214801
214805
214807
214809
214813
214814
214819
214823
214825
214831
214832
214834
214839
214840
214846
214847
214849
214852
739141
214855
214858
214861
214866
214870
214875
214878
214885
214887
214888
214894
214899
214905
214906
214911
214912
214919
214923
214933
214937
214940
214945
214949
214951
214955
214961
214964
214967
214970
214972
214974
214977
214978
214983
214984
214987
214994
214995
214998
215001
215007
215009
215014
215018
215020
215023
215029
215032
215033
215035
215037
215038
215040
215043
215045
215049
215051
215053
215057
215060
215070
215071
215083
215088
215089
215095
215097
215100
215101
215103
215105
215108
215115
215122
215124
215129
215132
215134
215137
215140
215143
215144
215148
215150
215152
215154
215156
215158
215161
215163
215169
215171
215173
215175
215178
215183
215184
215186
477331
215188
215192
215193
215201
215203
739494
215208
215210
215214
215217
215219
215221
215225
215228
215230
215234
215236
215239
215242
215243
215244
215248
215253
215256
215257
215260
215261
215264
215268
215271
215274
215277
215279
215280
215285
215287
215291
215293
215295
215298
215300
215301
215304
215307
215316
215319
215320
215323
215324
215328
215332
215338
215340
215342
215343
215346
215349
215350
215352
215355
215357
215359
215367
215377
215380
215385
215388
215392
215395
215402
215406
215411
215413
215418
215426
215428
215431
215433
215436
215438
215445
215447
215452
215454
215455
215458
215464
215467
215470
215474
215478
215482
215485
215487
215490
215492
215497
215500
215505
215510
215515
215517
215520
215523
215525
215526
215528
215529
215532
739821
215534
215536
215541
739829
215542
215544
215547
215551
215555
215558
739847
215560
215562
215564
215567
215570
215579
215585
215589
215591
215593
215595
215598
215600
215602
215603
215608
215610
215612
215614
215617
215622
215624
215627
215631
215633
215636
215638
215642
215646
215651
215654
215655
215658
215660
215663
215669
215673
215677
215678
215682
215683
215685
215688
215694
215697
215703
215705
215706
215708
215710
215713
215717
215720
215723
215728
215732
215735
215736
215737
215741
215750
215751
215753
215757
215759
215760
215763
215771
215772
215774
215779
215780
215786
215792
215797
215799
215801
215804
215806
215810
215812
215815
215817
215824
215830
215834
215836
215840
215843
215844
215847
215850
215854
215856
215858
215862
215868
215871
215872
215874
215876
215878
215882
215885
215892
215895
215897
215899
215902
215907
215909
215912
215921
215925
215927
215930
215932
215934
215941
215942
215944
215948
215954
215955
215966
215968
215971
215975
215978
215986
215988
215993
215996
215998
216001
216008
216010
216012
216013
216015
216018
216021
216024
216026
478171
216029
216032
478179
216037
216046
216048
216051
216054
216060
478207
216067
216069
216070
216074
216075
216077
216078
216080
216081
216084
216087
216090
216093
216095
216099
216108
478253
216110
216111
216116
216118
216121
216125
216128
216132
216134
216137
216139
216141
216143
216145
216147
216148
216150
216151
216152
216154
216157
216160
216167
216169
216173
216180
216182
216188
216190
216192
216196
216198
216200
478344
216209
216213
216215
216217
216220
216221
216226
216231
216233
216237
216245
216249
216251
216255
216256
216260
216261
216263
216267
216269
216272
216276
216280
216282
216285
216287
216294
216297
216301
216303
216305
216307
216309
216313
216316
216319
216325
216327
740616
216329
216333
216339
216346
216347
216353
740645
216359
216361
216363
216366
216368
216372
216374
216376
216378
216380
216390
216392
216394
216396
216397
216400
216403
216407
216409
216410
216417
216420
740708
216421
216425
216428
216430
216435
216441
216449
216451
216452
740742
216456
216463
216468
216471
216474
216477
216481
216484
216488
216492
216495
216500
216516
216520
216522
740813
216526
216528
216531
740826
216540
216544
216548
216551
216553
216556
216558
216563
216565
216571
216574
216576
216580
216584
216588
216591
216600
216604
216606
216609
216611
216612
216615
216616
216619
740907
216624
216627
216630
216637
216638
216643
216646
216649
216655
216657
216659
216664
216666
216667
216670
216672
216673
216677
216678
216681
216683
216685
216688
216691
216694
216696
216698
216701
216704
216708
216710
216713
216715
216716
216718
216725
216727
216728
216730
216733
216734
216737
216740
478884
216742
216749
216751
216757
216760
216764
216765
216767
216770
216773
216777
216778
216781
216782
216784
216785
216787
216790
216792
216794
216799
216803
216808
216810
216812
216817
216821
216824
216827
216831
216832
216834
216837
216839
216841
216845
216847
216850
216854
216857
216858
216861
216867
216868
216870
216874
216875
216881
216884
216892
216896
216897
216900
216902
216903
216905
216910
216915
216922
216924
216926
216927
216931
216935
216939
216944
216946
216949
216950
216954
216956
216958
216961
216963
216967
216972
216973
216979
216980
216986
216989
216996
217001
217004
217007
217009
217014
217016
217019
217020
217026
217030
217039
217045
217047
217051
217052
217056
217060
217062
217067
741357
217071
217076
217078
217080
217082
217084
217086
217089
217093
217094
217096
217097
217099
217100
217108
217112
217115
217118
217120
217123
217125
217127
217128
217139
217142
217145
217149
217151
217163
217177
217180
217183
217193
217195
217198
217201
217205
217213
217216
217218
217220
217221
217223
217228
217236
217239
217241
217244
217245
217246
217249
217252
217256
217259
217262
217264
217266
217268
217271
217272
217281
217284
217287
217288
217290
217299
217303
217305
217309
217311
217314
217319
217321
217326
217327
217329
217331
217334
217341
217345
217348
217351
217358
217360
217364
217366
217367
217375
217378
741669
217384
217386
217388
217391
217395
217398
217401
741692
217406
217411
217419
217420
217423
217426
217428
217430
217431
217433
217437
217438
217441
217445
217456
217458
217459
217460
217462
217464
217466
217468
217471
217472
217474
217479
217487
217488
217491
217495
217496
217501
217505
217510
217512
217514
217517
217518
217519
217522
217523
217525
217526
217530
217534
217536
479680
217538
217539
217541
217542
217544
217546
217549
217552
217557
217562
217564
479709
217566
217573
479717
217575
217577
217580
217581
217584
217585
217588
217591
217593
217598
217600
479746
217604
217606
217607
217610
217620
217623
217627
217629
217633
217641
217646
217650
217652
217654
217657
217660
217665
217668
217678
217680
217682
217687
217690
217691
217694
217695
217697
217701
217703
217706
217712
217715
217718
217720
217722
217723
217729
217736
217745
217747
217749
217752
217758
217764
217765
217767
217769
217771
217780
217783
217789
217791
217796
217799
217807
217811
217813
217817
217821
217824
217829
217831
217833
217840
217844
217849
217852
217855
217863
217865
217867
217870
217871
217881
217882
217890
217896
217899
217901
217903
217909
217910
217914
217917
217920
217924
217928
217931
217934
217941
217944
217946
217950
217952
217957
217960
217966
217969
217977
217980
217982
217985
217987
217990
217994
217995
217998
218001
218006
218008
218010
218018
218020
218023
218025
218026
218028
218030
218032
218035
218040
218043
218045
218048
218051
218054
218055
218056
218058
218061
218067
218069
218071
218073
218078
218079
218082
218085
218095
218099
218101
218102
218104
218111
218116
218122
218124
218129
218130
218134
218140
218144
218146
218152
218153
742442
218155
218158
218159
218161
742450
218166
218171
218175
218176
218179
218184
218186
218190
742482
218198
218201
218203
218205
218206
218209
218211
218213
218217
218223
742511
218226
218230
218234
218237
218240
218241
480388
218247
218250
218253
218256
218257
218259
218262
218265
218269
218276
218278
218281
218285
218290
218293
218295
218297
218301
742591
218306
218308
742599
218312
218316
218319
218328
218332
218335
218337
218338
218342
218345
218350
218352
218361
742650
218366
218368
218371
218377
218382
218386
218391
218393
218395
742684
218397
218399
218404
218408
218410
218414
218416
218418
218421
218423
218427
742715
218428
218434
218438
218440
218442
218445
218446
218452
218457
218459
218464
218466
218468
218469
218472
218474
218477
218481
218489
218496
218501
218504
218505
218509
218512
218514
218516
218517
218520
218522
218524
218528
218529
218538
218543
218544
218546
218549
218552
218555
218560
218565
218570
218575
218578
218581
218582
218587
218589
218592
218595
218598
218599
218601
218602
218605
218607
218609
218615
218624
218628
218631
218634
218637
218638
218641
218648
218651
218659
218662
218667
218669
218671
218677
218682
218688
218694
218697
218698
218700
218713
218715
218718
218724
218727
218730
218737
218743
218746
218748
218753
218756
218759
218761
218766
218769
218772
218776
218781
218784
218785
218788
218789
218794
218797
218800
218803
218805
218806
218808
218814
218817
218819
218822
218826
218827
218829
218832
218835
218837
218839
218843
218846
218849
218852
218854
218858
218861
218863
743153
218866
218870
218871
218873
218876
218877
218879
218883
218886
218887
218890
218899
218903
218905
218909
218919
218921
218922
218926
218927
218930
218932
218933
218946
218948
218950
218954
218960
218963
218970
218972
218973
218978
218980
218982
218984
218988
218991
218992
218995
218998
219002
219005
219007
219017
219018
219020
219021
219025
219026
219031
219036
219038
219043
219047
219048
219051
219054
219058
219064
219067
219070
219075
219078
219081
481225
219083
219086
219089
219091
219094
481238
219099
219102
219106
219108
219111
219113
219117
219120
219121
219132
219133
219135
481279
219138
219143
481287
219149
219150
219155
219157
481303
219160
219162
219163
219166
219172
219174
743463
219178
219181
219183
219188
219192
219195
219198
219204
219206
219209
219210
219218
219236
219237
219239
219240
219247
219251
219254
219256
219258
219260
219263
219265
219269
219273
219275
219278
219282
219284
219288
219290
219293
219295
219299
219301
219304
219308
219310
219311
219313
219316
219323
219329
219332
219335
219338
219341
219347
219353
219357
219361
219365
219366
219373
219376
219381
219382
219384
219386
219388
219392
219393
219395
219398
219409
219412
219414
219416
219419
219420
219422
219424
219427
219428
219435
219438
219444
219449
219450
219454
219459
219461
219466
219469
219471
219473
219475
219479
219481
219485
219490
219494
219497
219501
219503
219506
219508
219511
219514
219516
219519
219521
219524
219527
219531
219533
219535
219537
219538
219540
219544
219547
219549
219552
219554
219564
219565
219567
219570
219573
219575
219577
219579
219583
219585
219590
219594
219597
219599
219601
219606
219608
219609
219616
219618
219620
219623
219628
219630
219633
219634
219636
219639
219641
219642
219647
219651
219654
219656
219659
219666
219669
219671
219679
219681
219685
219686
219688
219692
219694
219695
219697
219701
219710
481857
219714
219715
219717
219719
219723
219726
219728
219730
219732
219736
219739
219742
219745
219746
219748
219749
219751
219753
219755
219761
219762
219765
219768
219775
219778
219788
219792
219796
219802
219804
219806
219808
219813
219816
219818
219828
219831
219833
219839
219843
219849
219851
219854
219855
219857
219859
219860
219866
219869
219872
219876
219880
219882
219885
219886
219889
219890
219893
219895
219898
219908
219915
219917
744208
219922
219924
219927
219931
219932
219935
219942
219943
219946
744234
219948
219953
219956
744244
219959
219960
219963
219967
219968
219971
219973
219975
219977
219978
219982
219988
219990
219994
219996
219997
220000
220004
220008
220012
220015
220018
220020
744310
220023
220024
220028
220031
220032
744323
220044
220049
220052
220055
220061
220066
744360
220074
220077
220083
220094
220097
220099
220100
220104
220105
220107
220110
220113
220121
220122
220124
220128
220131
220134
220135
220146
220149
220152
220154
220158
220160
220164
220167
220169
220173
220175
220180
220187
220189
220197
220199
220201
220203
220204
220207
220208
220210
220213
744501
220216
220219
744509
220223
220225
220226
220228
220229
220232
220237
220239
220242
220245
220247
220249
220252
220257
220261
220275
220279
220281
220285
220289
220293
220295
220302
220303
220306
220308
220312
220316
220319
220320
220324
220325
220329
220332
220339
220343
220346
220348
220356
220361
220363
220367
220372
220374
220376
220379
220380
220383
220385
220391
220399
220400
220409
220414
220416
220418
220420
220428
220433
220438
220442
220444
220447
220454
220458
220459
220466
220472
220473
220476
482620
220478
220482
220484
482628
220486
220491
220499
220501
220502
220507
220512
220515
220524
220531
220534
220537
220539
220543
220545
220548
220550
220551
220554
220558
220562
220566
220567
220571
220573
220576
220577
220583
220584
220586
220589
220590
220593
220595
482746
220608
220609
220611
220614
220616
220620
220627
220633
220635
220636
220641
220650
220652
220655
220661
220670
220674
220680
220685
220687
220689
220692
220694
220698
220700
220703
220708
220710
220712
220713
220716
220718
220720
220723
220726
220736
220740
220747
220748
220751
220755
220756
220765
220768
220771
220772
220781
220783
220791
220793
220797
220800
220805
220806
220809
220811
220816
220821
220825
220828
220830
220842
220843
220845
220847
220848
220850
220853
220855
220857
220859
220860
220862
220865
220868
220870
220873
220875
220877
220878
220888
220891
220893
220895
220902
220904
220908
220913
220916
220919
220920
220927
220930
220931
220940
220943
220947
745237
220950
220951
220955
745245
220959
220962
220967
220969
220973
220977
220982
220995
220999
221003
221005
221008
221014
221017
221020
221022
221024
221025
221028
221029
221034
221035
221038
221039
221042
221044
221049
221050
221056
221058
221060
221062
221065
221079
221082
221085
221087
221095
221099
221101
221104
221105
221109
221111
221113
221114
221116
221119
221122
221130
221133
221136
221139
221142
483292
221153
221154
221157
221160
221166
221169
221173
221178
221183
221188
221195
221199
221203
221205
221207
221211
221212
221215
221220
221223
221227
221231
221233
221244
221247
221249
221256
221257
221259
221263
221271
221273
221274
221278
221279
221282
221285
221289
221292
221307
221308
221311
221314
221316
221320
221324
221326
221328
221334
221344
221345
221346
221348
221350
221353
221355
221358
221362
221365
221367
221368
221373
221374
221376
221386
221389
221393
221395
221397
221400
221402
221406
221407
221409
221417
221420
221422
221425
221426
221428
221434
221442
221446
221449
221453
221455
221461
221464
221465
221469
221471
221473
221476
221478
221480
221486
221492
221501
221503
221506
221510
221514
221515
221518
221520
221523
221529
221532
221537
221539
221543
221544
221549
221554
221567
221569
221571
221574
221578
221581
221589
221592
221604
221606
221609
221612
221614
221617
221619
221622
221625
221627
221629
221633
221634
221636
221639
221643
221644
221646
221651
221654
221656
221659
221663
221666
221668
221672
221673
745962
221675
221683
221686
221689
221690
221692
745982
221695
221700
745995
221713
221714
221716
221717
221719
221720
221724
221726
221734
221738
221739
221744
746032
221749
221751
746040
221754
221763
221765
221767
221770
221772
221774
221784
221789
221796
221798
221800
221805
221807
221808
221810
221812
221819
221820
221825
221828
221833
221836
221840
221843
221852
221853
221856
221858
221860
221863
221865
221869
221871
221873
221878
221880
221882
221885
746173
221888
221892
221895
221902
221907
221913
221915
221920
746210
221923
221926
221931
221934
221937
221940
221942
221944
221947
221949
221953
484099
221958
221965
221967
221971
221973
221979
221980
221982
221987
221993
484138
221996
222002
484151
222010
222012
746301
222015
222016
222020
222024
222027
222028
222037
222041
222043
222045
222048
222053
222060
222066
222069
484216
222075
222076
222080
222085
222092
222094
222096
222098
222100
222103
222105
222110
222115
222117
222118
222122
222124
222126
222129
222134
222139
222141
222152
222155
222162
222168
222173
222177
222181
222185
222188
222191
222197
222199
222202
222206
222207
222212
222216
222225
222227
222230
222234
222237
222239
222242
222244
222247
222250
222255
222257
222262
222263
222267
222270
222276
222279
222280
222283
222285
222294
222297
222299
222303
222307
222310
222312
222313
222316
222318
222323
222327
222330
222335
222337
222341
222344
222347
222357
222360
222363
222364
222367
222370
222373
222376
222380
222384
222386
222388
222391
222393
222394
222396
222399
222402
222404
222406
222407
222411
222414
222417
222421
222424
222426
222428
222432
222436
222439
222442
222444
222447
222450
222455
222460
222463
222465
222467
222470
222472
222474
222480
222483
222485
222487
222489
222491
222493
222495
222497
222502
222505
222511
222517
222518
222524
222528
222530
222534
222539
222540
222545
484693
222551
222553
222555
222557
222559
222563
222567
484713
222570
222574
222576
222578
222579
222582
222584
222590
222592
222593
222598
222601
222606
222609
222610
222619
222620
222622
222624
222627
222630
222633
222636
222639
222640
222643
746931
222647
222650
222652
222655
222662
222665
222669
222671
222673
222676
222678
222679
222682
746971
222684
222691
222692
222695
222697
222699
222700
222703
222707
222709
222710
222713
222718
222722
222726
222729
222731
222733
222736
222740
222745
222748
222750
222751
222754
222761
222763
222766
222767
222771
222778
222781
222782
222785
222788
222795
222806
222807
222809
222810
222815
222817
222819
222823
222824
222826
222829
222834
222837
222840
222844
222845
222849
222851
222852
222854
222856
222858
222860
222862
222864
222868
222871
222874
222877
222880
222883
222886
222890
222892
222893
222898
222900
222904
222907
222909
222916
222917
222920
222921
222926
222933
222934
222938
222941
222943
222945
222951
222955
222958
222965
222967
222969
222970
222972
222975
222978
222984
222987
222988
222993
222999
223002
223005
223012
223018
223020
223022
223030
223031
223034
223035
223039
223045
223047
223053
223059
223061
223065
223066
223070
223074
223076
223079
223081
223084
223088
223093
223097
223101
223103
223105
223111
223115
223117
223120
223122
223124
223128
223130
223133
223135
223137
223142
223148
223152
223155
223157
223163
223171
223173
223176
223180
223184
223188
223190
223192
223203
223207
223210
223212
223215
223220
223223
223225
223227
223231
223238
223240
223244
223246
223248
223250
223252
223254
223256
223258
223260
223261
223264
223265
223267
223271
223275
223279
223281
223284
223286
485430
223287
223290
223292
223294
223297
223302
223307
485451
223309
223315
485463
223321
223324
223326
223327
223330
223333
223337
485482
223340
223347
485491
223353
223357
223359
485506
223363
223365
223366
223368
223372
223374
223376
485521
223383
223384
485529
223388
223390
223391
747680
223393
485543
223401
223410
223413
223415
223418
223422
223423
223424
485568
223426
223429
223436
223438
223440
223447
223450
223451
223453
223456
223458
223459
223465
223466
223467
747756
223469
223470
223473
223474
223476
223484
747772
223486
223489
223494
223496
223498
485645
223507
223510
223513
223515
223519
485667
223524
223525
223532
223534
223539
223541
747830
223544
485696
223554
223555
223557
223559
485704
223562
223565
223567
223568
223573
223576
223578
223581
223588
223589
223592
223598
747886
223601
223605
747894
223611
223614
223616
223619
223623
223624
223626
223628
223631
223633
747927
223641
223645
747935
223648
223649
223652
223657
223664
223666
223670
223672
223674
223677
223679
223683
223685
223688
223689
223692
223694
223700
223703
223707
223710
223712
223717
223718
223721
223724
223730
223732
223736
223738
223740
223742
223744
223745
223748
223750
223754
223755
223757
223761
223764
223769
223770
223772
223776
223778
223781
223785
223788
223790
223798
223802
223803
223806
223811
223814
223815
223821
223823
223831
223835
223839
223842
223845
223850
223851
223854
223858
223861
223863
223869
223872
223873
223875
223881
223884
223888
223890
223894
223896
223901
223903
223909
223911
223913
223921
223923
223926
223936
223938
223939
223942
223944
223956
223958
223960
223962
223964
223975
223986
223987
223990
223993
223996
223998
224001
224005
224010
224012
486157
224015
224019
224021
224024
224026
224035
224037
224039
224042
224046
224048
224056
224057
224061
224065
224070
224073
224081
224083
224090
224093
224095
224098
224101
224110
224113
224115
224117
224120
224123
224134
224138
224144
224147
224149
224151
224156
224160
224164
224165
224167
224169
224172
224179
224184
224186
224189
224194
224198
224203
224210
224214
224215
224221
224223
224225
224231
224233
224234
224236
224242
224243
224247
224250
224251
224254
224257
224262
224271
224277
224285
224288
224289
224290
224292
224296
224298
224302
224308
224312
224324
224325
224327
224330
224334
224337
224338
224340
224344
224346
224349
224355
224357
224361
224365
224368
224371
748663
224380
224382
748671
224384
224386
224389
224392
224397
224400
224407
224408
224410
224414
224419
224432
224439
224442
224447
224456
224459
224460
224462
224465
224468
224471
224474
224477
224481
224483
224485
224489
224492
224494
224496
224498
486642
224502
224505
224507
224509
224519
224523
224527
224531
224536
224537
224539
224544
224546
224548
224550
224556
224559
224560
224563
224564
224567
224568
224571
224574
224579
224586
224590
224593
224596
224603
224605
224607
224609
224611
224621
224623
224626
224630
224634
224636
224641
224648
224652
224657
224659
224660
224663
224665
224666
224670
224673
224678
224680
224683
224685
224688
224690
224693
224698
224703
224706
224710
224714
224717
224723
224725
224726
224728
224733
224736
224740
224741
224743
224748
224752
224753
224759
224768
224774
486919
224779
486930
224791
224795
224797
486941
224807
486952
224813
224816
224819
486963
224822
224824
224827
486974
224831
224833
224840
486985
224842
224846
224848
224851
486996
224854
224860
487007
224865
224867
224868
487018
224876
224880
224885
487029
224888
224890
224892
224894
487040
224897
224901
224902
224905
487051
224909
224911
224913
224914
224915
487062
224922
224923
224926
487073
224930
224934
224940
487084
224941
224943
224944
224946
224951
487095
224958
224961
487106
224963
224970
487117
224974
224976
224979
224984
487128
224987
224989
224992
224995
487139
225000
225001
225003
225006
487150
225008
225009
225012
225014
749304
487161
225019
225022
749312
225026
225030
225035
225038
487183
749328
225042
225046
225047
487194
749341
225058
225061
487205
225065
225068
225073
225075
225080
225083
225086
225088
749379
225092
225095
225097
749387
225102
225105
225112
225113
225122
225130
225135
225139
225151
225155
225156
225158
225165
225167
225171
225174
225180
225182
225184
225191
225192
225198
225202
225208
225209
225211
225212
225215
487359
225217
225224
225226
225228
225231
225234
225235
225238
225240
225242
225245
225248
749536
225254
749544
225260
225268
225269
225275
225276
225279
225282
749572
225285
225286
225288
225290
225293
225296
225298
225301
225304
225314
225317
225322
225326
225329
225333
225334
225338
225344
225349
225352
225357
225361
225364
225366
225375
225380
225385
225386
225387
225390
225395
225399
225404
225414
225417
225426
225427
225430
225431
225438
225441
225443
225446
225448
225453
487601
225462
487612
225469
225471
487623
225483
225486
225489
487634
225492
225493
225497
225499
487645
225502
225505
225508
225509
487656
225513
225518
225524
225526
225528
225532
487678
225536
225543
487689
225547
225553
487700
225560
487711
225569
225573
225578
487722
225582
225586
225588
225590
225593
487744
225601
225605
225608
487755
225616
225619
225621
487766
225624
225627
225633
487777
225638
225642
225650
225655
487799
225664
225666
487810
225669
225671
225677
487821
225680
225686
225694
225698
487843
225701
225702
225705
487854
225718
225721
487865
225725
225730
225731
487876
225736
225739
225744
225750
225753
487898
225761
225763
487909
225767
225770
225773
487920
225780
225782
225784
225787
487931
225792
225797
225798
487942
225813
225814
225817
225820
487964
225822
225825
225828
487975
225832
225834
225835
225839
225841
225842
487986
225844
225852
487997
225857
225859
225861
225863
488008
225868
225871
225872
225875
225877
225882
225883
225886
488030
225888
225891
225893
225896
488041
225898
225899
225902
225904
488052
225909
225919
488063
225924
225927
488074
225931
225935
488085
225942
225946
225947
225950
225955
225958
225961
225963
488107
225965
225969
225974
488118
225976
225978
225980
488129
225986
225990
225991
750281
225996
488140
225998
750289
226003
226004
488151
226008
226016
226018
226022
226023
226033
226035
226037
226041
226046
226052
226057
226066
226070
226071
226076
226083
226086
226092
226097
226100
226107
226111
226113
226115
226123
226128
226130
226134
226135
226138
226143
226148
226156
226159
226167
226169
226172
226174
226175
226185
226188
226192
226196
226200
226208
226214
226215
226217
226222
226224
226227
226238
226240
226245
226246
226248
226251
226255
226258
226262
226267
226269
226272
226277
226280
226283
226286
226291
226299
226301
226304
226309
226312
226315
226318
226322
226323
226325
226327
226329
226334
226339
226342
226344
226347
226354
226357
226359
226364
226365
226370
226373
226377
226381
226387
226390
226392
226394
226396
226398
226405
226407
226411
226413
226414
226417
226419
226422
226426
226429
226430
226434
226437
226438
226440
226444
226446
226449
226454
226457
226461
226464
226467
226469
226474
226489
226492
226496
226499
226502
226505
226507
226514
226519
226521
226522
226529
226534
226544
226545
226562
226565
226569
226572
226577
226581
226582
226593
226599
226601
226605
226607
226609
226612
226615
226616
226623
226625
226627
226630
750919
226633
226636
226638
750927
750935
226648
226654
226665
226669
226671
226675
226676
226677
750967
226681
226684
226688
226693
226704
226706
226710
226713
226716
226719
226727
751018
226732
226735
226741
226743
226746
226750
226752
226755
226760
226763
226765
226766
226770
226775
226782
226786
226790
488934
226794
226796
226798
226800
226801
488945
226805
226807
751099
226812
488956
751107
226820
226823
488967
226824
226826
226829
226831
488978
226835
226837
226839
226842
226845
488989
226846
226848
226854
489000
751145
226860
226861
226865
226866
489011
226870
226877
489022
226884
226888
226896
226908
226911
226917
226919
226921
226925
226927
226932
226940
226941
226946
226948
226954
226959
226962
226963
226965
226970
226977
226982
226989
226992
226997
226999
227012
227014
227016
227017
227019
227021
227032
227037
227039
227047
227051
227054
227057
227059
227060
227064
227066
227071
227072
227084
227086
227089
227091
227094
227100
227103
227107
227108
227112
227114
227118
227120
227123
227126
227136
227138
227144
227147
227150
227155
227158
227159
227162
227163
227168
227170
227173
227175
227176
227179
227187
227191
227194
227200
227205
227207
227208
227213
227214
227219
227223
227227
227230
227237
227240
227243
227246
227248
227251
227253
227259
227261
227267
227268
227273
227279
227281
227283
227285
227286
227288
227291
227295
227299
227300
227306
227312
227315
227319
227321
227327
227331
227332
227336
227338
227339
227347
227352
227354
227363
227367
227371
227372
227374
227386
227388
227389
227394
227396
227398
227399
227405
227406
227410
227412
227414
227416
227418
227421
227422
227424
227427
227431
227432
227435
227444
227447
227453
227455
489605
227467
227470
227471
227476
227478
227480
227484
227485
227487
227495
227502
227504
227506
227508
227511
227516
227518
227519
227523
227525
227526
227528
227531
227535
227537
227548
227550
227560
227566
227568
227571
227572
227575
227579
227581
227589
227593
751881
227598
227601
227603
227605
227606
227608
227613
227615
227621
227623
227625
227629
227631
227632
227634
227637
227639
227644
227648
227650
227652
227656
227657
227660
227664
227667
227673
227675
227678
227681
227685
227689
227692
227694
227696
227699
227701
227704
227707
227711
227712
227723
227725
227731
227733
227735
227738
227745
227750
227752
227754
227757
227759
227764
227767
227769
227772
227774
227776
227779
227781
227783
227786
227790
227793
227795
227803
227806
227807
227809
227810
227813
227817
227820
227826
227831
227833
227839
227842
227843
227846
227851
227854
227855
227860
227862
227865
227870
227875
227879
227888
227899
227900
227902
227903
227905
227909
227911
227913
227916
227918
227927
227931
227936
227944
490089
227951
227954
227955
490100
227957
227965
490111
227969
227970
227978
490122
227981
227986
227988
490133
227990
227992
227996
227997
227999
490144
228001
228002
228004
228005
228008
228010
490155
228013
228018
490166
228029
490177
228036
228042
490188
228049
228053
490199
228056
228058
228059
228062
228064
228066
490210
228068
228070
228073
228077
490221
228081
228085
228088
490232
228090
228094
490243
228100
228104
228106
490254
228114
228116
228118
490265
228122
228124
228131
490276
228134
228140
228141
228143
490287
228149
228151
228154
490298
228156
228159
228161
228163
490309
228167
228174
490320
228180
228184
490331
228188
228191
228195
228198
490342
752489
228206
228207
228209
490353
228212
228214
752506
490364
228222
228227
228228
228230
228232
228236
490386
228244
228245
228249
228251
228255
228257
228261
228266
228267
228274
228279
228287
228289
228291
752581
228295
228298
228299
228300
752589
228303
228307
228309
228314
228316
228319
752615
228328
228330
228336
228338
228340
228342
228344
228349
752638
228351
228352
228361
228365
228373
228375
228379
228381
228384
228387
752676
228394
228396
228397
228400
752695
228408
228417
228420
228422
228423
228435
228438
228444
228446
228448
228452
228462
228466
228472
228475
228476
228483
228485
228487
228489
228493
490639
228499
228502
228504
228506
228510
228511
228514
490661
228521
228524
228527
228529
228532
228536
490683
228545
228548
228552
228554
228558
228560
490705
228562
228565
228573
228575
228579
490727
228589
228591
490738
228597
228599
228603
228604
228606
228615
228616
228622
228625
228632
228634
228635
228637
228639
228640
228642
228647
228649
228652
228654
228656
228664
228669
228672
228679
228685
228687
228688
228694
228699
228700
228703
228711
228715
228718
228727
228730
228732
228738
228740
228742
228743
228745
228749
228752
228753
228759
228765
228766
228769
228771
228774
228776
228780
228785
228787
228791
228792
228801
228804
228806
228808
228813
228816
228817
228821
228823
228828
228831
228832
228839
228841
228852
228857
228859
228860
228862
228867
228869
228870
228875
228880
228884
228887
228892
228898
228902
228904
228908
228911
228914
228917
228919
228922
228925
228928
228932
228933
228946
228948
228961
228964
228972
228977
228980
228983
228986
228991
228993
228996
229001
229003
229004
229006
229008
229014
229016
229022
229023
229030
229033
229037
229043
229044
229046
229050
229051
229055
229056
229058
229061
229062
229069
229075
229080
229082
229084
229085
229087
229090
229094
229096
229099
229101
229103
229108
229110
229113
229116
753405
229119
229121
229125
229127
229129
229135
229137
229142
229145
229146
229149
229151
229155
229160
229164
229168
229177
229179
229188
229195
229203
229205
229207
229210
229211
229215
229217
229228
229230
229232
229237
229238
229243
229245
229249
229253
229262
229267
229269
229271
229274
229276
229277
229280
229285
229289
229292
229295
229300
229302
229319
229320
229323
229328
229332
229336
229342
229347
229354
229358
229360
229362
229366
229370
229372
229377
229379
229386
229390
229393
229395
229400
229402
229404
229406
229408
229419
491565
229423
229425
229430
229433
229434
229436
229438
229446
229448
229450
491597
229454
229456
229461
229464
229466
491613
229470
229476
229481
229484
753773
229488
229496
229501
229506
229515
229518
229523
229524
229526
229530
229536
229538
229541
229546
229548
229554
229555
229560
229563
229564
229571
229582
229585
229592
229593
229595
229598
229600
229612
229615
229618
229625
229628
229629
229632
229635
229638
229642
229647
229650
229653
229657
229663
229667
229669
229670
229674
229682
229689
229690
229694
229696
229699
229711
229716
229720
229721
754013
229733
229735
229740
229747
229748
754037
229751
229753
229755
229756
229764
229766
229769
229774
229785
229788
229791
229798
229803
229807
229811
229813
229816
229817
229825
229828
229829
229831
229833
229836
229844
229848
229849
229851
229854
229855
229858
229860
229864
229866
229872
229875
229878
754167
229880
229887
229889
229892
229902
229912
229913
229922
229931
229936
229938
229944
229948
229950
229953
229955
229957
229960
229964
229966
229973
229976
229981
229988
229991
229997
230001
230009
230013
230021
230023
230026
230029
230037
230048
230051
230056
230060
230064
230067
230075
230077
230080
230082
230087
230088
230094
230097
230099
230105
230108
230111
230117
230120
230122
230124
230130
230134
230137
230143
230145
230146
230149
230152
230155
230158
230163
230165
230167
230178
230186
230189
230191
230193
230196
230198
230202
230206
230213
230216
230217
230219
230220
230226
230231
230232
230235
230241
230243
230245
230246
230254
230259
230262
230264
230269
230270
230272
230282
230285
230286
230290
230292
230295
230298
230304
230310
230318
230319
230321
230323
230325
230328
230330
230333
230335
230344
230347
230355
230358
230359
230363
230366
230370
230373
230375
230380
230383
230388
230389
230393
230398
230399
230402
230408
230411
230413
230418
230421
230423
230425
230426
230430
230432
230435
230436
230440
230442
230445
230447
230454
230457
230461
230464
230467
230468
230472
230474
230482
230487
230489
230498
230503
230508
230511
230513
230514
230516
230527
230531
230539
230542
230544
230547
230554
230556
230557
230559
230562
230570
230573
230578
230582
230590
230594
230597
230601
230602
230604
230605
230610
754898
230614
230616
230619
230621
230622
230625
230627
230629
230634
230636
230641
230643
230646
230649
230654
230658
230663
230666
230670
230676
230679
230685
230690
230693
230698
230699
230702
230705
230713
230715
230716
230718
230721
230723
230724
230726
755015
230732
230733
230735
230746
230749
230752
230757
230762
230764
230768
230772
230776
230781
230785
230793
230795
230797
230798
230804
230805
230806
230808
230811
230812
230815
230820
230823
230828
230833
230836
230838
230839
230841
230843
230844
230850
230856
230862
230867
230878
230881
230884
230886
230888
230891
230894
230898
230899
230901
230903
230904
230911
230914
230919
230920
230924
230926
230928
230932
230935
230940
230945
230946
230948
230950
230952
230954
230957
230959
493112
230969
230971
230975
230979
230986
230990
230993
230999
231000
231002
231006
231011
231017
231019
231021
231024
231026
231027
231032
231034
231035
493180
231037
231039
231041
493188
231048
231050
231054
231056
231059
231064
231071
231074
231077
231080
231084
231092
231098
231099
231102
231108
231113
231116
231120
231124
231128
231133
493277
231138
231140
493285
231144
231147
231150
231155
231157
493302
231162
231165
231167
493312
231169
231172
231174
231176
493322
231180
493332
231190
231193
231196
231197
493342
231199
231202
231203
231205
231206
231210
231213
231216
231221
231223
231227
231228
755524
231238
231247
231249
231252
231254
755545
231262
231265
755553
231268
231271
231273
231274
231276
231278
231280
755569
231282
231287
231290
231293
231295
231301
231305
231308
231313
231320
231321
231324
231325
231327
231328
231331
231335
231336
231339
231340
231343
231345
755636
231354
231355
231364
231369
231371
231373
231375
231384
231387
231392
231395
231398
231402
231404
231405
231409
231412
231416
231417
231419
231424
231426
231430
231436
231440
231442
231446
231447
231453
231455
231457
231461
231463
231467
231471
231481
231484
231486
231488
231492
231494
231497
231499
231506
231508
231510
231515
231519
231523
231528
231530
231532
231534
231538
231548
231554
231555
231558
231564
231567
231569
231570
231576
231580
231585
231588
231590
231592
231596
231601
231605
231607
231609
231613
231615
231618
231620
231623
231628
231631
231636
231641
231642
231649
231655
231657
231663
231665
231668
231672
231674
231679
231681
231685
231689
231691
231696
231698
231700
231702
231705
231709
231715
231718
231720
231723
231725
231735
231740
231743
231749
231751
231758
231773
231774
231778
231781
231785
231788
231791
231793
231799
231801
231804
231809
231814
231820
231825
231831
231840
231843
231845
231849
231852
231855
231857
231859
231861
231866
231867
231870
231872
231874
231875
231877
231881
231883
231885
231889
231894
231902
231912
231917
231922
231926
231930
231933
231935
231938
231941
231945
231948
231957
494102
231959
231962
231967
231972
231980
231985
231988
231991
232000
232003
232005
232008
232010
232011
232013
232015
232019
232022
232024
232028
232030
232033
232035
232036
232042
232047
232050
232051
232056
232058
232061
232063
232065
232067
232071
232073
232076
232081
756369
232083
232085
232088
232096
232101
232107
232109
232115
232119
232128
232130
232131
232139
232149
232150
232154
232156
232167
232170
232176
232178
232181
232186
232187
232192
232211
232221
232224
232229
232232
232239
232244
232247
232255
232257
232265
232268
232271
232273
232275
232277
232280
232282
232286
232293
232297
232306
232312
232316
232318
232324
232331
232335
232343
232355
232359
232361
232367
232371
232373
232378
232379
232381
232383
232384
232390
232392
232395
232398
232400
232403
232404
232406
232410
232411
232414
232418
232420
232425
232426
232429
232432
232439
232442
232445
232448
232449
232451
232456
232467
232471
232472
232479
232484
232489
232495
232497
232500
232502
232504
232505
232507
232509
232516
232517
232520
232521
232524
232527
232534
232535
232538
232545
232547
232556
232560
232564
232567
232569
232573
232574
232579
232583
232590
232595
232599
232603
232606
232615
232622
232625
232626
232630
232631
232633
232636
232639
232641
232643
232645
232652
232654
232658
232661
232663
232665
756954
232671
232672
232676
232678
232680
232683
232686
232689
232692
232694
232699
232703
232705
232709
232712
232714
757004
232717
232719
232722
232727
232732
232734
232739
232741
232745
232746
232748
232754
232758
232765
757054
232768
232772
232787
232793
232797
232800
232805
232807
232808
232810
232813
232814
232816
232817
232819
232821
494966
232824
232826
232828
232830
232831
232833
232837
232838
232844
232846
232849
232852
232854
495000
232857
232858
232859
232861
495015
232875
232877
232879
232880
232883
232885
232888
232890
232894
232899
232903
232906
232912
232918
232920
232923
232926
232929
232932
232944
232948
232951
495096
232956
232958
232962
495106
232966
232969
232971
232972
495116
232977
232980
495126
232983
232986
232991
495139
232996
233000
233007
233009
495156
233014
233017
233020
233022
233035
233040
233044
233047
233052
233054
233058
233060
233062
233064
233075
233077
233088
233091
233095
233104
233105
233106
233108
233115
233121
233123
233125
233126
233128
233132
233135
233143
233147
233150
233151
233153
233155
233157
233159
233163
233168
233173
233178
233181
233187
233192
233198
233199
233202
233206
233214
233221
233222
233224
233226
233231
233234
233237
233239
233242
233244
233249
233254
233257
233259
233260
233262
233267
233269
233272
233277
233279
233283
233285
233287
233289
233291
233292
233296
233304
233307
233309
233310
233321
233326
233329
233335
233339
233342
233344
233347
233350
233352
233360
233363
233365
233373
233375
233379
233387
233389
233393
233396
233398
233401
233404
233406
233410
233411
233415
233416
233422
233431
233434
233438
233442
233445
233446
233451
233453
233454
233457
233465
233468
233472
233474
233476
233481
233483
233487
233490
233499
233505
233510
233512
757800
233515
233517
233520
233526
233531
233536
233538
233543
233548
233550
233555
233557
233561
233564
233566
233567
233569
233575
233576
233582
233585
233586
233589
233591
233599
233602
233608
233613
233614
233617
233618
233621
233625
233630
233636
233643
233648
233657
233658
233669
233671
233677
233680
233687
233689
233692
233695
233701
233709
233713
233715
233717
233720
233723
233725
233726
233728
233731
233733
233739
233743
233746
233754
233761
233764
233773
233775
233779
233782
233787
233788
233799
233801
233811
233820
233831
233835
233836
233838
233841
233844
233852
233853
233855
233864
496008
233866
233867
496016
233877
233880
233882
233887
233895
233899
233900
233902
233905
233912
233913
496059
233918
233923
233924
233927
233932
233938
233940
496084
233944
233948
233952
233958
233963
233974
233977
233983
233986
233991
233995
233999
234005
234009
234012
234016
234022
234032
234033
234034
234038
234040
234042
234046
234048
234049
234058
234061
234063
234065
234068
234070
234072
234077
758371
234085
234087
234091
234092
234097
234104
758392
234110
234121
234123
234125
234132
234143
234146
234151
234152
234154
234158
234159
234161
234165
234172
234174
234176
234178
234183
234192
234203
234205
234207
234209
234210
234214
234221
234223
234232
234233
234240
234241
234243
234245
234250
234252
234254
234257
234258
234260
234265
234270
234272
234276
234284
234289
234294
234305
234308
234312
234316
234323
234328
234332
234337
234339
234341
234342
234344
234347
234351
234359
234371
234375
234383
234386
234389
234391
234396
234403
234409
234412
234419
234420
234427
234430
234434
234440
234443
234453
234459
234473
234476
234478
234481
234483
234490
234495
234498
234501
234503
234507
234508
234510
234512
234517
234523
234526
234530
234533
234537
234538
234543
234545
234547
234549
234552
234554
234559
234568
234569
234573
234577
234582
234587
234591
234600
234604
234606
234609
234612
234622
234624
234625
234637
234639
234641
234647
234649
234652
234657
234662
234671
234681
496826
234683
234691
234695
234705
496857
234715
234716
234718
496867
234732
234733
234738
234741
234747
496891
234754
234758
234763
234764
234766
234769
496914
234779
234782
234790
234795
234799
234803
234805
234808
234809
234812
234814
234815
234817
234820
234821
234833
234835
234837
234838
496983
234840
234842
234845
496991
234852
234854
234863
497008
234866
234867
234868
234871
234872
234874
497018
234880
234884
234889
234892
234898
234899
234902
759191
234909
234911
234914
234916
234919
234921
234924
234929
234931
234934
234940
234942
234945
497090
234951
234954
497103
234962
234963
234966
234968
497116
234973
234978
234979
234983
234985
234996
235001
759289
235004
235006
235008
235013
235015
235026
235037
235043
235044
235049
235052
497197
235055
235057
235061
235062
235064
235066
235073
235075
235080
235084
235086
235089
235097
235106
235110
235113
235115
235122
235127
235129
235133
235141
235144
235146
235152
235155
235158
235163
235165
235166
235168
235170
235172
235175
235176
235181
235185
235187
235191
235196
235200
235205
235206
235213
235221
235225
235233
235235
235240
235249
235258
235261
235265
235268
235272
235275
235277
235282
235283
235286
235289
235292
235294
235300
235307
235309
235316
235322
235329
235340
235343
235347
235355
235362
235366
235369
235371
235376
235382
235384
235387
235398
235403
497550
235410
235415
235419
235422
235424
235429
235443
235445
235450
235452
235457
235459
235462
235464
235469
235471
235475
235476
235482
235486
759776
235496
235498
235507
235513
235515
235518
235520
235528
235532
235539
235540
235542
235550
235556
235561
235563
235566
235568
235574
235582
235584
235586
235587
235593
235598
235601
235603
235607
235610
235613
235616
235619
235621
235622
235626
235628
235631
235635
235636
235641
235651
235655
235657
235660
235669
235677
235679
235682
235692
235694
759985
235701
235704
235708
235712
235715
235719
235724
235728
497877
235734
235740
497885
235742
235744
235746
235748
235750
235752
235753
235758
497903
235760
235773
235775
235778
235780
235789
235794
235798
235803
235805
235807
235812
235814
235821
235823
235830
235834
235842
235850
235855
235856
235862
235874
235877
235881
235882
235885
235888
235889
235892
235896
235900
235901
235907
235910
235913
235916
235922
235925
235927
235928
235931
235934
235937
235940
235953
235955
235959
235962
235965
235969
235971
235972
235978
235981
235982
235986
235988
235990
235992
235995
235999
236003
236004
236006
236007
236017
236018
236024
236029
236031
236034
236035
236037
236040
236050
236051
236053
236056
236058
236060
236066
236067
236069
236072
236076
236079
236081
236083
236085
236087
236096
236099
236101
236103
236104
236106
236107
236110
236124
236131
236143
236146
236147
236150
236165
760455
236171
236173
760463
236182
760474
236196
236200
236204
236206
236208
236212
236217
236218
236219
236222
236223
236225
236227
236231
236242
236248
236261
236268
236270
236272
236278
236283
236286
236296
236298
236299
236301
760596
236312
760603
236316
236317
236319
236323
236332
236334
236337
236339
236342
236348
236352
236354
236361
236363
236366
236369
236370
236372
236375
236379
236380
236386
236389
236390
236396
236398
236402
236412
236416
236422
236424
236425
236428
236433
236436
236442
236447
236452
236454
236456
236457
236461
236469
236490
236493
236494
236498
236502
236512
236517
236521
498672
236531
760821
236536
236542
236544
236551
236553
498701
236558
236560
236567
236569
236572
236579
236585
236590
236594
236596
236602
236604
236612
236613
236618
498764
236623
236627
236632
236633
236636
236639
236640
236644
236647
236653
498798
236659
236664
236665
236670
236671
236675
236685
236687
236689
236691
236693
236697
236700
236705
236707
236711
236713
236722
498869
761015
498882
236746
761035
236748
236757
236758
236761
236772
236775
236777
236782
236783
236790
236792
236794
236799
236800
236801
236808
761098
236811
236813
236818
498963
236820
236825
236832
236836
236839
236842
236847
236849
236851
236852
236857
236860
236865
236868
236873
236874
236881
236892
236906
236908
236911
236914
236916
236921
236923
761213
236938
236941
236945
236947
236961
236963
236966
236967
236975
236977
236980
236991
236993
236995
236998
237000
237004
237006
237010
237012
237018
237022
237025
237032
237036
237041
237050
237052
237060
237071
237072
237076
237081
237095
237098
237103
237106
237109
237111
237114
237115
237117
237128
237133
237138
237139
237143
237148
237156
237161
237168
237169
237178
237181
237188
237194
237202
237212
237213
237221
237229
237232
237236
237240
237243
237248
237254
237255
237268
237269
499413
237271
237275
237277
237280
237283
237287
237293
237295
237314
237320
237322
237325
237327
761616
237329
237331
237333
761624
237337
237339
237343
237345
237347
237349
761640
237355
237358
237364
237368
237369
237372
237376
237381
237385
237392
237394
237398
237400
237404
237406
237408
237414
237421
237425
237429
237432
237435
237437
237446
237451
237452
237459
237463
237466
237468
237473
237477
237482
237484
237489
237493
237500
237503
237504
237506
237513
237515
237523
237524
237526
237529
237534
237543
237547
237554
237558
237561
237565
237571
237575
237579
237581
499725
237582
237588
237590
237594
237596
237598
237604
499748
237608
237611
237613
237619
237624
237625
237628
237633
237645
237648
237649
237652
237654
237656
237658
237659
237665
237670
237673
237677
237679
237682
237684
237686
237690
237693
237698
237709
237720
237722
237725
237727
237728
237741
237742
237751
237757
237765
237771
237773
237776
237788
237790
237792
237802
237804
237813
237815
237821
237825
237827
237833
237842
237844
237855
237861
237863
237866
237873
237878
237881
237884
237889
237908
237911
237914
237921
237928
237931
237936
237940
237945
237950
237962
237963
237967
237970
237974
237977
237979
237982
237986
237990
237998
238000
238002
238006
238008
238015
238022
238030
238033
238037
238039
238040
238042
238050
238053
238060
238063
238065
238071
238080
238081
238085
238088
238091
238103
238105
238107
238110
238111
238117
238125
238132
238135
238138
238140
238141
238144
238146
238149
238153
238155
238165
238170
238179
238185
238187
238197
238199
238204
238212
238218
238228
238230
238233
238240
238242
238246
238248
238251
238253
238256
238262
238267
238277
238279
238283
238285
238296
238307
238309
238312
238315
238320
238324
238326
238333
238335
238341
238349
238352
500498
238360
500506
238363
238367
238370
238378
238381
238382
238385
238387
238389
500538
238413
238420
500567
238425
238426
238428
238435
238439
238442
238446
238452
238464
238472
238476
238481
238484
238490
238496
238500
238502
500647
238506
238508
500655
238518
238520
238528
238532
238538
238540
238542
238545
238547
238549
238559
500706
238565
238567
238570
238573
238580
238585
238588
500740
238598
238606
238609
238612
238615
238622
238624
238627
500771
238630
238632
238633
238636
238646
238651
238655
238656
238665
238669
238671
238678
238686
238690
238696
238697
238703
238707
238712
238715
238716
238718
238723
238726
238730
238733
238741
238744
238747
238753
238759
238762
238764
238767
238773
238775
238780
238782
238785
238789
238797
238798
238803
238806
238809
238813
238818
238819
238823
238825
238831
238833
763129
238849
238853
238855
238857
238862
238868
238876
238880
238884
238886
238895
238897
238902
238906
238907
238914
238917
763207
238923
238925
238926
763215
238934
238944
238948
238950
238955
238958
238962
238965
238969
238972
238976
763265
238988
238991
238992
238995
239005
239007
239011
239017
239019
239021
763309
239024
239026
239028
763317
239032
239035
239042
239046
763334
239049
239053
763344
239061
501209
239066
763354
239068
239070
239075
763364
239078
239081
239085
239087
239089
239091
239093
239098
239108
239110
239112
239115
239118
239127
239132
239135
239145
239151
239154
239157
239161
239166
239169
239187
239188
239192
239196
239197
239199
239204
239207
239212
239219
239222
239224
239230
239236
239239
239243
239246
239250
239260
239263
239265
239272
239283
239286
239288
239290
239293
239299
239301
239303
239311
239314
239316
239319
239323
239326
239328
239333
239336
239340
239343
239347
239348
239350
239353
239356
239362
239369
239370
501519
239377
239385
239387
239391
239393
239409
239415
239423
239428
239432
239435
239443
239448
239451
239461
763752
239466
239467
239469
239472
239476
763765
239478
239479
239483
239485
239489
239490
239492
239499
239501
239502
239513
239515
239517
239521
239528
239530
239535
239541
239547
239553
239558
239566
239569
239577
239580
239584
239587
239592
239598
239604
239607
239611
239613
239617
239620
239624
239627
239632
239642
239652
239659
239661
239664
239673
239677
239679
239684
239691
239694
239695
239698
239701
239704
239707
239709
239711
239714
239717
239722
239725
239731
239732
239735
239737
239740
239742
239743
239746
239751
239754
239756
239758
239760
239779
239781
239789
239790
239796
239805
239811
239815
239816
239821
239824
239825
239829
239834
239837
239843
239846
239853
239855
239861
239863
764155
239871
239876
239879
239887
239895
239897
239903
239907
239910
239912
239913
239914
239919
239921
239923
239928
239940
239949
239954
239957
239961
239974
239976
239979
239988
239989
239997
240002
240004
240011
240013
240015
240017
240024
240028
240032
240033
240035
240040
240042
240044
240046
240047
240050
240054
240055
240066
240076
240077
240081
240082
240086
240088
240090
240093
240096
240101
240104
240106
240108
240109
240115
240117
502264
240126
240131
240135
240138
240140
240142
240143
502290
240148
240152
240154
240156
502300
240162
240167
240169
240171
240174
240175
240178
240179
240183
240188
240190
240191
240196
240199
240207
240212
240214
240218
502366
240228
240233
240235
502379
240242
240243
240247
240248
240260
240267
240271
502416
240275
240277
240279
240282
240294
240299
240301
240305
240308
240312
240317
240320
240328
240331
240338
240344
240350
240354
240357
240358
240360
240365
240369
240376
240385
240388
240401
240402
240407
240413
502557
240415
240420
502565
240426
240427
240430
240432
240435
240445
240451
240455
240456
240463
240466
240472
240478
240481
240484
240485
240488
240492
240499
240502
240503
240508
240511
240512
240514
240521
240523
240527
240532
240537
240538
240542
240544
240548
240555
240557
240558
240560
240566
240567
240572
240574
240578
240580
240585
240587
240596
240604
240607
240621
240626
240629
240633
240634
240637
240638
240643
240651
240655
240660
240666
240667
240673
240676
240682
240685
240689
240692
240696
764986
240701
240709
240717
240722
240724
240736
240742
765035
240748
240752
240756
240772
240774
240776
240778
240781
240791
240794
240796
240804
240805
240808
240809
240818
240819
240825
240828
240830
240832
765121
240839
240843
765131
765141
240863
765154
240868
240869
240871
240874
240879
240880
765171
240884
240888
240895
240896
240898
240899
240901
240907
240913
240922
240926
240930
240932
240935
240936
240942
240955
240960
240962
240967
765256
240969
240975
240983
240986
240994
240997
241002
241004
241008
241011
241019
241029
241032
241036
241038
241040
241043
241048
241055
241057
241063
241066
241069
241072
241075
241078
241082
241085
241090
241093
241096
241097
241102
241103
241105
241106
241108
241110
241113
241116
241118
241121
241123
241127
241137
241141
241145
241147
503293
241154
241155
503301
241159
241161
241162
241164
241166
241168
241169
241173
241176
241177
241181
241183
241185
241188
241195
241205
241209
241213
241214
241216
241219
241223
241229
241231
241237
241241
241244
241246
241252
241254
241259
241260
241266
241271
241277
241280
241282
241294
241297
241299
241300
241311
241313
241317
241321
241323
241328
241330
241333
241344
241347
241349
241353
241367
241369
241378
241381
241385
241388
765677
241393
241398
241401
241404
241410
241416
241418
241420
241432
241433
241435
241438
241443
241446
241450
241453
241455
241457
241458
241462
241467
241472
241477
241489
241491
241493
241498
241499
241505
241510
241512
241526
241530
241532
241539
241541
241547
241553
241557
241559
241562
241565
241566
241568
241571
241576
241578
241580
241583
241586
241591
241600
241601
241603
241605
241609
241613
241616
241620
241621
241626
241627
241630
241637
241643
241647
241651
241655
241667
241670
241672
241677
241680
241682
241683
241685
241688
241695
241698
241706
241710
241715
241720
241722
241730
241732
241735
241737
241742
241747
766035
241756
241760
241766
241767
241771
241780
241787
766078
241793
241795
241801
241810
241813
766103
241823
241832
241837
241842
241845
241849
241853
241865
241868
504018
241875
241877
241881
241884
241890
504038
241895
241898
241903
241905
504051
241909
241911
241916
241918
241920
241928
241933
241939
241941
241943
504088
241945
241946
241950
241952
504096
241956
241958
241959
241968
241973
241981
241983
241986
241989
241997
242002
242005
242009
242010
242015
242024
242026
242035
242039
242040
242043
242052
242056
242060
242080
504229
242089
242095
242098
242101
242103
242105
242110
242113
242114
242116
242121
504266
242126
242130
242137
242139
242142
242145
242150
242152
242153
242176
242178
242184
242189
242191
242193
242197
242199
504357
242220
242221
242225
242228
242231
242243
242248
242252
242254
242261
242264
242267
242271
242272
242277
242285
242287
242291
242294
242298
242301
242304
242306
242309
242315
242327
242328
242330
242332
242333
242337
242346
242350
242358
242360
242362
242367
242371
242377
242383
242389
242393
242395
242396
242398
242401
242404
242408
242411
242413
242414
242417
242422
242424
242429
242436
242438
242442
242450
242452
242458
242472
242474
242477
242478
242483
242486
242492
242494
242498
242504
242508
242511
242532
242536
242542
242551
242556
766853
242582
242586
242601
766889
242606
242608
242610
242611
242620
242625
766913
242630
242633
242640
242646
242651
242660
242664
242665
242669
242679
242681
242684
242687
242697
242700
242705
242712
767002
242722
767010
242729
242737
767027
242740
242742
242746
242750
242757
242759
242763
242770
242773
242775
242781
242783
242785
242788
242797
242799
242801
767103
242827
242829
767119
242833
242836
242843
504987
242853
242855
242859
767152
242865
242868
242876
242881
505027
242886
242888
242894
242902
242904
242910
242917
767207
242920
242925
242926
242928
242949
242956
242958
242963
242966
242971
242974
242986
242992
242995
243001
243002
243007
243013
243016
243018
243028
243034
243036
243048
243050
243054
243057
243061
243066
243069
243075
243083
243087
243089
243097
243106
243111
243117
243120
243121
243124
243127
243141
243143
243147
243150
243160
243165
243167
243169
243170
243180
243182
243183
243190
243192
243200
243202
243209
243214
243217
243225
243228
243240
243247
243251
243256
243258
243261
243263
243267
767557
243270
243287
243289
243291
243295
767583
243299
243302
243308
243310
243315
243320
243324
243327
243329
243331
243332
243334
243337
243339
243346
243350
243355
243363
243365
243372
243374
243379
243389
243392
243394
243396
243405
243412
243419
243421
243430
243441
243444
243446
243448
243453
243454
243457
243459
243460
243465
243476
243477
243483
243488
243489
243491
243499
243501
243506
243509
243528
243530
243538
243540
243543
243546
243549
243552
243557
243559
243562
243563
243569
243575
243580
243583
243584
243586
243588
243590
505736
243599
243602
243609
243614
767902
243616
243621
243631
767920
243633
243644
243646
243647
243649
243653
243660
243664
505812
243671
243673
243682
505828
243686
243690
243723
243726
243731
243733
243736
243737
243741
243742
505886
243751
243752
243758
243764
243766
243773
243778
243781
243784
243787
243792
505942
243805
505950
243809
243818
243820
243823
243828
243830
243835
243839
505983
243842
243844
243845
505991
243848
243854
243862
243867
243869
243870
243876
243880
243882
243888
243893
243894
243898
243906
243910
243912
243914
243919
243927
243932
243934
243937
243944
243946
243949
243952
243958
243960
243962
243966
243970
243973
243975
243977
243980
243983
244001
244005
244008
244015
244018
244021
244026
244028
244032
244036
244041
244045
244053
244057
244059
244063
244065
244066
244074
244084
244086
244089
244091
244095
244098
244099
244105
244108
244113
244117
244119
244122
244135
244136
244139
244141
244143
244146
244153
244160
244162
244164
244169
244176
244180
244189
244198
244200
244203
244207
244208
244210
244217
244221
244227
244238
244240
244243
244246
244260
244267
244268
244272
244276
244278
244279
244281
244286
244287
244290
244293
244304
244307
244309
244317
244321
244323
244327
244341
244346
244350
244353
244357
244359
244363
244368
244373
244375
244383
244392
244399
244401
244403
244404
768697
244416
768705
244418
244422
244428
244435
244436
244438
244443
244448
244453
244458
244460
244463
244473
244474
768768
244481
244484
244486
244489
244497
244498
244501
768794
244512
768802
244524
768820
244536
244539
244546
244549
244553
244563
244566
506719
244581
506727
244587
244589
768877
244591
244593
244597
244599
244600
768890
244609
244615
244620
244622
244627
244631
244632
244636
244637
244640
244642
768935
244650
244656
244667
244669
244672
244677
244679
244685
244692
244695
768983
244702
768993
244707
244709
244711
244714
244716
244719
244723
244725
244731
244735
244748
244761
244765
244768
244770
244771
244776
244795
244801
244812
244818
244821
244824
244826
244831
244833
244837
244844
244851
244861
244863
244869
244876
244880
244884
244892
244900
244905
244911
244918
244921
244926
244928
244930
244933
244938
244943
244955
244959
244972
244980
244983
244985
244989
244991
244995
245005
245007
245008
245013
245015
245017
245018
245022
245024
245026
245031
245037
245038
245042
245045
245054
245055
245058
245059
245070
245080
245082
245088
245093
245095
245098
245101
245109
245112
245118
245123
245131
769425
245140
245143
769443
245162
245166
245167
245169
245172
245174
245177
245182
245188
245190
245200
245208
245211
245215
507360
245223
507368
245226
245228
245230
245235
245237
245240
507384
245252
507397
245254
245256
245275
245291
507435
245292
245297
507443
245303
245306
245317
245321
245326
245328
245339
245343
245352
245358
245365
245368
245375
245376
245386
245390
245394
245399
245401
245404
245420
245422
245426
245433
245435
245440
507592
245449
245451
507600
245465
245473
769762
245476
245480
245483
507628
245486
245487
245498
245502
245504
245507
245513
245515
245516
245518
245522
245524
245527
245530
245533
245539
245544
245549
245561
245563
245572
245577
245581
245585
245591
245597
245601
245603
245605
245609
245612
245624
245628
245631
245635
245651
245654
245662
245668
245671
245673
245678
245682
245685
245699
245702
245713
245716
245720
245723
245725
245731
245733
245736
245742
245745
245747
245753
245763
245767
245772
245776
245786
245796
245802
245805
245806
245810
245813
245822
245827
245830
245835
245847
245850
245855
245858
245863
245870
245871
245874
245876
245879
245886
245889
245892
245898
245904
245906
245908
245918
245920
245923
245930
245932
245935
245937
245943
245945
245947
245953
245956
245961
245963
245965
245981
245983
245991
245999
246003
246006
246011
246013
246017
246021
246029
246033
246039
246040
246044
246047
246052
246055
246059
246071
246078
246089
246102
246103
246106
246109
246111
246122
246123
246125
246129
246134
246135
246137
246141
246149
246156
246164
246173
246174
246177
246179
246182
246185
508337
246197
246201
508345
246204
246207
246213
246215
246217
246218
246220
770512
246226
770520
246235
770528
246248
246253
246257
246262
246273
246278
770572
246289
246296
246300
246304
246305
246314
246317
246325
246332
246335
246338
246345
246353
246362
246369
246370
246373
246377
770666
770674
246394
246400
246401
246406
246407
246415
246422
246425
246427
770724
246439
246451
770743
246457
246459
246464
770758
246495
246509
246518
246520
246522
246532
246540
246548
246557
246567
246572
246578
246584
246589
246597
246599
246601
246605
246607
246608
246617
246623
246625
246626
246630
246633
246643
246652
246657
246662
246667
246674
246680
246687
246693
246697
246698
246704
246709
246715
246718
246719
246735
246738
246745
246749
246751
246759
246775
246791
246794
246806
246809
246815
246824
508975
246832
508983
246841
246846
508991
246853
246860
246864
246870
246871
509023
246889
246902
246910
246918
509074
771219
246934
771232
246945
246946
246951
246953
246955
246957
246959
246966
246969
771260
246979
246991
246996
247003
247004
247006
509155
247012
247014
509163
247023
247025
247034
247036
247040
247044
247051
509201
247067
247076
247077
247078
247088
247089
247097
247099
247103
247129
247136
247138
247140
247165
247167
247191
247205
247209
247213
247218
247219
247230
247233
247243
247246
247249
247252
247254
247260
247266
247268
247284
247288
247291
247298
247309
247315
247319
247322
247326
247328
247329
247333
247334
247343
247352
247360
247371
247375
247377
247386
247391
247405
247413
247424
247431
247440
247453
247455
247456
247460
247468
247478
247483
247491
247499
247506
247518
247524
247527
247530
247544
247551
247558
247569
247579
247583
247589
247592
247597
247601
247607
247617
247623
247633
247636
247642
247645
247650
247655
247657
247661
247670
247673
247674
247681
247688
247689
247691
247695
247697
247699
247702
247706
247709
247713
247739
247746
247747
247752
247767
247775
247793
509937
247800
247816
247836
247838
247855
247860
247864
247877
247880
247895
247898
247904
247905
247907
247913
247922
247925
247928
247937
247941
247946
247948
247953
247957
247963
247965
247966
247975
247979
247980
247982
247986
247990
247994
248002
248007
248011
248016
248017
248019
772310
248026
248038
248042
248053
772342
248056
248058
248068
248070
248074
248077
772371
248090
772392
248111
772400
248115
248119
248121
248124
248130
248133
248138
248144
248145
248158
248163
248167
248172
248175
248180
248183
248185
248194
248196
248200
248218
248219
248222
248228
248230
248234
248238
248240
248247
248248
248263
772557
248273
248275
248276
248285
248319
248321
248326
248337
248339
248350
248352
248353
248360
248364
772663
248381
510545
248402
248404
248406
248414
248417
510562
248422
248425
248427
248431
248434
248437
248440
248449
248463
248465
248470
248477
248486
248490
510637
248495
248498
248501
510645
248506
248510
248520
510671
248529
248533
248537
510694
248560
248564
248568
248573
248583
248585
248587
510732
248595
248597
248604
510751
248608
248611
248613
248623
248625
248627
248641
248654
248658
248662
248664
248677
248686
248688
248694
248695
248701
248703
248710
773000
248718
248725
773013
248727
248729
248731
248735
248744
248755
248763
248765
248768
248770
248772
248779
248782
248785
248800
248815
248819
248822
248826
248827
248833
248838
248844
248846
248848
248865
248868
248869
248871
248896
248899
248904
248908
248912
248928
248931
248933
248936
248938
248940
248944
248967
248968
248979
248981
248983
248989
248998
249010
249015
249023
249025
773313
249028
249038
249051
249070
249074
249077
249091
249102
249106
249115
249117
249124
249130
249136
249140
249155
249165
249171
249175
249181
249185
249191
249194
249202
249218
249220
249224
249228
249230
249235
249241
249246
249254
249256
249262
249268
249285
249292
249298
249304
511461
249334
249338
249344
249357
249367
249370
249377
249380
249382
249387
249396
249404
249410
249419
249422
249426
249435
249439
249445
249462
249465
249476
249479
249485
249488
249489
249497
249513
249518
249528
249531
249550
249554
249555
249564
249566
249573
249577
249591
249597
249599
249605
249611
249612
249618
249625
249627
249628
249630
249636
249653
249663
249665
249674
249676
511829
249687
249691
249693
249703
249705
249710
249719
249727
249730
774030
249746
249749
774038
249754
249759
249761
249763
774051
249789
774077
249805
249807
249811
249822
249827
249828
249831
774122
249836
249846
249855
249876
249908
249909
249913
512069
249928
249932
249936
249944
249946
249948
512093
249952
774244
249958
249966
249972
249977
249979
249985
249987
250000
250003
250014
250019
250034
250038
250050
250064
250066
250075
512223
250087
250093
250096
250100
250106
250109
250147
774435
250149
250162
250163
250168
250176
250179
250181
250188
250193
250200
250206
250210
250213
250214
250223
250245
250256
250263
250264
250268
250269
250272
250277
250284
250287
250290
250295
250298
250314
250321
250328
250346
250352
250361
250363
250372
250385
250390
250410
250413
250416
250419
250423
250430
250431
250441
250445
250449
250453
250455
250458
250468
250473
774772
250494
250497
250505
250507
250512
250515
250519
250529
250533
250536
250542
250547
250552
250554
250561
250568
250569
250572
250574
250578
250586
250597
250616
250625
250636
250641
250649
250659
250666
250668
250672
250677
250680
250688
250700
250705
250719
250721
250735
250738
250739
250741
250744
250747
250752
250762
250781
250792
250808
512954
250818
250820
250824
250838
250839
250853
250855
250864
250867
250873
250875
250885
250889
250894
250900
250917
250924
513071
250928
250938
250945
250947
250949
250963
250976
250978
250984
250992
250994
250997
250998
251001
251002
251004
251009
251012
251016
251019
251022
251024
251027
251029
251030
251033
251034
251036
251040
251044
251046
251047
251049
251051
251058
251061
251068
251072
251075
251078
251079
251082
251084
251086
251090
251093
251096
251097
251103
251106
251110
251114
251118
251121
251122
251126
251127
251130
251132
251137
251142
251147
251150
251154
251155
251160
251162
251164
251166
251168
251172
251174
251175
251177
251180
251184
251185
251187
251188
251190
251194
251197
251200
251201
251204
251208
251209
251212
251217
251219
251224
251226
251232
251234
251235
251238
251239
251245
251248
251251
251255
251256
251258
251260
251262
251265
251266
251269
251271
251272
251274
251275
251278
251282
251285
251291
251292
251295
251299
251300
251303
251305
251308
251311
251313
251318
251319
251321
251322
251325
251326
251328
251329
251332
251335
251338
251339
251342
251347
251351
251354
251355
251358
251359
251365
251366
251373
251376
251379
251382
251383
251387
251390
251394
251395
251400
251404
251405
251411
251413
251414
251417
251420
251421
251426
251433
251434
513580
251437
251440
251443
251445
251447
251451
251454
251455
251457
513601
775745
251458
251461
251464
513609
251470
251471
251474
251475
251477
775766
251480
513625
251483
251484
251487
251490
251491
251494
251501
251503
251504
251506
251512
251515
251518
251521
251524
251525
251530
251533
251536
251538
251539
251541
251544
775832
513692
251550
251553
251557
251560
251563
251564
251566
251567
251569
251570
251574
251577
251580
251583
251585
251588
251589
251591
251592
251595
251602
251605
251606
251608
251609
251612
251613
251616
251617
251619
251620
251628
251630
251631
251636
251645
251648
251649
251652
251653
251655
251657
251660
251662
775952
251669
251670
251672
251675
251683
251687
251690
251692
251694
251696
251698
251700
251701
251704
251707
251710
251714
251716
776005
251718
251722
776013
251726
251728
251732
251734
251735
776023
251737
251738
251740
251743
251746
251750
251751
251753
251756
251759
251760
251762
251765
251770
251771
251776
251777
251780
251781
251784
251787
251791
251795
251799
251802
251805
251806
251808
251810
251812
251813
251815
251816
251819
251820
251823
251827
251830
251832
251835
251836
251838
251841
251844
251845
251848
251850
251855
251856
251857
251860
251863
251864
251869
776158
251873
251874
251878
251880
251881
251882
251884
251886
251892
251894
251899
251901
251907
251908
251910
251914
251915
251919
251920
251925
251927
251929
251933
251934
251937
251938
251940
251941
251943
251945
251947
251951
251953
251956
251957
251962
251966
251970
251971
251977
251983
251984
251987
251991
251994
251997
252001
252002
252004
252005
252008
252012
252015
252018
252019
252022
252026
252030
252033
252035
252038
252039
252041
252042
252044
252045
252049
252054
252057
252060
252065
252068
252071
252072
252074
252079
252081
252082
252085
252086
252090
252092
252096
252097
252102
252106
252108
252111
252113
252117
252120
252122
252123
252127
252131
252134
252137
252140
252144
252146
252148
252150
252153
252156
252160
252162
252165
252170
252176
252178
252182
252185
252186
252188
252195
252198
252202
252203
252205
252206
252208
252211
776500
252217
252219
252223
252225
252226
252228
252233
252238
252240
252241
252244
252247
252251
252255
252257
252260
252264
252270
252272
252279
514425
252282
252284
252285
252292
252293
252295
252296
252299
252302
252303
252306
252307
252309
252310
252315
252316
252318
252319
252322
252326
252329
252331
252333
252334
252336
252340
252343
252345
252348
252350
252351
252354
252355
252359
252360
252362
252363
252366
252369
252372
252373
252376
252379
252380
252383
252386
252387
252389
252392
252395
252401
252405
252408
252411
252414
252417
252421
252422
252424
252426
252427
252430
252432
252433
252438
252445
252448
252449
252451
252454
252455
252457
252458
252460
252461
252463
252464
252469
252471
252474
252479
252481
252483
252486
252487
252491
252492
252493
252495
252496
252499
252500
252503
252510
252512
252513
252515
252519
252525
252526
252529
252530
252533
252538
252541
252543
252545
252548
252550
252551
252553
252555
252557
252558
252560
252564
252566
252569
252573
252578
252579
252580
252582
252585
252587
252589
252593
252598
252600
252602
252603
252606
252608
252614
252615
252618
252621
252623
252626
252627
252629
252633
252635
252636
252639
252642
252644
252649
252653
252656
252658
252660
252662
252663
252668
252671
252674
252677
252680
252684
252690
252695
252698
252701
252704
252708
252716
252719
252720
252723
252726
252729
252732
252733
252734
252736
252737
252739
252740
252742
252743
252747
252751
252754
252756
252759
252760
252762
252766
252769
252775
252776
252779
252780
252783
252786
252790
252792
252794
252796
252800
252805
252808
252812
252813
252816
252817
252819
252824
252825
252829
252832
252835
252836
252843
252845
252848
252851
252853
252855
252860
252861
252864
252866
515010
252868
252870
252872
252875
252879
252881
252882
252884
252887
252891
252894
252901
252904
252905
252908
252910
252913
252914
515060
252918
252919
252921
252922
252926
252927
252929
252930
252932
252933
252936
252937
252938
252940
252941
252943
252944
252947
252951
252953
252954
252956
252957
252959
252961
252962
252964
515110
252967
252968
252971
252972
252979
252983
252987
252991
252993
252996
252998
252999
253001
253002
253005
253006
253011
253014
253017
253021
253024
253026
253029
253034
253038
253042
253045
253048
253052
253053
253056
253059
253063
253065
253067
253068
253072
253076
253082
253083
253086
253088
253090
253092
253095
253096
253099
777387
253102
253103
253105
253108
253111
253114
253115
253118
253120
253122
253125
253126
253132
253133
253135
253138
253139
253145
253148
253149
253152
253156
253161
253163
253165
253170
253173
253175
253176
253182
253187
253188
777477
253190
253193
253196
253200
253203
253204
777493
253210
253211
253213
253214
253218
253220
253221
253224
253226
253230
253233
253234
253237
253238
253241
253244
253245
253248
253249
253251
253254
253255
253257
253258
253260
253261
253263
253264
253267
253270
253275
253278
253282
253283
253294
253297
253298
253301
253303
253304
253306
253309
253312
253317
253318
253321
253324
253327
253328
253330
253333
253334
253336
777625
253339
253342
253344
253345
777633
253350
253352
253353
253357
253359
253362
253364
253368
253370
253374
253377
253381
253384
253386
253390
253391
253394
253396
253397
253400
253403
253406
777696
253410
253411
253413
253416
253423
253426
253430
253433
253436
253438
253442
253443
253446
253449
253451
253452
253455
253456
253459
253462
253464
253465
253468
253475
253478
253479
253483
253485
253486
253487
253489
253493
253496
253500
253502
253504
253509
253510
253512
253513
253516
253519
253522
253523
253532
253533
253538
253541
253542
253546
253549
253551
253558
253560
253568
253569
253574
253575
253577
253580
253583
253585
253591
253592
253599
253601
253604
253610
253611
253613
253617
253622
253623
253624
253626
253630
253633
253635
253636
253642
253645
253650
253652
253653
253658
253660
253662
253666
253669
253670
253672
253675
253676
253679
253680
253683
253685
253687
253688
253690
253691
253693
253696
253697
253700
253702
253703
253707
253710
515856
253714
253719
253722
253726
253729
253731
253734
253737
253738
253740
253741
253743
253746
253747
253750
253754
253759
253766
253768
253769
253773
253775
253779
253780
253783
253784
253789
253793
253794
253795
253797
253800
253803
253805
253807
253808
253812
253813
253817
253818
253823
253827
253828
253831
253833
253836
253841
253842
253844
253847
253849
253850
253852
253855
253857
253861
253862
253868
253869
253872
253873
778161
253876
253877
253879
253882
253886
253887
253893
253894
253896
253899
253902
253904
253906
253909
253910
253912
253913
253917
253919
253920
253923
253926
253930
253932
253935
253937
253939
253940
253942
253944
253947
253950
253953
253954
253957
253958
253960
253961
253964
253966
253968
253969
253971
253973
253976
253979
253985
253988
253991
253992
253995
253996
253999
254000
254003
254004
254006
254009
254012
254013
254016
254020
254023
254024
254028
254029
254032
254034
254037
254038
254041
254042
254045
254046
254051
254053
254054
254057
254059
254060
254063
254064
254066
254068
254070
254073
254075
254076
254078
254079
254083
254086
254087
254090
254092
254097
254099
254100
254103
254106
254110
254114
254117
254121
254125
254128
254131
254134
254137
254138
254140
254141
254143
254144
254147
254149
254152
254153
254156
254160
254162
254163
254165
254167
254169
254172
254173
254176
254177
254179
254181
254183
254186
254189
254192
254195
254196
254199
254202
254205
254208
254211
254214
254218
254221
254222
254224
254225
254227
254228
254231
254235
254236
254238
254242
254245
254249
254251
254253
254255
254259
254262
254265
254268
254269
254272
254279
254280
254282
516427
254285
254286
254290
254294
254296
254299
254300
254304
516448
254308
254313
254318
254321
254322
254325
254327
254331
254332
254337
254340
254342
254343
254344
254346
254350
254352
254354
254358
254360
254361
254363
254366
254373
254377
254382
254386
254388
254389
254391
254392
254395
254398
254401
254403
254405
254410
254412
254413
254416
254420
254422
254426
254428
254430
254436
254439
254443
254446
254447
254451
254456
254459
254462
254464
254467
254469
254472
254476
254482
254486
254489
254492
254497
254500
254502
254505
254507
254511
254513
254518
254520
254527
254530
254531
254533
254536
254538
254539
254544
254546
254548
254551
254554
254558
254560
254564
254565
254567
254570
254574
254576
254578
254579
254581
254584
254587
254590
254593
254597
254600
254601
254604
254607
254611
254614
254615
254618
254624
254627
254628
254630
254634
254637
254641
254645
254649
254651
254654
254655
254659
254662
254664
254669
254670
254672
254674
254679
254681
254684
254685
254693
254697
254698
254702
254710
254712
254717
254721
779009
254724
254728
254734
779022
254735
254739
254741
254743
254744
254747
254749
254751
254754
254758
254762
254767
254770
254773
254776
254777
254779
254782
254783
254785
254786
254788
254791
254793
254796
254798
254801
254804
254807
254811
254814
254817
254822
254824
254826
254827
254829
254830
254832
254836
254837
254847
779139
254852
254854
254855
254859
254863
254868
254872
254873
254876
254880
254881
254883
254884
254888
779183
254897
254898
254902
254904
254905
254910
254912
254914
254917
254918
779208
254922
254924
254926
254929
254930
254932
254934
254937
254940
254941
254944
254946
254948
254951
254955
254958
254959
254963
779251
254964
254966
254971
254976
254978
254981
254984
254987
254988
254991
254992
254995
254999
255005
255006
255008
255012
255014
255017
255024
255026
255027
255030
255032
255036
255038
255039
255042
255045
255049
255051
255053
255055
255059
255062
255063
255065
255067
255069
255070
255072
255075
255077
255078
255080
255083
255084
255087
255100
255102
517247
255106
255113
255115
255117
255119
255122
255124
255126
255131
255135
255136
255138
255140
255142
255145
255146
255148
255150
255151
255154
255157
255165
255167
255172
255175
255176
255179
255180
255183
255187
255188
255190
255193
255196
255199
255200
517345
255203
255206
255210
255213
255218
255220
255223
255225
255229
255232
255235
255238
255241
255244
255247
255248
255254
255258
255259
255261
255265
255269
255276
255278
255280
255283
255288
255295
255297
255298
255300
255301
255304
255305
255309
255311
255314
255315
255317
255318
255322
255324
255325
255326
255328
255329
255331
255332
255334
255337
255340
255343
255344
255347
255354
255359
255360
255362
255365
255369
255372
255373
255375
255378
255379
255380
255382
255385
255386
255388
255391
255392
255396
255399
255401
255402
255403
255407
255411
255414
255417
255418
255422
255423
255425
255426
255428
255430
255432
255435
255438
255441
255442
255444
255446
255448
255450
255456
255459
255462
255463
255466
255468
255471
255472
779761
255475
255477
255481
255482
255485
255489
255493
255499
255500
255502
255503
255506
255509
255512
255515
255516
255521
255523
255525
255528
255531
255532
255535
255538
255543
255546
255547
255550
255551
255556
255559
255563
255566
255571
255574
255578
255579
255582
255583
255586
255589
255592
255593
255595
255599
255602
255606
255609
255611
255614
255617
255619
255621
255624
255627
255628
255631
255633
255634
255637
255640
255642
255644
255647
255649
255652
255656
255657
255662
255663
255666
255670
255672
255679
255686
255687
517832
255689
255692
255694
255696
255697
255702
255704
255706
255707
255708
255711
255715
255718
255720
255723
255725
255730
255733
255735
255738
255743
255750
255753
255754
255757
255761
255765
255769
255772
255775
255777
255779
255783
255786
255789
255793
255796
255798
255799
255801
255802
255804
255805
255806
255810
255812
255814
255816
255826
255831
255833
255834
255837
255839
255845
255849
255850
255852
255855
255856
255858
255864
255865
255868
255876
255877
255881
255882
255884
255895
255897
518041
255899
255902
255905
255906
255908
255910
255913
255918
255922
255924
255929
255933
255937
255940
255941
255943
255946
255949
255952
255953
255955
255958
255959
255962
255964
255966
255970
255972
255975
255985
255988
255991
255996
255999
256001
256003
256007
256010
256013
256014
256017
256019
256021
256024
256027
256029
256031
256038
256040
256041
256044
256048
256050
256051
256055
256056
256059
256062
256066
256068
256071
256074
256078
256081
256084
256085
256088
256090
256092
256100
256101
256104
256106
256108
256109
256112
256115
256116
256119
256122
256125
256127
256130
256133
256141
256142
256146
256148
256151
256157
256159
256161
256162
256165
256166
256168
256171
256174
256175
256179
256180
256184
256188
256190
256192
256193
256198
256199
256201
256204
256207
256209
256211
256214
256215
256217
256218
256221
256227
256229
256232
256234
256235
256238
256240
256242
256244
256247
256249
256250
256256
256260
256268
256273
256274
256282
256284
256287
256289
256293
256296
256299
256304
256305
256308
780601
256314
256316
256321
780609
256324
256326
256328
256330
256336
256338
256340
256341
256343
256346
256349
780637
256350
256356
256357
256359
256362
256365
518511
256370
256372
518519
256376
256379
256380
256383
518530
256389
780683
256396
256400
256402
256405
256406
256408
256410
256412
256413
256418
256420
256423
256427
256429
256431
256435
256436
256439
256441
256443
256446
256451
256454
256456
256458
256459
256461
256465
256468
256471
256473
256477
256478
256480
256483
256485
256486
780774
256488
256491
256493
256495
256498
256501
256502
256504
256507
256508
518652
256514
518659
256517
256518
256521
256523
256525
256528
256529
256532
256533
256535
256540
256545
256549
256555
256556
256559
256562
256566
256569
256570
256576
256578
256582
256584
256585
256592
256594
256597
256599
256603
256604
256607
256613
256615
256618
256619
256621
256624
256628
256629
256632
256637
256641
256645
256650
256651
256654
256657
256661
256665
256666
256669
256673
256675
256681
256684
256687
256688
256691
256695
256697
256701
256704
256705
256707
256708
256712
256713
256715
256716
256719
256723
256725
256730
256733
518877
256740
256742
256746
256747
256750
256755
256759
256760
256765
256768
256771
256775
256776
256779
256781
256785
256788
256790
256792
256794
256796
256799
256802
256806
256809
256813
256815
256819
256822
256824
256827
256829
256832
256835
256838
256841
256842
256843
256845
256847
256853
256859
256864
256865
256868
256869
256871
256872
256878
256880
256883
256885
256896
256897
256900
256902
256906
256909
256911
256912
256918
256919
256924
256925
519071
256928
256929
256931
256934
256938
256942
256943
256945
519091
256950
256952
256953
256957
256958
256961
256962
256965
256967
256969
256971
256973
256979
256983
256985
256990
256996
256998
256999
257001
257006
257008
257010
519154
257012
257015
257018
257019
257021
257023
257024
781314
257031
257034
257036
257040
257041
257044
257046
257050
257054
257059
257062
257066
257068
257069
257071
257073
257075
257078
257079
257082
257087
257090
257091
257093
257095
257100
257102
257107
257108
257110
257113
257115
257117
257120
257123
519269
257127
257130
257134
257141
257144
257147
257152
257154
257157
257162
257164
257167
257169
257174
257177
257179
257181
257184
257190
257194
257198
257201
257202
257204
257205
257209
257214
257219
257221
257224
257225
257230
257236
257239
257244
257246
257248
257251
257253
257256
257257
257260
257264
257268
257277
257282
257286
257288
257290
257293
257296
257297
257300
257306
257307
257309
257313
257316
257318
257324
257325
257328
257330
257332
257335
257338
257339
257340
257343
257346
257347
257350
257353
257360
257362
257365
257368
257372
257378
257382
257384
257387
257390
257393
257394
257396
257401
257404
257407
257408
257414
257415
257417
257427
257428
257429
257431
257432
257435
257442
257443
257447
257448
257451
257454
257459
257462
257463
257467
257473
257475
257478
257479
257482
257487
257493
257498
257502
257504
257508
257510
257513
257518
257521
257523
257525
519672
257530
257536
519680
257540
257543
257548
257549
519696
257554
257555
257558
257559
257562
257568
257571
257572
257575
257578
257580
257586
257588
257591
257594
257598
257601
257602
257605
257607
257611
257612
257617
257619
257620
257626
257630
257632
257635
257638
257641
257642
257645
257650
257653
257655
257659
257662
257666
257668
257670
257677
257680
257686
257688
257694
257700
257703
257707
257708
257711
257715
257718
257719
257723
257728
257730
257733
257737
257742
257746
257752
257756
257761
257763
257766
257771
257772
257774
257779
257783
257784
257786
257789
257792
257794
257797
257801
257803
257806
257808
257810
257811
257817
257819
257822
782110
257825
257831
257835
257837
257843
257844
257847
782139
257853
257854
257857
782147
257860
257861
257863
257864
257867
257869
257875
257879
257882
257887
782176
257890
257894
257896
257902
257908
257909
257914
257916
257919
257924
257926
257930
257934
257935
257937
257940
257941
257943
257944
257951
257953
257955
257957
257962
257965
257971
257974
257975
257977
257983
257987
257989
257992
257993
258003
258005
258013
258014
258017
258020
258021
258023
258025
258033
258035
258038
258039
258041
258047
258050
258055
258056
258061
258067
258068
258070
258071
258073
258074
258077
258083
258086
258089
258090
258092
258096
258098
258101
258105
258110
258113
258116
258123
258125
258127
258129
258133
258134
258137
258140
258141
258143
258146
258148
258152
258154
258159
258160
258163
258167
258169
258170
258173
258177
258179
258180
258182
258185
258187
258190
258193
258197
258199
258200
258204
258205
258211
258212
258214
258218
258220
258221
258224
258227
258231
258232
258234
258237
258240
258241
258243
258251
258253
258256
258260
258262
258264
258266
258269
258272
258275
258276
258278
258279
258281
258283
258286
258287
258290
258292
258294
258295
258297
258301
258303
258312
258318
258320
258324
258327
258329
258330
258332
258334
258337
258338
258340
258345
258348
258349
258352
258355
258356
258360
258362
258366
258367
258369
258370
258372
258375
258377
258380
258383
258389
258390
258393
258395
258398
258405
258407
258412
258413
258415
258418
258422
258423
258425
258428
258434
258437
258439
258442
258449
258450
258452
258455
258459
258464
258465
258468
258471
258472
258474
258477
258479
258482
258485
258490
258493
258496
258499
258502
258505
258509
258513
258515
258519
258520
258522
258525
258527
258529
782818
258533
258537
258541
258542
258544
258546
258547
258554
258557
258558
258564
258565
258567
258569
258571
258573
258574
258576
258578
258580
258585
258590
258591
258593
258594
258596
258599
258602
258603
258605
258610
258613
258615
258617
258618
258627
258635
258639
258643
258647
258650
258657
258658
258661
258662
258664
258665
258671
258672
258676
258679
258681
258682
258684
258687
258690
258691
258693
258694
258696
258700
258701
258704
258710
258711
258713
258716
258719
258722
258728
258730
258732
258736
258739
258741
258743
258744
258747
258750
258753
258754
258757
258760
258763
258766
258767
258774
258775
258777
258778
258782
258784
258786
258787
258790
258793
258794
258797
258801
258807
258808
258814
258815
258817
258821
258822
258825
258828
258829
258831
258832
258835
258838
258841
258842
258844
258847
258850
258853
258855
258858
258862
258864
258866
258867
258870
258872
258876
258879
258880
258882
258883
258887
258891
258895
258896
258899
258901
258905
258906
258908
258909
258912
258916
258921
258923
258929
258930
258933
258936
258937
258941
258942
258944
258949
258952
258954
258961
258962
258964
258965
258968
258974
258975
258977
258979
258983
258986
258987
258990
258995
258998
259000
259001
259003
259005
259006
259009
259012
259015
259019
259022
259023
259024
259027
259028
259039
259041
521185
259043
259044
259049
259050
259053
259059
259065
259066
259070
259073
259076
259084
259086
259092
259094
259095
259099
259101
259103
259105
259108
259110
259115
259117
259118
259119
521263
259123
259126
521271
259129
259132
259136
259138
259139
259141
259143
259147
259150
259151
259155
259157
259158
259160
259163
259166
259170
259172
259174
259177
521321
259185
259187
259190
259193
259196
259199
259202
259205
259209
259218
521365
259222
259227
259229
521373
259230
259233
259235
259238
259243
259245
521390
259248
259251
259253
259256
521400
259260
259262
259263
259265
521410
259270
259274
521420
259280
259282
259286
259287
259290
259294
259295
259299
259305
259309
259310
259312
259315
259317
259318
259323
259326
259328
259329
259332
259335
259339
259341
259347
259351
259356
259357
259361
259367
783655
259373
783668
259381
259386
259387
259390
259393
259394
259396
259398
259401
259404
259407
259410
259413
259416
259418
259420
783709
259422
783717
259433
259436
259439
259441
259444
783733
259447
259449
259450
259452
259453
259455
259462
259464
259466
259472
259473
259476
259481
259482
259484
259487
259491
259493
259500
259508
259509
259517
259521
259527
259529
259530
259535
259536
259541
259548
259553
259556
259558
259562
259563
259566
259568
259571
259577
259578
259580
259581
259583
259584
259587
259589
259602
259604
259605
259610
259616
259620
259621
259626
259628
259629
259633
259636
259641
259645
259649
259651
259654
259655
259658
259661
259664
521808
259666
259667
259670
259671
259674
259675
259677
521821
259678
259685
259690
259693
259697
259698
259702
259705
259708
259710
259712
259713
259718
259722
259725
259730
259731
259734
259736
259738
259741
259743
259746
259752
259753
259756
259758
259760
259761
259763
259764
259767
259771
259772
259778
259780
259782
259785
259788
259794
259798
259801
259804
259806
259811
259812
259815
259820
259821
259826
259829
259832
259837
259839
259841
259845
259852
259855
259859
259860
259863
259868
259875
259882
259883
259885
259891
259896
259897
259900
259903
259908
259909
259911
259912
259914
259918
259921
259924
259925
259930
259932
259933
259934
259937
259940
259945
259948
259950
259953
259954
259962
259964
259966
259967
259969
259970
259974
259978
259981
259984
259987
259988
259991
259998
784287
260001
260014
260016
260022
260024
260028
260029
260031
260035
260039
260041
260042
260047
260048
260050
260052
260055
260058
260061
260063
260067
522211
260069
260070
260077
260080
260082
260086
260087
260090
260093
260094
260099
260100
260104
260106
260107
260110
260111
260113
260115
260116
260119
260121
260124
260127
260133
260137
260139
260141
260146
260148
260149
260151
260153
260154
260157
260160
260161
260168
260169
260171
260174
260175
260180
260183
260187
260189
260191
260192
260194
260200
260203
260205
260208
260212
260213
260215
260217
260219
260222
260227
260229
260232
260236
260245
260249
260251
260254
260257
260258
260260
260263
260265
260267
260269
260270
260273
260275
260276
260279
260281
260283
260287
260289
260290
260293
260295
260299
260301
260302
260304
260308
260310
260314
260317
260320
260326
260331
260332
260337
260342
260344
260346
260348
260350
260354
260357
260361
260363
260364
260366
260368
260372
260374
260377
260380
260382
260385
260387
260390
260394
260396
260397
260402
260407
260411
260413
260416
260420
260422
260426
260428
260436
260440
260444
260446
260449
260453
260459
260462
260467
260468
260470
260473
260479
260481
260482
260484
260487
260491
260494
260498
260503
260509
260510
260518
260520
260523
260524
260526
260531
260533
260534
260536
260538
260541
260548
260549
260552
260557
260566
260568
260571
260572
260575
260578
260581
260585
260588
260590
260594
260598
260600
260601
260604
260608
260611
260614
260616
260617
260619
260624
260626
260630
260634
260635
260637
260642
260646
260651
260655
260657
260659
260661
260664
260671
260675
260679
260682
260685
260687
260689
260691
260695
260698
260700
260703
260708
260711
260712
260716
260719
260722
260728
260731
260735
260736
260741
260742
260745
260747
260749
260753
260754
260760
785050
260764
260767
260769
785058
260771
260772
260776
260779
260783
260785
260786
260789
260792
260795
260796
260800
260803
260806
260811
260814
260817
260818
260820
260821
260823
260826
260829
260832
260835
260836
260839
260843
260846
260849
260853
260854
260857
260861
260863
260865
260871
260872
260874
260875
260880
260881
260884
260886
260888
785176
260891
260893
260894
260897
523042
260902
260911
260912
260915
260918
260921
260930
260933
260935
260937
260938
260940
260943
260945
523091
260948
260953
260958
260963
260966
260968
260978
260981
260990
260991
260993
260999
261001
261005
261008
261010
261018
261023
261026
261028
261032
261033
523177
261041
523187
261045
261048
261053
523197
261056
261059
261062
261065
523210
261069
261072
261073
261076
261079
261082
523227
261085
261088
261090
261092
261095
261096
261099
261102
261105
261108
261112
261114
261117
261120
261124
261127
261129
261132
261135
261138
261141
261145
261147
261149
261153
261158
261160
261163
261165
261168
523312
261171
261172
261175
261178
261179
261182
261183
261187
261189
261190
261192
261198
261200
261205
261208
261210
261214
261217
261220
261221
261224
261227
261229
261230
261233
261238
261243
261246
261247
261250
261251
261255
261259
261263
261266
261270
261272
261273
261276
261278
261280
261282
261287
261295
261296
261298
261299
261302
261305
261308
261316
261317
261319
261320
261322
261327
261328
261330
261334
261336
261338
261340
261343
261347
261350
261353
261355
261357
261358
261366
261367
261375
261377
261380
261384
261392
261401
261408
261413
261418
261421
261422
261426
261427
261429
261432
785722
261435
261436
261441
261443
261449
261453
261456
261458
261459
261464
261468
261471
261472
261474
261476
261478
261481
261483
261486
261489
261492
261493
261495
261496
261498
261501
261507
261508
261511
261514
261517
261518
261520
261521
261525
261527
261530
261531
261533
261539
261541
261544
261547
261550
261551
261558
261561
261566
261567
261570
261572
261574
261576
261581
261587
261588
523733
261590
261591
261593
261598
261603
261612
261615
261617
261622
261625
261629
261632
261634
261637
261638
261643
261644
261646
261652
261660
261663
261666
261671
261675
261679
261682
261687
261690
261692
261693
261696
261697
261699
261701
261704
261707
261708
261711
261712
261715
261716
261720
261723
261724
261726
261731
261734
261735
261738
261739
261741
261744
261746
261748
261751
261754
261763
261768
261771
261774
261775
261778
261781
261784
261785
261787
261789
261790
261792
261795
261796
261798
261803
261804
261806
261810
261813
261816
261819
261824
261829
261832
261833
261836
261843
261846
261849
261852
261853
261855
261857
261859
261860
261862
261864
261866
261869
261871
261873
261874
261876
261877
261881
261884
261885
261888
261894
261897
261899
261902
261904
261905
261908
261909
261911
261912
261913
261915
261916
261918
261922
261924
261925
261930
261933
261935
261943
261947
524091
261950
261952
261953
261955
261959
261960
261962
261963
261966
261970
261973
261976
261979
261982
261984
261988
524134
261991
261995
261997
262000
262002
262005
262011
262013
524159
262020
262026
262029
262037
262038
262040
262042
262046
262047
262049
262051
262053
262058
262062
262063
262065
262069
262071
262072
262075
262078
262081
262083
262086
262088
262090
262096
262099
262102
262103
262106
262111
262114
262115
262117
262123
262126
262130
262131
262135
262138
262140
)


// ************************************************************************* //
