/*--------------------------------*- C++ -*----------------------------------*\
| =========                 |                                                 |
| \\      /  F ield         | OpenFOAM: The Open Source CFD Toolbox           |
|  \\    /   O peration     | Version:  2406                                  |
|   \\  /    A nd           | Website:  www.openfoam.com                      |
|    \\/     M anipulation  |                                                 |
\*---------------------------------------------------------------------------*/
FoamFile
{
    version     2.0;
    format      ascii;
    arch        "LSB;label=32;scalar=64";
    class       cellSet;
    location    "constant/polyMesh/sets";
    object      illegalCells;
}
// * * * * * * * * * * * * * * * * * * * * * * * * * * * * * * * * * * * * * //


136486
(
786432
786433
786434
786435
786436
786437
786438
786439
786440
786441
786442
786443
786444
786445
786446
786447
786448
786449
786450
786451
786452
786453
786454
786455
786456
786457
786458
786459
786460
786461
786462
786463
786464
786465
786466
786467
786468
786469
786470
786471
786472
786473
786474
786475
786476
786477
786478
786479
786480
786481
786482
786483
786484
786485
786486
786487
786488
786489
786490
786491
786492
786493
786495
786496
786497
786498
786499
786500
786501
786502
786503
786504
786507
786508
786509
786510
786511
786512
786513
786514
786515
786516
786517
786518
786519
786520
786521
786522
786523
786524
786525
786526
786527
786528
786529
786530
786531
786532
786534
786535
786536
786537
786538
786539
786540
786542
786543
786544
786545
786546
786549
786550
786551
786552
786553
786554
786555
786556
786557
786558
786559
786560
786561
786562
786563
786564
786565
786566
786567
786568
786569
786570
786571
786572
786573
786575
786576
786577
786578
786580
786581
786582
786583
786584
786585
786586
786587
786589
786590
786591
786592
786593
786594
786595
786596
786597
786598
786599
786600
786602
786603
786604
786605
786607
786608
786609
786610
786611
786612
786613
786614
786615
786616
786617
786618
786619
786626
786627
786631
786637
786639
786641
786642
786643
786644
786645
786647
786652
786654
786657
262369
786660
786662
786663
786666
786667
786668
786669
786679
786687
786688
786693
786696
262411
786704
262417
786712
786716
786728
786731
786732
786734
786737
786738
786739
786744
786745
786748
786759
786760
786762
786778
786779
786781
786792
786793
786799
786803
786808
786811
786812
262526
786817
786824
786831
786834
786843
786849
786855
786866
786871
786875
786877
786881
786883
786893
786901
786902
262615
786904
786908
786910
786911
786912
786920
786923
786933
786935
786936
786939
786942
786944
786945
786955
786956
786957
786958
786959
786960
786961
786962
786963
786964
786965
786966
786967
786968
786969
786970
786971
786972
786973
786974
786975
786976
786977
786978
786979
786980
786981
786983
786984
786985
786986
786987
786988
786989
786990
786991
786992
786993
786994
262706
786995
786996
786997
786998
786999
787000
787001
787002
787003
787005
787006
787007
787008
787009
787010
787011
787012
787013
787021
787022
262734
787023
787024
787025
787026
787027
787028
787029
787030
787031
787032
787033
787034
787035
787036
787037
787038
787039
787040
787041
787042
787043
787044
787045
787046
787047
787048
787049
787050
787051
787052
787053
787054
787055
787056
787057
787058
787059
787060
787061
787062
787063
787064
787065
787066
787067
787068
787069
787070
787071
787072
787073
787074
787075
787076
787077
787081
787082
787083
787084
787085
787086
787087
787088
787089
787090
787091
787092
787093
787095
787096
787097
787098
787099
787100
787101
787104
787105
787106
787107
787108
787109
787110
787111
787113
787114
787115
787116
787117
787118
787119
787120
787121
787123
787124
787125
787127
787129
787132
787134
787136
787137
787138
787139
787140
787141
787142
787144
787146
787148
787150
787151
787152
787153
787154
787155
787156
787157
787158
787159
787160
787161
787162
787163
787164
787165
787166
787167
787169
787170
787171
787172
787173
787174
787175
262887
787176
787177
787178
787179
787180
787181
787182
787183
787184
787185
787186
787189
787191
787192
787195
787197
787198
787200
787202
787204
787205
787207
787208
787210
787211
787212
787213
787215
787216
787217
787218
787219
787220
787222
787224
787226
787228
787230
787232
787233
787235
787237
787239
787241
787243
787244
787245
787246
787247
787248
787249
787250
787251
787252
787253
787254
787255
787256
787257
787258
787260
787262
787263
787264
787265
787266
787267
787268
787269
787270
787271
787272
787273
787274
262986
787277
787279
787282
262995
787284
787285
787286
787287
787288
787289
787290
787291
787292
787293
787294
787295
787296
787297
787298
787299
787300
787301
787302
787303
787305
787308
787309
787310
787313
787315
787316
787317
787319
787320
787322
787324
787325
787326
787327
787328
787329
787330
787331
787332
787333
787334
787335
787336
787337
787339
787340
787341
787342
787343
787344
787345
787346
787347
787348
787349
787350
787351
787352
787354
787357
787359
787360
787361
787362
263075
787364
787365
787367
787368
787369
787370
787371
787372
787373
787374
787375
787376
787377
787380
787382
787383
787384
787385
787386
787388
787390
787392
787393
787394
787395
787396
787397
787398
787399
787400
787402
787403
787404
787406
787407
787409
787412
787413
787414
787415
787416
787417
787418
787421
787423
787424
787425
787426
787428
787430
787431
787432
787433
787434
787435
787436
787437
787438
787439
787440
263152
787441
787442
787443
787444
787445
787446
787447
787448
787450
787451
787452
787453
787454
787455
787456
787457
787458
787459
787460
787461
787462
787463
263176
787466
787467
787468
787469
787470
787471
787473
263185
787474
787476
787477
787478
787479
787480
787481
787482
787484
787485
787486
787487
787489
787490
787491
787492
787493
787494
787495
787496
787497
787498
787499
787500
787501
787502
787503
787504
787505
787506
787507
787508
787509
787510
787511
787512
787513
787514
787515
787516
787517
787518
787519
787520
787521
787522
787523
787524
787525
787527
787528
787530
787531
787532
787533
787534
787535
787536
787537
787538
787539
787540
787541
787542
787543
787544
787545
787546
787547
787548
787549
787550
787551
787552
787553
787554
787555
787556
787557
787558
787559
787560
787561
787562
787563
787564
787565
787566
787567
787568
787569
787570
263285
787574
787575
787576
787578
787579
787580
787581
787582
787583
787584
787585
787586
787588
263300
787589
787590
787591
787592
787593
787594
787595
787596
787597
787598
787599
787600
787601
787602
787603
787604
787605
787606
787607
787608
787609
787610
787611
787612
787613
787614
787615
787616
787617
787618
787619
787620
787621
787622
787623
787624
787628
787629
787630
787631
787632
787633
787634
263346
787635
787636
787637
787639
787640
787641
787642
787643
787644
787645
787646
787647
787648
787650
787651
787652
787653
787654
787655
787656
787657
787658
787659
787660
787661
787662
787663
787664
787665
787666
787667
787668
787669
787670
787671
787672
787673
787674
787675
787676
787677
787678
787679
787680
787681
787682
787683
787684
787685
787686
787687
787688
787690
787691
787692
787693
787694
787695
263407
787696
787697
787698
787699
787700
787701
263413
787702
263414
787703
787704
787705
787706
787707
263419
787708
787709
787710
787711
787712
787713
787714
787715
263427
787716
787717
787718
787719
787720
787721
787722
787723
787724
787725
787726
787727
787728
787729
787730
787731
787732
787733
787734
787735
787736
787737
787738
787739
787740
787741
787743
787744
787745
787746
787747
787748
787749
787750
787751
787752
787753
787754
787755
787756
787757
787758
787759
787760
787761
787762
787763
787764
787765
787766
787767
787768
787769
787770
787771
787772
787773
787774
787775
787778
787779
787780
787781
787782
787783
787784
787785
787786
787787
787788
787789
787790
787791
787792
787793
787794
787795
787796
787797
787798
787799
787800
787801
787802
787804
787805
787806
787807
787808
787809
787810
787811
787812
787815
787816
787817
787818
787819
787820
787821
787822
787823
787824
787825
787826
787829
787830
787831
787832
787833
787835
263548
787838
787839
787840
787841
787842
787843
787844
787845
787846
787847
787850
787851
787852
787853
787854
787855
787857
787858
787859
787860
787861
787862
787863
787864
787865
787866
787867
787868
787869
787870
787871
787872
787875
787876
787877
787878
787879
787880
787881
787882
787883
787884
787885
787886
787887
787888
787889
787891
787892
787893
787894
787895
787896
787897
787898
787899
787900
787901
787902
787903
787904
787905
787906
787907
787908
787909
787910
787911
787912
787913
787914
787915
787916
787917
787918
787919
787920
787921
787923
787924
787925
787926
787927
787928
787929
787930
787931
787932
787933
787934
787935
787936
787937
787938
787939
787940
787941
787942
787943
787944
787945
787946
787947
787948
787949
787950
787951
787952
787953
787954
787955
787956
787957
787958
787959
787960
787961
787962
787963
787964
787965
787966
787967
787968
787969
787970
787971
787972
787973
787974
787975
787976
787977
787978
787979
787980
787981
787982
787983
787984
787986
787988
263700
787989
787990
787991
787992
787993
787994
787995
787996
787997
787998
787999
788000
788001
788002
788003
788004
788005
788006
788007
788008
788009
788010
788012
788013
788014
788015
788016
788017
788018
788019
788021
788022
788023
788025
788026
788027
788028
788029
788030
788032
788035
788037
788038
788039
788040
788041
788042
788043
788044
788045
788046
788047
788048
788049
788050
788051
788052
788053
788054
788055
788056
788057
788058
788060
788061
788062
788063
788064
788065
788066
788067
788068
788069
788070
788071
788072
788073
788074
788075
788078
788079
788080
788081
788082
788083
788084
788085
788086
788087
788088
788089
788090
788091
788092
788093
788094
788095
788096
788097
788098
788099
788100
263812
788101
788102
788104
788105
788106
788107
788108
788109
788110
788111
788112
788113
788114
788115
788116
788117
788118
788119
788120
788121
788122
788123
788124
788125
788127
788128
788132
788134
788138
788140
788146
788147
788149
788153
788155
788158
788160
788177
788188
788195
788203
788212
788217
788224
263959
788249
788255
788260
788263
788265
263977
263982
788271
788273
788274
788279
788290
788296
788299
788304
788306
788308
788316
788320
264033
788323
788324
788341
788343
788345
788351
788352
788354
788360
788365
788369
788370
788372
264089
788382
788390
788391
788393
788401
264117
788411
788412
788413
788420
788422
788425
788426
788428
788430
788436
788439
788445
788446
264158
788447
788448
788449
788450
788451
788452
788453
788454
788455
788462
788464
788470
788471
788472
788473
788474
788475
788476
788477
788478
788479
788480
788482
788483
788484
788485
788486
788488
788489
788490
788491
788492
788493
788494
788495
788496
788497
788498
788499
788500
788501
788502
788503
788504
788505
788507
788508
788510
788511
788512
788513
788514
264226
788515
788516
788517
788518
788519
788520
788521
788522
788523
788524
788525
788526
788527
788528
788531
788533
788534
788536
788537
788539
788540
788541
788543
788544
788545
788546
788547
788549
788550
788551
788552
788553
788554
788555
788556
788557
788558
788559
788560
788561
788562
788563
788564
788565
788566
788568
788569
788571
788572
788573
788574
788575
788576
788577
788578
788579
788580
788581
788582
788583
788584
788585
788586
788587
788588
788589
788592
788594
788595
788596
788597
788598
788599
788600
788601
788602
788603
788604
788605
788606
788607
788608
788609
788610
788611
788613
788614
788616
788617
788618
788619
788620
788621
788622
788623
788624
788625
788626
788627
788628
788629
788630
788631
788632
788633
788634
788646
788647
788648
788649
788650
788651
788652
788654
788655
788656
788657
788658
788659
788660
788661
788662
788663
788664
788669
788672
788675
788676
788677
788678
788679
788681
788682
788683
788684
788685
788686
788687
788688
788689
788690
788691
788692
788693
788694
788695
788696
788697
788698
788699
788700
788701
788702
788703
788704
788705
788706
788707
788708
788709
788710
788711
788712
788713
788714
788715
788716
788717
788718
788719
788721
788722
788727
788729
788731
788732
788737
788739
788741
788744
788746
788748
788751
788753
788755
788757
788759
788761
788763
788765
788767
788769
788771
788773
788775
788777
788779
788780
788781
788782
788783
788784
788785
788787
788788
788790
788791
788793
788795
788797
788799
788800
788801
788802
788803
788804
788805
788806
788807
788808
788809
788810
788811
788812
788813
788814
788815
788816
788817
788818
788819
788821
788823
788825
788827
788830
788832
788834
788836
788837
788838
788839
788840
788841
788843
264555
788845
788848
788850
788852
788854
788856
788858
788860
788862
788864
788867
788869
788871
788873
788876
788878
788880
788883
788885
788887
788889
788892
788894
788896
788898
788901
788903
788905
788907
788910
788912
788913
788915
788918
788920
788922
788924
788926
788929
788931
788933
788935
788937
788939
788940
788943
264655
788945
788948
788950
788952
788953
788955
788956
788957
788958
788960
788961
788963
788964
788965
788966
788967
788968
788969
788970
788971
788972
788973
788974
788975
788976
788977
788978
788979
788981
788982
788983
788986
788988
788989
788990
788991
788992
788993
788994
788996
788997
788998
789000
789002
789004
789006
789008
789009
789011
789012
789014
789015
789016
789017
789018
789020
789022
789023
789024
789025
789026
789027
789028
789029
789030
789032
789033
789034
789035
789036
789037
789038
789039
789040
789041
789042
789043
789044
789045
789048
789049
789050
789051
789052
789053
789054
789055
789056
789057
789058
789059
789060
789061
789062
264774
789063
789064
789065
789066
789067
789068
789069
789070
789071
789072
789073
789074
789075
789076
789077
789078
789079
789080
789081
789082
789083
789084
789085
789086
789087
789088
789089
789090
789091
789092
789093
789094
789095
789096
789097
789098
789099
789100
789101
789102
789103
789104
789105
789106
789107
789108
789109
789110
789111
789112
789113
789114
789115
789116
789117
789118
789119
789120
789121
789122
789123
789124
789125
789126
789127
789128
789129
789130
789131
789132
789133
789134
789135
789136
789137
789138
264850
789139
789140
789141
789142
789143
789144
789145
789146
789147
789148
789149
789150
789151
789152
789153
789154
789155
789156
789157
789158
789159
789160
789161
789162
789163
789164
789165
789166
789167
789168
789169
789170
789171
789172
789173
789174
789175
789176
789177
789178
789179
789180
789181
789182
789183
789184
789185
789186
789187
789188
789189
789190
789191
789192
789193
789194
789195
789196
789197
789198
789199
789200
789201
789202
789203
789204
789205
789206
789207
789208
789209
789210
789211
789212
789213
789214
789215
789216
789217
789218
789219
789220
789221
789222
789223
789224
789225
789226
789227
789228
789229
789230
789231
789232
789233
789234
789235
789236
789237
789238
789239
789240
789241
789242
789243
789244
789245
789246
789247
789248
789249
264961
789250
789251
789252
789253
789254
789255
789257
789258
789259
789261
789262
789263
789264
789265
789266
789267
789268
789269
789270
789271
789272
789273
789274
789275
789276
789277
789278
789279
789280
789281
789282
789283
789284
789285
264997
789286
789287
789288
789289
789290
789291
789292
789293
789294
789295
789296
789297
789298
789299
789300
789301
789302
789303
789304
789305
789306
789307
789308
789309
789310
789311
789312
789313
789315
789316
789317
789318
789319
789320
789321
789322
789323
789324
789325
789326
789327
789328
789329
789330
789331
789332
789333
789334
789335
789336
789337
789338
789339
789340
789341
789342
789343
789344
789345
789346
789347
789348
789349
789350
789351
789352
789353
789354
789355
789356
789357
789358
789359
789360
789361
789362
789363
789364
789365
789366
265078
789367
789368
789369
789370
789371
789372
789373
789374
789375
789377
789378
789379
789380
789381
789382
789383
789384
789385
789386
789387
789388
789389
789390
789391
789392
789393
789394
789395
789396
789397
789398
789399
789400
789401
789402
789403
789404
789405
789406
789407
789408
789409
789410
789411
789412
789413
789414
789415
789416
789417
789418
789419
789420
789421
789422
789423
789424
789425
789426
789427
789428
789429
789430
789431
789432
789433
789434
789435
789436
789437
789438
789439
789440
789441
789442
789443
789444
789445
789446
789447
789448
789449
789450
789451
789452
789453
789454
789455
265167
789456
789457
789458
789459
789460
789461
789462
789463
789464
789465
789466
789467
789468
789469
789470
789471
789472
789473
789474
265186
789475
789476
789477
789478
789479
789480
789481
789482
789483
789484
789485
265197
789486
789487
789488
789489
789490
789491
789492
789493
789494
789495
789496
789497
789498
789499
789500
789501
789502
789504
789505
789506
789507
789508
789509
789510
789511
789512
789513
265225
789514
789515
789516
789517
789518
789519
789520
789521
789522
789523
789524
789525
789526
789527
789528
789529
789530
789531
789532
789533
789534
789535
789536
789537
789538
789539
789540
789541
789542
789543
789544
789545
789546
789547
789548
789549
789550
789551
789552
789553
789554
789555
789556
789557
789558
789559
789560
789561
789562
789563
789564
789565
265277
789566
789567
789568
789569
789570
789571
789572
789573
789574
789575
789576
789577
789578
789579
789580
789583
789584
789585
789586
789587
789588
789589
789590
789591
789592
789593
789594
789595
789596
789597
789598
789599
789600
789601
789602
789603
789604
789605
789606
789607
789608
789609
789610
789611
789612
789613
789614
789615
789616
789617
789618
789619
265331
789620
789621
789622
789623
789624
789625
789626
789627
789628
789629
789630
789631
789632
789633
789634
265346
789635
789636
789637
789638
789639
789640
789641
789642
789643
789644
789645
789646
789647
789648
789649
789650
789651
789652
789653
789654
789655
789656
789657
789658
789659
789660
789661
789662
789663
789664
789665
789666
265378
789667
789668
789669
789670
789671
789672
789673
789674
789675
789676
789677
789678
789679
789680
789681
789682
789683
789684
789685
789686
789688
789689
789690
789691
789692
265404
789693
789694
789695
789696
789697
789698
789699
789700
789701
789702
789703
789704
789705
789706
789707
789708
789709
789710
789711
789712
789713
789714
789715
789716
789717
789718
789719
789720
789721
789722
789723
789724
789725
789726
789727
789728
789729
789730
789731
789732
789733
789734
789735
789736
265448
789737
789738
789739
789740
789741
789742
789743
789744
789747
789748
789749
789750
789751
789752
789753
789754
789755
789756
789757
789758
789759
789760
789761
789762
789763
789764
789765
789766
789767
789768
789769
789770
789771
789772
789773
789774
789775
789776
789777
789778
265490
789779
789780
789781
789782
789783
789784
789785
789786
789787
789788
789789
789790
789791
789792
789793
789794
789795
789796
789797
789798
789799
789800
789801
789802
789803
789805
789806
789807
789808
789809
789810
789811
789812
789813
789814
789815
789816
789817
789818
789819
789820
789821
789822
789823
789824
789825
265537
789826
789827
789828
789829
789830
789831
789832
789833
789834
789835
789836
789837
789838
789839
789840
789841
789842
789843
789844
789845
789846
789847
789848
789855
789859
789862
789863
789864
789865
789867
789868
789870
789871
789876
789881
789887
789891
789892
789894
265619
789921
789926
789927
789935
789951
789972
265685
789975
789987
790000
790007
265727
790020
790026
790028
790031
790045
790062
790068
790073
790077
790080
790087
790109
790111
790125
265838
790129
790140
790141
790142
790144
790145
790152
790154
790157
790160
790163
790165
790166
790168
790173
790174
790181
790187
790191
790193
790198
790199
790200
790201
790202
790203
790205
790206
790207
790208
790209
790210
790211
790212
790213
790214
790215
790216
790217
790218
790219
790220
790221
790222
790223
790224
790225
790226
790227
790228
790229
790230
790231
790232
790233
790234
790235
790236
790237
790238
790239
790240
790241
790242
790243
790244
790245
790246
790247
265959
790248
790249
790250
790251
790252
790253
790254
790255
790256
790257
790258
790259
790260
790261
790262
790263
790264
790265
790266
790268
790269
790270
790271
790272
790273
790277
790279
265993
790282
790284
265996
790285
790287
790288
790289
790291
790292
790294
790296
790299
790301
790303
790305
790307
790309
790313
790315
790318
790320
790322
790323
790325
790328
790330
790333
790335
790337
790339
790342
790344
790345
790346
790347
790349
790350
790351
790353
790355
790356
790358
790359
790361
790362
790363
790364
790365
790366
790367
790369
790370
790372
790373
790374
790375
790376
790377
790379
790380
790382
790383
790384
790386
790389
790391
790392
790393
790394
790395
790396
790398
790400
790403
790404
790405
790407
790409
790411
790412
790413
790414
790415
790416
790417
790418
790419
790420
266132
790421
790422
790423
790424
790425
790426
790427
790428
790429
790430
790432
790434
790436
790438
790440
790442
790444
790446
790447
790448
790449
790450
790451
790452
790454
790456
790458
790460
790462
790464
790466
790468
790469
790471
790473
790475
790477
790478
790479
790480
790481
790482
790483
790484
790485
790486
790487
790488
790489
790490
790491
790492
790493
790494
790495
790496
790497
790499
790502
790504
790506
790509
790511
790513
790514
790516
790517
790519
790520
790521
790522
790523
266235
790525
790527
790529
790531
790533
790535
790536
790538
790539
790540
790541
790542
790543
790544
790545
790546
790547
790548
266262
790552
790553
790554
790555
790556
790557
790558
790559
790560
790561
790562
266274
790563
790564
790565
790566
790567
790568
790569
790570
790571
790572
790573
790574
790575
790576
790577
790578
790579
790580
790581
790582
790583
790584
790585
790586
790587
790588
790589
790590
790591
790592
790593
790594
790595
790596
790597
790598
790599
790600
790601
790602
790603
790604
790605
790606
790607
790608
790609
790610
790611
790612
790613
266325
790614
790615
790616
790617
790618
790619
790620
790621
790622
790623
790624
790625
790626
790627
790628
790629
790630
790631
790632
790633
790634
790635
790636
790637
790638
790639
790640
790641
790642
790643
790644
790645
790646
790647
790648
790649
790650
790651
790652
790653
790654
790655
790656
790657
790658
790660
790661
790662
790663
790664
790666
790668
790669
790670
790671
790672
790673
790674
790675
790676
790677
790678
790679
790680
790681
790682
790684
790685
790686
790687
790688
790689
790690
790691
790692
790693
790694
790695
790696
790697
266409
790698
790699
790700
790701
790702
790703
790704
790705
790706
790707
790708
790709
790710
790711
790712
790713
790714
790715
790716
790717
790718
790719
790720
790721
790722
790723
790724
790725
790726
790727
790728
790729
790730
790731
790732
790733
790734
790735
790736
790737
790738
790739
790740
790741
790742
266454
790743
790744
790745
790746
790747
790748
790749
790750
790751
790752
790753
790754
790755
790756
790757
790758
790759
790760
790761
790762
790763
790764
790765
790766
266478
790767
790768
790769
790770
790771
790772
790773
790774
790775
790776
790777
790778
790779
790780
790781
790782
790783
790784
790785
790786
790787
790788
790789
790790
790791
790792
790793
790794
790795
790796
790797
790798
790799
790800
790801
790802
790803
790804
790805
790806
790807
790808
790809
790810
790811
790812
266524
790813
790816
790817
790818
790819
790820
790821
790822
790823
790824
790825
790826
790827
790828
790829
790830
790831
790832
790833
790834
790835
790836
790837
790838
790839
790840
790841
790842
790843
790844
790845
790846
790847
790848
790849
790850
790851
790852
790853
790854
790855
266567
790856
790857
790858
790859
790860
790861
790862
790863
790864
790865
790866
790867
790868
790869
790870
790871
790872
790873
790875
790876
790877
790878
790880
790881
790882
790883
790884
790885
790886
790887
790888
790889
790890
790891
790892
790893
790894
790895
790896
790897
790898
790899
790900
790901
790902
790903
790904
790905
790906
790907
790908
790909
790910
790911
790912
790913
790914
790915
790916
790917
790918
790919
790920
790921
790922
790923
790924
790925
790926
790928
790930
790931
790932
790933
790934
790935
790936
790937
790938
790939
790940
790941
790942
790943
790944
790945
790946
790947
790948
790949
790950
790951
790952
790953
790954
790955
790956
790957
790958
790959
790960
790961
790962
790963
790964
790965
790966
790967
790968
790969
790970
266682
790971
790972
790973
790974
790975
790976
790977
790978
790979
790980
790981
790982
790984
790985
790986
790987
790988
790989
790990
790991
790992
790993
790994
790995
790996
790997
790998
790999
791000
791001
791002
791003
791004
791005
791006
791007
791008
791009
791010
791011
791012
791013
791014
791015
791016
791017
791018
791019
791020
791021
791022
791023
791024
791025
791026
791027
791028
791029
791030
791031
791032
791033
791034
791035
791036
791037
791038
791039
791040
791041
791042
791043
791044
791045
791046
791047
791048
791049
791050
791051
791052
791053
791054
791055
791056
791057
791059
791060
791061
791062
791063
791064
791065
791066
791067
791068
791069
791070
791071
791072
791073
791074
791075
791076
791077
791078
791079
791080
791081
791082
791083
791084
791085
791086
791087
791088
791089
791090
791091
791092
791093
791094
791095
791096
791097
791098
791099
791100
791101
791102
791103
791104
791105
791106
791107
791108
791109
791110
791111
791112
791113
791114
791115
791116
791117
791118
791119
791120
791121
791122
791123
791124
791125
791126
791127
791128
791129
791130
791131
791132
791133
791134
791135
791136
791137
791138
791139
791140
791141
791142
791143
791144
791145
791146
791147
791148
791149
791150
791151
791152
791153
791154
791155
791156
791157
791158
791159
791160
791161
791162
791163
791164
791165
791166
791167
791169
791170
791171
791172
791173
791174
791175
791176
791177
791178
791179
791180
791181
791182
266894
791183
791184
791185
791186
791189
791190
791191
791192
791193
791194
791195
791196
791197
791198
791199
791200
791201
266913
791202
791203
791204
791205
791206
791207
791208
791209
791210
791211
791212
791213
791214
791215
791216
791217
791218
791219
791220
791221
791222
791223
791224
791225
791226
791227
791228
791229
791230
791231
791232
791233
791234
791235
791236
791237
791238
791239
791240
791241
791242
791243
791244
791245
791246
791247
791248
791249
791250
791251
791252
791253
791254
791255
791263
791270
791271
791273
791278
791289
791291
791292
267009
791301
791310
791317
791321
791324
791326
791329
791331
267048
791337
791339
791344
267058
791360
791363
791364
4936
791369
791370
791373
267102
791393
791397
791398
791401
791402
791404
791405
791410
791412
267127
791423
791428
791429
791434
267146
791435
791443
791444
791448
267161
791454
791458
791461
791465
791466
791469
791475
791477
791480
267201
791492
791498
791504
791507
791510
267222
791531
791541
791542
791543
791544
791545
791551
791553
791556
791558
791559
791561
791562
791568
791570
791572
791573
791578
791579
791587
791589
791590
791591
791593
791594
791596
791597
791598
791599
791600
791601
791602
791603
791604
791605
791606
791607
791608
791609
791610
791611
791612
791613
791614
791615
791616
791618
791619
791620
791621
791623
791624
791627
791630
791631
791632
791633
791634
791635
791636
791637
791638
791639
791640
791641
791642
791643
791644
791645
791646
791647
791648
791649
791650
791651
791652
791653
791654
791655
791656
791657
791658
791659
791660
791661
791662
791663
791664
791665
791666
791667
791668
791671
791672
791674
791675
791676
791677
791678
791679
791680
791681
791682
791683
791684
791685
791686
791687
791688
791689
791690
791691
791692
791693
791694
791695
791696
791697
791698
791699
791700
791701
791702
791703
791704
791705
791706
791707
791709
791711
267423
791714
791717
791719
791720
791721
791722
791723
791724
791725
791726
791727
791730
791731
791732
791735
791737
791740
791742
791745
791746
791747
791750
791752
791755
791757
791760
791761
791763
791764
791766
791769
791771
791774
791776
791778
791781
267493
791783
791784
791785
791786
791787
791788
791789
791790
791791
791792
791793
791794
791795
791796
791798
791799
791800
791801
791802
791805
791808
791810
791812
791813
791814
791817
791819
791821
791824
791825
791827
791828
791829
791831
791832
267545
791834
791836
791837
791838
791839
791840
791841
791842
791843
267555
791844
791845
791846
791848
791849
791850
791852
791857
791858
791860
791861
791862
791863
791865
791866
791867
791868
791869
791871
791873
791874
791875
791876
791877
791878
791879
791880
791883
791885
791886
791887
791889
791891
791892
791894
791896
791898
791899
791900
791902
791903
791905
791907
791908
791909
791910
791911
791914
791916
791918
791919
791922
791923
791924
791925
791926
791928
791929
791931
791933
791934
791935
791938
791939
791941
791944
791946
791948
791949
791950
791951
791952
791954
791956
791959
791960
791962
791963
791964
791965
791967
791969
791970
791971
791972
791974
791975
791976
791978
791980
791981
791983
791984
791986
791988
791989
791991
791993
791994
791996
791998
792000
792001
792003
792004
792006
792007
792008
792009
792010
792011
792012
792013
792014
792015
792018
792019
792020
792021
792022
792023
792024
792026
792028
792029
792030
792031
792032
792033
792034
792035
792036
792037
792038
267750
792039
792040
792041
792042
792043
792044
792045
792046
792047
792048
792049
792050
792051
792052
792053
792054
792055
792056
792057
792058
792059
792060
792061
792062
792063
792064
792065
792066
792067
792068
792069
792070
792071
792072
792073
792074
792076
792077
792078
792079
792080
792081
792082
792083
792084
792085
792086
792087
792088
792089
792090
792091
792092
792093
792094
792096
792097
792098
792099
792100
792101
792102
792103
792104
792105
267817
792106
792107
792108
792109
792110
792111
792112
792113
792114
792115
792116
792117
792118
792119
792120
792121
792123
792124
792125
792126
792127
792128
792129
792130
792131
792132
792133
792134
792135
792137
792138
792139
792140
792142
792143
792144
792145
792146
792148
792149
792150
792151
267863
792152
792153
792154
792155
792156
792157
792158
792159
792160
792161
792162
792163
792164
792165
792166
792167
792169
792170
792171
792172
792173
792174
792175
792176
792177
792178
792179
792180
792181
792182
792183
792184
792185
792186
792187
792188
792189
792190
792191
792192
792193
792194
267906
792195
792196
792197
792198
792199
792200
792201
792202
792203
792204
792205
792206
792207
792208
792209
792210
792211
792212
792213
792214
792215
792216
792217
792218
792219
792220
792221
792222
792223
792224
792225
792226
792227
792228
792229
792230
792231
792233
792234
792235
792236
792237
792238
792239
792240
792241
792242
792243
792244
792245
792246
792248
792249
792251
792252
792253
792254
792255
792256
792257
792258
792259
792260
792261
792262
792263
792264
792265
792267
792268
792269
792270
792271
792272
792273
792274
792275
792276
792277
792278
792279
792280
792283
792284
792285
792286
792287
792288
792289
792290
792291
792292
792293
792294
792295
792296
792297
792298
792299
792300
792301
268013
792302
792303
792304
792305
792306
792307
792308
792309
268021
792310
792311
792312
792313
792314
792315
792316
792317
792319
792320
268032
792321
792322
792323
5891
792324
792325
792326
792327
792328
792329
792330
792331
792332
268044
792333
792334
792337
792338
792339
792340
792341
792342
792343
792344
792345
792346
792347
792348
792349
792350
792351
792352
792353
792354
792355
792358
792359
792362
792363
792366
792367
792368
792369
792370
792371
792372
792373
792374
792375
792376
792377
792378
792379
792380
792381
792382
792383
792384
792385
792386
792387
792388
792389
792390
792391
792393
792395
792396
792397
792398
792399
792400
792401
792402
792403
792404
792405
792406
792407
792408
792410
792411
792412
792413
792414
792415
792416
792417
792418
792419
792420
792421
792422
792423
792424
792425
792427
792428
792429
792430
792431
792432
792433
792434
792436
792437
792438
792439
792440
792441
792442
792443
792444
792445
792446
792447
792448
792449
792450
792451
792452
792453
792454
792455
792456
792457
6025
792458
792459
792460
792461
792462
792463
792464
792465
792466
792467
792468
792469
792470
792471
792472
792473
792474
792475
792476
792477
792478
792479
792480
792481
792482
792483
792484
792485
792486
268198
792487
792488
792489
792490
792491
792492
792493
792494
792495
792496
792497
792498
792499
792500
792501
792502
792503
792504
792506
792507
792508
792509
792510
792511
792512
792513
792514
792515
792518
792519
792520
792521
792522
792523
792524
792525
792526
792527
792528
792529
792530
792531
792532
792533
792534
792535
792536
792537
792538
792539
792540
268252
792541
792542
792543
792545
792546
792547
792548
792549
792550
792551
792553
792554
792555
792556
792557
792560
792561
792562
792563
792564
792565
792566
792567
792568
792569
792570
792571
792572
792573
792574
792575
792576
792577
792578
792579
792580
792581
792582
792583
792584
792586
792587
792588
792589
792591
792592
792593
792594
792595
792596
792597
792598
792600
792601
792602
792603
792604
792605
792606
792607
792608
792609
792610
792611
792613
792614
792615
792616
792618
792619
792620
792621
792622
792623
792624
792625
792626
792627
792628
792629
792630
792637
792638
792642
268355
792648
792650
792652
792653
792654
792655
792656
792658
792663
792665
792668
792671
792673
792674
792677
792678
792679
792680
792690
792698
792699
792704
792707
792715
792723
792727
792739
792742
792743
792745
792748
792749
792750
792755
792756
792759
792770
792771
792773
792789
792790
792792
792803
792804
792810
792814
792819
268532
792822
792823
268537
792828
792835
792842
792845
792854
268571
792860
268575
792866
792877
792882
792886
792888
792892
792894
792904
792912
792913
792915
792919
792921
792922
792923
792931
792934
792944
792946
792947
792950
792953
792955
792956
792966
792967
792968
792969
792970
792971
792972
792973
792974
792975
792976
792977
792978
792979
792980
792981
792982
792983
792984
792985
792986
792987
792988
792989
792990
792991
792993
792994
792995
792996
792997
792998
792999
793000
793001
793002
793003
793004
793005
793006
793007
793008
793009
793010
793011
793012
793013
793015
793016
793017
793018
793019
793020
793021
793022
793023
793031
793032
793033
793034
793035
793036
793037
793038
793039
793040
793041
793042
793043
793044
793045
793046
793047
793048
793049
793050
793051
793052
793053
793054
793055
793056
793057
793058
793059
793060
793061
793062
793063
793064
793065
793066
793067
793068
793069
793070
793071
793072
793073
793074
793075
793076
793077
793078
793079
793080
793081
793082
793083
793084
793085
793086
793087
793091
793092
793093
793094
793095
793096
793097
793098
793099
793100
793101
268814
793103
793104
793105
793106
793107
793108
793109
793110
793111
793112
793113
793114
793115
793117
793118
793119
793120
793121
793122
793123
793124
793125
793126
793127
793128
793129
793130
793131
793132
793133
793134
793135
793136
793137
793138
793139
793140
793141
793142
793143
793144
793145
793146
793147
793148
793149
793150
793151
793152
793153
793154
793155
793156
793157
793158
793159
793160
793161
268873
793162
793163
793165
793166
793168
793169
793171
793172
793173
793174
793175
793176
793178
793180
793181
268893
793182
793183
268895
793184
793185
793186
793187
793188
793189
793190
793191
793192
793194
793196
793197
793198
793199
793200
793201
793204
793206
793209
793211
793214
268927
793216
793218
793219
793221
793222
793223
793226
793228
793231
793233
793235
793237
793240
793241
793242
793245
793247
793248
793249
793251
793252
793254
793256
793257
793258
793259
793260
793261
793262
793263
793264
793267
793268
793269
793271
793273
793274
793276
793278
793279
793280
793281
793282
793283
793284
793286
793289
793291
793292
793293
793294
793296
793297
793299
793300
793301
793302
793304
793305
793306
793307
793308
793309
793312
793314
793316
793318
793320
793322
793324
793325
793326
793327
793328
793329
793330
793331
793332
793334
793336
793339
793341
793344
793345
793346
793349
793350
793353
793355
793358
793360
269072
793362
793363
793364
793365
793366
793367
793368
793369
793370
793371
793372
793373
793374
793375
793376
793377
793378
793379
793380
793382
793383
793384
793385
793386
793387
793388
793389
793390
793391
793392
793393
793394
793395
793398
793399
793400
793401
793402
793403
793405
793406
793408
793409
793410
793411
793412
793413
793414
793416
793417
793418
793419
793421
793422
793423
793424
793425
793426
793427
793428
793429
793430
793431
793432
793433
793434
793437
793439
793441
793442
793444
793445
793446
793447
793449
793450
793451
793452
793454
793456
793457
793459
793460
793462
793463
793464
793465
793466
793467
793468
793469
793470
793471
793472
793473
793474
793475
793476
793477
793478
793479
793480
793481
793482
793483
793484
793485
793486
793487
793488
793489
793490
793491
793492
793493
793494
793495
793496
793497
793498
793499
793500
793501
793502
793506
793507
793508
793510
793511
793512
793513
793514
793515
793516
793517
793518
793520
793521
793522
793523
793524
793525
793526
793527
793528
793529
793530
793531
793532
793533
793534
793535
793536
793537
793538
793539
793540
793541
793542
793543
269255
793544
793545
793546
793547
793548
793549
793550
793551
793552
793553
793554
793555
793556
793560
793561
793562
793563
793564
793565
793566
793567
793568
793569
269282
793571
793572
793573
793574
793575
793576
793577
793578
793579
793580
793582
793583
793584
793585
793586
793587
793588
793589
793590
793591
793592
793593
793594
793595
793596
793597
793598
793599
793600
793601
793602
793603
793604
793605
793606
793607
793608
793609
793610
793611
793612
793613
793614
793615
793616
793617
793618
793619
793620
793622
793623
793624
793625
793626
793627
793628
793629
793630
793631
793632
793633
793634
793635
793636
793637
793638
793639
793640
793641
793642
793643
793644
793645
793646
793647
793648
793649
793650
793651
793652
793653
793654
793655
793656
793657
793658
793659
793660
793661
793662
793663
793664
793665
793666
793667
793668
793669
793670
793671
793672
793673
793675
793676
793677
793678
793679
793680
793681
793682
793683
793684
793685
793686
793687
793688
793689
793690
793691
793692
793693
793694
793695
793696
793697
793698
793699
793700
793701
793702
793703
793704
793705
793706
793707
793710
793711
793712
793713
793714
793715
793716
793717
793718
793719
793720
793721
793722
793723
793724
793725
793726
793727
793728
793729
793730
793731
793732
793733
793734
793736
793737
793738
793739
793740
793741
793742
793743
793744
793747
793748
793749
793750
793751
793752
793753
793754
793755
793756
793757
793758
793761
793762
793763
793764
793765
793767
793770
793771
793772
793773
793774
793775
793776
793777
793778
793779
793782
793783
793784
793785
793786
793787
793789
793790
793791
793792
793793
269505
793794
793795
793796
793797
793798
793799
793800
793801
793802
7370
793803
793804
793807
793808
793809
793810
793811
793812
793813
793814
793815
793816
793817
793818
793819
793820
793821
793823
793824
793825
793826
793827
269539
793828
793829
793830
793831
793832
793833
793834
793835
793836
793837
793838
793839
793840
793841
793842
793843
793844
793845
793846
793847
793848
793849
793850
793851
793852
793853
793855
793856
793857
793858
793859
793860
793861
793862
793863
793864
793865
793866
793867
793868
793869
793870
793871
793872
793873
793874
793875
793876
793877
793878
793879
793880
793881
793882
793883
793884
793885
793886
793887
793888
793889
793890
793891
793892
793893
793894
793895
793896
793897
793898
793899
793900
793901
793902
793903
793904
793905
793906
793907
793908
793909
793910
793911
793912
793913
793914
793915
793916
793918
793920
793921
793922
793923
793924
793925
793926
793927
793928
793929
793930
793931
793932
793933
793934
793935
793936
793937
793938
793939
793940
793941
793942
793944
793945
793946
793947
793948
269660
793949
793950
793951
793953
7521
793954
793955
793957
793958
793959
793960
793961
793962
793964
793967
793969
793970
793971
793972
793973
793974
793975
793976
793977
793978
793979
793980
793981
793982
793983
793984
793985
793986
793987
793988
793989
793990
793992
793993
793994
793995
793996
793997
793998
793999
794000
794001
794002
794003
794004
794005
794006
794007
794010
794011
794012
794013
794014
794015
794016
794017
794018
794019
794020
794021
794022
794023
794024
794025
794026
794027
794028
794029
794030
794031
794032
794033
794034
794036
794037
794038
794039
794040
794041
794042
794043
794044
794045
794046
794047
794048
794049
794050
794051
794052
794053
794054
794055
269767
794056
794057
794059
794060
794064
794066
794070
794072
794078
794079
794081
794085
794087
794090
794092
794109
794120
794127
794135
794144
794149
794156
269886
794181
794187
794192
794195
794197
794203
794205
794206
794211
794222
794228
794231
794236
269948
794238
794240
794248
794252
794255
794256
269979
794273
794275
794277
794283
794284
794286
794292
794297
794301
794302
794304
794314
794322
794323
794325
794333
270045
794343
794344
794345
270060
794352
794354
794357
794358
794360
794362
794368
794371
794377
794378
794379
794380
794381
794382
794383
794390
794392
7961
794398
794399
794400
794401
794402
794403
794404
794406
794407
794408
270120
794409
794410
794411
794412
794413
794414
794415
794416
794417
794418
794419
794421
794422
794424
794425
794426
794427
794428
794429
794430
794431
794432
794433
794434
794435
794436
794437
794438
794442
794443
794444
794445
794446
794447
794448
794449
794450
794451
794452
794453
794454
794455
794457
794458
794460
794461
794462
794463
794464
794465
794466
794467
794468
794469
794470
794471
794472
794473
794474
794476
794477
794478
794479
794480
794481
794482
794483
794484
794485
794486
794487
794488
794489
270202
794491
794492
794494
794495
794496
794497
794498
794499
794500
794501
794502
794503
794504
794505
794506
794507
794508
794520
794521
794522
794523
794524
794525
794526
794528
794529
794530
794531
794532
794533
794534
794535
794536
794537
794538
794543
794546
794549
794550
794551
794553
794554
794555
794556
794557
794558
794559
794560
794561
794562
794563
794564
8132
794565
794566
794567
794568
794569
794570
794571
794572
794573
794575
794576
794584
794586
794588
794591
794593
794595
794598
794600
794602
794604
794606
794608
794610
8178
794612
794614
794616
794618
794619
794620
794621
794622
794623
794624
794625
794626
794627
794628
794629
794630
794631
794632
794633
8201
794634
794635
8203
794636
794637
794638
794639
794640
794641
794643
794645
794647
794648
794650
794652
794654
794656
794658
794660
794662
794665
794667
794669
794671
794674
794676
794678
794681
794683
794685
794687
794690
270402
794692
794694
794696
794698
794701
794703
794705
794707
794709
794712
794714
794715
794717
794719
794721
794722
794723
794725
794726
794727
794728
794729
794730
794731
794732
794733
794734
794735
794736
794738
794739
794740
794741
794742
794743
794744
794745
794746
794749
794750
794752
794754
794755
270467
794757
794758
794759
794760
794761
794762
794763
794764
794765
794766
794767
794772
794774
794775
794776
794777
794778
794780
794783
794784
794785
794786
794787
794788
794789
794790
794791
794792
794795
794796
794798
794800
794801
794802
794803
270515
794806
794808
794810
794811
794812
794813
794815
794816
794817
794818
794819
794820
794821
794822
794823
794824
794825
794826
794827
794829
794831
794834
794836
794839
794840
794841
794843
794844
794845
794846
794848
794849
794850
794851
794852
794853
794854
794855
794856
794857
794858
794859
794860
794861
794862
794863
794864
794865
794866
794867
794868
794869
794870
794871
794872
794873
794874
794875
794876
794877
794878
794879
794880
794881
794882
794883
794884
794885
794886
794887
794888
794889
794890
794891
794892
794895
794896
794897
794900
794901
794902
794904
794905
794906
794907
794908
794909
794910
794911
794912
794913
794914
270627
794916
794917
794920
794922
794924
794925
794926
794927
794928
794929
794930
794931
794932
794933
794934
794935
794936
794937
794938
794939
794940
794941
794942
794943
794944
794945
794946
794947
794948
794950
794952
794953
270665
794954
794955
794956
794957
794958
794959
794960
794961
794962
794963
794964
794965
794966
794967
794968
794971
794973
794974
794975
794976
794977
794979
8547
794980
794981
794984
794985
794986
794987
794988
794989
794990
794991
794992
794993
794994
794995
794996
794997
794998
794999
795000
795001
795003
270715
795005
795007
795009
795010
795012
795013
795015
795016
795017
795018
795019
795020
795021
8589
795023
795024
795025
795026
795027
795028
795029
795030
795031
795032
795033
795034
795035
795037
795038
795039
795040
795041
270753
795042
795043
795044
795045
795046
795047
795048
795049
795050
795051
795052
795053
270765
795054
795055
795056
795057
795058
795059
795060
795061
795062
795063
795064
795065
795066
795067
795068
795069
795070
795071
795072
795073
795074
795075
795076
795077
795078
270790
795079
795080
795081
795082
795083
795084
795085
795086
795087
795088
795089
795090
795091
795092
795093
795094
795095
795096
795097
795099
795100
795101
270813
795102
795103
795104
795105
795106
795107
795108
795109
795110
795111
795112
795113
795114
795115
795116
795117
795118
795119
795120
795121
795122
795123
795124
795125
795126
795127
795128
795129
795130
795131
795132
795133
795134
795135
795136
795137
795138
795139
795140
795141
270853
795142
795143
795144
795145
795146
795147
795148
795149
795150
795151
795152
795153
795154
795155
795156
795157
795158
795159
795160
795161
795162
795163
795164
795165
795166
795167
795168
795169
795170
795171
795172
795173
795174
795175
795176
795177
795178
795179
795180
795181
795182
795183
8751
795184
795185
795186
795187
795188
795189
795190
795191
795192
795193
795194
795195
795196
795197
795198
795199
795200
795201
795202
795203
795204
795205
795206
795207
795208
795209
795210
795211
795212
795213
795214
795215
795216
795217
795218
795219
795220
795221
795222
795223
795224
795226
795227
795228
795229
795230
795231
795232
795233
795234
795235
795236
795237
795238
795239
795240
795241
795242
795243
795244
795245
795246
795247
795248
795249
795250
795251
795252
795253
795254
795255
795256
795257
795258
795259
795260
795261
795262
795263
795264
795265
795266
795267
270979
795268
795269
795270
795271
795272
795273
795274
795275
795276
795277
795278
795279
795280
795281
795282
795283
795284
795285
795286
795287
795288
795289
795290
795291
795292
795293
795294
795295
795296
795297
795298
795299
795300
795301
795302
795305
795306
795307
795308
795309
795310
795311
795312
795313
795314
795315
795316
795317
795318
795319
795320
795321
795322
795323
795324
795325
795326
795327
795328
795329
795330
795331
795332
795333
795334
795335
795336
795337
795338
795339
795340
795341
795342
271054
795343
795344
795345
795346
795347
795348
795349
795350
795351
795352
795353
795354
795355
795356
271068
795357
795358
795359
795360
795361
795362
795363
795364
795365
795366
795367
795368
795369
795370
795371
795372
795373
795374
795375
271087
795376
795377
795378
795379
795380
795381
795382
795383
795384
795385
795386
795387
795388
795389
795390
795391
795392
795393
795394
795395
795396
795397
795398
795399
795400
795401
795402
795403
795404
271116
795405
795406
795407
795408
795410
795411
795412
795413
795414
795415
795416
795417
795418
795419
795420
795421
795422
795423
795424
795425
795426
795427
795428
795429
795430
795431
795432
795433
271145
795434
795435
795436
795437
795438
795439
795440
795441
795442
795443
795444
795445
795446
795447
795448
795449
795450
795451
795452
795453
795454
795455
795456
271168
795457
795458
271170
795459
795460
795461
795462
795463
795464
795465
795466
795469
795470
795471
795472
795473
795474
795475
795476
795477
795478
795479
795480
271192
795481
795482
795483
271195
795484
795485
795486
795487
795488
795489
795490
795491
795492
795493
795494
795495
795496
795497
795498
795499
795500
795501
795502
795503
795504
795505
795506
795507
795508
795509
795510
795511
795512
795513
795514
795515
795516
795517
795518
795519
795520
795521
795522
795523
795524
795525
795527
795528
795529
795530
795531
795532
795533
795534
795535
795536
795537
795538
795539
795540
795541
795542
795543
271255
795544
795545
795546
795547
795548
795549
795550
795551
795552
795553
795554
795555
795556
795557
795558
795559
795560
271272
795561
795562
795563
795564
795565
795566
795567
795568
795569
795570
795577
795581
795584
795585
795586
795587
795589
795590
795592
795593
795598
795603
795609
795613
795614
795616
795643
795648
795649
795657
795673
271401
795694
795697
795709
271422
795722
795729
795742
795748
795750
795753
795767
271495
795784
271501
795790
271502
795795
795799
795802
795809
795831
795833
271552
795847
795851
795862
795863
795864
795866
795867
795874
795876
271588
795879
795882
795885
795887
795888
795890
795895
795896
795903
271617
795909
795913
795915
795920
795921
795922
795923
795924
795925
795926
795927
795928
9496
795930
795931
795932
795933
795934
795935
795936
795937
795938
795939
795940
795941
795942
795943
795944
795945
795946
795947
795948
795949
795950
795951
795952
795953
795954
795955
795956
795957
795958
795959
795960
795961
795962
795963
795964
795965
795966
795967
795971
795973
795974
795975
795977
795981
795983
795985
795988
795990
795992
795994
795997
795999
796000
796001
796002
271714
796003
9571
796004
796005
796006
796007
796008
796009
796011
9579
796012
796013
796015
796016
9584
796017
796018
796019
796021
796023
796024
796025
796026
9594
796027
796028
796029
796030
796031
796032
796033
796034
796035
796036
796037
796038
796039
796040
796041
796043
796045
796046
796048
796050
796052
796053
796054
796055
796056
796057
796058
796059
796060
796061
796062
796063
796064
796065
796066
796067
796068
796069
796070
796072
271784
796075
796077
271790
796079
796080
796082
796083
796084
796085
796086
796087
796088
796089
796090
796094
796095
796096
796097
796098
796099
796100
796101
796102
9672
796105
796106
796109
271822
796111
796112
796113
796114
796115
796116
796119
796120
796121
796122
796123
796125
796127
796128
271841
796130
796131
796133
796134
796135
796138
796140
796141
796142
796143
796144
796145
796146
796147
796148
796149
796150
796151
796152
796154
796156
796159
796161
796163
796164
796165
796166
796168
796170
796171
796172
796173
796174
796176
796179
796181
796182
796183
796184
796185
796186
796187
796188
796189
796190
796191
796192
796193
796194
796195
796196
796197
796198
796200
796202
796203
271915
796204
796205
796206
796208
796211
796213
796215
796216
796217
796218
796219
796220
796221
796223
796224
796228
796229
796230
796231
796232
796233
796234
796235
796237
796238
796240
796241
796242
796245
796246
796247
796248
796249
796250
796251
796253
796254
796256
796258
796260
796262
796264
796265
796266
796267
796268
796269
796270
796272
796273
796274
796275
796276
796277
796279
796280
796282
796284
796285
796286
796287
796288
796290
796292
796294
796295
796296
796297
796298
796299
272011
796300
796301
796303
796304
796305
796306
796307
796308
796309
796310
796311
796312
796313
796315
796316
796318
796319
796320
796321
796323
796325
796327
796329
796330
796331
796332
796333
796334
796335
796336
796339
796340
796341
796343
796344
796345
796346
796347
796349
796350
796351
796352
796353
796354
796355
796358
796359
796360
796361
796362
796363
796364
796365
796366
796367
796368
796369
796370
796371
796372
796373
272085
796374
796375
796376
796377
796378
796379
796380
796381
796382
796383
796384
796385
272097
796386
796387
272099
796388
796389
796390
796391
796392
272104
796393
796394
272106
796395
796396
796397
796398
796399
796400
796401
796402
796403
796404
796405
796406
796407
796408
796409
796410
796411
272123
796412
796413
796414
796415
796417
796418
796419
796420
796422
796423
796424
796425
796426
796427
796428
796429
796430
796431
796432
796433
796434
796435
796436
796437
796438
796439
796440
796441
796442
796443
796444
796445
796446
796447
796448
796449
796450
796451
796452
796453
796454
796455
796456
796457
796458
796459
796460
796461
796462
796463
796464
796465
796466
796467
796468
796470
796472
796473
796474
796475
796476
796477
796478
796479
796480
796481
796482
796483
796484
796485
796486
796487
796488
796489
796490
796491
796492
796493
796494
796495
796496
796497
796498
796499
796500
796501
796502
796503
796504
796505
796506
796507
796508
796509
796510
796511
796512
796513
796514
796515
796516
796517
796518
796519
796520
796521
796522
796523
796524
796526
796527
796528
796529
796530
796531
796532
796533
796534
796535
796536
796537
796538
796539
796540
796541
796542
796543
796544
796545
796546
796547
796548
796549
796550
796551
796552
796553
796554
796555
796556
796557
796558
796559
796560
796561
796562
796563
796564
796565
796566
796567
796568
796569
796570
796571
796572
796573
796574
796575
796576
796577
796578
796579
796580
796581
796582
796583
796584
796585
796586
796587
796588
796589
796590
796591
796592
796593
796594
796595
796596
796597
796598
796599
796601
796602
796603
796604
796605
796606
796607
796608
796609
796610
796611
796612
796613
796614
796615
796616
796617
796618
796619
796620
796621
796622
796623
796624
796625
796626
796627
796628
796629
796630
272342
796631
796632
796633
796634
796635
796636
796637
796638
796639
796640
796641
796642
796643
796644
796645
796646
796647
796648
796649
796650
796651
796652
796653
796654
796655
796656
796657
796658
796659
796660
796661
796662
796663
796664
796665
796666
796667
796668
796669
796670
796671
796672
796673
796674
796675
796676
796677
796678
796679
796680
796681
796682
796683
796684
796685
796686
796687
796688
796689
796690
796691
796692
796693
796694
796695
796696
272408
796697
796698
796699
272411
796700
796701
796702
796703
796704
796705
796706
796707
796708
796709
796711
796712
796713
796714
796715
796716
796717
796718
796719
796720
796721
796722
796723
796724
272436
796725
796726
796727
796728
796731
796732
796733
796734
796735
796736
796737
796738
796739
796740
796741
796742
796743
796744
796745
796746
796747
796748
796749
796750
796751
796752
796753
796754
796755
796756
796757
796758
796759
796760
796761
796762
796763
796764
796765
796766
796767
796768
796769
796770
796771
796772
796773
796774
796775
796776
796777
796778
796779
796780
796781
796782
272494
796783
796784
796785
796786
796787
796788
796789
796790
796791
796792
796793
796794
796795
796796
796797
10371
796805
796812
796813
796815
796820
796831
796833
796834
796843
796852
796859
796863
796866
796868
796871
796873
796879
796881
796886
272612
796902
796905
796906
272621
796911
796912
796915
10495
796935
796939
796940
796943
796944
796946
796947
796952
796954
796965
796970
796971
796976
796977
796985
796986
796990
796996
797000
797003
797007
797008
797011
797017
797019
797022
797034
10606
797040
797046
797049
797052
797073
272793
797083
797084
797085
797086
797087
10656
797093
797095
797098
797100
797101
797103
797104
797110
797112
797114
797115
797120
797121
797129
797131
797132
797133
797135
797136
797137
797138
797139
797140
797141
797142
797143
797144
797145
797146
797147
797148
797149
797150
797151
797152
797153
797154
797155
797156
797157
797161
797164
797165
797166
797167
797168
797169
797170
797171
797172
797173
797174
797175
797176
797177
797178
797179
797180
797181
797182
797183
797184
797185
797186
797187
797188
797189
797190
797193
797194
797196
797197
797198
797199
797200
797201
797202
797203
797204
797205
797206
797207
797208
797209
797210
797211
797212
797213
797214
797215
797216
797217
797219
797221
797224
272938
797229
797231
797232
797233
797234
797237
797239
797242
797244
272957
797247
797248
797249
797252
797254
797257
797259
797261
797262
797264
10832
797267
797269
797270
797271
797272
797273
797274
797275
797276
797277
797278
797279
797280
797282
797283
797284
797285
797286
797289
797292
797294
797296
797297
797298
797300
797303
797304
797306
797307
797308
797310
797311
797312
797313
797314
797315
797316
797318
797320
797321
797322
797327
797328
797330
797331
797332
797333
797335
797337
797339
797340
797341
797342
797343
797344
273056
797345
797346
797347
797349
797350
797351
797352
797353
797355
797356
797358
797359
797361
797364
797365
797367
797370
797371
797372
797373
797374
797375
797376
797378
797380
797382
797383
797385
797387
797388
797390
797392
797393
797395
797397
797399
797400
797402
797403
797404
797405
797406
797407
797408
797411
797412
797413
797414
273126
797415
797417
797419
797421
273134
797423
797424
797425
797426
797428
797429
797430
797431
797434
797435
797436
797437
797438
797440
797441
797443
797444
797445
797446
797447
797449
797450
797451
797452
797455
797457
797458
797459
797460
797463
797465
797466
797467
797469
797470
797472
797473
797475
797476
797477
797479
797480
797482
797483
797485
797486
797487
797490
797491
797492
797493
797494
797495
797496
797497
797498
797499
797500
797501
797502
797503
797505
797506
797507
797508
797509
797510
797512
273224
797514
797517
797518
797519
273231
797520
797521
797522
797523
273237
797526
797528
797530
797531
797532
797533
797535
797536
797537
797538
797539
797541
797542
797543
797544
797545
797547
11116
797550
797552
273265
797554
797555
797556
797557
797558
797559
797560
797562
797563
797564
797565
797566
797567
797568
797569
797570
797572
797573
797574
797575
797576
797577
797578
797579
797580
797581
797582
797583
797584
797585
797586
797587
797588
797589
797590
797591
797592
797593
797594
273306
797595
797596
797597
797598
797599
797600
797601
797602
797603
797604
797605
797606
797607
797608
797609
797610
797611
797612
797613
797614
797615
797616
797617
11185
797618
797619
797620
797622
797624
11193
797626
797627
797628
797629
797630
797631
797632
797633
797635
273347
797636
797637
797638
797639
797641
797642
11211
797644
797645
797646
797647
797648
797649
797650
797651
797652
797653
797654
797655
797656
797657
797658
797660
797661
797662
797663
797664
797665
797666
797667
797668
797669
797670
797671
797672
797673
797676
11244
797677
797678
797679
797680
797681
797682
797683
273395
797684
797685
797686
11254
797687
797688
797689
797690
797691
797692
797693
797694
797695
797696
797697
797698
797699
797700
797701
797702
11270
797703
797704
797705
797706
797707
797708
797709
797710
797712
797713
797714
797715
797716
797717
797718
797719
797720
797721
797722
797723
797724
797725
273437
797726
797727
797730
797731
797732
797733
797734
797735
797736
797737
797738
797739
797740
797741
797742
797743
797744
797745
273457
797746
797747
797748
797751
797752
797755
797756
797759
797760
797761
797762
797763
797764
797765
797766
797767
797768
797769
797770
797771
797772
797773
797774
797775
797776
797777
797778
797779
797780
797781
797782
797783
797784
797786
797788
797789
797790
797791
797792
797793
797794
797795
797796
797797
797798
797799
797800
797801
797803
797804
797805
797806
797807
797808
797809
273521
797810
797811
797812
797813
797814
797815
797816
797817
797818
797820
797821
797822
797823
797824
797825
797826
797827
797829
797830
797831
797832
797833
797834
797835
797836
797837
797838
797839
797840
797841
797842
797843
797844
273556
797845
797846
797847
797848
797849
797850
797851
273563
797852
797853
797854
797855
797856
273568
797857
797858
797859
797860
797861
797862
797863
797864
797865
797866
797867
797868
273580
797869
797870
797871
797872
797873
797874
797875
797876
797877
797878
797879
797880
797881
797882
797883
797884
797885
797886
797887
797888
797889
797890
797891
797892
797893
797894
797895
797896
797897
273609
797899
797900
797901
797902
797903
797904
797905
797906
797907
797908
797911
797912
797913
797914
797915
797916
797917
797918
797919
797920
797921
797922
797923
797924
797925
797926
797927
797928
797929
797930
797931
797932
797933
797934
797935
797936
797938
797939
797940
797941
797942
797943
797944
797946
797947
797948
797949
797950
797953
797954
797955
797956
797957
797958
797959
797960
797961
797962
797963
797964
797965
273677
797966
797967
797968
797969
797970
797971
797972
797973
797974
797975
797976
797977
797979
797980
797981
797982
797984
797985
797986
797987
797988
797989
797990
797991
797993
797994
797995
797996
797997
797998
797999
798000
798001
798002
798003
798004
798006
798007
798008
798009
798011
798012
798013
798014
798015
798016
798017
798018
798019
798020
798021
798022
798023
798030
798031
798035
798041
798043
798045
798046
798047
798048
798049
798051
798056
798058
798061
798064
798066
798067
798070
798071
798072
798073
798083
798091
798092
798097
798100
798108
798116
798120
798132
798135
798136
798138
798141
798142
798143
798148
798149
798152
798163
798164
798166
798182
273894
798183
798185
798196
798197
798203
798207
798212
798215
798216
798221
273935
798228
798235
798238
798247
798253
798259
273978
798270
798275
798279
798281
798285
798287
798297
798305
798306
798308
798312
798314
798315
798316
798324
798327
798337
798339
798340
798343
798346
798348
798349
798359
798360
798361
798362
798363
798364
798365
798366
798367
798368
798369
798370
798371
798372
798373
798374
798375
798376
798377
798378
798379
798380
798381
798382
798383
798384
798385
798386
798387
798388
798389
798390
798391
798392
798393
798394
798395
798396
798397
798399
798400
798401
798402
798410
11978
798411
798412
798413
798414
274126
798415
798416
798417
798418
798419
798420
798421
798422
798423
798424
798425
798426
274138
798427
798428
798429
798430
798431
798432
798433
798434
798435
798436
798437
798438
798439
798440
798441
798442
798443
798444
798448
798449
798450
798451
798452
798453
798454
798455
798456
798457
798458
798459
798460
798461
798462
798463
798464
798465
798466
798467
798468
798469
798470
798472
798473
798474
798475
798476
798477
798478
798479
798480
798481
798482
798483
798484
798485
798486
798488
798489
798490
798491
798492
798493
798494
798495
798496
798497
798498
798499
798500
798502
798503
798505
798506
798507
798508
798509
798510
798512
798514
798515
798516
798517
798518
798519
798520
798521
798523
798525
798526
798527
798528
798529
798532
798534
798536
798537
798539
274251
12108
798542
12110
798544
798547
798549
798551
798553
798556
798558
798559
798560
798561
798562
798564
798565
798566
798568
798569
798571
798572
798574
798576
798577
798578
798579
798580
798581
798583
798586
798589
798590
798591
798592
798594
798595
798596
798597
798598
798599
274311
798600
798601
798602
798603
798604
798605
798606
798608
798609
798611
798612
798613
798614
798615
798616
798617
798618
798619
798620
798621
798622
798623
798624
798625
798626
798627
798629
798630
798631
798632
798633
798634
798636
798637
798638
798639
798640
798641
798642
798643
274355
798644
798645
798646
798647
798648
798649
798650
798651
798652
798655
798657
798658
798660
798661
798662
798663
798665
798666
798667
798668
798670
798671
798672
798673
798674
798675
798676
798677
798678
798679
798680
798681
798683
798685
798686
798687
798688
798690
798693
798694
274406
798695
798696
798697
798698
798699
798700
798701
798702
798703
798704
798705
798706
798707
798708
798709
798710
798714
798715
798716
274428
798718
798719
798720
798721
798722
798723
798724
798726
798729
798730
798731
798732
798733
798734
798735
798736
798737
798739
798740
798742
798744
798745
798746
798747
798748
798749
798750
798752
798753
798754
798756
798757
798758
798761
798763
798764
798768
798769
798770
798771
798772
798773
798775
798776
798777
798779
798780
798782
798783
798786
798788
798790
798791
798792
798793
798794
798795
798797
798798
798799
798800
798801
798802
798803
798804
798805
798808
798810
798812
798814
798815
798816
798817
798818
798819
798820
798821
798822
798823
798824
798825
798826
798827
798828
798830
798831
798833
798834
798835
798836
798837
798838
798839
798840
798842
798844
798846
798848
798849
798851
798852
798853
274565
798854
798856
798857
798859
798860
798862
798863
798864
798865
798866
798867
798869
798870
798871
798872
798873
798874
798875
798878
798879
274591
798880
798881
798883
798884
798886
798888
798889
274601
798890
798891
798892
798893
798894
798895
798896
798897
798898
798899
798900
798902
798903
798904
798905
798906
798907
798908
798909
798910
798911
798912
274624
798913
798914
798915
798918
798919
798920
798921
798922
798923
798924
798925
798926
798927
798928
798929
798930
798931
798932
798933
798934
798935
798936
798937
798938
798939
798940
798941
798942
798944
798945
798946
798947
798948
798949
798950
798951
798952
798955
798956
798957
798958
798959
798960
798961
798962
798963
798964
798965
798966
798969
798970
798971
798972
798973
798975
798978
798979
798980
798981
798982
798983
798984
798985
798986
798987
798990
798991
274703
798992
798993
798994
798995
798997
798998
798999
799000
799001
799002
799003
799004
799005
799006
799007
799008
799009
799010
799011
799012
799015
799016
799017
799018
799019
799020
799021
799022
799023
799024
799025
799026
799027
799028
799029
799031
12599
799032
799033
799034
799035
799036
799037
799038
799039
799040
799041
799042
799043
799044
799045
799046
799047
799048
799049
799050
799051
799052
799053
799054
799055
799056
799057
799058
799059
799060
799061
799063
799064
799065
799066
799067
799068
799069
799070
799071
799072
799073
799074
799075
12643
799076
799077
799078
799079
799080
799081
799082
799083
799084
799085
12653
799086
799087
12655
799088
799089
799090
799091
799092
799093
799094
799095
799096
799097
799098
799099
799100
799101
799102
799103
799104
799105
799106
799107
799108
799109
799110
799111
799112
799113
799114
799115
799116
799117
799118
799119
799120
799121
799122
799123
799124
274837
799126
799128
799129
799130
799131
799132
799133
799134
799135
799136
799137
799138
799139
799140
799141
799142
799143
799144
799145
799146
799147
799148
799149
799150
799152
799153
799154
799155
799156
799157
799158
799159
799161
799162
799163
799165
799166
799167
799168
799169
799170
799172
799175
799177
799178
799179
799180
799181
799182
799183
799184
799185
799186
799187
799188
274900
799189
799190
799191
799192
799193
799194
799195
799196
799197
799198
799200
799201
799202
799203
799204
799205
799206
799207
799208
799209
799210
799211
799212
799213
799214
799215
799218
799219
799220
799221
799222
799223
799224
274936
799225
799226
799227
799228
799229
799230
799231
799232
799233
799234
799235
799236
799237
799238
799239
799240
799241
799242
799244
799245
799246
799247
799248
799249
799250
799251
799252
799253
799254
799255
799256
799257
799258
799259
799260
799261
799262
799263
799264
799265
799267
799268
799272
799274
799278
799280
12853
799286
799287
799289
799293
799295
799298
799300
799317
799328
799335
12908
799343
275059
799352
799357
799364
275099
799389
799395
799400
799403
799405
799411
799413
799414
799419
799430
799436
799439
799444
799446
799448
799456
799460
799463
799464
799481
799483
799485
799491
799492
799494
799500
799505
799509
799510
799512
799522
799530
275242
799531
799533
799541
799551
799552
799553
799560
799562
799565
799566
799568
799570
799576
799579
799585
799586
799587
799588
799589
799590
799591
799598
799600
799606
799607
799608
275320
799609
799610
799611
799612
799614
799615
799616
799617
799618
799619
799620
799621
799622
799623
799625
799626
799628
799629
799630
799631
799632
799633
799634
799635
799636
799637
799638
799640
799641
799642
799643
13211
799644
799645
799646
799647
799648
799649
799651
799652
799654
799655
799656
799657
799658
799659
799660
799661
799662
799663
799664
799666
799667
799668
799669
799670
799671
799672
799673
799674
799675
799677
799678
799680
799681
799682
799683
799684
799685
799686
799687
799688
799689
13257
799690
799702
799703
799704
799706
799707
799708
799709
799710
799711
799712
799717
799720
799723
799724
799725
799726
799727
799728
799729
799730
799731
799732
799733
799734
799735
799736
799737
799738
799739
799740
799741
799742
799744
799745
799751
799752
799753
799754
275466
799755
799756
799757
799758
799759
799760
799761
799762
799763
799765
799766
799767
799768
799769
799770
799771
799772
799775
799776
799778
799780
799783
799785
799786
799788
799791
799793
13363
275509
799798
799800
799801
799803
799804
799806
799809
799810
799813
799815
799816
799818
275530
799821
799822
799824
799826
799827
799828
799829
799832
799834
275546
799836
799837
799838
799841
799843
799846
799848
799851
275563
799853
799855
799857
799860
799862
799865
799867
799869
799872
799874
799877
799878
799881
799883
275597
799886
799887
275600
799889
799891
799894
799896
13464
799899
799900
275612
799903
799904
799906
799909
799911
799913
799916
799918
799921
799923
799926
799927
799928
799930
799931
799932
799934
799935
799936
799938
799939
799940
275652
799942
799943
799946
799948
799950
799953
799955
275668
799958
799960
799961
799963
799965
799966
275678
799969
799971
799972
799974
799976
799978
799979
799980
799983
799985
799987
799988
799989
799990
799991
799992
799993
799994
799997
799999
800000
800001
800002
800003
800005
275717
800006
800007
800010
800011
800013
800014
800016
800018
800019
800021
800023
800025
800027
800029
800031
800033
13602
800035
800036
800038
800039
800041
800042
800043
800044
800045
800046
800047
800049
800050
800051
800053
800054
800055
800057
800058
800059
800060
800061
800063
800064
275776
800066
800067
800068
800069
800070
800071
800072
800073
800074
800075
800076
800077
800078
800079
800080
800081
800082
800083
800084
800085
800086
800087
800088
800089
800090
800091
800092
800093
800094
800095
800096
800097
800098
800099
800100
800101
800102
800103
800104
800105
800106
800107
800108
800109
800110
800111
800112
800113
800114
800115
800116
800117
800118
800119
800120
800121
800122
800123
800125
800126
800127
800128
800129
800130
800131
800132
800133
800134
800135
800136
800137
800138
800139
800140
800141
800142
800143
800144
800145
800146
800147
800148
800149
800150
800151
800152
800153
800154
800155
800156
275868
800157
800158
800159
800160
800161
800162
800163
800164
275876
800165
800166
800167
800168
800169
275881
800170
800171
800172
800173
800174
275886
800175
800176
800177
800178
800179
800180
800181
800182
800183
800184
800185
800186
800187
800188
800189
800190
800191
800192
800193
800194
800195
800196
800197
800198
800199
800200
800201
800202
800203
800204
800205
800206
800207
800208
800209
800210
800211
800212
800213
800214
800215
800216
800217
800218
800219
800220
800221
800222
800223
800224
800225
800226
800227
800228
800229
800230
800231
800232
800233
800234
800235
800236
800237
800238
800239
275951
800240
800241
800242
800243
800244
800245
800246
800247
800248
800249
800250
800252
800253
800254
800255
800256
800257
800258
800259
800260
800261
800262
800263
800264
800265
800266
800267
800268
800269
800270
800271
800272
800273
800274
800275
800276
800277
800278
800279
800280
800281
800282
800283
800284
800285
800286
800287
800288
800289
800290
800291
800292
13860
800293
800294
800295
800296
800297
800298
800299
800300
800301
800302
800303
800304
800305
800306
800307
800308
800309
276021
800310
276022
800311
800312
800313
800314
800315
800316
800317
800318
800319
800320
800321
800322
800323
800324
800325
800326
800327
800328
800331
800332
800333
800334
800335
800336
800337
800338
800339
800340
800341
800342
800343
800344
800345
800346
800347
800348
800349
800350
800351
800352
800353
800354
800355
800356
800357
800358
800359
800360
276072
800361
800362
800363
800364
800365
800366
800367
800368
800369
800370
800371
800372
800373
800374
800375
276087
800376
800377
800378
800379
800380
800381
800382
800383
800384
800385
800386
800387
800388
800389
800390
800391
800392
800393
800394
800395
800396
800397
800398
800399
800400
800401
800402
800403
800404
800405
800406
800407
800408
800409
800410
800411
800412
800413
276125
800414
800415
800416
800417
800418
800419
800420
800421
800422
800423
276135
800424
800425
800426
800427
800428
800429
800430
800431
800432
800433
800434
800436
800437
800438
800439
800440
800441
800442
800443
800444
800445
800446
800447
800448
800449
800450
800451
800452
800453
800454
800455
800456
800457
800458
800459
800460
800461
276173
800462
800463
800464
800465
800466
800467
800468
800469
800470
800471
800472
800473
800474
800475
800476
800477
800478
800479
800480
800481
800482
800483
800484
800485
800486
800487
800488
800489
800490
800491
800492
800495
800496
800497
800498
800499
800500
800501
800502
800503
800504
800505
800506
800507
800508
800509
800510
800511
800512
800513
800514
800515
800516
800517
800518
800519
800520
800521
800522
800523
800524
800525
800526
800527
800528
800529
800530
800531
800532
276244
800533
800534
800535
14103
276247
800536
800537
800538
800539
800540
800541
800542
800543
800544
800545
800546
800547
800548
800549
800550
800551
800553
800554
800555
800556
800557
800558
800559
800560
800561
800562
800563
800564
800565
800566
800567
800568
800569
800570
800571
800572
800573
800574
800575
800576
800577
800578
800579
14147
800580
800581
800582
800583
800584
800585
800586
800587
800588
800589
800590
800591
800592
800593
800594
800595
800596
14164
14166
800603
800607
800610
800611
800612
800613
800615
800616
800618
800619
800624
800629
800635
800639
800640
800642
800669
800674
800675
800683
800699
800720
14288
800723
276446
800735
800748
14320
800755
276468
800768
800774
800776
800779
800793
14363
800810
800816
14388
800821
800825
800828
800835
276564
800857
800859
800873
800877
800888
800889
800890
800892
800893
276605
800900
800902
800905
800908
800911
800913
800914
800916
276629
800921
800922
800929
800935
800939
800941
800946
800947
800948
800949
800950
800951
800952
800953
800954
800955
800956
800957
800958
800959
800960
800961
800962
800963
800964
800965
800966
800967
800968
800969
800970
800971
800972
800973
800974
800975
800976
800977
800978
800979
800985
800987
800988
800989
800990
800992
800993
800994
800995
800996
800997
800998
800999
801000
801001
801002
801003
801004
801005
276717
801006
801007
801008
801009
801010
801011
801012
801013
801014
801015
801016
801017
801018
801019
801020
801021
801022
801023
276738
801027
801028
801029
801030
801031
801032
801033
801035
801038
801039
801042
801044
801047
801049
801052
801053
801054
801055
801056
801058
801061
801063
801066
801068
801071
801073
801076
801078
801081
801082
801084
801085
801087
801089
801092
801094
801096
801099
801101
801103
801104
801105
801106
801107
801109
801112
801114
14684
801117
801119
801120
801121
801123
801125
801128
801129
801131
801133
801135
801136
801137
801138
801139
276852
801141
801144
801146
801148
801149
801150
801151
801152
801154
801156
801157
801161
801163
801164
801165
801166
801167
801168
801170
801173
801174
801175
801178
801180
801182
801184
801187
801189
801191
801193
801195
276907
801197
801199
801200
801203
801205
801207
801208
801209
801210
801212
801213
801215
801217
801218
801219
276931
801221
801223
801225
801227
801228
801229
801230
801232
801233
276945
801234
801236
801237
801238
801239
801240
801241
801242
801243
801244
801245
801246
801249
801251
801252
801253
801254
801256
801258
801260
801262
801263
801266
801268
801269
801272
801274
801276
801277
276989
801278
801279
801280
14848
801282
801283
801284
801285
801286
801287
801288
801291
801292
277004
801293
801294
801295
801296
801297
801298
801299
801300
801301
801302
801303
801304
801305
801306
801307
801308
801309
801310
801311
801312
801313
801314
277026
801315
277027
801316
801317
801318
801319
801320
801321
801322
801323
801324
801325
801326
801327
801328
801329
801330
801331
801332
801333
801334
277046
801335
801336
801337
801338
801339
801340
801341
801342
801343
801344
801345
801346
801347
801348
801350
801351
801352
801353
801355
801356
801357
801358
801359
801360
801361
801362
801363
801364
14932
801365
801366
801367
801368
801369
801370
801371
801372
801373
801374
801375
801376
801377
801378
801379
801380
801381
801382
801383
801384
801385
801386
801387
801388
801389
801390
801391
801392
801393
801394
801395
801396
801397
801398
801399
801400
801401
801403
801405
801406
801407
801408
801409
801410
801411
801412
801413
801414
801415
801416
801417
801418
801419
801420
801421
801422
801423
801424
801425
801426
801427
801428
801429
801430
801431
801432
801433
801434
801435
801436
801437
801438
801439
801440
801441
801442
801443
801444
801445
801446
801447
801448
801449
801450
801451
801452
801453
801454
801455
801456
801457
801459
801460
801461
801462
801463
801464
801465
801466
801467
801468
801469
801470
801471
801472
801473
801474
801475
801476
801477
801478
801479
801480
801481
801482
801483
801484
801485
801486
15054
801487
15055
801488
801489
801490
801491
801492
801493
801494
801495
801496
801497
801498
801499
801500
801501
801502
15070
801503
801504
801505
801506
801507
801508
277220
801509
801510
801511
801512
801513
801514
801515
801516
801517
801518
801519
801520
801521
801522
801523
801524
801525
801526
801527
801528
801529
801530
801531
801532
801534
801535
801536
801537
801538
801539
801540
801541
801542
801543
801544
801545
801546
801547
801548
801549
801550
801551
801552
801553
801554
801555
801556
801557
801558
801559
801560
801561
15129
801562
801563
801564
801565
801566
801567
801568
801569
801570
801571
801572
801573
801574
801575
801576
801577
801578
801579
801580
801581
801582
801583
801584
801585
801586
801587
801588
801589
801590
801591
801592
801593
801594
801595
801596
801597
801598
801599
801600
801601
801602
801603
801604
801605
801606
801607
801608
801609
801610
801611
801612
801613
801614
801615
801616
801617
801618
801619
801620
277332
801621
801622
801623
801624
801625
801626
801627
801628
801629
801630
801631
801632
801633
801634
801635
801636
801637
801638
801639
801640
801641
801642
801644
801645
801646
801647
801648
801649
801650
801651
801652
801653
801654
801655
801656
801657
801658
801659
801660
801661
277375
801664
801665
801666
801667
801668
801669
801670
801671
801672
801673
801674
801675
801676
801677
801678
801679
801680
801681
801682
801683
801684
277396
801685
801686
801687
277399
801688
801689
801690
801691
801692
801693
801694
801695
801696
801697
801698
801699
801700
801701
801702
801703
801704
801705
801706
801707
801708
801709
801710
801711
801712
801713
801714
801715
801716
801717
801718
801719
801720
277432
801721
801722
801723
801724
801725
801726
801727
801728
801729
801730
801738
801745
801746
801748
801753
801764
801766
801767
801776
801785
277497
801792
801796
801799
801801
801804
801806
801812
801814
801819
801835
801838
801839
15408
277552
801844
801845
801848
801868
801872
801873
801876
801877
801879
801880
801885
801887
801898
801903
801904
277616
801909
801910
15484
801918
801919
801923
801929
801933
801936
801940
801941
801944
801950
801952
801955
801967
15540
801973
801979
15547
15548
801982
801985
15556
277701
15560
15570
802006
802016
802017
802018
802019
802020
802026
802028
802031
802033
802034
802036
802037
802043
802045
802047
802048
802053
802054
802062
802064
802066
802067
802068
802069
802070
802071
802072
802073
802074
802075
802076
802077
802078
802079
802080
802081
802082
802086
802089
802090
802091
277803
802092
802093
802094
802095
802096
802097
802098
802099
802100
802101
802102
802103
802104
802105
802106
802107
277819
802110
802111
802113
802114
802115
802116
802117
802118
802119
802120
802121
802122
802123
802124
802125
802126
802127
802128
802129
802130
802132
802134
802137
802141
802142
802143
802144
802145
802146
802147
802148
802149
802150
802151
802152
802153
802154
802156
802157
802158
802159
802162
802163
802164
802165
802166
802168
802173
802174
802175
802176
802178
802183
802185
802187
802189
802193
802196
802198
802200
802201
802204
802206
802207
802208
802210
802211
802213
802215
802217
802219
802220
802222
802225
802227
802230
802233
802235
802237
802239
277951
802240
802243
802245
802246
802247
802249
802250
802252
802255
802256
802257
802260
277973
802262
802264
15833
802266
802267
802268
802269
802270
802271
802272
802273
802276
277988
802277
802278
802279
802280
802282
802284
15852
802287
802288
802289
802292
802293
802296
802298
802302
802303
802307
802309
802313
802315
802317
802320
802322
802324
802326
802329
802330
802332
802333
802334
802336
802338
802340
802342
802343
802344
802345
802346
802347
802348
802349
802350
802351
802352
802354
802356
802358
802361
802363
802364
802367
802369
802370
802371
802372
802375
802376
802377
802378
802380
802382
802383
802385
802386
802387
802388
802390
802392
802394
802396
802397
802398
802400
802401
802402
802403
802405
802406
802407
802408
802409
802411
802412
278124
802416
802417
15986
802419
802421
802422
802423
802424
802425
802426
802427
802428
802430
802431
802432
802433
802434
802435
278147
802436
802437
16005
802438
802439
802440
802441
802442
802443
16013
802446
802447
802448
802449
802450
802451
802452
802453
802454
802455
802456
802457
802458
802459
802460
802461
802462
802463
802464
802465
802466
802467
802468
802469
802470
802471
802472
802473
802474
802475
802476
802477
802478
802479
802480
802482
802483
802484
802485
802486
802487
802488
802489
802490
802491
802492
802493
802494
802495
802496
802497
802500
802501
802502
802503
802504
802505
802506
802507
802508
802509
802510
278222
802511
802512
802513
802514
802515
802516
802517
802518
802521
802522
802525
802526
802529
802530
802531
802532
802533
802534
802535
802536
802537
802538
802539
802540
802541
802542
802543
802544
802545
802546
802547
802548
802549
802550
802551
802552
802553
802554
802556
802558
802559
802560
802561
802562
802563
802564
802565
802566
802567
802568
802569
802570
802571
802573
802574
802575
802576
802577
802578
802579
802580
802581
802582
802583
802584
802585
802586
802587
802588
802590
802591
802592
802593
802594
802595
802596
802597
802599
802600
802601
802602
802603
802604
802605
802606
802607
802608
802609
802610
802611
802612
802613
802614
802615
802616
802617
802618
802619
802620
802621
802622
802623
802624
802625
802626
278338
802627
802628
802629
802630
802631
802632
802633
802634
802635
802636
802637
802638
802639
802640
802641
802642
802643
802644
802645
802646
802647
802648
278360
802649
802650
802651
802652
802653
802654
802655
802656
802657
802658
802659
802660
802661
802662
802663
802664
802665
802666
802667
802669
802670
802671
802672
802673
802674
802675
802676
802677
802678
802681
802682
802683
802684
802685
802686
802687
802688
802689
802690
802691
16259
802692
802693
802694
802695
802696
802697
802698
802699
802700
802701
802702
802703
802704
802705
802706
802708
802709
802710
278422
802711
802712
802713
802714
802716
802717
802718
802719
802720
802723
802724
802725
802726
802727
278439
802728
802729
802730
802731
802732
802733
802734
802735
802736
802737
802738
802739
802740
802741
802742
802743
802744
278456
802745
802746
802747
802749
802750
802751
802752
802754
802755
802756
802757
802758
802759
802760
802761
802763
802764
802765
802766
802767
802768
802769
802770
802771
802772
802773
802774
802776
802777
802778
802779
802781
278493
802782
802783
802784
802785
802786
802787
802788
802789
802790
802791
802792
802793
802800
802801
802805
802811
802813
802815
802816
802817
802818
802819
278532
802821
802826
802828
802831
802834
802836
802837
802840
802841
802842
802843
802853
802861
802862
802867
802870
802878
802886
802890
802902
802905
802906
802908
802911
802912
802913
802918
802919
802922
802933
802934
802936
802952
802953
802955
802966
802967
278679
802973
802977
802982
802985
802986
16554
802991
802998
803005
803008
803017
803023
278736
803029
803040
803045
803049
803051
803055
803057
803067
803075
803076
803078
803082
803084
803085
803086
803094
803097
803107
803109
803110
803113
803116
803118
803119
803129
803130
803131
803132
803133
803134
803135
803136
803137
803138
803139
803140
803141
803142
803143
803144
803145
803146
803147
803148
803149
803150
803151
803152
803153
803154
803155
803156
803157
803158
803159
803160
803168
803169
803170
803171
803172
803173
803174
803175
803176
803177
803178
803179
803180
803181
803182
803183
803184
803185
803186
803187
803188
803189
803190
803191
803192
803193
803197
803198
803199
803200
803201
803202
803203
803204
803205
803206
803207
803208
803209
803210
803211
803212
803214
803215
803216
803217
803218
803219
803220
803221
803222
803223
803224
803225
803226
803227
803228
803229
803230
803231
803232
803234
803235
803237
803238
803239
803240
803242
803244
803245
803246
803247
803248
803249
803250
803252
803254
803256
803259
803260
803261
803262
803263
803265
803266
803269
803271
803274
803276
803277
803278
803279
803280
803281
803282
803283
803284
803285
803286
803287
803288
803289
803290
803291
803292
803293
803294
803295
803297
803298
803299
803301
803302
803303
803304
803305
803306
803307
803308
803309
803310
803311
803312
803313
803314
803316
803318
803319
803320
803321
803323
803325
803327
279039
803328
803330
803333
803334
803337
803339
803340
803341
803342
803343
803344
279056
803345
803346
803347
803348
803349
803350
803354
803355
803356
803358
803360
803361
803363
803364
803366
803369
803370
803371
803372
803373
803374
803375
279087
803377
803379
803380
803382
803384
803387
803389
803390
803393
803394
16962
803396
279109
803398
803401
279113
803403
803404
803410
803411
803412
803413
803415
803416
803417
803419
803420
803422
803423
803426
803428
803430
16998
803431
803432
803435
803437
803440
803442
803444
803445
803448
803450
803452
803454
803455
803456
803458
803460
279174
803463
803464
803465
803466
803468
803470
803471
803473
279186
803475
803476
803477
803478
803479
803481
803483
803485
803487
803488
803490
803492
803493
803495
803496
803498
803499
803501
803503
803504
803505
803506
803508
803509
803510
803511
803512
803513
803514
803517
803518
803519
803520
803522
803523
803525
803527
803528
803530
803531
803532
803533
803534
803535
803536
803537
803538
803539
803541
803543
279255
803544
803545
803546
803547
803549
803550
803551
803552
803553
803554
803557
803558
803559
803560
803561
803562
803563
803564
803565
803566
803567
803568
803569
803570
803571
803572
803573
803574
803575
803576
803577
803578
803579
803580
803581
803583
803584
803585
803586
803587
803588
803589
803590
803591
803594
803595
803596
803597
803598
803599
803600
803601
803602
803603
803604
803605
803608
803609
803610
803611
803612
803614
803617
803618
803619
803620
803621
803622
803623
803624
803625
803626
279339
803629
803630
803631
803632
803633
803634
803636
803637
803638
803639
803640
803641
803642
803643
803644
803645
803646
803647
803648
803649
803650
803651
803654
279366
803655
803656
803657
803658
803659
803660
803661
803662
803663
803664
803665
803666
803667
803668
803670
803671
803672
803673
803674
803675
279387
803676
803677
803678
803679
803680
803681
803682
803683
803684
803685
803686
803687
803688
803689
803690
803691
803692
803693
803694
803695
803696
803697
803698
803699
803700
279412
803702
803703
803704
803705
803706
803707
803708
803709
803710
803711
803712
803713
803714
803715
803716
279428
803717
803718
803719
803720
803721
803722
803723
803724
803725
803726
803727
803728
803729
803730
803731
803732
803733
803734
803735
803736
803737
803738
803739
803740
803741
803742
803743
803744
803745
803746
803747
803748
803749
803750
803751
803752
803753
803754
803755
803756
803757
803758
803759
803760
803761
803762
803763
803765
803767
803768
803769
803770
803771
803772
803773
803774
803775
803776
803777
803778
803779
803780
803781
803782
803783
803784
803785
803786
803787
803788
803789
803791
803792
803793
803794
803795
803796
803797
803798
803800
803801
803802
803804
803805
803806
803807
803808
279520
803809
803811
803814
803816
279528
803817
803818
803819
803820
803821
803822
803823
803824
803825
803826
803827
803828
803829
803830
803831
803832
803833
803834
803835
803836
803837
803839
803840
803841
803842
803843
803844
803845
803846
803847
803848
803849
803850
803851
803852
803853
803854
803857
803858
803859
803860
803861
803862
803863
803864
803865
803866
803867
803868
803869
803870
803871
803872
803873
803874
803875
803876
803877
803878
803879
803880
803881
803883
803884
803885
803886
803887
803888
803889
803890
803891
803892
279604
803893
803894
803895
803896
803897
803898
803899
803900
803901
803902
803903
803904
803906
803907
803911
803913
803917
803919
803925
803926
803928
803932
803934
803937
803939
279659
803956
803967
803974
803982
803991
803996
804003
279718
279739
804028
804034
279748
804039
804042
804044
804050
804052
804053
804058
804069
279785
804075
804078
804083
17651
804085
804087
804095
804099
804102
804103
804120
804122
804124
804130
804131
804133
804139
804144
804148
804149
804151
279867
804161
279880
804169
804170
804172
804180
279897
804190
804191
804192
804199
804201
804204
804205
804207
804209
804215
804218
804224
804225
804226
804233
804235
804241
804242
804243
804245
804246
804247
804248
804249
804250
804252
804253
804255
804256
804257
804258
804259
804260
804261
804263
804264
804265
804266
804267
804268
279981
804270
804271
804273
804274
804275
804276
804277
804278
804279
804281
804282
804283
804284
804285
804286
804288
804289
804291
804292
804293
804294
804295
804296
804297
17871
804309
804310
804311
804313
804314
804315
804316
804317
804318
804319
280034
804324
804327
804330
804331
804332
804333
804334
804335
804336
804337
804338
804339
804340
804341
804343
804344
804350
804351
804352
804353
804354
804355
804356
804357
804358
804360
804361
804362
804363
804365
804370
804371
804372
804373
804374
804375
804376
804377
804379
804380
804381
280093
804384
804385
804387
804388
804389
804391
804392
804393
804396
804397
804398
804399
804400
804401
804402
804404
804405
804406
804408
804411
804413
804416
804418
804419
804420
804421
804422
804423
804424
804425
804426
804429
17997
804431
804434
804436
804437
804439
804440
804442
804443
804445
804446
804447
804449
804450
804451
804454
804456
804457
804458
804460
804461
804463
804465
804467
804468
804469
804470
804471
804473
804476
804477
804478
804479
804481
804482
804484
804485
804486
804487
804490
804491
804492
804494
804496
804498
804500
804503
804505
804508
804510
804513
804515
804516
804518
804519
804520
804523
804525
804528
804530
804533
804535
804537
804539
804540
804542
804543
804545
18114
804547
804549
804552
804553
804555
804557
804560
804562
804565
804566
804569
804571
804572
804575
804577
804580
804582
804583
804584
804585
804588
804590
804592
804593
804594
804595
804596
804597
804598
804599
804600
804601
804602
804603
804604
804606
804607
804608
804609
804610
804613
804614
804615
804617
804618
804620
804621
804622
804623
804624
804626
804628
804629
804630
804632
804633
804635
804637
804638
804640
804641
804643
804644
804646
804647
804649
804651
804652
804653
804654
804655
804658
804659
804660
804661
804663
804664
804665
804667
804668
804671
804672
804673
804675
804677
804678
804680
804681
804683
804685
280397
804686
804687
804688
804689
804690
804691
804692
804693
804694
804695
804696
804697
804698
804699
804700
804701
804702
804703
804704
804705
804706
804707
804708
804709
804710
804711
804712
804713
804714
804715
804716
804717
804718
804719
804720
804721
804722
804723
280435
804724
804725
804726
804727
804728
804729
804730
804731
804732
804733
804734
804735
804736
804737
804738
280450
804739
804740
804741
804742
804743
804744
804745
804746
804747
804748
804749
804750
804751
804752
804753
804754
804755
804756
804757
804758
804759
804760
804761
804762
804763
804764
804765
804766
804767
804768
804769
18337
804770
804771
804772
804773
804774
804776
804777
804778
804779
804780
804781
804782
804783
804784
804785
804786
804787
804788
804789
804790
804791
804792
804793
804794
804795
804796
804797
804798
804799
804800
804801
804802
804803
804804
804805
804806
804807
804808
804809
804810
804811
804812
804813
804814
804815
804816
804817
804818
804819
804820
804821
804822
804823
804824
804825
804826
804827
804828
804829
804830
804831
804832
804835
804836
804837
804838
804839
804840
804841
804842
804843
804844
804845
804846
804847
804848
280560
804849
804850
804851
804852
804853
804854
804855
804856
804857
18425
804858
804859
804860
804861
804862
804863
804864
804865
804866
804867
804868
804869
280581
804870
804871
804872
804873
804874
804875
804876
804877
804878
804879
280591
804880
804881
804882
804883
804884
804885
804886
804887
804888
804889
804890
804891
804893
18461
804894
804895
804896
804897
804898
804899
804900
804901
804902
804903
804904
804905
804906
804907
804908
804909
804910
804911
804912
804913
804914
804915
804916
804917
804918
804919
804920
804921
804922
804923
804924
804925
804926
804927
804928
804929
804930
804931
804932
804933
804934
804935
804936
804943
804947
804950
804951
804952
804953
804955
804956
804958
804959
804964
804969
804975
804979
804980
804982
18562
805009
805014
805015
805023
18602
805039
18611
18612
805060
805063
805075
805088
805095
805108
805114
805116
280830
805119
805133
280853
805150
805156
805161
805165
805168
805175
805197
805199
805213
805217
805228
805229
805230
805232
805233
805240
805242
805245
805248
805251
805253
805254
805256
805261
805262
805269
805275
805279
805281
280996
805286
805287
805288
805289
805290
805291
805292
805293
805294
805295
805296
805297
805298
805299
805300
805301
805302
805303
805304
805305
805306
805307
805314
805315
805316
805317
805318
805319
805320
805321
805322
805323
805324
805325
805326
805327
805328
805329
805330
805331
805332
805333
805334
805335
805336
805340
805341
805342
805343
805344
805345
805346
805347
805348
805350
805352
805353
805354
805355
805356
805359
805361
805362
805365
805366
805368
805370
805371
805372
805373
805374
805376
805380
805382
805383
805384
805386
805387
805388
805389
805390
805391
805392
805393
805394
805395
805396
805397
805398
805401
805404
805406
805409
805411
805412
805414
805416
805418
805421
281134
805423
805426
805427
805428
805431
805433
805436
805437
805439
805441
805442
805444
805447
805449
805452
805454
805456
805457
805458
805460
805461
805462
805463
805465
805466
805467
805468
805469
805470
281182
805472
805473
805474
281186
805475
805476
805477
805479
805480
805482
805483
281195
805485
805487
805489
805490
805491
805492
805493
805495
805496
805497
805499
805501
805503
805504
805505
805508
805510
805511
805513
805515
805516
805518
805519
805520
805521
805523
805524
805526
805527
805529
805531
805532
805534
805535
805536
805537
281249
805539
805540
805542
805543
805544
805545
805546
805547
805548
805549
805551
805552
805553
805554
805555
805558
805560
805562
805563
805564
805565
805566
805567
805569
805570
805572
805573
805574
805577
805578
805580
805581
805583
805584
805586
805587
805588
805589
805590
805592
805593
805594
805595
805596
805598
805599
805600
805601
805603
805605
805606
805607
805608
805609
805611
805612
805613
805614
805615
805616
805617
805618
805619
805620
805621
805623
805625
805626
805628
805629
805631
805633
805635
805637
805639
805640
805641
805643
805644
805645
805646
805647
281359
805648
805649
805650
805651
805652
805653
805654
805655
805656
805657
805658
805659
805660
805661
805662
805663
805664
805665
805666
805667
805668
805669
805670
805671
805672
805673
805674
805675
805676
805677
805678
805679
805680
805681
805682
805683
805684
805685
805686
805687
805688
805689
805690
805691
805692
805693
805694
805695
805696
281408
805697
281409
805698
805699
805700
805701
805702
805703
805704
805705
805706
805707
805708
805709
805710
805711
805712
805713
805714
805715
805716
805717
805718
805719
805720
805721
805722
805723
805724
805725
805726
805727
805728
805729
805730
805731
805732
805733
805734
805735
805736
805737
805738
805739
805740
805741
805742
805743
805744
805745
805746
805747
805748
805749
805750
805751
805753
805754
805755
805756
805757
805758
805759
805760
805761
805762
805763
805764
805765
805766
805767
805768
805769
805770
805773
805774
19342
805775
805776
805777
281489
805778
805779
805780
805781
281493
805782
805783
805784
805785
805786
805787
805788
805789
805790
805791
805792
805793
805794
805795
805796
805797
805798
805799
805800
805801
805802
805803
805804
805805
805806
805807
805808
805809
805810
805811
805812
805813
805814
805815
805816
805817
805818
805819
805820
805821
805822
805823
805824
805825
805826
19394
805827
805828
805829
805830
805831
805832
805833
805834
805835
805836
805837
805838
805839
805847
805854
805855
805857
805862
805873
805875
805876
805885
805894
805901
805905
805908
805910
805913
805915
805921
805923
805928
805944
281657
805947
805948
805953
805954
805957
281675
805977
805981
805982
805985
805986
805988
805989
805994
805996
806007
806012
806013
806018
806019
806027
806028
806032
806038
19606
806042
806045
806049
806050
806053
806059
806061
806064
806076
806082
806088
806091
806094
281813
806115
806125
806126
806127
806128
806129
806135
806137
806140
806142
806143
806145
806146
281861
806152
281865
806154
806156
806157
806162
806163
806171
806173
806175
806176
806177
806178
806179
806180
806181
806182
806183
806184
806185
806186
806187
806191
806194
806195
806196
806197
806198
806199
806200
806201
806202
806203
806204
806205
806206
806209
806210
806212
806213
806214
281926
806215
806216
806217
806218
806219
806220
806221
806223
806225
19793
806228
806232
806233
806234
806235
806236
806237
806238
806239
806240
806241
806243
806244
281956
806247
806248
806249
806253
806254
806255
806257
806262
806264
806267
806269
806270
806272
806273
806274
806276
281989
806278
806280
806283
806285
806286
806288
806291
806293
806295
806296
806297
806298
806302
806303
806308
806310
806312
806313
806314
806315
806316
806317
806318
806319
806321
806323
806324
806326
806327
806328
806329
806331
806332
806334
806335
806336
806338
806339
806343
806344
806346
806347
806348
806350
806351
806352
806353
806354
806355
806358
806359
806360
806361
806362
806363
806366
282078
806367
806368
806369
806370
806372
806373
806375
806376
806377
806378
806380
806382
806383
806385
806386
806387
806388
806389
806390
806393
806395
806396
806397
806398
806399
806400
806402
806403
806405
806406
806408
806409
282121
806411
806413
19981
806415
806416
806417
806422
806424
806426
806427
806429
806430
806432
806434
806435
806436
806437
806438
806442
806445
806446
20017
806451
806452
806454
806457
806459
806460
806461
806464
806466
806469
806472
282185
806474
282186
806476
806478
806479
806481
806482
806484
806485
806486
806487
806489
806490
806491
806494
806495
806496
806497
806498
806499
20067
806501
806502
20070
806504
806505
20073
806506
806507
806508
806510
20078
806511
806512
806513
806515
806516
806517
806520
806521
806522
806523
806525
806526
806527
806528
806530
806531
806532
806533
806534
806535
806536
806537
20105
806538
806540
806541
806542
282254
806543
806546
806547
806548
806550
20119
806552
806553
806554
806557
806558
806559
806560
806561
806562
806564
806565
806566
806567
806568
806569
806570
806571
806572
806573
806574
806575
806576
806577
806578
806579
806580
806581
806582
806583
806584
806585
806586
806587
806589
806590
806591
806592
806593
806594
806595
806596
806597
806598
806601
806602
806603
806604
806605
806606
806607
806608
806609
806610
806611
806612
806613
806614
806615
806616
806617
806618
806619
806620
806621
806622
282334
806623
806624
806625
806626
806628
806629
806630
806631
806632
806633
20201
806634
806636
806637
806638
806639
806640
806643
806644
806645
806646
282358
806647
806648
806649
806650
806651
806652
806653
806654
806655
806656
806657
806658
806659
806660
806661
806662
806663
806664
20232
806665
806666
806667
806669
806670
806671
806672
806674
806675
806676
806677
806678
20246
806679
806680
806681
806683
806684
806685
806686
806687
806688
806689
806690
806691
806692
806693
806694
806696
806697
806698
806699
806701
806702
806703
806704
806705
806706
806707
806708
806709
806710
806711
806712
806713
806720
806721
282434
806725
806731
20300
806733
806735
806736
806737
806738
806739
806741
806746
806748
806751
282464
806754
806756
806757
806760
806761
282473
806762
806763
806773
806781
806782
806787
806790
806798
806806
20374
806810
806822
806825
806826
806828
806831
806832
806833
806838
806839
806842
282554
20413
806853
806854
806856
20438
806872
806873
806875
806886
806887
806893
806897
806902
806905
806906
806911
806918
806925
806928
806937
806943
806949
282661
806960
20530
806965
806969
806971
806975
806977
806987
20558
806995
806996
806998
807002
807004
807005
807006
807014
807017
807027
807029
20597
807030
807033
807036
807038
807039
807049
807050
807051
807052
807053
807054
807055
807056
807057
807058
807059
807060
807061
807062
807063
807064
807065
807066
807067
807068
807069
807070
807071
807079
807080
807081
807082
807083
807084
807085
807086
807087
807088
807089
807090
20658
807091
807092
807093
807094
807095
807096
807100
807101
807102
807103
807104
807105
807106
807107
807108
807109
807110
807111
807112
807113
807114
807115
807116
807117
807118
807119
807120
807121
807122
807123
807124
807125
807126
807128
807129
807131
807132
807133
807134
20702
807136
807138
807139
807140
807142
807144
807146
807151
807154
807156
807157
807158
807159
807160
807161
807162
807163
807164
807165
807166
807167
807168
807169
807170
807171
807173
807174
807175
807177
807178
807179
807180
807181
807183
807184
807185
807186
807188
807191
807192
807193
807194
807196
807197
807199
807200
807204
807205
807206
807208
807211
807212
807213
807214
807215
807218
807220
807221
807222
807228
807229
807230
807231
807234
807235
807236
807237
807238
807240
807242
807245
807246
807247
807248
807250
807252
807253
807254
807255
807256
807257
807258
807259
807260
20828
807262
807264
807266
807268
807269
807270
807271
807272
807273
807275
807276
807277
807278
807279
807280
807283
807284
20852
807286
807287
807288
807289
807291
807292
807293
807296
807298
807300
807301
807302
807303
807304
807305
807307
807309
807310
807311
807312
20880
807313
20881
807314
807315
807316
807317
807322
807324
807327
807328
807329
807330
807331
807335
807336
807337
807338
807340
807345
807347
807348
807349
20918
807352
807355
807356
807357
807358
807359
807360
807362
807363
807364
807365
807366
807367
807370
807371
807372
807373
807374
807375
807376
807377
807380
807381
807382
807383
807384
807385
807386
807388
807390
807392
807394
807396
20964
807397
807398
20966
807399
20967
807400
807401
807402
807403
20971
807404
807405
807406
807407
807408
20976
807409
807410
807412
20980
807413
20981
807414
807415
807416
807417
807418
807420
20988
807421
807422
807424
807425
807426
807428
807429
807431
807434
807436
807439
807441
807442
807443
807446
807448
807451
807452
807453
807454
807456
807458
807459
807460
807461
807462
807463
807464
807465
807466
807467
807468
807469
807471
807473
283185
807474
807475
807478
807479
807480
807481
807482
807483
807484
807485
807486
807487
807488
807489
807491
807493
807494
807495
807496
807497
807498
807499
807500
807501
807502
807503
807504
807505
807506
807507
807508
807509
21077
807510
807511
807512
21080
807513
807514
807515
807517
807518
807519
807520
807521
807522
807523
807524
807526
807527
807528
807530
807531
807532
807533
807534
807535
807537
807540
807542
807543
807544
807545
807546
807547
807548
807549
807550
807551
807552
807553
807554
807555
807556
807557
807558
807559
807560
807561
807562
807563
807565
807566
807567
807568
807569
807570
807571
807572
807573
807574
807575
807576
807577
807578
807579
807580
807583
807584
807585
807586
807587
807588
807589
807590
807591
807592
807593
807594
807595
807596
807597
807598
807599
283311
807600
807601
807602
807603
807604
807605
807606
807607
807609
807610
807611
807612
807613
807614
807615
807616
807617
807618
807619
807620
807621
807622
807623
807624
807625
807626
807627
21195
807628
807629
807630
807632
807633
21201
807637
807639
807643
807645
21215
807651
807652
807654
807658
807660
807663
807665
807682
807693
21264
807700
807708
807717
807722
807729
807754
807760
807765
807768
807770
807776
807778
807779
807784
807795
21367
807801
807804
807809
807811
807813
807821
807825
807828
807829
807846
807848
807850
807856
807857
807859
807865
807870
807874
807875
807877
807887
807895
807896
807898
807906
21476
807916
807917
807918
807925
807927
807930
807931
807933
807935
807941
807944
807950
807951
807952
807959
807961
807967
807968
807969
807971
807972
807974
807975
807977
807978
807979
807981
807982
807984
807985
807987
807988
807989
807991
807992
807994
807995
807997
807998
807999
808011
808012
808013
808018
808021
808024
808025
808026
808027
808028
808029
808030
808031
808033
808034
808040
808041
808042
808043
808044
808046
808047
808048
808049
21617
808051
808054
808055
808056
808057
21626
808059
808060
808061
808063
808064
808065
808066
808067
21635
808068
808070
808071
808072
808075
808076
808078
808079
808080
808083
808085
808088
808090
808092
808093
808094
808095
808096
808098
808100
808101
808102
808103
808106
808107
808108
808109
808112
21681
808114
808117
808119
808122
808124
808127
21695
808129
808132
808133
808136
808138
808139
808140
808141
808143
808144
808145
808146
808147
21715
808149
808150
808151
808152
808153
808154
808155
21723
808156
808159
808161
808163
808164
808165
808166
808167
808168
808170
808172
808173
808175
808177
808179
808182
808184
808187
808188
808191
808192
808194
808195
808196
808200
808201
808202
808204
808205
808207
808208
808211
21779
808213
808216
808218
808221
808223
808224
808226
808227
808230
808232
808233
808234
808236
808238
808240
21809
808242
808244
808246
808247
808248
808250
808251
808252
808254
808258
808259
808260
808261
808263
808265
808267
808268
808269
808271
808272
808274
808277
808279
808280
808282
808284
808285
808287
808288
284001
808291
21859
808293
808296
808297
808298
808299
808300
808302
808303
808305
808306
808307
808310
808311
808312
808313
808315
808316
808317
808318
808320
808321
808323
808324
808325
808326
808327
808328
808329
808330
808331
808333
808335
808336
808337
808338
808340
808342
808343
808345
808346
808347
808348
808349
808351
808352
808353
808354
808355
808356
808357
808358
808365
21936
808369
808372
808373
808374
808375
808377
808378
808380
808381
808386
808391
808397
808401
808402
808404
808431
808436
808437
808445
808461
808482
808485
22056
808497
22067
808510
808517
808530
808536
808538
808541
808555
808572
808578
808583
808587
808590
808597
22169
22171
808619
808621
808635
808639
808650
808651
808652
808654
808655
808662
808664
808667
808670
808673
808675
808676
808678
808683
808684
808691
808697
808701
808703
808708
808709
808710
808711
808712
808713
808714
808715
808716
808717
808718
808719
808720
808721
808728
808729
808730
808731
808732
808733
808734
808735
808736
808737
808738
808739
808740
808741
808742
808746
808747
808748
808749
808750
808751
808752
808753
808754
808755
808757
808758
808759
808761
808764
808765
808766
808767
808768
808771
808772
808773
808774
808776
808778
808781
808782
808784
808786
808787
808789
808791
808792
808793
808794
808795
808798
22366
808799
22367
808801
808803
808805
808806
808808
808809
808810
808811
808812
808813
808814
808815
808819
808821
808824
808827
808829
808831
808832
808834
808835
808837
808840
808841
808842
808844
808845
808846
808847
808850
808852
808853
808855
808856
808857
808858
808860
808863
808866
808868
808870
808873
808875
808878
808880
808882
808884
808886
808887
808888
808889
808890
808891
808892
808893
808894
808895
808896
808897
808899
808901
808903
808906
808908
808911
808913
808916
808918
808920
808923
808925
808928
808929
808931
808932
808933
808935
808936
808938
808940
808942
808943
808944
808947
808948
808949
808950
808952
808953
808954
808955
808957
808959
808961
808963
808964
808965
808966
808967
808968
808969
808970
808972
808974
808975
808977
808980
808982
808983
808984
808985
808986
808987
808988
808989
808990
808991
808992
808994
808995
808996
808997
809000
809001
809003
809005
809006
809007
809008
809009
809010
809011
809012
809013
809021
809028
809029
809031
809036
809047
809049
809050
809059
809068
809075
809079
809082
809084
809087
809089
809095
809097
809102
809118
809121
809122
809127
809128
809131
284859
809151
809155
809156
809159
809160
809162
809163
809168
809170
809181
809186
809187
809192
809193
809201
809202
809206
809212
809216
809219
809223
809224
809227
809233
809235
809238
809250
809256
22826
22827
809262
809265
809268
22847
22849
809289
809299
809300
809301
809302
809303
809309
809311
809314
809316
809317
809319
809320
809326
809328
809330
809331
809336
809337
809345
809348
809349
809350
809351
809352
809353
809357
809360
809361
809362
809363
809364
809365
809366
809369
809370
809372
809373
809374
809375
809376
809377
809378
809379
809381
809383
809386
809390
809391
809392
809393
809394
809398
809402
809403
809404
809409
809412
809418
809419
809421
809423
809428
809429
809430
809431
809433
809436
809438
809443
809445
809447
809448
809449
809451
23020
809453
809455
809459
809460
809466
23035
809470
809473
809475
809477
809479
809480
809481
809483
809485
809488
809489
809490
809491
809492
809493
809494
809495
809496
809498
809500
809501
809503
809504
809506
809507
809510
809511
23079
809512
809513
809514
809516
809517
809520
809521
809522
809525
809527
809530
809532
809533
809535
809537
809539
809540
285253
809543
809544
809545
809546
809549
809550
809551
809552
809553
809554
809555
809558
809560
809563
809565
809568
809569
809570
809571
809573
809574
809576
809577
809580
809582
809585
809586
809588
809592
809593
809594
809595
809597
809598
809599
809600
809601
809603
809605
809607
809610
809611
809614
809615
809617
809618
809619
23187
809620
809622
809624
809625
809626
809627
809629
809631
809632
809634
809635
23204
809637
809639
809641
809642
809644
809646
809647
809649
809651
809653
809654
809655
809656
809657
809658
809660
809661
809668
809669
23239
809673
23241
809679
809681
809683
809684
809685
809686
809687
809689
809694
809696
809699
809702
809704
809705
809708
809709
809710
809711
23286
809721
809729
809730
809735
809738
809746
809754
809758
809770
809773
809774
809776
809779
809780
809781
809786
809787
809790
809801
809802
809804
809820
809821
809823
23393
285539
285545
809834
809835
23405
809841
809845
809850
809853
809854
809859
809866
23438
809873
809876
23451
809885
23453
809891
809897
23466
23475
809908
23476
809913
809917
809919
809923
809925
809935
809943
809944
809946
809950
809952
809953
809954
809962
809965
809975
809977
809978
809981
809984
809986
809987
809997
809998
809999
810000
810001
810002
810003
810004
810005
810006
810007
810008
810016
810017
810018
810019
810020
810021
810022
810023
810024
810025
810029
810030
810031
810032
810033
810034
810035
810036
23604
810037
810038
810039
810040
810041
810042
810043
810045
810046
810048
810049
810051
810053
810055
810057
285769
810059
810064
23634
810067
810069
810070
810071
810072
810073
810074
810075
810076
810077
810078
810080
810082
810083
810084
810085
810089
810090
810092
810095
810096
810097
810101
810102
810103
810106
810108
810109
810110
810111
810113
810115
810116
810118
810120
810121
810122
810123
810124
810125
810129
810130
810131
810134
810136
810141
810144
810145
810147
810148
810149
810152
810154
810155
810156
810157
810158
810161
810162
810163
810164
810165
810166
810168
810170
810172
810174
810175
810176
810177
810179
810181
810182
810184
810185
810186
810188
810189
810190
810192
810193
810195
810196
810198
810199
810200
810201
810203
810207
810209
810211
810212
810214
810215
810216
810218
810220
23788
810221
810223
810225
810226
810227
810229
810230
810231
810232
810233
810235
810236
810238
810239
810240
810243
810245
810246
810247
810249
810252
810256
810258
810260
810261
810263
810265
810267
810268
810271
810273
810275
810277
810280
810282
810284
810285
810287
810288
810289
810290
810291
810292
810296
810298
810299
810301
810303
810305
810307
810309
810311
810312
810313
810316
810318
810321
810323
810324
810326
810327
810329
810332
810333
810335
810336
810338
810339
810340
810341
810343
810344
810348
810350
810354
810356
810362
810363
810365
810369
810371
810374
810376
810393
810404
810411
810419
810428
810433
810440
810465
810471
810476
810479
810481
810487
810489
810490
810495
810506
810512
810515
810520
810522
810524
286237
810532
810536
810539
810540
810557
810559
810561
24130
24131
24132
810567
810568
24136
810570
286285
810576
810581
810585
810586
810588
810598
810606
810607
810609
810617
810627
810628
810629
810636
810638
810641
810642
810644
810646
810652
810655
810666
810668
810694
810697
810701
810702
810712
810713
810715
810716
810717
810720
810722
810725
810728
810729
810734
810735
810739
810758
810761
810764
810765
810770
810775
24344
810781
810785
810786
810788
810815
810820
810821
810829
286553
810845
810866
810869
810881
810894
810901
810914
810920
810922
810925
810939
810956
810962
810967
810971
810974
810981
286695
24553
811003
811005
811019
811023
811034
811035
811036
811038
811039
811046
811048
811051
811054
811057
811059
811060
811062
811067
811068
811075
811081
811085
811087
286813
811104
811106
811107
811109
811115
811118
811120
811122
811123
811132
811134
24731
811172
811174
811175
24744
24745
811184
811193
811200
24769
811204
811207
811209
811212
811214
811220
811222
811227
811243
811246
811247
811252
811253
811256
811276
811280
811281
811284
811285
286998
811287
811288
811293
811295
811306
811311
811312
811317
811318
811326
811327
811331
24900
811337
811341
811344
811348
811349
811352
811358
811360
811363
811375
811381
811387
811390
811393
287123
811414
24990
811424
811425
811426
811427
811428
811434
811436
811439
811441
811442
811444
811445
811451
811453
811455
811456
811461
811462
811470
811480
811481
811483
811486
811488
811491
811495
811499
811508
811520
811521
811533
811534
811538
811545
811556
811557
811559
811561
811570
811575
811581
811583
811585
811586
811591
811601
811604
811606
811607
811610
811611
811612
811613
811623
811631
811632
811637
811640
811648
811656
25224
811660
811672
811675
811676
811678
811681
811682
811683
811688
811689
811692
811703
811704
811706
811722
811723
811725
25299
811736
811737
811743
811747
811752
811755
811756
811761
811768
287484
811775
811778
811787
811793
811799
811810
811815
811819
811821
811825
811827
811837
811845
811846
811848
811852
287565
811854
811855
811856
811864
25433
811867
811877
811879
811880
811883
811886
811888
811889
811911
811915
811916
811917
811919
811921
811923
811926
811931
811934
811939
811945
811950
811951
811952
811956
811959
811974
811976
811978
811985
812019
812021
812025
25595
812032
812049
812060
812067
812075
812084
812089
812096
812121
812127
812132
812135
812137
812143
812145
812146
812151
25719
25721
812162
25731
812168
812171
812176
812178
25746
812180
812188
812192
812195
812196
812213
812215
812217
812223
812224
812226
812232
812237
812241
812242
812244
812254
812262
812263
812265
812273
812283
812284
812285
812292
812294
812297
812298
812300
812302
25875
812308
812311
25897
25939
812374
25947
25956
812393
812422
812430
26033
26043
812486
812522
812524
26154
812619
812628
812630
26200
812636
812644
26224
26231
288401
812690
812691
812693
26265
26268
812704
812705
812706
812707
812708
812725
812726
812727
812744
26331
812775
26369
26378
812827
812831
26402
812835
812845
812847
26421
26424
26429
812866
26434
26437
812871
812873
26466
26497
812943
812944
813011
813012
813014
813015
813039
813040
813047
26617
813057
26627
813065
813069
26644
26651
26652
288807
813143
813181
813217
813233
813254
813278
813286
813297
813320
813321
813341
813345
813346
813348
813349
813352
813354
813369
813376
813382
813386
813421
813423
813427
813429
813434
813435
813438
813442
813457
813459
813467
813468
813469
813470
813479
813499
289235
813526
813529
813530
813531
813532
813543
27111
813544
813553
813562
27131
813564
813565
813570
813577
813579
813580
813586
813587
813591
813592
813595
813608
813610
813612
27188
813624
289336
27194
813629
813647
813657
27228
813664
813673
813677
813680
813683
813691
813697
813699
813700
813705
813708
813711
813716
813719
813721
813724
813727
813733
813734
813735
813738
813739
813741
813743
813744
813749
813750
813754
813755
813765
813770
813771
813788
813794
813799
813812
813813
813817
813823
813835
813840
27411
813851
27419
27420
813857
27427
27428
813862
813863
813864
27433
813866
813869
813874
813880
813881
813885
813888
813893
813894
813895
813899
813900
813904
813905
813906
813907
813908
813909
813910
813912
813913
27481
813924
813930
813931
813935
813939
813945
813950
813955
813970
289686
813979
813982
813984
813986
813989
813992
27564
814006
814007
814012
814021
814028
814038
27606
27609
814042
814043
814049
814053
814057
27625
814061
27632
814068
814069
814073
814074
814075
814076
814080
814091
814093
814094
814097
814101
814102
814110
814111
814112
814114
814116
814118
814119
814121
814125
814129
814130
814133
814140
814146
814149
814151
814152
814156
814157
814158
814160
814163
814164
814165
814167
814168
814172
27740
814174
814175
814176
814177
814178
814184
814189
814191
27761
814196
27764
27766
814200
814202
814210
27779
814219
814224
814226
814236
814239
27807
814241
27809
814242
27826
27830
814263
814272
814275
814283
814285
814286
814294
814297
814298
814299
290013
814307
814310
27878
814312
814313
814315
814316
814321
814322
814326
814327
814333
814335
814337
814338
814339
814341
814344
814347
814348
814350
814354
814355
27923
814358
814359
814364
814377
814382
814384
814385
814386
814387
814388
814391
814396
814397
814399
814405
814407
814411
814414
814418
814419
814420
814423
814424
814426
814427
814429
814430
814432
28003
814437
814444
814445
814452
814458
814471
814478
814480
814485
814489
28057
814492
814494
814507
814508
814511
814513
814517
814521
28092
814527
28096
814534
28103
814537
814544
28112
814545
28113
814546
814547
814549
814550
814552
814554
814560
814563
814567
814568
814571
814578
814580
814581
814584
814585
814590
814595
814597
28165
814600
814602
814604
814605
28177
814614
814615
814616
814617
814621
814624
814626
814627
814628
814630
814631
814635
814636
814640
814642
814643
814644
814646
814648
814650
814655
814657
814658
814659
814660
814662
814664
814668
814670
814671
814672
814680
814681
814688
28258
814691
814695
814699
814700
814702
28272
814707
814709
814713
814718
814719
814721
814729
814734
814743
28316
814755
28330
28332
814769
814771
28339
814776
28344
814778
814780
814782
814783
28351
28362
28365
28367
814800
28368
814801
814803
814804
814806
28375
814810
28378
814812
814815
814816
814819
814821
28390
814823
814825
814827
814828
814833
814834
814835
814837
814840
814843
814847
814849
814850
814853
814856
814857
814859
814860
814861
814862
814867
814871
814873
814874
814875
814877
814878
814879
814881
814882
814884
814885
814887
814888
814890
814893
814895
814897
814898
814901
814919
814933
814935
814949
814964
814965
290680
814974
814976
814978
814979
814982
814984
814986
28554
814988
28556
814989
814993
814996
814997
814998
814999
815001
815002
815003
815020
815022
815025
815026
815030
815032
815035
815036
815037
815039
815040
815044
815046
815047
815048
815049
815052
815053
815057
815058
815062
815065
815066
815067
815068
815070
815074
815076
815077
815080
815081
815083
815084
815085
815087
815089
815091
815092
815095
28664
815100
815105
815112
815113
815117
815122
815130
815138
815143
815144
815149
815153
815155
815156
815159
815161
815163
28738
815173
28741
815175
815187
815194
815195
815206
815208
815209
815213
815215
815217
815221
815223
815224
815225
815229
815232
815236
815237
815238
815243
815245
815246
815248
815254
815255
815257
815259
815261
815263
815264
815267
815269
815271
815273
815275
815279
815280
815281
815284
815286
815287
815290
815292
815294
815297
815302
28874
815314
815320
815327
815332
815334
815339
815341
28911
815347
815349
28922
28923
815357
815361
815372
815384
815390
815392
815394
815395
815397
815398
815400
815401
815404
815406
815407
28975
815410
815413
815417
815419
815423
815424
815428
815430
815431
815434
815435
815436
815437
815442
815443
29011
815444
815450
815451
815452
815455
815458
815460
815462
815465
815467
815469
815471
815472
815473
815474
815475
815476
815478
815490
815491
815493
815495
815496
815501
815503
815526
29094
815531
815535
815538
815540
815541
815543
815546
29118
815552
815554
815556
815559
815560
815562
815563
815566
815570
815571
815572
815574
815579
815581
29152
815585
815588
815590
815594
815598
815599
29169
815604
291319
815608
815609
815611
815613
815614
815616
815617
815620
815624
29192
815625
29195
815629
29197
815630
815634
815635
815637
29205
815638
815640
815641
29211
815645
29213
815647
815649
815651
815652
29221
815654
815655
815658
815660
815661
815663
815670
291387
815679
815680
815685
815686
815688
815690
815692
815702
815704
815705
815707
815710
29284
815718
815720
29294
815727
815728
815729
815731
29301
815735
815736
815738
815744
815747
815749
815756
815758
815762
815764
815767
815770
815772
815779
815780
815788
815789
815791
815792
815794
815796
29364
815798
815799
815804
815806
815812
815813
815816
815817
815821
815824
815825
815829
815830
815832
815835
815836
815838
815842
815843
815844
815845
815853
815855
815862
815864
815867
815868
815870
815871
815873
815874
815875
815877
815878
815883
815886
291599
815890
815893
815896
815899
815902
815904
815906
815908
815909
815912
815915
29484
815917
815918
815919
815923
29498
29500
815933
815934
815935
815936
29505
815938
815939
815941
29510
815944
815947
29515
29519
815952
815953
815955
815961
815962
815963
815964
815965
815969
815970
815972
815974
815975
815976
815977
815979
815982
815984
815991
29560
815993
815994
815999
816002
816005
816007
816008
816009
816010
816013
816016
816019
816020
816024
816027
816029
816037
816038
816039
816041
816043
816045
816046
816048
816049
816050
816060
816062
29630
816063
816064
816065
816067
816068
816069
816070
816071
816072
291784
816075
816083
816088
29656
29657
816090
816092
816096
816098
816101
816102
816103
816104
29672
816106
816108
816110
816112
816114
29682
29683
816116
816117
816121
816122
816124
816125
816127
816128
816131
816133
816134
816135
816138
816139
816141
816142
816144
816146
816147
816150
816151
29723
816160
816163
816164
816166
816167
816170
816172
816173
816178
816180
816181
816182
29752
816185
816187
816190
816195
29764
816197
816199
816210
816211
816214
816215
816216
816218
29788
29789
816224
816225
29797
816231
816232
816233
816235
816236
816240
816241
29809
816242
29815
816249
816252
816253
816254
816255
816256
816258
816262
816264
816269
816270
816273
29841
816275
816277
816281
29849
816282
29852
816285
816287
816288
816289
816290
816291
816292
816295
816296
816297
816298
816299
29867
816300
816304
816305
816307
816308
816309
816310
816312
816314
816316
816319
816320
816321
816322
816324
29893
816326
816327
29906
816344
816353
816356
816369
29937
292089
816389
816390
816401
816404
816405
29973
816409
292124
29985
816428
29996
816444
816447
816448
816457
816482
30050
816499
816500
816501
816502
816512
816513
816523
816524
816527
816528
816531
816547
816550
816552
816554
816559
816561
816577
816581
292294
816593
816597
816599
816600
816601
816613
816619
816636
816637
30206
816640
30219
30220
30223
816661
816677
816679
816680
816685
816698
816704
816707
816713
816735
816736
816743
816744
816751
816753
816754
292471
30334
816770
816774
816777
816792
816795
816800
816808
816825
816828
30397
816831
816833
816836
30416
816850
816851
30420
816855
816856
816870
30449
816899
816902
816909
816916
30494
30502
816944
816953
816955
816958
816961
816962
30537
816970
816971
816973
816974
816980
816982
816984
816986
816987
816989
816992
816997
817003
817004
817005
817014
817016
817017
817019
817021
817033
817037
817040
817041
817043
817044
30616
817052
817061
817085
817091
817093
30667
817105
817114
817116
817119
817120
817121
817122
817123
817124
817131
817134
817135
817137
817145
817147
817148
817152
817164
817165
817167
817170
817173
817175
817176
817178
817179
817181
817184
817187
817189
817190
817192
817193
817199
817201
817202
817204
817210
817212
817220
817221
817231
817232
817238
817241
817244
817253
817256
817269
817270
817273
817277
817282
817290
817308
817310
817313
817314
817316
817326
817327
817337
817342
817343
817344
817348
817351
817359
817365
817372
817379
817382
817384
817386
817388
817389
817390
817391
817397
817398
817399
817400
817401
817402
817403
817404
817405
817408
817411
817414
817418
817419
817424
817426
817429
817434
817436
817438
817440
817443
817445
817449
817455
817457
817460
817461
817463
817464
817466
817468
817470
817471
817472
817473
817477
817479
817480
817482
817496
817505
817508
817515
817519
817522
817530
817535
817538
817541
31141
293289
817579
817583
817587
817589
817596
817597
817598
293313
817602
817604
817609
817611
817612
817615
817619
817628
817629
817632
817634
817636
817638
817644
817647
817649
817650
817652
817655
817656
817658
817660
817664
817665
817668
817670
817671
817675
817676
817680
817682
817684
817685
817689
817690
817691
817692
817694
817695
817696
817703
817706
817707
817711
817714
817716
817717
817719
817721
817722
817724
817726
817727
817728
817730
817731
817745
817758
817761
817763
817774
817777
817780
817785
817794
817795
817799
817804
817808
817812
817813
817815
817817
817820
817824
817827
817835
817840
817844
817846
817850
817852
817854
817855
817858
817859
817863
817864
817877
817878
817879
817885
817889
817890
817891
817894
817895
817898
817900
817901
817902
817904
817905
817909
817915
817923
817924
817925
817927
817930
817931
817935
817936
817940
817941
817942
817944
817946
817948
817949
817951
817952
817953
817954
817955
817956
817958
817962
817975
817990
817992
817993
817995
817996
818003
818011
818012
818013
818022
818025
818030
293745
818035
818037
818053
818059
818061
818067
818071
818072
293784
818075
818079
818080
818083
818084
818086
818087
818092
818096
818097
818107
818110
818111
818114
818116
818117
818118
818119
818120
818126
818130
818133
818135
818136
818137
818140
818141
818144
818148
818150
818153
818155
818157
818162
818163
818164
818165
818166
818168
818169
818170
818172
818176
818177
818179
818184
818185
818186
818189
818190
818208
818227
293942
818231
818233
818237
818238
818262
818265
293978
818271
31842
818281
818282
818283
818286
818292
818295
818297
818298
818299
818300
818301
818302
818303
818305
818306
818308
31881
818314
818315
818316
818318
818320
818321
818322
818327
818333
818334
818335
818336
818340
818341
818343
818345
818347
818350
818359
818360
818367
818368
818372
818373
818374
818375
818377
818379
818380
818382
818383
818384
818398
818401
818404
818405
818406
818410
818416
818420
818432
818435
818437
818456
818458
294170
818459
818470
818472
818473
818476
818496
818497
818500
818501
818504
818505
818507
818508
818512
818515
818519
818521
818522
818523
818527
818529
818531
818533
818537
818538
818540
818542
818543
818544
818549
818555
818559
818561
818565
818567
818568
818570
818572
818582
818587
818593
818595
32167
818600
818602
818606
818608
818611
818615
818616
818618
818619
818620
818634
818635
818644
818645
818648
818649
818656
818658
818662
818666
818669
818671
818673
818676
818680
818681
818685
818689
818690
818691
818692
818696
818698
818702
818703
818704
818705
818706
818709
32277
818711
818713
818715
818719
818723
818724
818727
818732
818736
818737
818740
818742
818743
818747
818750
818752
818760
818767
818773
818780
818781
818782
818785
818789
818801
818807
818817
818820
818824
818829
818831
818832
818835
818837
818838
818839
818840
818845
818846
818847
818852
818854
818860
818861
818862
818864
818865
818867
818868
818870
818871
818872
818875
818876
818878
818879
818882
818884
818886
818889
818893
818897
818898
818901
818904
818909
818911
818920
818924
818932
818934
818941
818943
32513
818955
294672
818964
818971
818978
818980
818983
294698
818989
818992
819001
819002
819003
819006
819007
819008
819009
819011
819012
819019
819020
819021
819023
819024
819025
819026
819032
819034
819040
819041
819046
819052
819053
819054
819055
819056
819057
819058
819060
819062
819065
819066
819073
819075
819089
819093
819099
819101
819102
819105
819108
819110
819111
819112
819113
819114
819115
819116
819117
819118
819120
819121
819122
819123
819124
819126
819127
819129
819130
819131
819132
819133
819137
819143
32713
819146
819148
819149
819150
819153
819154
819156
819158
819160
819164
32733
819169
819173
819175
819176
819177
819179
819181
819182
819183
819184
819190
819191
819192
819193
819194
819195
819196
819197
819198
819199
819200
819206
819207
819209
819213
819216
819217
819221
819222
819223
819224
819227
819228
819233
819234
819237
819240
819241
819244
819245
819246
819258
819259
819264
819265
819268
819269
819271
819272
819273
819274
819277
819278
819279
819280
819281
819282
819286
819287
819288
819289
819291
819294
819295
819297
819300
819306
819312
819314
819315
819320
819324
819327
819328
819330
819331
819332
819333
819336
819339
819341
819342
819346
819347
819353
819354
819357
32926
819361
819362
819365
819367
819368
819370
819371
819373
819375
819379
819380
819381
819386
819387
819388
819389
819390
819391
819393
819401
819402
819403
819406
819409
819410
819411
819414
819415
819416
819417
819418
819422
819423
819426
819428
819429
819430
819432
819434
819435
819436
819438
819439
819440
819441
819442
819443
819444
819445
819449
819450
819460
819468
819476
819480
819481
819493
819494
819495
819499
819529
819536
819559
819578
819580
819581
819584
819591
819592
819602
819603
819605
819608
819609
819620
819621
819623
819632
819642
819643
819646
819649
819650
33242
819678
819683
819702
819704
819721
819722
819729
819736
819744
819749
819754
819756
819757
33327
819762
819763
33331
819769
819770
33339
819785
819791
819798
819811
819815
819819
819821
819824
819832
819833
819836
819859
819862
819868
819869
819884
819898
819904
819905
819914
819918
819925
819947
819948
819953
819954
819955
819958
819962
819965
819967
819968
819970
819973
819974
819975
819978
819981
819983
819986
819987
819989
819990
819991
819993
819996
819997
820000
820020
820023
820025
820032
820034
820039
820041
820052
820055
820079
820088
820093
820094
820095
820096
820098
820099
820104
820106
820111
820113
820117
820125
820128
820131
820132
820134
33702
820135
820136
820140
820142
820143
820146
820152
820153
820155
820156
820161
820162
820163
820165
820169
820171
820173
820191
820192
820196
820197
820205
820206
820207
820221
820222
820225
820228
820233
820237
820238
820242
820248
820250
820269
820274
820277
820279
820285
820286
820287
820290
820291
820294
820302
820307
820313
820318
820319
820325
820327
820329
820330
820332
820334
820337
820338
820341
820342
820344
820346
820348
820350
820366
820371
820379
820380
820384
820386
820388
820390
820393
33962
820398
820420
820423
820430
820431
820432
820435
820439
820440
820449
820450
820454
820455
820459
820460
820463
820467
820469
820470
820472
820477
820480
820482
820484
820486
820487
820488
820492
820497
820498
820499
820500
820503
820505
820507
820508
820510
820511
820512
820513
820514
820516
820523
820525
820528
820532
820534
820535
820537
820540
820542
820544
820546
820547
296270
820561
820568
820569
820571
820572
820576
820579
820582
820588
820595
820598
820601
820604
820609
820615
820619
820621
820625
820627
820631
820634
820635
820647
820650
820652
820654
820655
820662
820663
820666
820670
820672
820674
820675
820680
820684
820690
820691
820694
820698
820701
820702
820714
820715
820718
820720
820722
820723
820724
820728
820729
820731
820732
820737
820739
820740
820742
820744
820747
820751
820753
820756
820759
820760
820763
820764
34335
820768
820769
820771
820772
820773
820774
820778
820779
820780
820782
820783
820785
34356
820792
296505
820805
820807
820808
820816
820817
820818
820822
820825
820827
34398
820835
820838
820839
820840
820841
820844
820854
820855
820856
820859
820863
820870
820874
820886
820889
820890
820897
820900
820902
820905
820909
820911
820912
820913
820914
820916
820917
820918
820919
820923
820924
820925
820927
820931
820932
820934
820935
820942
820946
820947
820948
820949
820952
820953
820956
820958
820962
820964
820965
820966
820967
820975
820976
820982
820983
820987
820990
820991
820992
820995
821002
821003
821004
821008
821009
821010
821011
821012
821021
821030
821035
821036
821037
821041
821043
821044
821046
34617
821053
821056
821058
821059
821061
821063
821069
821073
821080
821087
821088
821091
821096
821097
821099
821101
821102
821103
821107
821108
821113
821115
821118
821120
821126
821129
821133
821136
821138
821139
821141
821143
821144
821146
821147
821150
821153
821156
821157
821158
821160
821162
821165
821166
821169
34738
821172
821173
821176
821180
821182
821185
821186
821188
821189
821190
821201
821202
821216
821226
821229
821230
821234
821237
821240
821241
821242
821244
821245
821254
821259
821261
821264
821269
821271
821274
821275
821278
821280
821282
821286
821295
821299
821301
821303
821306
821307
821308
821311
821317
821318
821319
821321
821328
821332
821333
821334
821336
821340
821341
821342
821345
821347
821350
34918
821351
821352
821353
821354
821356
821361
821362
821366
821367
821370
821375
821376
821377
821384
821385
821386
821389
821401
821407
34979
821413
821414
821419
821435
821438
821446
821449
821454
821456
821457
821458
821459
821464
821465
821466
821469
821472
821475
821476
821479
821482
821483
821484
821486
821487
821492
821494
821498
821499
821502
821505
821507
821509
821511
821512
821513
821514
821517
821521
821523
821525
821527
821528
821533
821534
821536
821538
821539
821540
821545
821547
821549
821553
821555
821559
821562
821567
821568
821577
821580
821586
821599
821600
35171
821606
821608
821615
821619
821620
821621
821624
821626
821629
821634
821635
821636
821638
821640
821641
821646
821649
821650
821652
821656
821657
821658
821659
821661
821665
821668
821672
821674
821675
821676
821678
821683
821684
821688
821690
821691
821695
821696
821700
821701
821703
821711
821713
821717
821723
821726
821728
821735
821738
821742
821745
821747
821752
821753
821754
821756
821760
821761
821762
821766
821776
821778
821781
821783
35352
821785
821787
821792
821795
821799
821804
821809
821810
821812
821813
821815
821816
821817
821824
821826
821827
821828
821829
821831
821835
821836
821838
821840
821841
821842
821844
821845
821849
821850
821852
821854
821855
821862
821870
821871
821872
821877
821878
821880
821881
821882
821900
821901
821902
821904
821905
821908
821909
821910
821912
821913
821914
821917
821920
821921
821922
821925
821926
821932
821933
821935
821938
821942
821943
821945
821946
821951
821952
821953
821954
821958
821960
821961
821963
821964
821965
821967
821971
821972
821973
821975
821976
821978
821979
821981
821985
821989
821993
821994
821995
821997
821998
822002
822003
822006
822014
822019
822022
35590
822023
822028
822030
822032
822034
822036
35604
822037
822039
822041
822042
822050
822056
822057
822059
822060
822061
822063
822065
822067
822069
822070
822071
822072
822073
822078
822082
822085
822086
822087
822088
822089
822090
822091
822093
822094
822095
822096
822097
822098
822100
822103
822105
822106
822107
822108
822109
822110
822111
822112
822113
822115
822116
822117
822122
822123
822125
822126
822128
822129
822130
822132
822136
822139
822143
822144
822145
822147
822148
822149
822150
822151
822152
822154
822155
822157
822158
822161
822162
822166
822167
822168
822169
822170
822174
822175
822180
822182
822183
35751
822184
822185
822190
822191
822192
822193
822194
822195
822196
822197
822198
822199
822203
822204
822205
822206
822209
822210
822214
822215
822216
822218
822219
822220
35788
822223
822225
822226
822227
822228
822229
822230
822231
822232
822233
822242
822243
822244
822245
822246
35814
822248
822250
822252
822253
822254
822256
822259
822260
822261
822262
35830
822306
822321
822343
35928
822367
822370
35949
822386
822392
822405
822410
822419
822420
822421
822426
822440
298152
822441
822444
822445
822446
822447
822448
822451
822456
822472
822476
36045
822480
822488
822492
822495
822499
822505
822524
822533
822535
822539
822541
36113
822546
822547
822550
822551
822552
822553
822554
822555
822561
822577
822578
822586
822587
822590
822599
822600
822616
822620
822631
822647
822654
822659
822661
822666
822675
822676
822677
822679
822683
822686
822690
822691
822693
822697
822700
822702
822707
822708
36281
822715
822716
822718
822719
822728
822729
822732
822745
822751
822752
822765
822771
822775
822784
36354
822793
822795
822801
822802
822805
822806
36377
822810
822816
822817
822820
822821
822829
822838
822849
822853
822858
822860
822864
822866
822870
822871
822876
822881
822885
822888
822890
822892
822893
822894
822902
822909
822910
822911
822915
822916
822926
822927
822929
822931
822937
36509
822954
822956
822961
822970
822979
822984
822993
822999
823000
823003
823004
823005
823006
823019
823024
823026
823029
823035
823042
823044
823046
823048
823049
823053
823057
823060
823064
36632
823065
823071
823076
823078
823082
823083
823086
823087
823089
823090
823091
823093
823094
823105
823108
823110
823111
823117
823124
823126
823127
823130
823134
823164
823167
823170
823175
823176
823180
36748
823181
823185
823187
823188
823191
823197
823203
823204
36772
823207
823210
823212
823221
823223
823224
823229
823231
823234
36803
823236
823246
823247
823248
36816
823249
823251
823254
823260
823262
823265
36833
823266
823270
823271
823272
823273
823277
823281
823285
823286
823292
823293
823295
823298
823299
823315
823326
823347
823349
823353
823356
823366
823377
823381
823383
823395
823410
823411
823412
823413
823414
823419
823420
823424
823425
823427
823429
823434
823437
823442
823443
823449
823455
823456
823457
823458
823462
823466
37034
823468
823475
823476
823478
823479
823480
823481
37049
823485
823486
823488
823491
823492
823494
823495
823497
823501
823503
37075
823508
823511
823515
823530
823535
823537
823538
823539
823540
823543
823546
823548
823562
823563
823567
823572
823573
823578
823587
823603
823607
823610
823613
823615
823620
823624
823625
823628
823631
823633
823644
823646
823650
823651
823655
823656
823657
823660
823661
823662
823664
823666
823667
823668
823669
823671
823673
823674
823675
823678
823679
823680
823681
823683
823685
823691
823692
823694
823697
823700
823702
823705
823712
823713
823714
823717
823722
823723
37291
823724
823725
823726
823727
823728
823729
37298
823732
823735
823736
37304
823739
823742
823743
823744
823746
823749
823753
823755
823757
823765
823770
823771
823772
823775
37345
823781
823783
823784
823791
823793
823795
37364
823798
823800
823803
37371
37375
823809
823814
823816
823818
823825
823826
823831
823834
823844
823850
823857
823860
823864
823866
823874
823875
823876
823883
823884
823886
823887
823888
823892
823894
823895
823897
823900
823901
823904
823906
823909
37477
823911
823912
823913
823915
823919
823920
823921
823924
823926
823927
823929
823930
823932
823933
823936
823937
823940
823944
823946
823947
823948
823949
823951
823952
823956
823960
823962
823963
823965
823968
823969
823972
823973
823974
823976
823983
823984
823995
823998
824006
824012
824014
824018
824020
824022
37593
299742
824039
824042
824044
824047
824056
824059
824064
824065
824067
824079
824088
824095
824098
824099
824102
824103
824104
824105
824108
824111
824114
824115
824116
824117
824118
824122
824127
824128
824129
824132
824134
824135
824138
824140
824143
824145
824146
824151
824152
824154
824155
824156
824158
824159
37727
824160
824161
824162
824165
824167
824169
824171
824172
824174
824188
824198
824201
824207
824214
824216
824219
824222
824223
824227
824235
824239
824242
824247
824249
824256
824258
824260
824261
824262
824263
824266
824269
824275
824278
824284
824289
824292
824294
824296
37868
824303
824305
824307
824310
824316
824318
824319
824321
824323
824324
824331
824332
824333
824335
824337
824344
824346
824347
824348
824350
824352
824354
824355
824357
824358
824359
824360
824362
824363
824365
824367
824368
824369
824370
824372
824373
824374
824376
824379
824381
824383
824387
824388
824389
824390
824391
824393
824395
824401
824404
824406
824412
824416
824426
824427
824431
38001
38003
824436
38007
824440
824441
824449
824453
824460
824462
824464
824476
300197
824487
824490
824491
824495
824497
824498
824499
824501
824503
38071
824504
824506
824507
824509
824513
824516
824521
824523
824525
824526
824530
824531
824532
824534
824536
824537
824540
824541
824542
824544
824546
824549
824550
824552
824553
824554
824556
824558
824560
824568
824570
824589
824592
824594
824597
824599
824606
824612
824613
824624
824626
824629
824633
824638
824640
824641
824642
824643
824647
824651
824652
824658
824663
824664
824669
824672
824673
824674
824676
824677
824682
824687
824688
824690
824692
824697
824699
824700
824703
824706
824707
824709
824710
824712
824713
38281
824716
824720
824721
824725
824729
824733
824736
824738
824743
824745
824752
824755
300468
824762
824764
824765
824768
824769
824770
824771
824781
824783
824785
824786
824790
38363
824796
824801
824802
824803
824804
824810
38387
824820
824824
824827
824829
38398
824831
824833
824834
824837
824838
824839
824840
824845
824846
824847
824849
824858
824860
824863
824866
38434
824867
824868
824874
38443
824879
824880
824883
824888
824893
824896
824899
824901
824902
824904
824908
824910
824911
824912
824915
824917
300630
824920
824921
824922
824923
824931
824934
824944
824946
824950
824952
824958
824959
824960
824962
824963
824964
824965
824967
824968
824969
38537
824970
824972
824974
824975
824977
824979
824980
824983
824984
824986
824988
824989
824990
824994
824995
824998
825003
825005
825006
825008
825010
825011
825016
825019
825021
825022
825023
825024
825027
38596
825032
825035
825036
825038
825040
825042
825043
825044
825045
825048
825049
825051
825053
825059
38628
825063
825065
825066
825069
825071
825073
825075
825078
825079
825081
825083
825084
825087
825089
825090
825094
825100
825101
825104
825105
825106
825109
825110
825112
825115
38686
825119
825120
825121
825122
825124
825126
825127
825128
825129
825130
825137
825145
825147
825148
825151
825154
825155
825159
825162
825164
825165
825166
825167
825168
825169
825172
825175
825176
825177
825178
825179
825181
825189
825194
825195
825196
825197
825198
38767
825201
825203
825208
825213
825217
825218
825219
825222
825225
825228
825232
825236
825237
825241
825242
825243
825244
825245
825247
825248
825250
825254
825255
825256
825257
825259
825260
825261
825263
825264
825266
825267
825268
825269
825271
825273
38842
825276
825278
825279
825280
825281
825282
825283
825284
825285
825287
825289
825292
825294
825296
825297
825298
825299
825301
825303
825305
825307
825309
825311
825313
825315
825317
825319
825321
825323
825325
825327
825329
825331
825333
825335
825337
825339
825341
825343
825345
825347
825348
825349
825350
825352
825354
825356
825358
825359
825360
825361
825363
825365
825367
825368
825369
825371
38940
825373
825375
825377
825378
825379
825381
825383
825385
825387
825389
825391
825393
825395
825397
825398
825399
825401
825403
825405
825406
825407
825409
825410
825411
825413
825414
825415
825416
825417
825418
825419
825420
825421
825422
825423
825424
825426
825428
825430
825432
825434
825436
825438
825440
825442
825444
825446
825448
825450
825452
825454
825456
825458
825460
825462
825464
825466
825468
39037
825470
825472
39042
39050
39054
825506
825508
825510
825512
825514
825516
825518
825520
825522
825524
825526
825528
825530
825532
825534
825536
825538
825540
825542
39111
825544
825546
825548
825550
825551
825552
825554
825555
825556
825558
825560
825561
825562
825564
825566
825567
825568
825569
825570
825572
825574
825576
825578
825579
825580
825581
825583
825585
825587
825589
825590
825591
825592
825594
825596
825597
825598
825599
825601
825603
825604
825606
825608
39176
825610
825612
825614
825616
825618
825620
825622
39190
825624
825626
825628
301340
825630
825632
825634
825636
825638
825640
825642
825644
825646
825648
825650
825652
825654
825656
825658
825660
825662
825664
825666
825668
825670
825672
825673
825674
825675
825676
825677
825678
825680
825682
825684
825686
825687
825688
825689
825690
825691
825692
825693
825695
39264
825697
825699
825701
825703
825705
825707
825708
825709
825710
825711
825712
825714
825716
825718
825720
825722
825724
825726
825727
825728
825729
825730
39299
39303
825759
825762
825763
825765
825767
825769
825771
825773
825775
825777
825779
825781
825783
825785
825787
825789
825791
825793
825795
825797
825799
825801
825803
825805
825807
825809
825811
825813
825815
825816
825819
825820
825821
825823
825825
825827
825829
825831
39399
825833
825834
825835
825836
825838
825840
825842
825844
825846
825848
825850
825851
825853
825855
825857
825858
825859
825860
825861
825862
825864
825866
825868
825869
825870
825871
825872
825873
825875
825877
825878
825879
825880
825882
825884
825886
825888
825890
825892
825894
825896
825898
825900
825902
825904
825906
825908
825910
825912
825914
825916
825918
825920
825922
825924
825926
825927
825928
39497
825930
825932
825934
825936
825938
825940
825942
825944
825946
825948
825950
825952
825954
825956
825958
825960
825962
825964
825966
825968
825970
825971
825972
825974
825976
825978
825980
825982
825984
825986
825988
825990
825991
825992
825993
825995
825996
39564
825998
825999
826001
826003
39572
826005
826007
826009
826011
826012
826013
826015
826016
826017
826018
826019
826020
826021
826023
826024
826025
826026
826029
826031
826032
826035
826037
826039
826041
826043
826045
826047
826049
826051
826053
826055
826057
826059
39627
826061
826063
826065
826067
826069
826071
826073
826075
826077
826079
826081
826083
39651
826085
826087
826089
826091
826093
826095
826097
826127
826157
826159
826160
826161
826162
826163
826164
826165
826166
826167
826168
826169
826170
826171
826172
826173
826174
826175
826176
826177
826178
826179
826180
826181
826182
826183
826184
826185
826186
826187
826188
826189
826190
826191
826192
826193
826194
826195
826196
826197
826198
826199
826201
826202
826203
826204
826205
826206
826207
826208
826209
826210
826211
826212
826213
826214
826215
826216
826217
826218
826219
826220
826221
826222
826223
826224
826225
826226
826227
826228
826229
826230
826231
826233
826234
39802
826235
826236
826237
826238
826239
826240
826241
826242
826243
826244
826245
826246
826247
39815
826248
826249
826250
826251
826252
826253
826254
826255
826256
826257
826258
826259
301971
826260
826261
826262
826263
826264
826265
826266
826267
826268
826269
826270
826271
826272
826273
826274
826275
826276
826277
826278
826279
826280
826281
826282
826283
826284
826285
826286
826287
826288
826289
826290
826291
826292
826293
826294
826295
826296
826297
826298
826299
826300
826301
826302
826303
826304
826305
826306
826307
826308
826309
826310
826311
826313
826314
826315
826317
826318
826319
826320
826321
826322
826323
826325
826326
826327
826328
826329
826330
826332
826333
826334
826336
826338
826340
826341
39909
826342
826343
826344
826345
826346
826347
826348
826349
826350
826351
826352
826353
39922
826355
39923
826356
826357
826359
826360
826362
826363
826365
826366
39935
826368
826369
826370
826371
826372
826373
826374
826375
826376
826378
826379
826380
826381
826382
826383
826384
826385
826386
826387
826388
826389
826390
826391
826392
826393
826394
826395
826396
826397
826398
826399
39967
826400
826401
826402
826403
826404
826405
826406
826407
826409
826410
826411
826412
826413
826414
826415
826416
826417
826418
826419
826420
826421
826422
826423
826424
826425
826426
826427
826428
826429
826430
826431
826432
826433
826434
826435
826436
826437
826438
826439
826440
826441
826442
826443
826444
826445
826446
826447
826448
826449
826450
826451
826452
826453
826454
826455
826457
826458
826460
40028
826461
826462
826463
826465
826466
302178
826467
826468
826469
826470
826471
826472
826473
826474
826476
826477
826479
826480
826482
826483
826484
826485
826486
826487
826488
826489
826490
826491
826492
826494
826495
826496
826498
826499
826501
826502
826503
826504
826505
826506
826507
826509
826510
826511
826513
826514
40082
826515
826516
826518
826519
826520
826522
826523
826524
826525
826526
826527
826528
826529
826530
826531
826532
826533
826534
826535
826536
826537
826538
826539
826540
826542
826543
826544
826545
826546
826547
826548
826549
826550
826551
826552
826553
826554
826555
40123
826556
826557
826558
826559
826560
826561
826562
826563
826564
826566
826567
826568
826569
826570
826571
826572
826573
826574
826575
826576
826577
826578
826579
826580
826581
826582
826583
826584
826585
826586
826587
826588
826589
826590
826591
826592
826594
826595
826596
826598
826599
826600
826602
826603
826604
826605
826607
826608
826610
826611
826613
826614
826615
826616
826618
826619
826621
826622
826623
826624
826625
826627
826628
826630
826631
826633
826634
826635
826636
826637
826638
826640
826641
826642
826643
826645
826646
826648
826649
826650
826651
826652
826653
826654
826655
826656
826657
826659
826661
826663
826664
40232
826665
826666
826667
826668
826669
826670
826671
826672
826673
826675
826676
826677
826678
826680
826681
826682
826683
826684
826686
826687
826688
826689
826690
826692
826693
826694
826695
826696
826697
826698
826699
826700
826702
826703
826704
826705
826707
826708
826709
826710
826711
826713
826714
826715
826716
826717
826718
826719
826720
826721
826722
40290
826723
826724
826725
826726
826727
826728
826729
826730
826731
826732
826733
826734
826735
826736
826737
826738
826739
826740
826741
826742
826743
826744
826745
826746
826747
826748
826749
826751
826752
826753
826754
826755
826757
826758
826760
826761
826762
826764
826765
826767
826768
826769
826771
826772
40341
826774
826775
826777
826778
826779
826780
826781
826782
826783
826785
826786
826788
826789
826791
826792
826794
826795
826796
826797
826799
826800
826801
826802
826803
826804
826805
826806
826807
826808
40376
826809
826810
826811
826813
826814
826816
826817
826818
826819
826820
826821
826822
826823
826824
826825
826826
826827
826829
826830
826831
826832
826833
826834
826835
826836
826837
826838
826839
826840
826841
826842
826843
826844
826845
826846
826847
826848
826849
826850
826852
826853
826854
826855
826856
826857
826858
826859
826860
826861
826862
826864
826865
302577
826866
826867
826868
826869
826870
826871
826872
826873
826874
826875
826876
826877
826878
826879
826880
826882
302594
826883
826884
826885
826886
826887
826888
826889
826890
826891
826892
826893
826894
826895
826896
826897
826898
826899
826900
826901
40469
826902
826903
826904
826905
826906
826907
826908
826910
826911
826913
826914
826915
826916
826918
826919
826920
826922
826923
826925
826926
826927
826928
826929
826931
826932
826933
826934
826936
826937
826938
826939
826940
826941
826942
826944
826945
826946
302658
826947
826949
826950
826953
826954
826956
826957
826959
826960
826962
826963
826964
826965
826966
826968
826969
826970
826971
826972
826973
826975
826976
826978
826979
826981
826982
826984
826986
826987
826988
826990
826991
826992
826993
826994
826995
826996
826997
826999
827000
827001
827002
827004
827005
827006
827007
302719
827009
827010
827011
827012
827013
827015
827016
827017
827019
827020
827021
827022
827023
827024
827026
827027
827028
827030
827031
827032
827033
827034
827035
827036
827037
827038
827039
40607
827040
827041
827043
827044
827045
827047
827049
827050
827051
827052
827053
827054
827055
827057
827058
827059
827060
40628
827061
827062
827063
827064
827065
827066
827067
827068
827069
827070
827071
827072
827073
827074
827075
827077
827078
827079
827080
827081
302793
827082
827083
827084
827085
827086
40655
827088
827089
827090
827091
827092
827093
827094
827095
827096
827097
827098
827099
827100
827102
827103
827104
827105
827107
827108
827109
827111
827112
827113
827114
827115
827116
827117
827118
827119
827120
827121
827122
827124
827125
827126
827127
827128
827129
827130
827131
827132
827133
827134
827135
827136
827137
827138
827139
827140
827141
827142
827143
827144
827145
827146
827147
827148
827149
827150
827151
827152
827153
827154
827155
302867
827156
827158
827159
827160
827161
827162
827163
827164
827165
827166
827167
827168
827170
827171
827172
827173
827174
827175
827177
827178
827179
827180
827181
827182
827184
827185
827186
827187
827188
827189
827190
827191
827193
827194
40762
827195
827197
827198
827199
827200
827202
827203
827204
827205
827207
827208
827209
827210
827211
827213
827214
827215
827217
827219
827220
827222
827223
827224
827225
827226
827227
827228
827229
827230
827232
827233
40802
827235
827236
827238
827239
827241
827242
827243
827244
827245
827246
827247
827248
827249
827250
827252
40820
302964
827253
827254
827255
827256
827257
827258
827259
827260
827261
827262
827263
827264
827265
827266
827267
827269
827270
827272
827273
827275
827276
827277
827278
827279
827280
827281
827282
827283
827285
827286
827287
827288
827289
827291
827292
827294
827296
827297
827299
827300
827301
827302
827303
827304
827305
827306
827307
827308
827309
827310
827311
827312
827313
827314
827315
827316
827317
827318
827319
40887
827321
827322
827323
827324
827325
827327
827328
827329
827330
827331
827332
827333
827334
827335
827336
827337
827338
827339
827340
827341
827342
827343
827344
827345
827346
827347
827348
827350
827351
827353
827354
827355
827356
827357
827358
827359
827360
827361
827363
827364
827366
827367
827368
827369
827370
827371
827372
827373
827375
40943
827376
827377
827378
827379
827380
827381
827382
827383
827384
827385
827386
827387
827388
827389
827391
827392
827393
827394
827395
827396
827397
827398
827399
827400
827401
827402
827403
827404
827405
827406
40974
827407
827408
827409
827410
827411
827412
827413
827414
827415
827416
827417
827419
827420
827421
827422
827424
827425
827426
827428
827429
827430
827431
827432
827433
827434
303147
827436
827437
827439
827440
827442
827443
827445
827446
827448
827449
827450
827451
827452
827453
827455
827456
827458
827459
827461
827462
827464
827465
827466
827467
827468
41036
827469
827470
827472
827473
827475
827476
827477
827478
827479
827481
827482
827484
827485
827486
827487
827488
303200
827489
827491
827492
827494
827495
827497
827498
827500
827501
827502
827504
827505
827506
827507
827508
827509
827511
827512
827513
827515
827516
827517
827518
827520
827521
41089
827522
827523
827524
827525
827526
827528
827529
827530
827531
827533
827534
827536
827537
827538
827539
827541
827542
827544
827545
827546
827547
827548
827549
827551
827552
827553
827554
827555
827557
827558
827559
827560
827561
827562
41130
827563
827564
827565
827566
827567
827568
827569
827570
827572
827573
827574
827575
827576
827577
827578
827579
827580
827581
827582
827583
827584
827585
827586
827587
827588
827589
827590
827591
827592
827593
41161
827594
827595
827596
827597
827598
827599
827600
827601
827602
827603
827604
827605
827606
827607
827608
827609
827610
827611
827612
827614
827615
827616
827617
827619
827620
827621
827622
827624
827626
827627
827628
827629
827630
827632
827633
827634
827635
827636
827637
827638
827639
827640
827641
827642
827643
827644
827645
827646
827647
827648
827649
827650
827651
827652
827654
827655
827656
827658
827659
827661
827662
827664
827665
827666
827668
827669
827670
41238
827671
827672
827674
827675
827676
827677
827678
827679
827680
827682
827683
827684
827685
827686
827688
827689
827690
827691
827693
827694
827695
827696
827697
827698
827699
827700
827701
827702
827703
827704
827705
827706
827707
827708
827709
827710
827711
827713
827714
827715
827716
827717
827718
827719
827720
827721
827723
827724
827725
827726
827727
827729
827730
827732
827733
827734
827736
827737
827739
827740
827741
827743
827744
827745
827746
827747
827748
827749
827750
827751
827753
827754
827755
827756
827757
827758
827759
827760
827761
41329
827762
827764
827765
827766
41334
827767
827768
827769
41337
827771
827773
827774
827776
827777
827778
827779
827780
827781
827782
827783
827784
827785
827787
827788
827789
303501
827790
827792
827794
827795
827796
827798
827799
827800
41368
827801
827802
827803
827805
827806
827807
827808
827809
827810
827811
827812
41381
827814
827815
827816
827817
827818
827819
827820
827821
827822
827823
827824
827825
827827
827828
41396
827829
827830
827831
827832
827833
827834
827835
827836
827837
827839
827840
827841
827842
827843
827844
827845
827846
827848
827849
827850
827851
827853
827854
827855
827856
827857
827858
827859
827860
827861
827862
827863
827864
827865
827866
827867
827868
827869
827871
827872
827873
827874
827875
827877
827878
827879
827880
827881
827882
827883
41451
827884
827885
827886
827888
827890
827891
303603
827893
827894
827896
827897
827898
827900
827902
827903
827905
827906
827907
827908
827909
827910
827911
827912
827913
827914
827915
827917
827919
827920
827922
827923
41492
827925
827926
827928
827929
827931
827932
827933
827934
827936
827937
827938
827939
827940
827941
827942
827943
827944
827946
827947
827948
827949
827950
827951
827952
827954
827955
827957
827958
827960
827961
827962
827963
827964
41532
827965
827966
827967
827968
827969
827970
827972
827973
827974
827975
827977
827978
827979
827980
827981
827982
827983
827984
827985
827986
827987
827988
827989
41558
827991
827993
41561
827994
827996
827997
827998
827999
828000
828001
828002
41570
828003
828004
828005
828006
828008
828009
828010
828011
828012
828013
828014
828016
828017
828018
828019
828020
828021
828023
828024
828025
828026
828027
828028
828030
828031
828032
828033
828034
828035
303747
828036
828037
828038
828039
828040
828041
828042
828043
828044
828046
828048
828049
828050
828051
828052
828053
828054
828055
828056
828057
828058
828059
828060
828061
41630
828063
828064
828065
828066
828067
828068
828069
828070
828071
828072
828073
828074
828075
828076
828077
828078
828079
828080
828081
303793
828082
828083
828084
828086
828087
828089
828090
828091
41659
828092
828093
828094
828095
828096
828097
828098
828099
828101
828103
828105
828106
828108
828109
828111
828112
828114
828115
828117
828118
828119
828120
828121
828122
828124
828125
41693
828127
828128
828129
828131
828132
828133
828135
828136
828137
828138
828139
828140
828141
828143
828144
828145
828147
828148
828149
828150
828151
828152
828153
828154
828155
828156
828157
41725
828159
828161
828162
41730
828163
828164
828165
828166
828167
828169
828170
828171
828172
828173
828174
828175
828176
828177
828178
828179
828180
828181
828182
828183
828184
828185
828186
828187
828188
828189
828190
828192
828193
828194
828195
828196
828197
828198
828199
828200
828201
828202
828203
828204
828205
828207
828208
828209
828210
828212
828213
41781
828214
828215
828216
828217
828218
828219
828220
828221
828222
828224
828225
828226
828227
828228
828229
828230
828231
828232
828234
828235
303947
828236
828237
828238
828239
828240
828241
828242
828243
828244
828245
828247
828248
828249
828250
828251
828253
828254
828255
828256
41824
828257
828258
828259
828260
828261
828262
828263
828264
828265
828266
41834
828267
828268
828270
828271
828272
828273
828274
828275
828276
828278
828280
41848
828281
828283
828284
828286
828287
828288
41857
828290
828292
828293
828294
828295
828296
828298
828299
828301
828302
828304
828305
828307
828308
828309
828311
828313
828314
828316
828317
828318
828319
828320
41888
828321
828322
828323
828324
828325
828327
828328
828330
828331
828332
828333
828334
828335
828336
828337
828338
828339
828341
828342
828343
828344
828345
828347
828348
828349
828350
828352
828353
828354
828355
828356
828357
828358
828359
828360
828361
828362
828363
828364
828365
828366
828368
828369
828370
828371
828372
828373
828374
828375
41943
828376
828377
828378
828379
828380
828381
828382
828384
828385
828386
828387
828388
828389
828390
828391
828392
828393
828394
828395
828397
828398
828399
828400
828401
828402
828403
828404
828405
828406
828407
828408
828409
828410
828411
828412
828413
828414
828415
828416
828417
828418
828419
828420
828421
828422
828424
828425
828426
828427
828428
828429
828430
828431
828433
828434
828435
42003
828436
42004
828438
828439
828440
828441
828442
828444
828446
828447
828448
828449
828450
828451
828452
828453
828454
304166
828455
828456
828457
828458
828459
42027
828460
828462
828463
828464
828465
828466
828467
828469
828471
828472
828474
828475
828476
828477
828479
828480
828482
828483
828485
828486
828487
828488
828490
828491
828492
828493
828495
828496
828497
828498
828499
828501
828502
828503
828505
828506
828508
828509
828510
828511
828512
828513
828515
828516
828518
828519
828520
828521
828522
828524
828525
828527
828528
828530
828531
828532
828533
828534
42102
828535
828536
828537
828538
828539
828540
828541
828542
828543
828544
828545
42113
828546
828547
828549
828550
828552
828553
828554
828555
828556
828557
828558
828559
828560
828561
828562
828563
828564
828565
828566
828568
828569
828570
828571
828572
828573
828574
828576
828577
828578
828579
828580
828581
828582
828583
828584
828585
828586
828588
828589
828590
828591
828592
828593
828595
828596
828597
828598
828600
42168
828601
828602
828603
828604
828606
828607
828608
828609
828610
828611
828612
828613
828614
828615
828616
828617
828618
828619
828620
828621
828622
828623
828624
828625
828626
828627
828628
828629
828630
828631
828632
828633
828634
828635
828636
42204
828637
828638
828639
828641
828642
828644
828645
828647
828649
828650
828651
828653
828654
828656
828657
828658
828659
828661
828662
828663
828664
828665
828667
828669
828670
42238
828672
828673
828674
828676
828677
828679
828680
828681
828682
828684
828685
828686
828687
828688
828689
828691
828692
828693
828694
828695
828696
42264
828697
828698
828699
828701
828702
828703
828704
828705
828706
828708
828709
828710
828711
828712
828713
828714
828715
828716
828717
828718
828719
828720
828721
828722
828723
828724
828725
828727
828728
828729
828730
828731
828733
828734
828735
828736
828737
828738
828739
828740
828741
42309
828742
828743
828745
828746
828747
828748
828749
828751
828752
828753
828754
828756
828757
828758
828759
828760
828761
828762
828763
828764
828766
828767
828768
828769
828770
828771
828772
828773
828774
828775
828776
828777
828778
828779
828780
828781
828782
828783
828784
828785
42353
828786
828787
828788
828789
828790
828791
828792
828793
828794
828795
828796
828797
828799
828800
828801
828802
828803
828805
828807
828808
828809
828811
828813
828814
42383
828816
828817
828818
828819
828820
828821
828822
828823
828824
828826
828827
828828
828829
828830
828831
828833
828834
828835
828836
828837
828838
828839
828840
828841
828842
828844
828845
828846
828847
828848
42416
828849
828851
828852
828853
828854
828855
828856
828857
828858
828859
828860
828861
828862
828863
828864
828865
828866
828867
828868
828870
828871
828872
828873
828874
828877
828879
42447
828880
828881
828882
828883
828885
828886
828888
828889
828890
828891
828892
828893
828894
828895
828896
828897
828899
828901
828902
828903
828904
828905
828906
828907
828908
828909
828910
828911
828912
828914
42482
828915
828916
828917
828918
828919
828920
828921
828922
828923
828924
828925
828926
828928
828929
828930
828931
828932
828933
828934
828936
828937
828939
42507
828940
828941
828942
828943
828944
828945
828946
828947
828948
828949
828950
828951
828952
828953
828954
828956
828958
42526
828959
828960
828961
828963
828965
828966
828967
828968
304680
828970
828972
828973
828974
828975
828977
828978
828979
828980
828981
828982
828983
828984
828985
828986
828987
828988
828989
828990
42558
828991
828992
828993
828994
828995
828996
828997
828998
828999
829000
829002
829003
829004
829005
829006
829007
829008
829009
829010
829011
829013
829015
829016
829018
829019
829020
829021
829022
829023
829025
829027
829028
829029
829030
829031
829032
829033
829034
829035
829037
829038
829039
829040
829041
829042
829043
829044
829045
829046
829047
829048
829049
829050
829051
829052
829053
829054
829055
829056
829057
829058
829059
829060
829061
829062
829064
829065
829067
829068
829069
829070
829071
829072
304785
829074
42642
829075
829076
42644
829078
829079
829080
829082
829083
829084
829085
829086
829087
829088
829089
829090
829091
829092
829093
829094
829095
829096
829097
829098
829099
829100
829101
829103
829104
829105
829106
829108
829109
829110
829111
829112
829113
829115
829116
829117
829118
829119
829120
829122
829123
829124
829125
829126
829128
829129
829130
829131
829133
829134
829135
829136
829137
829138
829139
829140
829141
42709
829142
829144
829145
829146
829147
829148
829150
829151
829152
42720
829153
829154
829155
829156
829157
829158
829159
829160
829161
829162
829163
829164
829165
829166
829168
829169
829170
829171
829172
829173
829174
829176
829177
829179
829180
829181
829183
829184
829185
829187
829188
829189
829190
829191
829192
829193
829194
829195
829196
829197
829198
829199
829200
829201
829202
829203
829205
829206
829208
829209
829210
829212
829213
829214
829215
829216
829217
829218
829219
829220
829221
829222
829223
829224
829225
829226
829227
829228
829229
829230
829232
829233
829234
829235
829236
829237
829238
829239
829240
829241
829242
829243
829244
829245
829246
829247
829248
829249
829250
829251
829252
829253
829254
829255
829256
829257
829258
829259
829261
829263
42831
829264
829265
829266
829267
829268
829269
829271
829272
829273
829274
42842
829275
829276
829277
829279
829280
829281
829282
829283
829284
829285
829286
829287
829288
829289
829290
829291
829292
829293
829294
42862
829295
829296
829297
829298
829299
42867
829300
829301
829302
829303
829304
829305
829306
829307
829308
829309
829310
829311
829313
829314
829315
829317
829318
829320
829321
829323
829324
829326
829327
829328
829329
829330
829331
829332
829333
829334
829335
829336
829337
829339
829340
829341
829342
829343
829344
829345
829346
829347
829348
829349
829350
829351
42919
829352
829353
829354
829355
829356
829357
829358
829359
829360
829361
829362
829363
829364
829365
829367
829368
829369
829370
829371
829372
829373
829374
829375
829376
829377
829378
829379
829380
829381
42949
829383
829384
829385
829387
829388
829389
829390
829391
829392
829393
829395
829396
829397
829398
829399
829400
829401
829402
829403
829404
829405
829406
829407
829408
829409
829410
829411
829412
829413
829414
829415
829416
829417
829418
829419
829420
829421
829422
829423
829424
829425
829426
829427
829428
829429
829430
829431
829432
829433
829434
829435
829436
829437
829438
829439
829440
829441
829442
829443
829444
829445
829446
829447
829448
829449
829450
829451
829452
829453
829454
829455
829456
829457
829458
829459
829460
829461
829462
829463
829464
43032
829466
829467
829468
829469
829470
829471
829472
829473
829474
829475
829476
829477
829478
829479
829480
829481
829482
829483
829484
829485
829486
829488
829489
829491
829492
829493
829494
829495
829496
829497
829499
829501
829502
829504
829505
829507
829508
829509
829510
829511
829512
829513
829515
829517
829518
829520
829521
829523
829524
829526
829527
829528
829530
829531
829532
829533
829534
829536
829537
829538
829540
829541
829542
829543
829544
829545
829546
829547
829548
829549
829550
829551
829552
829553
829554
829555
829556
43124
829557
829558
829559
829560
829561
829562
829563
829564
829565
829567
829568
829569
829570
829571
829572
829573
829574
829575
829576
829577
829578
829579
829580
829581
829583
829584
829585
829586
829587
829588
829589
829590
829591
829592
829593
829594
829595
829596
829597
829598
829599
829600
829601
829602
829603
829604
829605
829606
829607
829608
829609
829610
829611
829612
829613
829614
829615
829616
829617
829618
829619
829620
829621
829622
829623
829624
829625
829626
829627
829628
829629
829630
829631
829632
829633
829634
829635
829636
829637
829638
829639
829640
829641
829642
829643
829644
829645
829646
829647
829648
829649
829650
829651
829652
829653
829654
829655
829656
829657
829658
829659
829660
829661
829662
829663
829664
43232
829666
829667
829668
829669
829670
829671
43239
829672
829674
829675
829676
829677
829679
829680
829681
829682
829683
43251
829685
43253
829686
829687
829688
829690
829691
829692
829693
829694
829695
829696
829697
829699
829700
829702
829703
829704
829706
829707
829708
829709
829710
829711
829712
829714
829715
829716
829717
829718
829719
829720
829722
829723
829725
829726
829727
829728
829729
829730
829731
829732
829734
829735
829737
829738
829739
829740
43308
829741
829742
829743
829744
43312
829745
829746
829747
829748
829749
829750
829751
829752
829753
829754
829755
829756
829758
43326
829759
829760
829761
829762
829763
829764
829765
829766
829767
829768
829769
829770
829771
829773
829774
829775
829776
829778
829779
829780
829781
829782
829783
829784
829786
829787
829788
829789
829790
829791
829792
829793
829794
829795
829796
829797
829798
829799
829800
43368
829801
829802
829803
829804
829805
829806
829807
829808
829809
829810
829811
829812
829813
829814
829815
829816
829817
829818
829819
829820
829821
829822
829823
829824
829825
829826
829827
829828
829829
829830
829831
829832
829833
829834
829835
43403
829836
829837
829838
829839
829840
829842
829843
829844
829845
829847
43415
829848
829850
829851
829853
829854
829856
829857
829859
829860
829861
829862
829863
43432
829865
829866
829867
829869
829870
829872
43440
829873
829875
829876
829878
829879
829880
829881
829883
829884
829885
829886
829888
829889
829890
829892
829893
829894
829895
829896
829897
829898
829899
43467
829900
829901
829902
43470
829903
829904
829905
829906
829907
829909
829910
829911
829912
829913
829914
829915
829916
829917
829918
829919
829921
829922
829923
829924
829925
829926
829927
829928
829929
829931
43499
829932
829934
829935
829936
829937
829938
829939
829940
829942
829943
829944
829945
829946
829947
829948
829949
829950
829951
829952
829953
829954
829955
829957
829958
829959
829961
829962
829963
829964
829965
829966
829967
829968
829969
829970
829971
829973
829974
829975
829976
829977
829978
829979
829980
829981
829982
829983
829984
829986
829987
829988
43556
829989
829990
829992
829993
829994
829995
829996
829997
829998
829999
830000
830001
830002
830003
830004
830005
830006
830007
830008
830009
830010
43578
830011
830012
830013
830014
830015
830016
43584
830017
830018
830019
830020
830021
830023
830024
830025
305737
43594
830027
830028
830030
830031
830033
830034
830036
830037
830039
830040
830042
830043
830045
830046
830047
830048
830050
830051
830053
830054
830056
830057
830059
830060
830062
830063
830065
43633
830066
830068
830069
830070
830071
830073
830074
830075
830076
830077
830078
830080
830081
830082
830083
830084
830085
830086
830087
830088
830089
830090
830091
830093
830094
830095
830096
830098
830099
830100
830101
830102
830103
830104
830105
43673
830106
830107
830108
830110
830111
830113
830114
830115
830116
830117
830118
830119
830121
830122
830124
830125
830126
830128
830129
830131
830132
830133
830134
830136
830137
830139
830140
830141
830142
830143
830144
830145
830147
830148
830149
830150
830151
830152
830153
830154
830155
830156
830157
830158
830159
830160
830161
830162
830163
830164
830165
830166
830167
830168
830169
830170
830171
830172
43740
830173
830174
830175
830176
830177
830178
830179
830180
830181
830182
830183
830185
830186
830187
830188
830189
830190
830191
830192
830193
830194
830195
830196
830198
830199
830200
830201
830202
830203
830204
830205
830206
830207
830208
830209
830210
830211
830212
830213
830214
830215
830216
830218
830219
830220
830221
830222
830223
830224
830225
830226
830227
830228
830230
43798
830231
830233
830234
830236
830237
830238
830240
830241
830243
830244
830245
830246
830247
830248
830250
830251
830253
830254
830256
830257
830259
830260
830261
830262
830264
830265
830266
830267
830268
830270
830271
830273
830274
830276
830277
830279
830280
830282
830283
830284
305996
830285
830287
830288
830289
830290
830292
830293
830294
830296
830297
830298
830299
830300
830301
830303
830304
830305
830306
830307
830308
830309
830310
830311
830312
830313
830315
830316
830317
830319
830320
830321
43889
830322
830323
830324
830325
830326
830327
830328
830329
830330
830332
830333
830335
830336
830338
43906
830339
43907
830340
830342
830343
830344
830345
830346
830347
830348
830349
830350
830351
830352
830353
43921
830354
43922
830355
830356
830357
830359
830360
43928
830361
830362
830363
830364
43932
830365
830366
830368
830369
830370
830372
830373
830374
830375
830376
830377
830378
830379
830380
830381
830382
830383
830384
830385
830386
830387
306099
830388
830389
830390
830391
830392
830393
830394
830395
830396
830397
830398
830399
830400
830401
830402
830403
830404
830405
830406
830407
830408
830409
830410
830411
830413
830414
830416
830417
830418
830419
830420
830422
830423
830424
830425
830426
830427
830428
830429
830430
830431
830433
830434
830435
830436
830437
830438
830439
830440
830441
830442
830443
830444
830445
830446
44014
830447
830448
830449
830450
830451
830452
830453
830454
830455
830456
830457
830458
830459
830460
830461
830462
830463
830464
830466
830467
830468
830469
830470
830471
830472
830473
44041
830474
830475
830476
830477
830478
830479
44047
830480
44048
830481
830482
830484
830485
830486
830487
830489
830490
830491
830492
830493
830494
830496
830497
830499
830500
44068
830501
830502
830503
830504
830506
830507
830509
830510
830511
830512
830513
830514
830515
830516
830518
830519
830521
830522
830524
830525
830526
830527
830528
830529
830530
830532
830533
830535
830536
830538
830539
830541
830542
830544
830545
830547
830548
830550
830551
830553
830554
830555
830556
830557
830558
830560
830561
830563
830564
830565
830566
830567
830569
830570
830571
830573
830574
830576
830577
830578
830579
830580
830581
44149
830582
830583
830585
830586
830588
830589
830590
830591
830592
830593
830594
830595
830596
830598
830599
830600
830601
830602
830603
830604
830605
830606
830607
830608
830609
830610
830611
830612
830613
830614
830615
830616
830618
44186
830619
830620
830622
830624
830625
830626
830627
830628
830629
830630
830631
830632
830633
830634
830635
830636
44204
830637
830638
830639
44207
830640
830642
830643
830644
830645
830646
830647
830648
830649
830650
830652
830653
830654
830655
830657
830658
830659
830660
830662
830663
830664
830665
830666
44234
830667
830668
830669
44237
830670
830671
830672
830673
830674
830675
830676
830678
830679
830680
830681
830682
830683
830684
830685
830686
830687
830688
830689
830690
830691
830692
830694
830695
830696
830697
830698
830700
830701
830702
830703
830704
830705
830706
830707
830708
830710
830711
830712
830713
830714
830715
830716
830717
830718
830719
830720
830721
830722
830723
830724
830725
830726
830727
830728
830729
830731
830732
830734
830735
830737
830738
830739
830740
830741
830742
830743
830744
830745
830746
830747
44316
830749
830750
830751
830752
830753
830754
830755
830757
830758
830760
830761
830763
830764
830766
830767
830768
830769
830770
830771
830772
830773
830775
830776
830778
830779
830780
830781
830782
830783
830785
830786
830787
830788
830789
830790
830791
830792
830794
830795
830796
830797
830799
830800
830801
830802
830803
830804
830805
830806
830807
830808
830809
830810
830811
830812
830814
830815
830817
830818
830819
830820
830821
830822
830823
830824
830826
830827
830828
830829
830830
830831
830832
830834
830835
830836
830838
830839
830841
830842
830843
830844
830845
830847
830848
830849
830850
830851
830853
830854
830855
830856
830857
830858
830859
830860
830861
44429
830862
830863
830864
830865
830866
830867
830868
830869
830870
830871
830872
830873
830874
830875
830876
830878
830879
830881
830882
830884
830885
830886
44454
830888
830889
830890
830891
830892
44460
830893
830894
830895
830896
830897
830898
830899
830901
830902
830903
830904
830905
830907
830908
44476
830909
830910
830911
830912
830913
830914
830915
830917
830918
830919
830920
830921
830922
830923
830924
830925
830926
830928
830929
830930
830931
830932
830933
830934
830935
830936
830937
830938
830939
830940
830941
830942
830943
44511
830944
830945
830946
830947
830948
830949
830950
830951
830952
830953
830954
830955
830956
830957
830958
830959
830961
830962
830963
830964
830965
830966
830967
830968
830969
830970
830971
830972
830974
830975
830976
830977
830979
830980
44549
830982
830983
830985
830986
830987
830988
830989
830991
830992
830994
830995
830996
830997
830999
831000
831001
831002
831003
831004
831005
831006
831007
831009
831011
831012
831014
831015
831016
831018
831019
831021
831022
831024
831025
831026
831027
831028
831030
831031
831032
831033
831035
831036
831037
831038
831040
831041
831042
831043
831044
831045
831046
831047
831049
831050
831051
831053
831054
831055
831056
831057
831058
831059
831060
831061
831063
831064
831065
831066
831067
831068
44636
831069
831070
831071
831073
831074
831075
831076
44644
831077
831078
831079
831080
831081
831083
831085
831086
831087
831088
831090
831091
831092
831093
831094
831095
831096
831097
831098
831099
831100
831101
831102
831103
831104
831106
831107
831109
831110
831111
831112
831113
831114
831115
831116
831117
44685
831118
831119
831120
831121
831122
831123
831124
831125
831126
831127
831128
831129
831130
831131
831132
831133
831134
831136
831137
831138
831139
831141
831142
831143
831144
831145
831146
831147
831148
831149
831150
831151
831152
831153
831154
831156
831157
831158
831160
831161
831162
831163
831164
831165
831166
831167
831168
831169
831170
831171
831172
831173
44741
831174
831176
831177
831178
831179
831180
831181
831182
831183
831185
831186
831187
831189
831190
831192
831193
831195
831196
831197
831198
831199
831200
831201
831202
831203
831204
831205
831207
831208
831210
831211
44780
831213
831215
831216
831217
831218
831219
831221
831222
831223
831224
831226
831227
831228
831229
831230
831231
831232
831234
831235
831236
831237
831238
831240
831241
831242
831243
831244
831245
831246
831247
831248
831249
831250
831251
831252
831254
831255
831257
831258
831259
831260
831261
831262
831263
831264
831265
831266
831267
831268
831269
831270
831271
831272
831273
831274
44842
831275
831276
831277
831279
831280
831281
831282
831283
831284
831285
831286
831287
831289
831290
831291
831292
831293
831294
831295
44863
831296
831297
831298
831299
831300
831301
831302
831303
831304
44872
831305
831306
831307
831308
831310
831311
831312
831314
831315
831316
831317
831318
831319
831320
831321
831322
831323
44891
831324
831325
831326
831327
831328
831329
831330
831331
831333
831334
831336
831337
831338
831339
831340
831341
831342
831343
831344
831345
831346
831347
831348
831349
831350
831351
831352
831353
44921
831354
831355
831356
831357
831358
831359
831360
831361
831362
831363
831364
831365
831366
831367
831368
831369
831370
831371
831373
831374
831375
831377
831378
831379
831380
831381
831382
831384
831385
831387
831388
831389
831390
831391
831393
831394
831396
831397
831398
831400
831401
831402
831403
831404
831406
831407
831409
831410
831411
831412
831413
831415
831416
831417
831419
831420
831421
831422
831423
831425
831426
831428
831429
831430
831431
831432
831434
831436
831437
831439
831440
831441
831442
831443
831444
831445
831447
831448
831450
831451
831452
831453
831454
831455
831456
831457
831458
831459
831460
831461
831462
831464
831465
831467
831468
831470
831471
831473
831474
831475
831477
831478
831479
831480
831481
831482
831483
831484
45053
831485
831486
831487
831488
831489
831490
831491
831492
831493
831494
831495
831496
831497
831498
831499
831500
831501
831502
831503
831504
831505
831506
831507
831508
831510
831511
831512
831513
831515
831517
831518
831519
831520
831521
831522
831523
831524
831525
831526
831527
831528
831529
831530
831531
831532
831533
831534
831535
831536
831537
831538
831539
831540
831541
831542
831543
831544
831545
831546
831548
831549
831550
831551
831552
45121
831553
831554
831556
831557
831559
831560
831561
831562
831563
831564
831565
831566
831568
831570
831571
831572
831573
831574
831576
831577
831579
831581
831582
831583
831584
831585
831586
831587
831588
831589
831590
831591
831592
831593
831595
831596
831598
831599
831600
831601
831602
831603
831604
831606
831607
831608
831610
831611
831612
831613
831615
831616
831618
831619
831620
831621
831623
831624
831625
831626
831627
831628
831629
831631
831632
831633
831634
831635
831636
831637
831638
831639
831640
831641
831642
831643
831644
831645
831646
831647
831648
831649
831650
831651
45220
831653
45222
831655
831656
831657
831658
831659
831660
831661
831662
831664
831665
831666
831667
831669
45238
831670
831671
831672
831673
831674
831675
831676
831677
831679
831680
831681
831682
831683
831684
831685
831686
45255
831687
831688
831689
831690
831691
831692
831693
831694
831695
831696
45265
831697
831698
831699
831700
831701
831702
831703
831704
831705
831706
831707
831708
831709
831710
831711
831712
831713
831714
831715
831716
831717
831718
831720
45289
831721
831722
831723
831724
831725
831726
831727
831728
831729
831730
831731
831732
831734
831735
831736
831737
831738
831739
831741
831742
45311
831743
831744
831746
831747
831748
831749
831751
831753
831754
831755
831756
831757
831758
831760
831761
831762
831763
831764
831765
831766
831768
831769
831770
831771
831773
831775
831776
831777
831779
831780
831781
831782
831783
831784
45353
831785
831786
831788
831789
831790
831791
831792
831793
831795
831796
831797
831798
831800
831801
831802
831804
831805
831806
831808
831809
831811
831812
831813
831814
831815
831816
831817
831819
831820
831821
831822
831823
831824
831825
831826
831827
831828
831829
831830
831831
831833
831834
831835
831836
831837
831838
831839
831840
831841
831842
831843
831844
831845
831846
831847
831848
831849
831851
831852
831853
831854
831855
831856
831857
831858
831859
831860
831861
831862
831863
831864
831866
831867
831868
831870
831871
831872
831873
831874
831875
831876
831877
831878
831879
831880
831881
831882
831884
831885
831886
831887
831888
831889
831890
831891
831892
831893
831894
831895
831896
831897
45466
831898
831899
831900
831901
831903
831904
831905
831906
831907
831908
831909
831911
831912
831913
831914
831915
831916
831917
831918
831920
831921
831922
831923
831925
831927
831928
831930
831931
831932
831934
831935
831936
831938
831939
831940
831942
831943
831944
831945
831946
831948
831949
831950
831951
831952
831954
831955
831956
831957
831958
831959
831960
831961
831962
831963
831964
831965
831967
831968
831969
831970
831971
831972
831973
831974
831975
831976
831978
831979
831980
831981
831982
831983
831984
831985
831986
831987
831989
831990
831991
831992
831993
45563
831995
831996
831997
831998
831999
832000
832001
832002
832003
832004
832005
832006
832007
832008
832009
832010
832012
832013
832014
832015
832016
832017
832018
832020
832022
832023
832024
832025
832026
832027
832028
832030
832031
832032
832033
832034
832035
832036
832037
832038
832039
832040
832041
832042
832043
832044
832046
45615
832048
832049
832050
832051
832052
832053
832054
832055
832056
832057
832059
45629
832061
832062
832063
832064
832065
832066
832067
832068
832069
832070
832072
832073
832074
832075
832076
832077
832078
832079
832080
832081
832082
832083
832085
832086
832087
832088
832089
832090
832091
832092
832093
832094
832095
832096
832097
832098
832099
832100
832101
832102
832103
832104
832105
832106
832107
832108
832109
832110
832111
832112
832113
832114
832115
832116
832117
832119
832120
832121
832122
832124
832125
832126
832127
832129
832130
832131
832132
832133
832134
832136
832137
832138
832140
832142
832144
832145
832146
832147
832148
832149
45718
832150
832151
832153
832155
832156
832157
832158
832159
832160
832161
832162
832163
832164
832165
832166
832167
832168
832169
832170
832172
832173
832174
832175
832176
832177
832178
45747
832179
832180
832181
832182
832183
832184
832186
832187
832189
832190
832191
45760
832192
832193
832194
832195
832197
832198
832199
832200
832201
832203
832204
832205
832206
832207
832208
832209
832210
832211
832212
832214
832215
832216
832217
832218
832219
832220
832221
832222
832223
832224
832225
832227
832228
832229
832230
832231
832232
832233
832235
832236
832237
832238
832239
832240
832241
832242
832243
832244
832245
832246
832248
832249
832251
832252
832253
832254
832255
832256
832257
832258
832259
832260
832261
832262
832263
832264
832265
307978
832266
832267
832268
832270
832271
832272
832273
832274
832275
832276
832277
832278
832279
832280
832281
832282
832283
832284
832285
45854
832286
832287
832288
832289
832290
832291
832292
832294
832295
832296
832297
832298
832299
832301
832302
832303
832304
832305
832306
832308
832309
832311
832312
45881
832313
832314
832315
832316
832317
832318
832319
832320
832321
832322
832323
832324
832325
832326
832327
832328
832329
832330
832331
832333
832334
832336
832337
832338
832339
832340
832341
832342
832343
832344
832345
832346
832347
45916
832349
832351
832352
832353
832354
832355
832356
832357
832358
832359
832360
832361
832362
832363
832364
832365
832366
832367
832369
832370
832371
832372
832373
832374
832375
832376
832377
832378
832379
832380
308093
832381
832382
832383
832384
832385
832386
832387
832388
832389
832390
832391
832392
832393
832394
832395
832396
832397
45966
832398
832399
832400
832401
832402
832403
832404
832405
832406
832407
45976
832408
832409
832410
832411
832412
45981
832413
832414
832415
832416
832417
832418
832419
832420
832421
832422
832423
832424
832425
832426
832427
832428
832429
832431
832433
832434
832435
832436
832437
832438
832439
832440
832441
832443
46012
832444
832445
832446
832447
832448
832449
832450
46019
832451
832452
832453
832454
832455
832456
46025
832457
832458
832459
832460
832462
832463
832464
832465
832466
832467
832468
832469
832470
832471
832472
832474
832475
832477
832478
46047
832479
832480
832481
832482
832483
832485
832487
832488
832489
832490
832491
832492
832493
832494
832495
832496
832497
832498
832499
832500
832501
832502
832503
832504
832505
832506
832507
832508
832509
832510
832511
832512
832513
832515
832516
832517
832518
832519
832520
832521
832522
832523
832524
832525
832526
832527
832528
832529
832530
832531
832532
832533
832534
832535
832536
832537
832538
832539
832540
832541
46110
46111
832543
832544
832545
832546
832547
832548
832549
832550
832551
832552
832553
832554
832555
832556
832557
832558
832559
832560
832561
832562
832563
832564
832565
832567
832568
832570
832571
832572
46141
832573
832574
832575
832576
832578
832580
832581
832582
832583
832584
832585
832586
832587
832588
832589
832591
832592
832593
832595
832597
832598
832599
832601
832602
832603
832604
832605
832606
832607
832608
832609
832610
832611
832612
832613
832614
832615
832616
832618
832619
832620
832621
832622
832623
832624
832625
832626
832627
832628
832629
832630
832631
832632
832633
832634
832635
832636
832637
832638
832639
832640
832641
832642
832643
832644
832645
832646
832647
832648
832649
832650
832651
832652
832653
832654
832655
832656
832657
832658
832659
832660
832661
46230
832662
832663
832664
832665
832666
832667
832668
832669
832670
832671
832672
832673
832674
832675
832676
832677
832678
832679
832680
46249
832681
832682
832683
46252
832684
832685
832686
46256
832688
832689
832690
832691
832692
832693
832694
832695
832696
832697
832698
832699
832700
832701
832702
832703
308416
832704
832705
46274
832706
832707
832708
832709
832710
832711
832712
832713
832715
832716
832718
832719
832720
832721
832723
832724
832725
832727
832728
832729
832730
832731
832732
832733
832735
832736
832737
832738
832739
832740
832741
832742
832743
832744
832745
832746
832747
832748
832750
832751
832753
832754
832755
832756
832757
832758
832759
832760
832761
832762
832763
832764
832765
832766
832767
832768
832769
832770
832771
832772
832773
832774
832775
832776
832777
832778
308491
832779
832780
832782
832783
832785
832786
832787
308500
832788
832789
832790
832792
832793
832794
832795
832796
832798
832799
832800
832801
832803
832804
832805
832806
832807
832808
832809
832810
832811
832812
832813
832814
832815
832816
832817
832818
832819
832820
832822
832823
832824
832825
832826
832827
832828
832829
46398
832830
832831
832832
832833
832834
832835
832836
832837
832838
832839
832840
832841
832842
832843
832844
832845
832846
832847
832848
832849
832850
832851
832852
832853
46422
832855
832856
832858
832859
832860
832861
832862
832864
832865
832866
832868
832869
832871
832872
832874
832875
832877
832878
46447
832879
832880
832882
832884
832885
832886
832887
832888
832889
832890
832891
832892
832894
832895
832896
832898
832899
832901
832902
832904
832905
832906
832907
832908
832909
832910
832911
832913
832914
832915
832916
832917
832918
832919
832920
46489
832921
832922
832923
832924
832925
832926
832927
832928
832929
832930
832931
832932
832934
832935
832936
832937
832938
832939
832940
832941
832942
832943
832944
832945
832946
832947
832949
832951
46520
832952
832953
832954
832955
832956
832957
832958
832959
832960
832962
832963
832964
832965
832966
832967
832968
832969
832970
832971
832972
832973
832974
46543
832975
832976
832977
832979
832980
832981
832982
832983
832984
832985
832986
46555
832987
832988
832989
832990
832991
832992
832993
832994
832995
832996
832997
832998
832999
833000
833001
833002
833003
833004
833005
833006
833007
833008
833009
833011
833012
46582
833014
833015
833016
833017
833018
833019
833020
833021
833022
833023
833025
833026
833028
833029
833031
833032
833033
833035
833036
833038
833039
46608
833041
833043
833045
833046
833048
833049
833050
833051
833052
833053
833054
833056
833057
833058
833059
833060
833061
833062
833063
833064
833065
833067
833068
833070
833071
833072
46642
833074
833075
833077
833078
833079
833080
833081
833082
833083
833085
833086
833087
833088
833089
833090
833091
833092
833094
833095
833096
833097
833098
833100
833101
833102
833103
833104
833105
833106
833107
833108
833109
833110
833111
833112
833113
833114
833115
833116
833117
833118
833119
833120
833121
833122
833123
833124
833125
833126
833127
833128
833129
833130
833132
833133
833134
833136
833137
833138
833139
833140
833141
833142
833143
833144
833145
833146
833147
833148
833149
833150
833152
833153
833154
833155
833156
833157
833158
833159
833160
833161
833162
46731
833163
833164
833165
833166
833167
833168
833169
833170
833171
833172
833173
833174
833175
46744
833176
833178
833180
833181
46751
833183
833184
46753
833186
833187
833189
833190
833191
833193
833194
833195
833197
833198
833200
833201
833202
833203
833205
833206
833208
833209
833211
833212
833214
833215
833216
46785
833217
833218
833219
833220
833221
833222
833223
833224
833226
833227
833228
833229
833231
833232
833234
833236
833237
833238
833240
833241
833242
833243
833244
833245
833246
833247
833249
833250
833252
833253
833254
833255
833256
833257
833258
833259
833260
833261
833262
833263
833264
833265
833266
833267
833269
833270
833271
833272
833273
833274
833275
833277
833278
833279
833280
833281
833282
833283
833284
833285
833286
833287
833288
833289
833290
833291
833292
833293
833294
833295
833296
833297
833298
833299
833300
833302
833303
833304
833305
833306
833307
833308
833309
833310
833311
833313
833314
833315
833316
833317
833318
833319
833320
833321
833322
833324
833325
833326
833327
833328
833329
833330
833331
833332
833333
833334
833335
833336
833337
833338
833339
833340
833341
833342
833343
833344
833345
833346
833347
833348
833349
833350
833352
833353
833355
833356
833357
833359
833360
833361
833363
833364
833365
833366
833367
833368
833369
833370
833371
833372
833373
833374
833376
833377
833379
833380
833381
833382
833383
833385
833386
833388
833389
833391
833392
833394
833395
833396
833397
833398
833399
833400
833401
833402
833403
833404
833405
833407
833408
833409
833410
833412
833413
833414
833415
833416
833418
833419
46989
833421
833423
833424
833426
833427
833428
833429
833430
833431
833432
833433
833434
833436
833437
833438
47007
833439
833440
833441
833443
833444
833446
833447
833448
833449
833450
833451
833452
833453
833454
833455
833456
833458
833460
833461
833462
833463
833464
833465
833466
833467
833468
833469
47038
833470
833471
833472
833474
833475
833476
833477
833478
833479
309192
833480
833481
833482
833483
833484
833485
833486
833487
833489
833491
833492
833494
833495
833496
47065
833497
833498
833499
833500
833501
833503
833504
833505
833506
833507
833508
833509
309222
833511
833512
47082
833514
833515
833516
833517
833518
833519
833520
833521
833522
833523
833524
833525
833526
833527
833528
833530
833531
833532
833533
833534
833535
833536
833537
833538
833539
833540
833541
833542
833543
833544
833545
833546
833547
833548
833550
833551
833552
833553
833554
833555
833556
833557
833558
833559
47128
833560
833562
833563
833565
833566
833567
833568
833569
833570
833571
833572
833573
833575
833576
833578
833579
833580
833581
833582
833583
833584
833585
833586
833587
833588
833589
833590
833591
833592
833593
833594
47164
833596
833597
47166
47167
833599
833600
833601
833602
833603
833604
833605
833606
833607
833608
833609
833610
833611
833612
833613
833615
833616
833618
833619
833620
833621
833623
47192
833624
833626
833627
833628
833629
833630
833631
833632
833633
833634
833636
47205
47206
833638
833639
833640
833641
833642
833643
833645
833646
833647
833648
833649
833650
833652
833653
833654
833655
833656
833658
833659
833661
833662
833663
833664
833665
833666
833667
833668
833669
47238
833670
833671
833672
833673
833674
833675
833676
833677
833678
833679
833680
833682
833683
833685
833686
833687
833688
833689
833690
833691
833692
833693
833694
833695
833696
833697
833698
833699
833700
833701
833702
833703
833704
833706
833707
833708
833709
833710
833711
833712
833713
833714
833715
833716
833718
833719
833720
833721
833722
833723
833724
833725
833726
833727
833728
833729
833730
833731
833733
833734
833735
833736
833737
833739
833740
833741
833742
833743
833744
833745
833746
833747
833748
833749
47318
833750
833751
47320
833752
833753
833754
833755
47324
833756
833757
833758
833759
833760
833761
833762
833763
833764
833765
833766
833767
833769
833770
833771
833772
833773
833774
833775
833776
47345
833777
833778
833779
833780
833781
833783
833784
833786
47355
833787
833789
833791
833792
833793
833794
833795
833796
833797
833798
833800
833801
833802
833803
833804
833806
833808
833809
833811
833812
833813
833814
833816
833818
833819
833820
833822
833823
833824
833825
833827
833828
833829
833830
833831
833832
833833
833834
833835
833836
833838
833839
833840
833842
833843
833844
833845
833847
833848
833849
833851
833852
833853
833854
833855
833857
833858
833859
833860
833861
833862
833863
833864
833865
833866
833868
833869
833870
833871
833872
47441
833873
833874
47444
833876
833877
833879
833880
833881
833882
833883
833884
833885
833886
833888
833889
833890
833891
833892
833893
833895
833896
833897
833898
833899
833900
833901
833902
833903
833904
833906
833907
833908
833909
833910
833911
309625
833913
833914
833915
833916
833917
833918
833919
833921
833922
833923
833924
833925
833926
833927
833928
833929
833930
833931
833932
833933
833934
833935
833936
833937
833938
833939
833940
833941
833942
833943
833945
833946
833947
833948
833949
833950
833951
833952
833953
833954
833955
833956
833957
833958
833959
47528
833960
833961
833962
833963
833965
833966
833967
833968
833969
833970
833971
833973
833974
833975
833976
833977
833978
833979
833980
833981
833982
833983
833984
833985
833986
833987
833988
833989
833990
833991
833992
833993
833994
833995
833996
833997
833998
833999
834000
834001
834003
834004
834005
834007
834008
834009
834011
834012
834014
834015
834016
834017
834018
834019
834020
834021
834023
834024
834025
834026
834027
834028
834029
834030
834031
834032
834033
834034
834036
834037
834038
834039
834040
834041
834042
834043
834044
834045
834047
834048
834049
834050
834051
834052
834053
834054
834055
834057
834058
834059
834060
834062
834063
834064
834065
834066
834068
834069
834070
834071
834072
834073
834074
834075
834076
834077
834078
834079
834080
834081
834083
834084
834085
834086
834087
834088
834089
834090
834091
834092
834093
834095
834096
834097
834098
834099
834101
834102
834103
47672
834104
834105
834106
834108
834109
834110
834111
834112
834113
834114
834115
834116
834117
834119
309832
834120
834121
834122
834123
834125
834126
834127
834128
834129
834130
834131
834133
834134
834135
834136
834137
834138
834139
834140
834141
834142
834143
834144
834145
834146
834147
834148
834149
834150
834152
834153
834155
834156
834157
834158
47727
834160
834161
834162
834163
834164
834165
834166
834168
834169
834170
834171
834172
834173
834174
834176
834177
834178
834179
834181
834183
834184
834185
834186
834187
834189
834190
834191
834192
834193
834195
834196
834197
834198
834200
834201
834202
834203
834205
834206
834207
834208
834209
834210
834211
834212
834213
834214
834216
834217
834218
834220
834221
834223
834224
834225
834226
834228
834229
47799
834231
834232
834234
834235
834236
834237
834238
834239
834240
834242
834243
834244
47813
834245
834246
834247
834248
47817
834249
834250
834251
834252
834253
834254
834255
834256
834258
834259
834260
834261
834262
834264
834265
834266
834267
834268
834270
834271
834272
834273
834274
834275
834276
834277
834278
834279
834281
834283
834285
834287
834288
834289
834290
834291
834292
834293
834294
834295
834296
834298
834299
834300
834301
834302
834303
834304
834305
834306
834308
834310
834311
834312
834313
834314
834315
834316
834317
834318
834319
834320
834322
834323
834324
834325
834326
834327
834328
834329
834330
834331
834332
834333
834334
834335
834336
834337
834338
834339
834340
834341
834342
834343
834345
834346
834347
834348
834350
834351
834352
834353
834354
834355
834356
834357
834358
834359
834360
834361
834362
834363
834364
834365
834366
834367
834368
834369
834370
47940
834372
834373
47942
834374
834375
834376
834377
834380
834381
834383
834384
834385
834387
834388
834389
47958
834390
834391
834392
834394
834395
834396
834397
834398
834400
834401
834402
834403
834405
834406
834408
834409
834410
834411
834412
834414
834415
834416
834417
834418
834419
834420
834421
47990
834422
834423
834424
834425
834426
834427
834429
834430
834431
834433
834434
834435
834436
834437
834438
834439
834440
834441
834442
834443
834444
834445
834446
48015
834448
834449
834450
834452
834453
834454
834455
834456
834457
834458
834459
834460
834462
834463
834464
834465
834466
834467
834468
834469
48038
834470
834471
834472
48041
834474
834475
834476
834477
834478
834479
834480
834482
834483
834484
834485
834486
834488
834489
834490
48059
834491
834492
834493
834494
834495
834496
834497
834498
834499
834500
834501
834502
834503
834505
834507
834508
834509
834510
834511
834512
834513
834515
834516
834517
834518
834519
834520
834522
834523
834524
834525
834526
834527
834528
834529
834531
834532
834533
834534
834535
834537
834538
834539
834541
834542
834543
834545
834546
834548
834549
834551
834552
834554
834555
834556
834557
834559
834561
834562
834563
834564
834565
834566
834568
834569
834570
834571
834572
834573
834574
834575
834577
834578
834579
834580
48149
834581
834582
834583
834584
834585
834586
834587
834588
834590
834591
834592
834593
834594
834595
834596
834598
834599
834600
834601
834602
834603
834604
834605
834606
834607
834608
834609
834610
834612
834613
834614
834616
834618
834619
834620
834621
834622
834624
834625
834627
834628
834630
834632
834633
834634
834636
834637
834638
834639
834640
834641
834642
834643
834645
834646
48215
834647
834649
834650
834651
834652
834653
834654
834656
834657
834658
834659
834660
834661
834662
834664
834666
834667
834668
834669
834670
834671
834672
834673
834674
834675
834676
834677
834678
834679
834680
834681
834682
834683
834684
834685
834686
834687
834689
834690
834691
834692
834693
834694
834695
834696
834697
834699
834700
834701
834702
834704
834705
834707
834709
834710
834711
834712
834714
834715
834716
834717
834718
834719
834720
834721
834722
834723
834724
834726
834727
834728
834729
834731
834732
834734
834735
834736
834737
834738
834740
834741
834742
834744
834745
834746
834747
834748
834750
834751
834752
834754
834755
834756
834758
834759
834760
834762
834763
834764
834765
834766
834767
834768
834769
834770
834771
834772
834773
834774
834775
834776
834778
834779
834781
834782
834783
834784
834785
834786
834787
834788
834789
834790
834791
834792
834793
834794
834795
834796
834797
834798
834799
834800
834801
48370
834802
834803
834804
834805
834806
834807
834808
834809
834810
834811
834812
834813
834815
834817
48386
834818
834819
834820
834821
834822
834823
834824
834825
834826
834827
48396
834828
834829
834830
48399
834831
48400
834833
834834
834835
834836
834837
834838
48407
834839
834840
834841
834842
834843
834844
834845
834846
834847
834849
834850
834852
834853
834854
834855
834856
834857
834859
834860
834861
834862
834863
834864
834865
834866
834868
834869
834870
834871
834872
834873
834875
834877
834879
834880
834882
48451
834883
834884
834885
834886
834887
834888
834889
834891
834892
834893
834894
48463
834895
834896
834897
834898
834899
834900
834901
834902
834903
834904
834905
834906
834907
834908
48477
834909
834910
834911
834913
834914
834916
834917
834918
834919
834920
834921
834922
834923
834924
834926
834927
834928
834929
834930
834931
834932
834933
834934
834935
834936
834937
834938
834939
834940
834941
834942
834944
834945
834947
834948
834949
834950
834951
834952
834953
834954
834955
834956
834957
834958
834959
834960
834961
834962
834963
834964
834965
834966
834967
834969
834970
834971
834972
834973
834974
834975
834976
834977
834978
834979
834981
834982
834984
834985
834986
834987
834989
834990
834992
834993
834995
834996
834997
834998
834999
835000
835001
835002
835003
835004
835005
835006
48575
835007
835008
835009
835010
835012
835013
835014
835015
835016
835017
835018
835020
835021
835022
835023
835025
835026
835027
48596
835028
835029
835030
835031
835032
835034
835035
835036
835037
835038
835040
835041
835042
835043
835044
835045
835047
48617
835049
835051
835052
835053
835054
835055
835056
835057
835058
835060
835062
835063
835064
835065
835066
835067
835068
48637
835069
835070
835071
835072
835073
835074
835075
835077
835078
835079
835080
835081
835082
835083
835084
835085
835086
835087
835088
835089
835090
835091
835092
835093
835094
835095
835096
835097
835098
835099
835100
835101
835103
835104
835105
835106
835107
835108
835109
835110
835111
835112
835113
835114
835115
835116
835117
835119
835120
835121
835122
835123
835124
835125
48694
835126
835127
835128
835129
835130
835131
835132
835133
835134
835135
835136
835137
835138
835139
835140
835141
835142
835144
835145
835146
835147
835148
835149
835150
835151
835152
835153
835154
835155
835156
835157
835158
835159
835160
835161
835163
835164
835166
835167
835168
835169
835171
835173
835174
835175
835176
835177
835178
835179
835180
835181
835182
48751
835183
835184
835185
835186
835187
835188
835189
835190
835191
835192
835193
835194
835196
835197
835198
835199
835200
835202
835203
835204
835205
835206
835207
835209
835210
835211
48780
835212
835213
835214
835215
835216
835217
48786
835218
835220
835221
835222
48791
835223
48792
835224
835225
835226
835227
835228
835229
835230
835232
835233
835234
835235
835236
835237
835238
835239
835240
835241
835242
835243
835244
835245
835246
835248
835249
835250
835251
835252
835253
835254
835255
835256
835257
835258
835259
835260
835261
835262
835263
835264
835265
48834
835266
835267
835268
835269
835270
48839
835271
835272
835273
835274
835275
835276
835277
835278
835279
835280
835281
835282
48851
835283
835284
835285
835286
835287
835288
835290
835291
835292
835293
835294
48863
835295
835296
835297
835298
835299
835300
835301
835302
835303
835304
835305
835306
835307
835308
48877
835309
835310
835311
835312
835313
835314
835315
835316
835317
835319
835320
835322
835323
835324
835325
835326
835327
48896
835328
835329
835330
835331
835332
835333
835334
835335
835336
835337
835338
835339
48908
835340
835341
835343
835344
48913
835345
835346
835347
835348
835349
835350
835351
835353
835354
835355
48924
835356
835357
835358
835359
835360
835361
835362
835363
835364
835365
835366
835367
835368
835369
835370
48939
835371
835372
835373
835374
835375
835376
835377
835378
835379
835380
835381
835382
835383
835384
835385
835386
835387
835388
835389
835390
835391
835392
835393
48962
835394
835395
835396
835397
835398
835399
835400
835401
835402
835403
835404
835405
835406
835407
835408
48978
835410
835411
835412
835414
835415
835416
835418
835419
835420
835421
835422
835423
835424
835425
835426
835428
835429
835430
835431
835432
835434
835435
835436
835438
835440
835441
835442
835443
835444
835445
49014
835446
835447
835448
835449
835450
835451
835452
835453
835454
835455
835456
835458
835459
835460
835461
835463
835464
835465
835466
835467
835469
835470
835472
835473
835474
49043
835475
835476
835478
835479
835481
835482
835483
835484
835485
835486
835487
835488
835489
835491
835492
835493
835494
835495
835496
835497
835498
835499
835500
835501
835502
835503
835504
835505
835506
835508
835509
835510
835511
835512
835513
835514
835515
835516
835517
835518
835519
49089
835521
835522
835523
835524
49093
835525
835526
835527
835528
835529
835530
835531
835532
835533
835534
835535
835536
835537
835538
835539
835540
835541
835542
835543
835544
835545
835546
835547
835548
835549
835550
49119
835551
835552
835553
835554
835555
835556
835557
835558
835559
835560
835561
835562
835563
835564
835565
835566
835567
835568
835569
835570
835571
835573
835574
835576
835577
835579
835580
835582
835583
835584
835586
835587
835588
835589
835590
835591
835592
835593
835594
835595
835597
835598
835600
835601
835603
835604
835605
49174
835606
835607
835608
835609
835610
835611
835612
835614
835615
835616
835617
835618
835619
835620
835621
835622
835623
835624
835625
835626
835627
835628
835629
835630
835631
311344
835633
835634
835635
835637
835638
835639
835640
835642
835643
835644
835645
835647
835648
835649
835650
835651
835652
835654
835655
835656
835657
835658
835659
835660
835661
835662
835663
835664
835665
835666
835667
835668
835669
835670
835671
835672
835673
835674
835675
835677
835678
835679
835680
835681
835682
835684
835685
835686
835687
835688
835689
835690
835691
835692
835693
835694
835695
835696
835697
835698
835699
835700
835701
835702
835703
835705
835706
835707
835708
835709
835710
835711
835712
835713
835714
49283
835715
835716
835717
835718
835719
835720
835721
835722
835723
311436
835724
835725
835726
835727
835728
49297
835729
835730
49299
835731
835733
835734
835735
835736
835738
835739
835741
835742
835743
835745
49314
835746
835748
835749
835751
835752
835753
835755
835757
835758
835759
835761
835762
835764
835765
835766
49335
835767
835768
835770
835771
835773
835774
835775
835777
835778
835779
835781
835782
835784
49353
835785
49354
835786
835787
835788
835789
835790
835792
49361
835794
835795
835796
835797
835798
835799
835800
835801
835802
835804
835805
835806
49375
835807
835808
835810
835812
835813
835815
835816
49385
835818
835819
49388
835820
835822
835823
835824
835825
835826
835827
835828
835829
835830
835831
835833
835834
835836
835837
835838
835839
835840
49409
835841
835842
835843
49412
835844
835845
835846
835847
835848
835849
835850
835851
835852
835853
835854
835855
835856
835858
835859
835860
311573
835861
835862
835863
835864
835865
835867
835868
835869
835871
835872
835873
835874
835875
835876
835877
835878
835879
835880
835881
835882
835883
835884
835885
835886
835887
835888
835889
835890
49459
835891
835892
835893
835894
835895
835896
835897
835898
835899
835900
835901
835902
835903
835904
835905
835906
835907
835908
835909
835910
835911
835912
835913
835914
835915
835917
835918
835920
835921
835923
835924
835926
835927
49497
835929
835930
835931
835932
835933
835934
835935
835936
835937
835938
835939
835940
835942
835943
835945
835946
835948
835949
49518
835950
835951
835952
835954
835956
835957
835958
835959
835960
835961
835963
835964
835965
835967
835968
835969
835970
835971
835972
835973
835974
835975
835976
835977
835979
835980
835981
835983
49552
835984
835985
835987
835988
835989
835990
835991
835992
835993
835994
835996
835997
835999
836000
836001
836002
836003
836005
836006
836007
836008
836009
836010
836011
836012
836013
836014
836015
836016
836017
836018
836019
836020
836021
836022
836023
836024
836025
836026
836027
836028
836029
836030
836032
836033
836034
836035
836036
836037
836038
836039
836040
836041
836042
836043
836044
836045
836046
836048
836049
836050
836051
836052
836054
836055
836057
836058
836059
836060
836061
836062
836063
836064
836065
836066
836067
836069
836070
836071
836072
836073
836074
836075
49644
836076
836077
836078
836079
836080
836081
836082
836083
836084
836085
836086
836087
836088
836089
836091
836092
836094
836095
836097
836098
836099
836100
836101
836103
836104
836106
836108
836110
836111
836112
836114
836115
49684
836116
836117
836118
836119
836121
836122
836123
836124
836125
836127
836128
836130
49699
836131
836132
836134
836135
836137
836138
836139
49708
836140
836141
836142
836143
836144
836147
836148
836150
836151
836152
836153
836154
836155
836157
836158
836159
836160
836161
836162
836164
836165
836166
836167
836168
836169
836171
836172
836174
836175
836176
836177
836179
836180
836181
836183
836184
836185
836186
836187
836188
836189
836191
836192
836194
836195
836196
311909
836197
836199
836200
836202
836203
836204
836205
836206
836207
836208
836209
836210
836211
836213
49782
836214
836215
836216
836217
836218
836219
836220
836221
836222
49791
836223
836224
836225
836226
836227
836228
836230
836231
836232
836233
836235
836236
836237
836238
836239
836240
836241
836242
836244
836246
836247
836248
836249
836250
836251
836252
836254
836255
836256
836257
836258
836259
836261
49830
836262
836263
836264
836265
836266
836267
836268
836269
836270
836271
836272
836273
836274
836275
836276
836277
836278
836279
836280
49849
836281
836282
836283
836285
836286
836287
836288
836289
836290
836291
836292
836294
836295
836296
836297
836299
836300
836302
836303
836304
836305
836307
836308
836309
836310
836311
836312
836313
836315
836316
836318
836319
836321
836322
49891
836324
836325
49895
836327
836328
836330
836331
836332
836333
836334
836335
49904
836336
836337
836338
836339
836340
836342
836344
836345
836346
836347
836349
836350
836351
836352
836354
836355
836356
836357
49927
836359
836360
836361
836362
836363
836364
836365
836366
836367
836368
836369
836370
836371
836372
836373
836375
49944
836376
836377
836378
836379
836380
836381
836383
836385
836386
836387
836388
836389
836390
836391
836393
836394
836395
49964
836396
836397
836398
836399
836400
836401
836402
836403
836404
836406
836407
836408
836409
836410
836411
836412
836413
836414
836415
836416
836417
836418
836419
836420
836421
836422
836424
836425
836426
836427
836429
836430
836431
836432
836433
836434
836435
836436
836437
836438
836439
836440
836441
836442
836443
836444
836445
836446
836448
836449
836450
836451
836452
836453
836454
836455
836456
836457
836458
836459
836460
836461
836462
836463
836464
836465
50034
836466
836467
836469
836470
836472
836473
836474
836475
836476
836477
836478
836479
836480
836481
836482
836483
836485
836487
836489
836490
836491
836492
836493
312206
836495
50064
836497
836498
836499
836500
836502
836503
836504
836505
836506
836508
836509
836511
836512
836514
836515
836516
836517
836518
836519
836521
836522
836523
836524
836526
836527
836529
836530
836532
836533
836534
836535
836536
836537
50106
836538
50107
836539
836541
836542
50112
836544
836545
836546
836547
836548
836549
836550
836551
836552
836553
836554
836556
836557
836559
836560
836561
836562
836563
836565
836566
836567
836569
836570
836571
836572
836573
50142
836574
836575
836576
836577
836579
836580
836581
836582
836583
836584
836585
836586
836587
836588
836589
836590
836591
836592
836594
836595
836597
836598
836599
836601
836602
836603
836604
836605
836606
836608
836609
836610
836611
836612
836613
836614
836615
836616
836617
836618
836619
836620
836622
836624
836625
836627
836628
836629
836630
836631
836632
836633
836634
836635
836636
836637
836639
836640
836641
836642
836643
836644
836645
836646
836647
836648
836650
836651
836652
836653
836654
836655
836657
836658
836659
836660
836661
836662
836663
836664
836665
836666
836667
836668
836669
836670
836671
836672
836673
836675
836676
836677
836678
836679
836680
836681
836682
836683
836684
836685
836686
836688
836689
836690
836691
836693
836694
836695
836696
836697
836698
836699
836701
836702
836703
836704
836705
836706
836707
836708
836709
836710
836711
836712
836713
836714
836716
836717
836718
836719
836720
836721
836722
836723
836724
836726
836727
836728
836729
836730
836732
836733
836734
836735
836736
836737
836739
836740
836741
836742
836743
836745
836746
836748
836749
836751
836752
836753
836754
836755
50324
836756
836757
836758
836759
836760
836761
836762
836763
836765
836767
836768
836769
836770
836771
836772
836773
836774
836775
836776
836777
836778
50347
836779
836780
836782
836783
50352
836784
50353
836785
836786
836787
836788
836789
50359
836791
836792
836793
50362
836794
50363
836795
836796
836798
836800
836801
836802
836803
836804
836805
50374
836806
836807
836808
836809
836810
836811
836812
836813
836814
836815
836816
836818
836819
836820
836821
836822
836823
836825
836826
836828
836829
836831
836832
836833
836834
836836
836837
836839
836840
836841
836842
836843
836844
836845
836847
50416
836848
836849
836850
50419
836852
50421
836853
50423
836855
836856
836857
836858
836859
836860
836861
836862
836863
836864
836866
836867
836868
836869
836870
836871
836872
836873
836874
836875
836876
50446
836878
836879
836880
50449
836881
836882
836884
836885
836887
836888
836889
836890
836891
836892
836893
836894
50463
836895
836896
836897
836898
50467
836899
836900
836902
836903
836904
836905
836906
836907
836908
836910
836911
836912
836913
836914
836916
836917
836918
836919
836920
836921
836922
836923
50492
836924
836926
836927
836928
836929
836930
836931
836932
836933
836934
836935
836936
50506
836938
836939
836940
836941
836942
836943
836944
836945
836946
836947
836948
836949
836951
836952
836953
836954
836955
836956
836957
836958
836960
836961
836962
836964
836965
836967
836968
836970
836972
836973
836974
836976
50545
836977
836978
836979
836981
836982
836983
836985
836986
836987
836988
836990
836992
836993
836995
836996
836997
836998
837000
837001
837002
837003
837004
837005
837006
837008
50577
837009
837010
837011
837013
837014
837016
837017
837018
837019
837020
837021
837023
837024
837025
837026
837027
837028
837029
837030
837031
837032
837033
837035
837036
837037
837038
837040
837041
50610
837043
837044
837045
837046
837047
837048
50617
837049
837050
837051
837052
837053
837054
837055
50624
837057
837058
837059
837060
837061
837062
837063
837064
837065
837066
837068
837070
837071
837072
837073
837074
837075
837076
837078
837079
837080
837081
837082
837083
837084
837086
837087
837088
837089
837090
837091
837092
837093
837094
837095
837096
837097
837098
50667
837099
837100
837101
837102
837103
837104
837106
837107
837108
837109
837110
837111
837112
837113
837114
837116
837117
837118
837119
837120
837121
837122
837123
837124
837125
837126
837127
837128
837129
837130
837132
837133
837134
50703
837135
837136
837137
837138
50707
837139
837140
837141
837142
837143
837144
837145
837146
837147
837148
837149
837150
837151
837152
837153
837154
837155
837156
837157
50726
837158
837159
837160
837161
837162
837163
837164
50733
50734
837166
837167
837169
837170
837172
837173
50742
837175
837176
837178
837179
837180
837182
837184
837185
837187
837188
837189
837191
837192
837193
837195
837196
837197
837198
837200
837201
837202
837203
837205
837206
837207
837209
50778
837211
837212
50782
837214
837215
837216
837217
50787
837219
837220
837221
837222
837223
837225
837226
837227
837228
837230
837231
837232
837233
837234
837236
837237
837238
837239
837240
837241
837242
837244
837245
837246
837247
50817
837249
837250
837251
837252
837253
837255
837256
837257
837258
837259
837261
837262
50831
837264
837265
837266
837268
837269
837270
837271
837272
837273
837274
837276
837277
837278
837279
837280
837282
837283
837284
837285
837286
837287
837288
837289
837290
837291
837292
837293
837294
837295
837297
837298
837299
837300
837301
837302
837303
837304
837305
837306
837307
837308
50877
837309
837310
837312
837313
837314
837315
837316
837317
837318
837319
837320
837321
837322
837323
837324
837325
837326
837327
837328
837329
837330
837331
837332
837334
837336
837337
837338
837339
837340
837341
837342
837343
50912
837344
837345
837346
837347
837349
837351
837352
837353
837354
837355
837356
837357
837358
837360
837362
837363
837364
837365
837367
837368
837370
837371
837372
837373
837374
837375
837376
837377
837378
837379
837380
837381
837382
837383
837385
837386
837387
837388
837389
837390
837391
837393
837394
837396
837397
837399
837400
837401
837402
837403
837404
837406
837407
837408
837410
837411
837412
837413
837414
837415
837416
837417
837419
837420
837421
837422
837423
837424
837425
837426
837428
50997
837429
837430
837431
837433
837435
837436
837437
837438
837439
837440
837441
837442
837443
837444
837446
837447
837448
837449
837450
837451
837452
837454
837455
837457
837458
837459
837460
837462
837463
837464
837466
837467
837468
837469
837470
837471
837472
837473
837474
837475
837476
837477
837478
837479
837481
837482
837483
837484
837485
837486
837487
837488
837489
837490
837491
837492
837493
837494
837495
837496
837497
837498
837499
837500
837501
837503
837504
837505
837506
837507
837509
837510
837511
837512
837513
837514
837515
837516
51085
837517
837518
837519
837520
837521
51090
837522
837523
837524
837525
837526
837527
837528
837529
837530
837531
837532
837533
837534
837535
837536
837537
837538
51107
837539
837540
837541
837542
837543
837544
837546
837547
837548
837549
837550
837551
837552
837553
837554
837556
837557
837558
837560
837561
837563
837564
837565
837566
837568
837569
837571
837572
837573
837574
837575
837576
837577
837578
837579
51148
837581
837582
837583
837584
837585
837586
837587
51157
837589
837590
837591
837592
837593
837594
837596
837597
837598
837599
837600
51169
837602
837603
837604
837605
837607
837608
837610
837612
837613
837614
837615
837616
837617
837618
837619
837621
51190
837622
837623
837624
837625
837626
837627
837628
837629
51198
837630
837631
837632
837633
837634
837635
837636
837637
837638
837639
837641
51210
837642
837644
837645
837646
837647
837648
837649
51218
837650
837651
837652
837653
837654
837655
837656
837657
837658
837659
837660
837661
837662
837663
837664
837666
837667
837668
837669
837670
837671
837672
837673
837674
837675
837676
837677
837678
837679
837680
837681
837682
837683
837684
837685
837686
837687
837688
837689
837690
837691
837693
51262
837694
837695
837696
837697
837698
837699
837700
837701
837702
837703
837704
51273
837705
51274
837706
837707
837708
51277
837709
837710
837711
837713
837714
837715
837717
837719
837720
837722
837723
837724
837726
837727
837728
837729
837730
837731
837732
837733
837734
837735
837736
837737
837738
837739
837741
837742
837743
837744
837745
837746
837747
837748
837749
837750
837752
837753
837754
837755
837757
837758
837759
837760
837761
837762
837764
837765
837767
837768
837769
837770
837771
837773
837774
837776
837777
837778
837780
837781
51350
837782
837784
837785
837786
837787
837788
837790
837791
837792
837793
837794
837795
837796
837797
837798
837800
837801
837802
837804
51373
837805
837806
837807
837808
837810
837811
837812
837813
837814
837815
837816
837817
837818
837819
837820
837821
837822
837823
837824
837825
837826
837827
837828
837829
837830
837831
837832
837833
837834
51403
837835
837836
837837
837838
837839
837840
837841
837842
837843
837844
837845
837846
837847
837848
51418
837850
837851
837852
837853
837854
837855
837856
837857
837858
837859
837860
51429
837861
837862
837863
837864
837865
837867
837868
837869
837870
837871
837872
837873
837874
51443
837876
837877
837878
837879
837880
837882
837883
837884
837885
837886
837888
837890
837891
837892
837893
837894
837895
837896
837897
837899
837900
837901
837902
837903
837904
837905
837906
837907
837908
837909
837910
837911
837912
837913
837914
837915
51484
837916
837917
837918
837919
837920
837921
837922
837923
837925
837926
837928
837929
837930
837931
837932
837934
837936
837937
837939
837940
837941
837942
837943
837944
837945
837946
837947
837948
837949
837950
837951
837952
837953
837954
837955
837956
837957
837958
837959
837960
837961
837962
837963
837964
837965
837966
837967
837968
837970
837971
837972
51541
837973
837974
837975
837976
837977
837978
837979
837980
837981
837982
837983
837984
837985
837986
837987
837989
837990
837992
837993
837994
837995
837996
837997
837998
837999
838000
838001
838002
838003
838004
838005
838006
838007
838008
838009
838010
838011
838012
838014
838015
838016
51585
838018
838019
838020
838021
838022
838023
838024
838025
838026
838027
838028
838029
838030
838031
838032
838033
838034
838035
838036
838037
838038
838039
838041
838042
838043
838044
838045
838046
838047
838049
838050
838052
838053
838054
838055
838056
838057
838058
51627
838059
838061
838062
838063
838064
838065
838067
838068
838069
838071
838072
838073
838074
838075
838076
838077
838078
838080
838081
838082
838083
838084
838085
838086
838087
838088
51657
838089
838090
838091
838092
838093
838094
838095
838096
838097
838098
838099
838100
838101
838102
838103
838104
838105
838106
838107
838108
838109
838110
838111
838112
838113
838114
838115
838116
838117
838118
838120
838121
838123
51692
838124
838125
838126
838127
838128
838129
838131
838132
838134
838135
838136
838137
838138
838139
838140
838141
838142
838143
838144
838146
838148
838149
838150
838151
838152
838153
838154
838155
838156
838157
838158
838159
838160
838161
838162
838163
838165
838166
838167
838168
838169
838170
838171
838172
838173
838174
838175
838176
838177
838178
838179
838180
838181
838182
838183
838184
838185
51754
838186
838187
838188
838189
838190
838191
838192
838194
838195
838197
838198
838199
838200
838201
838202
838203
838204
838205
838206
838207
838208
838209
838211
838212
838213
51782
838214
838215
838216
838217
838218
838219
838220
838221
838222
838223
838224
838225
838226
838227
838228
838229
838230
838231
51800
838232
838234
838235
838236
838237
838238
838239
838240
838241
838243
838244
838245
838246
838247
838248
838249
838250
838251
838252
838253
838255
838256
838257
838258
838259
838260
838261
838262
838263
838264
838265
838266
838267
838268
838269
838270
838271
838272
838273
838274
838275
838276
838277
838278
838279
838280
838281
838282
838283
838285
838287
838289
838291
51860
838293
838295
838297
838299
838301
838303
51873
838305
838307
838309
838311
838313
838315
838317
838319
838321
838323
838325
838327
838329
838331
838332
838333
838334
838336
838338
838340
838342
838343
838344
838345
838347
838349
838351
838352
838353
51922
838355
838357
838359
51929
838361
838362
838363
838365
838367
838369
838371
838373
838375
838377
838379
838381
838382
838383
838385
838387
838389
838390
838391
838393
838394
838395
838397
838398
838399
838400
838401
838402
838403
838404
838405
51974
838406
838407
838408
838410
838412
838414
838416
838418
51987
838420
838422
51992
838424
838426
838428
838430
52000
838432
838434
838436
838438
838440
838442
838444
838446
838448
838450
838452
838454
838456
52047
838490
838492
838494
838496
838498
838500
838502
838504
838506
838508
838510
838512
838514
838516
838518
838520
838522
838524
838526
838528
838530
838532
838534
838535
838536
838538
838539
838540
52109
838542
838544
838545
838546
838548
838550
838551
52120
838552
838553
838554
838556
838558
838560
52130
838562
838563
838564
838565
838567
838569
838571
838573
838574
838575
838576
838578
52147
838580
52149
838581
838582
838583
838585
52154
838587
52156
838588
838590
52159
838592
838594
838596
838598
838600
838602
838604
838606
838608
838610
838612
52181
838614
838616
52186
838618
838620
838622
838624
838626
838628
838630
838632
838634
838636
838638
838640
838642
838644
838646
838648
838650
838652
838654
838656
838657
838658
838659
838660
52230
838662
838664
838666
52236
838668
838669
838670
838671
838672
838673
838674
838676
52245
838678
838680
838682
838684
838686
838688
838689
838690
838691
838692
838694
838696
838698
838700
838702
52271
838704
838706
838707
838708
838709
52304
838738
838741
838742
838744
838746
838748
838750
838752
838754
838756
838758
838760
838762
838764
838766
52336
838768
838770
838772
838774
838776
838778
838780
838782
838784
838786
838788
838790
838792
838794
52363
838795
838798
838799
838800
838802
838804
838806
838808
838810
52379
838812
838813
838814
838815
838817
838819
838821
838823
838825
838827
838829
838830
838832
838834
838836
838837
838838
838839
838840
838841
52411
838843
838845
838847
838848
838849
838850
838851
838852
52421
838854
838856
838857
838858
838859
838861
838863
838865
838867
52437
838869
838871
838873
838875
52445
838877
838879
838881
838883
838885
838887
52457
838889
838891
838893
838895
838897
838899
838901
838903
838905
838906
838907
838909
838911
838913
838915
838917
52486
838919
838921
838923
838925
838927
838929
838931
838933
838935
838937
838939
52508
838941
838943
838945
838947
838949
838950
838951
838953
838955
838957
838959
838961
838963
838965
838967
838969
838970
838971
838972
838974
838975
838977
838978
838980
52550
838982
52551
838984
838986
838988
52557
838990
838991
838992
838994
838995
838996
838997
838998
838999
839000
839002
839003
839004
839005
52574
839008
839010
52579
839011
839014
839016
839018
839020
839022
839024
839026
839028
839030
839032
839034
839036
839038
839040
839042
839044
839046
839048
839050
839052
839054
839056
839058
839060
839062
839064
839066
839068
839070
839072
52641
839074
839076
52646
52661
52673
839106
839136
839138
839139
839140
839141
839142
839143
839144
839145
839146
839147
839148
839149
839150
839151
839152
839153
839154
52723
839155
839156
839157
52726
839158
839159
839160
839161
839162
839163
839164
839165
839166
839167
839168
52737
839169
839170
839171
839172
839173
52742
839174
839175
839176
839177
839178
839180
839181
839182
839183
839184
839185
839186
839187
839188
839189
839190
839191
839192
839193
839194
839195
839196
839197
839198
839199
839200
839201
839202
839203
839204
839205
839206
839207
839208
839209
839210
839212
839213
839214
839215
839216
839217
839218
839219
839220
839221
839222
839223
839224
839225
52794
839226
839227
839228
839229
839230
839231
839232
839233
839234
839235
839236
839237
839238
839239
839240
839241
839242
839243
839244
839245
839246
839247
839248
839249
839250
839251
839252
839253
52822
839254
839255
839256
839257
839258
839259
839260
839261
839262
839263
839264
839265
839266
839267
839268
839269
839270
839271
839272
839273
839274
839275
839276
839277
839278
52847
839279
839280
839281
839282
839283
839284
839285
839286
839287
839288
839289
839290
839292
839293
839294
52863
52864
839296
839297
839298
839299
839300
839301
839302
839304
839305
839306
839307
839308
839309
839311
839312
839313
839315
839317
839319
839320
839321
839322
839323
839324
839325
839326
839327
839328
839329
839330
839331
839332
839334
839335
839336
839338
839339
839341
839342
839344
52913
839345
839347
839348
839349
839350
839351
839352
839353
839354
839355
52925
839357
839358
839359
839360
839361
839362
839363
839364
839365
839366
839367
839368
839369
839370
839371
839372
839373
839374
839375
839376
839377
839378
839379
839380
839381
839382
839383
839384
839385
839386
839388
839389
839390
839391
839392
839393
839394
839395
839396
839397
839398
839399
839400
839401
839402
839403
839404
839405
839406
839407
839408
839409
839410
839411
839412
839413
839414
839415
839416
839417
839418
839419
839420
839421
839422
839423
839424
839425
839426
52995
839427
839428
839429
839430
839431
839432
839433
839434
839436
53005
839437
839439
839440
839441
839442
839444
839445
839446
839447
839448
839449
839450
839451
839452
839453
839455
839456
839458
839459
839461
839462
839463
839464
53033
839465
839466
839467
839468
839469
839470
839471
839473
839474
839475
839477
839478
839480
839481
839482
839483
839484
839485
839486
839488
839489
839490
839492
839493
839494
839495
839497
839498
839499
53069
839501
839502
839503
839504
839505
839506
839507
839508
839509
839510
839511
839512
839513
839514
839515
839516
839517
839518
839519
839521
839522
839523
839524
839525
839526
53095
839527
839528
839529
839530
839531
839532
839533
839534
315247
839535
839536
839537
839538
839539
839540
839541
839542
839543
839545
839546
839547
839548
53117
839549
839550
839551
839552
839553
839554
839555
839556
839557
839558
839559
839560
839561
839562
839563
839564
839565
839566
839567
53136
839568
839569
839570
839571
839573
839574
53143
839575
839577
839578
839579
839581
839582
839583
839584
53153
839586
839587
839589
53158
839590
839592
839593
839594
839595
839597
839598
839600
839601
839602
839603
839604
839606
839607
839609
839610
839612
839613
839614
839615
839616
839617
839619
839620
839621
839622
839624
839625
839627
839628
839629
839630
839631
839632
839633
839634
839635
839636
839638
839640
839642
839643
839644
839645
839646
839647
839648
839649
839650
839651
53220
839652
53222
839654
839655
839656
839657
53226
53227
839659
839660
839661
839662
839663
839665
839666
839667
839668
839669
839671
839672
839673
839674
839675
839676
839677
839678
839679
53248
53249
839681
839682
839683
839684
839686
839687
839688
839689
839690
839692
839693
839694
839695
839696
839697
839698
839699
839700
839701
839702
839703
839704
53273
839705
839706
839707
839708
839709
839710
839711
839712
839713
839714
53283
839715
839716
839717
839718
839719
839720
839721
839722
839723
839724
839725
839726
839727
839728
839730
839731
839732
839733
839734
839736
839737
839739
839740
839741
839743
839744
839746
839747
839748
839750
839751
839753
839754
839756
839757
839758
839759
839760
839761
839762
839764
53333
839765
839767
839768
839770
839771
839773
839774
839775
839776
839778
839779
839780
839781
839782
839783
839784
839785
839786
839787
839788
839789
839790
839792
839793
839795
839796
839797
839798
839799
839800
839801
839802
839803
839804
839805
839806
839808
839809
839810
839811
839812
839813
839814
839815
839816
839817
53386
839818
839819
839820
839821
839822
839823
839824
839825
839826
839827
839828
839829
839831
839832
839833
839834
839835
839836
839837
53406
839838
839839
839840
839841
839843
839844
839845
839846
839847
839848
839849
839850
839851
839852
839853
839854
839855
839856
839857
839858
839859
53428
839861
839862
839863
839864
839865
839866
839867
839868
839869
839870
839871
839872
839873
839874
839875
839876
839877
839878
839879
839880
839881
839882
839883
839884
839885
839886
839887
839889
53458
839890
839892
839893
839894
839895
839897
53466
839898
839899
839901
53470
839902
839904
839905
839906
839907
839908
839910
53479
839911
839912
839913
839915
839916
839917
839918
839919
839920
839921
839923
839924
839925
53494
839926
839928
839929
839932
839933
839935
53504
839936
839938
839939
839941
839942
839943
839944
839945
839947
839948
839949
839950
839951
839952
839954
839955
839957
839958
839960
839961
839963
839965
839966
839967
839969
839970
839971
839972
839973
839974
839975
839976
839978
839979
839980
839981
839983
839984
839985
839986
839988
839989
839990
839991
839992
839994
839995
839996
839998
839999
840000
840001
840002
840003
840005
840006
840007
840009
840010
840011
840012
840013
840014
840015
840016
840017
840018
840019
840020
840022
840023
840024
840026
840028
840029
840030
840031
840032
840033
840034
840036
840037
840038
840039
840040
840041
840042
840043
840044
840045
840046
840047
840048
840049
840050
840051
840052
840053
840054
840056
840057
840058
840059
840060
840061
840062
840063
840064
840065
840067
840068
840069
840070
840071
840072
840073
840074
840075
840076
840077
840078
53647
840079
53648
840081
840082
840083
840084
840086
840087
840088
840090
840091
840092
840093
840094
840095
840096
840097
840098
840099
840100
840101
840103
840104
53673
840105
840106
840107
840108
840109
840110
840111
840112
840113
840114
840115
840116
840117
840118
840119
840120
840121
840122
840123
840124
840125
840126
840127
840128
840129
840130
840131
840132
840133
840134
840135
840137
840138
53707
840139
840140
840141
840142
840143
53712
840144
840145
840146
840147
840149
840150
840151
840152
840153
840154
840156
840157
840158
840159
840160
53729
840161
840163
840164
840165
840166
840167
840168
840169
840170
840172
840173
840174
840176
53745
840177
840178
840179
840181
840182
840183
840184
840186
840187
840188
840189
840190
840192
840193
840194
840196
840198
840199
840201
840202
53771
840203
840204
840205
840206
840207
840208
840209
840211
840212
840214
840215
840217
840218
840220
840221
53790
840222
840223
840224
840225
840226
840227
840228
840229
840231
840232
840233
840234
840235
840236
840237
840238
840239
840240
840241
840242
840243
840244
840245
840246
53815
840248
840249
840251
840252
840254
840255
53824
840256
840257
840258
840259
840260
840261
840262
840264
840265
840266
840267
840268
53837
840270
840271
840273
840275
840276
53846
840278
840279
840280
840281
53850
840282
840283
840284
840285
840286
840287
840288
840289
840290
840291
840292
840293
840294
840295
53864
840296
840297
840298
840300
840301
840302
840303
840304
840306
840307
840308
840309
840310
840311
840312
840313
840314
840315
840316
840317
840318
840319
840320
840321
840322
840323
840324
840325
840326
840327
840329
840330
840332
840333
840334
840335
840336
840337
840338
840339
53908
840340
840342
840343
840345
840346
840347
840348
840349
840350
840351
840352
840354
840355
840356
840357
840358
840359
840360
840361
53930
840362
840363
840364
840365
840366
840367
840368
840370
840371
840372
840373
840374
840375
840376
840377
840378
840379
840380
840381
840382
840383
840384
53953
840385
53954
840386
840387
840388
840389
840390
840391
840392
53961
840393
840394
840395
840396
840398
840399
840400
840401
840403
840404
840405
840407
840408
840409
840410
840411
840412
840413
840415
840416
840418
840419
840421
840422
840424
840425
840427
840428
840429
840430
840431
840432
840434
840435
840437
840438
840440
840441
840443
840444
840445
840446
54015
840447
840448
840449
840451
840452
840454
840455
54024
840456
840457
840458
54027
840460
840461
54030
840463
840464
840465
840466
840467
840468
840470
840471
840473
840474
840476
840477
840479
840480
840481
840483
840484
840485
840486
840487
840488
840490
840491
840492
840494
840495
840496
840497
54067
840499
840500
840501
840502
840503
840504
840505
840507
840508
840509
840510
840512
840513
840515
840516
840517
840518
316231
840520
840521
840523
840524
840525
840526
840527
840528
840530
840531
840532
840533
840534
840536
840537
840538
840539
840540
840541
840542
840543
840544
840545
840546
840547
840548
840549
840551
840552
840553
840554
840555
840556
840557
840558
840559
840560
840561
840562
840563
840564
840565
840566
840567
54136
840568
840569
840570
54139
840571
840572
840573
840574
840575
840576
840577
840578
840579
840580
840581
840582
840583
840584
840585
840586
840587
840588
840589
840590
840591
840593
840594
840595
840596
840598
840599
840600
840601
840603
840605
54174
840606
840607
840608
840609
840611
840612
840613
840614
840615
840616
840617
840618
840619
840620
54189
840621
840622
840623
840624
840625
840626
840627
840628
840629
840630
840631
840633
54202
840634
840635
54204
840637
840638
54207
840640
840641
840643
840644
840645
840647
840648
840649
840650
840651
840653
840654
840655
840656
840657
840658
840659
840661
840662
840663
840664
840665
54234
840667
840668
840669
54238
840670
840672
840673
840674
840675
840676
840677
54246
840678
840679
840680
840681
840682
840683
840684
840685
54254
840686
840687
840688
840689
840690
840692
840693
840694
840695
840696
840697
840698
840699
840700
54270
840702
840703
840704
840705
840706
840708
840709
840711
840712
840713
840715
54284
840716
840718
840719
840720
840722
840723
840724
840725
840726
840727
840728
840729
840730
840732
840733
840734
840735
840736
840737
840738
840739
840740
840741
840743
840744
840745
840746
840747
840748
840750
840752
840753
840755
840756
840757
840758
840759
840760
840761
840762
840763
840764
54334
840766
840767
840768
840769
840771
840773
840774
840775
840777
840778
840779
840780
54349
840781
840782
840784
840785
840786
840787
840788
840789
840790
840791
840793
840794
840795
840796
840797
840798
840799
840800
840801
840802
840803
840804
840806
840807
840808
840809
840810
840811
840812
840813
840814
840815
840816
840818
840819
840820
840821
840822
840823
840824
840825
840827
840828
840829
840830
840832
840833
840834
840835
840836
840837
840838
54407
840839
840840
840841
840842
840843
840844
840845
840846
840847
840848
840850
840851
840852
840853
840854
840856
840857
840858
840859
840860
840861
840862
840863
840864
840865
840867
840869
840870
840872
840873
840875
54444
840876
840877
840879
840881
840882
316595
54452
840884
840885
840886
840887
840888
840889
840890
840891
840892
840893
840894
840896
840898
840899
840901
840902
54472
840904
840905
840907
840908
840910
840911
840912
54481
840913
840915
840916
840917
840918
840919
840920
840921
840922
840923
840925
840926
840927
840928
840929
840930
54499
840931
840933
840934
840936
840937
840939
840940
840941
840942
840943
840944
840945
840946
840947
840948
840949
840951
840952
840953
840954
840956
840957
840958
840959
840960
840961
840962
840963
840964
54533
840965
840966
840967
840968
840970
840972
840973
840975
840976
840977
840978
840979
840980
840981
840982
840983
840984
840985
54555
840987
840988
840989
840990
840991
840992
840993
840995
840996
840997
840998
840999
841000
841002
841003
841004
841005
841006
841007
841009
841010
841011
841012
841013
841014
841015
841016
841017
841018
841019
841020
841021
841022
841023
841025
841027
841028
841029
841030
841031
841032
841033
841034
841035
841036
841037
841038
841039
841040
54610
841042
841043
841044
841045
841046
841047
841048
54617
841049
841050
841051
841052
54621
841053
841054
841055
841056
841057
841058
841059
841060
841061
841062
841063
841065
841066
841068
841069
841070
841071
841072
841073
841074
841075
841076
841077
841078
841080
841082
841084
54653
841085
841087
841088
841090
841091
841093
841094
841096
841097
841098
841099
841100
841101
841103
841104
841106
841107
841108
841110
841111
841112
841114
841115
841116
841117
841118
841119
841120
841122
841123
54692
841124
841126
841127
841128
841129
841130
841131
841132
841133
841134
841135
841136
841138
841140
841141
841142
841143
841144
841145
841146
841148
841149
841150
841151
841152
54721
841153
54722
841154
841155
841156
54725
841157
841158
841159
841160
841161
841162
54731
841163
54732
841164
841165
841166
841167
841168
841169
841171
841172
841173
841174
841175
841176
841177
841178
841179
841180
841181
841182
841183
841184
841186
841187
841188
841189
841191
841192
841193
841194
841195
841196
841197
841198
841199
841200
841201
841203
841204
841205
841206
841207
841208
841209
54778
841210
841211
841213
841214
841215
841216
841217
841218
841219
54788
841220
54789
841221
841222
841223
841224
841226
841227
841228
841229
841230
841232
841233
841234
841235
841236
841237
841238
841239
841240
841241
841242
841243
841244
841245
841246
841247
841249
841250
841251
841252
841253
841254
841255
841257
841259
54828
841260
841262
841263
841265
841266
841267
841269
841271
841272
841273
841274
841275
841277
841278
841280
841281
841283
841284
841286
54855
841287
841288
841290
841292
841293
841295
841296
841297
841298
841299
841300
841301
841302
841303
841304
841306
841307
841309
841310
841311
841312
54881
841313
841314
841315
841316
841317
841318
841320
841321
841322
841323
841324
841326
841327
841328
841329
841331
841332
841333
841334
841335
841336
841337
841338
841339
841340
841341
841342
841343
841344
841345
841347
841348
54917
841349
841350
841351
841352
841353
841354
841355
841356
841357
841358
841359
841360
841361
841363
841364
841365
841366
841367
841368
841369
841370
841371
841372
841373
841374
841376
841377
841378
841379
841380
54949
841381
54950
841382
841383
841384
841385
841386
841387
841388
841389
841390
841391
841392
841393
841394
841395
841396
841397
841398
841399
841400
841401
841403
841404
841405
841406
841407
841408
841409
841410
841412
841413
841414
841415
841417
841418
841419
841420
841421
841423
841425
841426
841427
54996
841428
841429
841430
841431
841432
841433
841434
841435
841436
841437
841438
841439
841441
841442
841443
841444
841445
55014
841446
841448
841450
841451
55020
841453
841454
841455
841456
841458
841459
841461
841462
841464
841465
841466
55035
841467
841469
841470
841471
841472
841474
841475
841476
841477
841478
841480
841481
841482
841484
841485
841487
841488
841489
841490
841491
841492
55061
841494
841495
841497
841498
841499
841500
841501
841503
841504
841506
841507
841509
841510
55079
841511
841512
841513
841514
841515
841516
841517
841518
841519
841520
841521
841522
841523
841524
841525
841526
55096
841528
841529
841531
55100
841532
841533
841534
841535
841536
841537
841538
841539
841540
841541
841542
841543
55112
841544
841545
841547
841548
841549
841550
841551
841552
841553
55122
841555
841556
55125
841557
841558
841559
841560
841561
55130
841562
55131
841563
841564
841565
55135
841567
841568
841569
841570
841571
841572
841574
841575
841576
841577
841579
841580
841581
841582
841583
841585
55154
841586
841587
841588
841589
841590
841591
841592
841593
841594
841595
841596
841597
55166
841598
841599
841600
841601
841602
841603
841604
841605
841606
841607
841608
841609
841610
841611
841612
841613
841614
55183
841615
841616
841617
841618
55188
841620
841621
841623
841624
841626
841628
841629
841630
841632
841633
841635
841636
841637
841638
841640
841641
841642
841643
841644
841646
841648
841649
841651
841652
841653
841655
841656
55225
841658
841659
841660
841661
55230
841663
841664
841665
841666
841667
841668
841670
841671
841672
841673
841674
841675
841676
841677
841678
841680
841681
841682
841683
841684
841685
841687
841688
841689
841690
841691
841692
841693
841694
55263
841695
841696
841697
841698
841699
841700
841701
841702
841703
841704
841706
841707
841708
841709
841710
841712
841713
841714
841715
841716
841717
841718
841719
841720
841721
841722
841724
841725
841726
841727
841728
55298
841730
841731
841732
841733
841735
841736
841737
841738
841739
841740
841741
841742
841743
841745
841746
841747
841748
841749
841750
841751
841752
841753
841754
841755
841756
841757
841758
841759
841760
841761
841762
841763
841764
841765
841766
841767
841768
841769
841770
841771
841772
841773
841774
841775
841776
841778
841779
841780
841781
841782
841784
841786
841787
55356
841788
841790
841792
841793
841795
841796
841797
841798
841799
841800
841801
841802
841803
55372
55373
841805
841806
841807
841808
841809
841810
841812
841813
841814
841815
841816
841817
55386
841818
841819
841820
841821
55391
841823
841824
55393
841825
841826
841827
841828
841830
55399
841831
55400
841832
841833
841834
841835
841836
55405
841837
841838
841839
841840
841841
841842
55411
841843
841844
841845
841846
841847
841849
841850
841851
55420
841852
841853
841856
841858
55427
841859
841860
841861
841862
841864
841865
841867
841868
841869
841870
841871
841872
841873
841874
55443
841875
841876
841878
55448
841880
841881
841882
841883
841884
841885
841886
841887
841888
841889
841890
841891
841893
841894
841895
841896
841897
841898
55467
841899
841900
55469
841901
841902
841903
841904
841905
841907
841908
841909
841910
841911
841912
841913
841915
841916
55485
841918
841919
55488
841920
841921
841922
841923
841924
841925
841926
841927
841928
841929
841930
841931
841932
841933
841935
841937
841938
841939
841940
841942
841944
841945
841946
55515
841947
841949
841951
841952
841953
841954
841956
841957
841958
841959
841960
841961
841962
841963
841964
841965
841966
841967
55536
841968
841969
55538
841970
841971
841972
841973
841974
841975
55544
841976
841977
841978
841979
841981
841982
841983
841984
841985
841986
841987
841988
841989
841990
841992
841994
841995
841997
841998
841999
842000
842001
842002
842004
842006
55575
842007
842008
842009
842010
842011
842012
842013
55582
842014
55583
842016
842017
842018
842019
842020
842021
842022
55591
842023
842024
842025
842026
842027
842028
842029
842030
842031
842032
842033
842034
842035
842036
842037
842038
842039
842040
842041
842043
842044
842046
842047
842048
842049
842050
842051
842053
842054
842055
55624
842057
842058
842059
842061
55630
842062
842063
842064
842065
842066
842067
842068
842069
842070
842071
842072
842073
842074
842075
842076
842077
842078
842079
842080
842082
842083
842084
842085
842087
55656
842088
842089
842090
842091
842092
842094
842095
842096
842097
842098
842099
842101
55670
842102
842103
842104
842105
842107
842108
842109
842110
842112
842113
842114
842115
842116
842117
842118
842119
842120
55689
842121
842123
842124
842125
842126
55695
842127
842129
842130
842131
55700
842132
842133
842134
842135
842136
842137
842138
842139
842140
842141
842142
842143
842144
842145
842147
842148
842149
842150
842151
842152
842153
55723
842155
842156
55726
842158
842159
55728
842160
842162
842163
842164
842166
842167
842168
55737
842169
842170
842171
842172
842173
842174
842175
842176
842177
842178
842179
842180
842181
842182
842184
842185
842187
842188
842189
842191
842192
842193
842194
842195
842196
842197
842198
842199
842200
842201
55770
842202
842203
842204
842205
842206
842207
842208
842209
842211
842212
842213
842214
842215
842216
842217
842218
842219
842220
842221
842222
842223
842224
842225
842226
842227
842228
842229
842230
842231
842232
842233
842234
842235
55804
842236
842237
842238
842240
842242
842243
842244
842245
842246
842247
55816
842248
842250
842251
842252
842253
842254
842255
842256
842258
842259
842260
842261
842262
842263
842264
842265
842266
842267
842268
842269
842270
842271
842272
842273
842274
842275
842276
842277
55846
842278
842279
842280
842281
842282
842283
842284
842285
842286
842287
842288
842289
842290
842292
842293
842294
842296
842297
55867
842299
842300
842302
842303
842305
842306
842307
55876
842308
55877
842309
842310
842311
842312
842313
842314
842315
842316
842318
842319
842320
842321
55890
842322
842323
55892
842324
842325
842326
842327
842328
842329
842330
842331
842332
842333
842334
842335
842336
842337
842338
842339
842340
842341
842342
842343
842344
842346
842347
842348
842349
842350
842351
842352
842353
842354
842355
55924
842356
842357
842358
842359
842360
55930
842362
318075
842363
842364
842366
842367
842368
842369
842370
842371
842372
842374
842375
842376
842377
842378
842379
55948
842380
842381
842382
842383
842384
842385
842386
842387
842388
842389
842390
842391
842392
842393
842394
55963
842395
55964
842396
842397
842398
842399
842400
842401
842402
842403
842404
842405
842406
842407
842408
842409
842410
842411
842412
842413
842414
842415
842416
842417
842418
842419
842420
842421
842422
842423
55992
842424
842425
842426
842427
842428
842429
842430
842431
842432
842433
842434
842435
842436
842437
842438
842439
842440
842441
842442
842443
842445
842446
842447
842448
842449
842450
842451
842452
842453
842454
842455
842456
842457
842458
842459
842460
842461
842462
842463
842464
842465
842467
842468
842470
842471
842472
842473
842474
842475
842476
842478
842480
842481
842483
842484
842486
842487
842488
842489
842490
842491
842492
842494
842496
842497
842499
842500
842502
842503
842505
842506
842507
842509
842510
842511
842512
842513
56082
842515
842516
842517
842519
842520
842521
842522
842523
842524
842525
842526
842527
842528
842529
842530
842531
56100
842532
842533
842534
842535
842536
842537
842538
842539
56108
842540
842541
842542
56111
842543
842544
842546
842547
56116
842548
842549
842550
842551
842552
842553
842554
842555
842556
842557
842558
842559
842560
842562
56131
842563
842564
842565
842566
842567
842568
842569
842570
842571
842572
842573
842574
842575
56144
842576
842577
842578
842579
842580
842581
842582
842583
842584
842585
842586
842587
842588
842589
842590
842591
842592
842593
842594
842595
842596
842597
56166
842598
842599
842600
842601
318314
842602
842603
842604
842605
842606
842607
842608
842609
842610
842611
842612
842613
842614
842615
842616
842617
842618
842619
842620
842621
842622
842623
842624
842625
842626
842627
842628
842629
842630
842631
842632
842633
56202
842634
842635
842636
56205
842637
842638
842639
842640
842641
842642
842643
842645
842646
842647
842648
842649
842650
842651
842653
842654
842655
842656
56226
842658
842659
842660
842661
842662
56231
842664
842665
842666
842667
842669
56238
842670
842671
842672
842673
842674
842675
842676
842678
842679
842681
842682
842683
842685
842686
842687
842688
842689
842690
842691
842693
842694
56263
842695
842696
842697
842698
842699
842701
842702
842704
842705
842706
842707
842708
842709
842710
842711
842713
842714
842716
842717
842718
842719
842720
842721
842722
842723
842724
842725
842726
842727
842728
842729
56298
842730
56299
842731
842732
842733
842734
842735
842737
842738
842739
842740
842741
842742
842743
56312
842744
318457
842745
842746
842747
842748
842749
842750
842752
56321
842753
842754
842755
842757
842758
842759
842760
842761
842762
842763
842765
842766
842767
842768
842769
842770
56339
842771
842772
842773
842774
842775
842776
842777
56346
842778
842779
842780
842781
842782
842783
842784
842785
842786
842787
842788
842789
842790
842791
842792
842793
842794
842795
842796
842797
842798
842799
56368
842800
842801
842802
842803
842804
56373
842805
56374
842806
842807
842808
842809
56378
842810
842811
842812
842813
56382
842814
842815
842816
56385
842817
842818
842819
842821
842822
842823
842824
842826
842827
842829
56398
842830
56399
842832
56401
842833
842835
56404
842836
842838
56407
842839
842840
56409
842841
842842
842844
842845
842846
842848
842849
842851
842852
842854
842855
842857
842858
842859
842860
842862
842863
842864
842865
842867
842868
842869
842871
842872
842873
842874
842875
842876
842877
842878
842879
842880
842881
842882
56451
842883
842884
842885
842886
842888
842889
842890
842891
842892
842893
842894
842895
842896
842897
842898
842900
842901
842902
842903
842904
842905
842906
842907
842908
842910
842911
842913
842914
842915
56484
842916
842917
842918
842919
842921
842922
842923
842924
842925
842926
56495
842927
842928
842929
842930
842931
842932
842933
842934
842936
842937
842938
842940
842941
842942
842943
56512
842944
842945
842946
842947
56516
842948
842949
842950
842952
842953
842954
842955
842956
842957
56526
842958
842959
842960
842961
842962
842963
842965
842966
842967
842968
842969
842971
842972
842973
842974
842975
842976
842977
842978
842979
842980
842981
842982
842983
842984
842985
842986
842987
842988
842989
842990
842991
842992
842993
842994
842995
842996
842997
842998
56567
842999
843000
843002
843003
843004
843006
843007
843009
843010
843012
843013
843015
843016
843018
843019
843021
843022
56591
843024
843025
843026
843027
56596
843029
843030
56599
843032
843033
843035
56604
843036
56606
843038
843039
843041
56610
843042
843044
843045
843047
843048
56617
843049
843050
843052
843053
843054
843055
843056
843057
843059
843060
843061
843062
843063
56632
843064
843065
843066
843067
843068
843069
843070
843072
843073
843074
843075
843077
843078
843079
843080
843081
843082
843083
56652
843084
843085
843086
843087
843089
843090
843092
843093
843094
843095
843096
843097
843098
843100
843101
843103
843104
843105
843107
843108
843110
843111
843112
843113
843115
843116
843118
843119
843120
843121
843122
843123
843124
843126
843127
843128
843129
843130
843131
843132
843133
843134
843135
843136
843137
843138
843139
843140
843141
843142
843143
843144
843145
843146
56715
843147
56716
843148
843149
843150
843151
843152
843153
843154
843155
843156
56725
843157
843158
843159
843160
843161
843162
843164
843165
843166
843167
56736
843168
843169
843170
843171
843172
843173
843174
843175
843177
843178
843179
843180
843181
843182
843183
843184
843185
843186
843187
843188
843189
843190
843191
843192
843193
843194
56763
843195
843197
843198
843199
843200
843201
843202
843203
843204
843205
843206
843207
843209
843210
843212
843213
843215
843216
843217
843219
843220
843222
843223
843224
843225
843226
843227
843229
843230
843232
843233
843235
843236
843238
843239
843240
843241
843243
843244
843245
843246
843247
843249
843250
843252
843253
843255
843256
843258
843259
843261
843262
843263
843264
843266
843267
843268
843269
843271
843272
843273
843275
843276
843277
843278
843279
843280
843282
843283
843284
843285
843286
843287
843288
843289
843290
843291
843292
843294
843295
843296
56865
843298
843299
843300
843301
843302
56871
843303
843304
843305
843306
843307
843308
843309
843311
843312
843314
843315
843317
843318
843319
843321
843322
843323
843324
843325
843326
843327
843328
843329
843330
843331
843332
843333
843334
843335
843336
843338
843339
843340
843341
843342
843343
843344
843345
843347
843348
843349
56919
843351
843352
843353
843354
843355
843356
843357
843358
843359
843360
843361
843362
843363
843364
843365
843366
843367
56936
843368
843369
843370
843371
843372
843373
843374
843375
843376
843377
843378
843379
843380
843381
843382
56951
843383
56952
843384
56953
843385
843386
843387
843388
843389
843390
843392
843393
843395
843396
843397
843398
843399
843401
843402
843403
843404
843405
843406
843407
843408
56977
843409
843410
843412
843413
843414
843415
843416
843417
843418
843419
843420
843421
843422
843423
843424
843425
843426
843427
843428
843429
843430
843431
843432
843433
843434
843435
843436
843437
843438
843439
843440
843441
843442
843443
843445
843446
843447
843448
843449
843450
843451
843452
843453
57022
843454
843455
57024
843456
843457
843458
843459
843460
843461
843463
843464
843465
57034
843466
843468
843469
843470
843471
843472
843473
843475
843476
843478
843479
843480
843481
843482
57051
843483
843485
843486
843488
843489
843490
843491
843492
843493
843494
57063
843495
843497
843498
843500
843501
57071
843503
57072
843504
843505
843506
843507
843508
843509
843511
843512
843514
57083
843515
57084
843517
843518
843520
843521
843523
843524
843526
843527
843529
843530
843532
843533
843534
843535
843536
843537
843539
843540
843542
843543
843544
843545
843546
843548
843549
843550
843552
843553
843555
843556
843557
843558
843559
843560
843561
57130
843562
843564
843565
843567
843568
843569
843570
843571
843572
843573
843574
843575
843577
843578
843579
843580
843581
843582
843583
843584
843585
843586
843587
843588
843589
843590
843591
843592
843593
843594
843595
843597
843598
843599
843601
843603
843604
843605
843606
843607
843608
57177
843609
843610
843611
843612
57181
843613
843614
843615
57184
843616
843617
843618
843619
843621
843622
843623
843624
57193
843625
843626
843627
843628
843629
843631
843632
843633
843634
843636
843637
843638
843639
57208
843641
843642
843643
843644
843645
843646
843647
843648
843649
843650
843651
843652
843653
843654
843655
843657
843658
843659
843660
843661
843662
843663
843664
843665
843666
843667
843668
843669
843670
843671
843673
843674
843675
57244
843676
843677
843679
843680
843681
843682
57251
843683
843684
843685
843686
843687
843689
843690
843691
843692
843693
843694
57263
843695
843696
843697
843698
57267
843699
843700
843701
843702
843703
843704
843705
843706
843707
843708
843710
843711
57280
843713
843714
843716
843717
843718
843719
843720
843721
843722
843723
843724
843725
843726
843728
843729
843730
843731
843732
843733
843734
843736
843737
843739
843740
843742
843743
843745
57314
843746
843747
843748
843749
843750
843751
843752
843754
843755
843757
843758
843759
843760
843761
843762
843764
843765
843766
843767
843768
843769
843770
843771
843773
843774
843775
843776
843778
843779
843780
843781
843782
843783
843784
843785
843786
843787
57356
843788
843789
843790
843791
843793
843794
843796
843797
57366
843798
843799
843800
843801
843802
843803
843805
843806
843807
843808
843809
843810
843811
843813
843814
843815
843817
843818
843820
843821
843822
843823
843824
843826
843827
843828
843829
843830
57399
843832
843833
843834
843835
843836
843837
843838
843839
843840
843841
843842
843843
843844
843845
57414
843846
843847
843848
843849
843850
843851
57420
843852
843853
843854
843855
843857
843858
843860
843861
843863
843864
843865
843867
843868
843869
843870
843871
843872
57441
843873
843874
843875
843876
843877
843878
843880
843881
843882
843883
843884
843886
843887
843888
843889
843890
843891
843892
843893
843894
843896
57465
843897
843898
843899
843900
843901
843902
843903
843904
843905
843907
843908
843909
843910
843911
843912
843913
57482
843914
843915
843916
843917
843918
843919
843920
843921
843922
843923
843924
843925
843926
843927
843928
843929
843930
843931
843932
843933
843934
843935
843936
843937
843938
843940
843941
843942
843943
843944
843945
843946
843947
843948
843949
57518
843950
843951
843953
843954
843955
843956
843958
843959
843961
57530
843962
843964
843965
843966
843967
843968
843970
843971
843973
843974
57543
843975
843976
843978
843979
843980
843981
57550
843982
843983
843984
843985
843986
843988
843990
843991
843993
843994
843995
843997
843998
844000
844001
57571
844003
844004
844005
844006
844007
57576
844009
844010
844011
844012
57581
844014
844015
844016
844017
844019
844020
844021
844022
844023
844024
844025
844026
844028
57597
844029
844030
844032
844033
844034
844035
844036
844037
57606
844038
844039
844040
844042
844043
844044
844045
844046
844047
844048
844049
844050
844052
844053
844054
844055
844056
844057
844058
844059
844060
844062
844064
844065
844066
844067
844069
844070
844071
844072
844073
844074
844075
844076
844077
844078
844079
844080
844081
844082
844083
844085
844086
844088
844089
844090
844091
844092
844093
844094
844095
844096
844097
844098
844099
844100
844101
844102
844103
844104
844105
844106
844107
844108
844109
844110
844111
844112
844113
844115
844116
844117
844118
844120
844121
844122
844123
844124
844125
844126
844127
844128
844129
844130
844131
844132
844133
844135
844136
844137
57707
844139
844140
844141
844142
844143
844144
844145
844146
844147
844148
844149
844150
844151
844152
844153
844155
844156
844157
844158
844159
844160
844161
57730
844162
844164
844165
844166
844168
844169
844171
57740
844172
844174
844175
844176
844177
844178
844179
844180
844181
844182
844183
844184
844186
844187
844189
844190
57759
844192
844194
57763
844195
57764
844196
844197
57766
844198
844200
844201
844202
844203
57772
57773
844205
844206
844207
844208
844209
844210
844211
57780
57781
844213
57782
844214
844215
844216
844217
57787
844219
57788
844220
844221
844222
844223
844224
844225
844226
844227
844228
844229
844230
844231
844233
844234
844236
844237
844238
844239
844240
844241
844242
844243
844244
844245
844246
844247
844248
844249
844250
844251
844252
844253
844254
844255
844256
844258
844259
844260
844261
844262
844263
844264
844265
844266
844268
844269
844270
57839
844271
844272
844273
844274
844275
844276
844277
844278
844279
57848
844280
844281
844282
844283
844284
844285
844286
844287
844289
844290
844291
57861
844293
844294
844295
844296
844297
844298
844299
844300
844301
844302
844303
844304
844305
844306
844307
844308
844309
844310
844312
844313
844315
844316
844317
844318
844319
844320
844321
844322
844323
844324
844325
844326
844327
844328
844329
844330
844331
844332
844333
844334
844335
844336
844337
57906
844338
844339
844340
844341
844342
844343
844344
57913
844345
844346
844347
844348
844349
844350
844352
844353
844354
57923
844356
844357
844358
844359
844360
844361
844363
844364
844366
844367
844368
844369
844370
844372
844373
844375
844376
844377
57947
844379
57948
844380
844381
844382
844383
844385
844386
844388
844389
844390
844391
57960
844392
844394
57963
844395
844396
844398
844399
844400
844401
844402
844404
844405
844407
57976
844408
844409
844410
844411
844413
844415
844416
844418
844419
844420
844421
57990
844422
844423
57992
844424
844426
844427
844429
844430
844431
844432
844433
844434
844435
844436
58005
844437
844438
844439
844440
844441
844443
844444
844446
844447
844449
844450
844452
844453
844454
844456
844457
844458
844459
844460
844461
844462
844463
844464
844465
844466
844467
844468
844469
844470
844471
844472
844473
844474
844475
58044
844476
844477
844478
844479
844480
844481
844482
844483
844484
844485
844486
844487
844489
844490
844491
844492
844494
844496
844497
844498
844499
844500
844501
844502
844503
844504
844505
844506
844507
844508
844509
844510
844511
844512
844513
844514
58083
844515
844516
844517
844518
844519
844520
844521
844522
844523
844524
844525
844527
844528
844529
58098
844530
844531
844532
844533
844535
844536
844538
844539
58108
844540
844541
844542
844543
844544
844545
844547
844549
844550
844551
844552
844553
844555
844556
844558
844560
844561
844562
844563
844564
844565
844566
844567
844568
844569
844570
844571
844572
844574
844575
844577
844578
844579
844580
844581
844582
844583
844585
844586
844587
844589
844590
844591
844592
320306
844594
844595
844597
844598
844599
58168
844600
844602
844603
844604
844605
844606
844607
844608
844610
844611
844612
844613
844614
844615
844616
58185
844617
844618
844619
844620
844621
844622
844623
844624
844625
844626
844627
844628
844629
844630
844632
844634
844635
844636
844637
844638
844639
844640
844641
844643
844644
844645
844646
844648
844649
844650
844651
844652
844653
844654
844655
844656
58226
844658
844659
844660
844661
844662
844663
844664
844665
844666
844667
844668
844669
844670
844671
844672
844673
844674
844675
844676
844677
58246
844678
844679
844680
844681
844682
844683
844684
844685
844686
844687
844688
844689
844690
844691
844692
844693
844694
844695
844696
844697
844699
844700
844701
844702
844703
844704
844705
844706
844707
844708
844709
844710
844711
844713
844714
844715
844716
844717
844718
844720
844721
844722
844723
844725
844726
844727
844728
844730
844732
844733
58302
844734
844735
844736
844737
844739
844740
58309
844741
844742
844743
844744
844745
844747
844748
844749
844750
844752
844754
844755
844756
844758
844759
844760
844761
844762
844763
844764
844765
844767
844768
844769
844770
844771
844772
844774
844775
844776
58345
844777
844779
844780
844781
844783
844784
844785
844787
844788
844790
844791
844792
844793
844794
844795
844796
844798
844799
844800
844801
844802
844803
844804
844805
320518
844806
844807
58376
844808
844809
844810
844812
844813
844814
844815
844816
844817
844818
844819
844820
844821
844822
844823
844824
844825
844826
844827
844828
844830
844831
844832
844833
844834
844835
844836
844837
844838
844839
844840
844841
844842
58411
844843
58412
844845
844846
844847
844849
844850
844851
844852
844853
844854
844855
844856
844857
844858
58427
844859
844860
844861
58431
844863
844864
844865
844866
844867
844868
58437
844869
844870
844871
844872
844873
844874
844875
844876
844877
844878
844879
844880
844882
58451
844883
844884
844885
844886
844887
844888
844890
844891
844892
844893
844894
844895
844896
844897
844899
844900
844901
844902
844904
844906
844907
844909
844910
844911
844913
844914
844915
844917
844918
844919
844921
844922
844923
844924
844925
844927
844928
844929
844930
844931
844933
844934
844935
844936
844937
844938
844939
844940
844941
844942
844943
844944
844946
844947
844948
844949
844950
844951
844952
844953
844954
58523
844955
844957
844958
844959
844960
844961
844962
58531
844963
844964
844965
844966
844968
844969
58538
844970
844971
844972
58542
844974
844975
844976
844977
844978
844979
58548
844980
844981
844982
844983
844984
844985
844986
844987
844988
844989
844991
844992
844993
58562
844994
844995
844996
844997
844999
845001
845002
845003
845004
845005
845006
845007
845009
58578
845010
845011
58580
845012
845013
845014
845015
845016
845017
845018
845019
845020
845021
845022
845023
845025
845027
845028
58597
845029
845030
845031
845032
845033
845034
845035
845036
845038
845040
845041
845042
845043
845044
845045
845046
845047
845048
845049
845051
845052
845053
845054
845055
845056
845057
845058
58627
845059
845060
845061
845062
845064
845065
845066
845067
845068
845069
845070
845071
845072
845073
845074
58643
845075
845076
845077
845078
845079
845080
845081
845082
845083
845084
845085
845086
845087
845088
845089
845090
58659
845091
845092
845093
845094
845095
845096
845098
845099
845100
845101
845103
845104
845105
58674
845106
845108
845109
845110
845111
845112
58681
845113
845115
58684
845116
845117
845119
845121
845123
845124
845125
845126
845127
845128
845129
845130
845132
845134
845135
845136
845137
845138
845139
58708
845140
845141
845142
845143
845144
845145
845146
845147
845148
845149
845151
845152
845153
845154
845155
845156
58725
845157
845158
845159
845160
845161
845162
845163
845165
845166
845168
845169
58738
845170
845171
58740
845172
845173
845174
845176
845177
845178
845179
845180
845182
845183
845184
845185
845186
845187
845188
845189
845190
845191
845193
845194
845195
845196
845197
58766
845198
58767
845199
58768
845200
845201
845202
845203
845204
845206
58775
845207
845208
845209
845210
845211
845212
58782
845214
845215
845216
845217
845218
845219
845220
845221
845222
58791
845223
845224
845225
845227
845228
845230
845231
845232
845233
845234
845235
845236
845237
845238
845239
845240
845241
845242
845243
845244
845245
845246
845247
845249
845250
845251
845252
845253
845254
845255
845256
845257
845258
845259
845260
845261
845262
845263
845264
845265
845266
845267
845268
845269
845270
845271
845273
845274
845275
845276
845277
845278
845280
845281
845282
845283
845284
845285
845287
845288
845290
845291
845292
845293
845294
845295
845296
845297
845298
58867
845299
845300
845301
845302
845303
845304
845305
845306
845307
845308
845309
845310
845312
845313
845315
845316
845317
845318
845319
845320
845321
845322
845323
845324
845325
845326
845328
845330
845331
845332
845333
845334
845335
845336
845337
845338
845339
845340
845341
845342
845343
845344
845345
845346
845348
845349
845350
845351
845352
845353
845354
845355
58924
845356
845357
845358
845359
845360
845361
845362
845363
845364
845365
845366
845367
845368
845369
845370
845371
845372
845373
845374
845375
845376
845377
845378
58947
845379
845380
845381
845382
845383
845384
845385
845386
845387
845388
845389
845390
845391
845392
845393
845394
845395
845396
845397
845398
845399
845400
845401
845402
845403
845404
845405
845406
845407
845408
845410
845412
845413
845414
845415
845416
845417
845418
845419
845420
845422
845423
845424
845425
845426
845427
845428
845429
845430
845431
845432
845433
845434
845435
845436
845437
845438
845439
845441
845442
845443
59012
845444
845445
845446
845447
845448
845449
59018
845450
59019
845451
845453
845454
845456
845457
845458
845459
845460
845461
845463
845465
845466
845467
845468
845469
845470
845471
845472
845473
59042
845474
59043
845475
845476
845477
845478
845479
59048
845480
59049
845481
845482
845483
845484
845485
845486
59055
845487
845488
845489
845490
845491
845493
845494
845495
845496
845497
845498
845499
845500
845501
845502
845503
845504
845505
845506
845507
845508
845509
845510
59079
845511
845512
845513
845514
845515
845516
845517
845518
845519
845521
845522
845523
845524
845525
845526
845527
845528
59097
845529
845530
845531
59100
845532
845533
845534
845535
845536
845537
845538
845539
845540
845541
845542
845543
845545
845546
845548
845549
845550
845551
845552
845553
845554
845556
845558
845559
845560
845561
59130
845562
845563
845564
59133
845565
59134
845566
845567
845569
845570
845571
59141
845573
845575
845576
845577
845579
845580
845581
845582
845583
845584
59153
845585
845586
845587
845588
845589
845590
845591
845592
845593
845594
845596
845597
845598
845599
845600
845601
845602
845603
845604
845605
845606
845607
845608
845609
845610
845611
845612
845613
845614
845615
845616
845617
845618
845619
845620
845621
845622
845623
845624
845625
845626
845627
845628
59197
845629
59198
845630
845631
845632
845633
59202
845634
845635
845636
845637
845638
845639
845640
845641
845642
845643
845644
845645
845646
845647
845648
845649
845650
845651
845652
845653
845654
845655
845656
845657
59226
845658
845659
845660
845661
845662
845663
59232
845664
845666
845667
845668
845669
845670
845671
845672
845673
845674
845675
845676
845677
59246
845678
845679
845680
845681
845682
845683
845684
845685
845686
845687
845688
845689
845690
845691
845693
845694
59263
845696
845697
59266
845698
845699
845701
845702
845703
845705
845706
845707
845708
845709
845710
845711
845713
845714
845715
845716
845717
845718
845719
845720
845721
845722
845723
845724
845725
59294
845726
845728
845729
845731
845732
845733
845734
845735
59304
845736
845737
845738
845739
845740
845741
845742
59311
845743
845744
845745
845746
845747
845748
845749
845750
59319
845751
845752
845753
845754
845755
845756
59325
845757
845758
845760
845761
845763
845764
845765
845766
845767
845768
845770
845771
845772
845773
845774
845776
845777
845778
845779
845781
845782
845783
845784
845785
845786
845787
845788
845789
845790
845791
845792
845793
845794
845795
845796
845797
845798
845800
845801
845802
845803
845804
845805
845806
845807
845808
845809
845810
845811
845812
845813
845814
845815
845816
845817
845818
845819
845820
845821
845822
845823
845824
845825
845826
845827
845828
59397
845829
845830
845831
845833
845834
845836
845837
845838
845839
845840
845842
845843
845844
845846
845847
845849
845850
845852
321565
845853
845855
845856
845857
845858
845860
845862
845863
845864
845865
845866
845867
845868
845869
845870
845872
845873
845874
845876
845877
845879
845880
845882
845883
845884
845885
845886
845887
845888
845889
845891
845892
845893
845894
845895
845896
59465
845897
845898
845899
845900
845901
845902
845903
845904
845905
845906
845907
845908
845909
845910
845912
845913
845914
845915
845916
845917
845918
845919
845920
845921
845922
845923
59492
845924
845925
845927
845929
845930
59499
845931
845932
845933
845934
845935
845936
845937
845938
845940
845941
845942
845943
845944
845945
845946
845947
845948
845949
845950
845951
845952
845953
845954
845955
845957
845958
845959
845960
845961
845962
845963
845964
845965
845966
845967
845968
845969
845970
845971
845972
845973
845974
845975
845976
845977
845978
845979
845980
845981
845982
845983
845984
59553
845985
845986
845987
845989
59558
845990
845992
845993
845994
845995
845996
845997
59566
845998
845999
846000
846001
846003
846004
846006
846007
59576
846009
846010
846011
846013
846014
846016
846017
846019
846021
846023
846024
846026
59595
846027
846028
846029
846030
846031
846032
846034
59603
846035
846036
846037
59606
846038
846039
846040
846041
846042
846043
846045
59614
846046
846048
846049
846050
59620
846052
846053
59623
846055
59624
846056
846057
846058
846059
846060
846061
59630
846063
846064
846065
846066
59635
846067
846068
59637
846069
846070
846072
846073
846074
846075
846076
846078
846079
846080
846081
846082
846083
846084
846085
846086
846087
846088
846089
59658
846090
846091
846092
846093
846094
846095
846096
846097
59666
846098
846099
846100
846101
846102
846103
846104
846105
846106
846107
846108
846110
846111
846112
846114
846115
846116
846117
846118
846119
846120
846121
846122
846123
846124
846125
846126
846127
846128
846130
846131
846132
846133
846134
59703
846135
846136
846137
846138
846139
846140
846141
846142
846143
846144
846145
846146
846147
846148
846149
846150
846151
846152
846153
846154
846156
846158
846159
846161
846162
846164
846165
846167
846168
846169
846171
59740
846172
846173
59743
846175
846176
846178
846179
846180
846181
846183
846184
846186
846187
846189
846190
846192
59761
846193
846194
846195
846196
846197
846198
846199
846200
846201
846202
846204
846205
846206
846207
846209
846210
846212
846214
846215
846216
846218
846219
846220
846221
846222
846223
846224
846225
59794
846227
846228
846230
846231
846232
846233
846234
846235
846236
846237
846238
846239
846240
846241
846242
846243
846244
846245
846247
846248
59817
846249
846250
846251
846252
846253
846255
846256
846257
846258
846259
846260
846261
846262
846263
846264
846265
846266
846267
846268
846269
846270
846271
846272
846273
846274
846275
846276
846277
59846
846278
846280
846281
846282
846283
846284
846285
846286
846287
846288
846289
846291
846292
846293
846294
846295
846296
846297
846298
846299
846300
846302
846303
846304
846305
846306
846307
846308
846309
846310
846311
846312
846313
846314
846315
59884
846316
846317
846318
846319
846320
846321
846322
846323
59892
846324
846325
846326
846327
846328
846330
846331
59901
846333
846334
846335
846337
846338
846339
846341
846342
846343
846344
846345
846346
846347
846348
846349
846350
59919
846351
846352
59921
846354
846355
846357
846358
846359
846360
846361
59930
846363
846364
846366
846367
846369
846370
846372
846373
846374
846375
846376
846377
846378
846379
846380
846381
846382
846383
846385
846386
846387
846388
846390
846391
846392
846393
846394
846396
846397
846399
846401
846402
846404
846405
846406
846407
846408
846409
846410
846411
846412
59982
846414
846415
846416
846417
846418
846419
846421
846422
59991
846424
846425
59994
846426
846427
846428
846429
846430
846431
846432
846433
846434
60003
846436
846438
846439
846440
846441
846442
846443
846444
846445
60014
846446
846447
846448
846449
846450
846452
846453
846454
846455
846456
846457
846458
846459
846460
846461
846462
846463
846464
846465
846467
846469
846470
846472
846473
846474
846475
846476
846477
846478
846479
846481
846482
846483
846484
846485
846486
846487
846489
846490
846492
846493
60062
846494
846495
846496
846497
846498
846499
846500
846501
846502
846503
846504
846505
846506
846508
60077
846509
846510
60079
846511
846512
846513
846514
846515
846516
846517
846518
846519
846520
60089
846521
846522
846523
846524
846525
846526
846528
846529
846530
846531
846532
846533
846534
846535
846536
60105
846537
846538
846540
846541
846543
846544
846545
846546
846547
846548
846549
846550
846551
846553
60122
846554
846556
846557
846558
846559
846560
846561
846562
846563
846564
846565
846566
846567
846568
846569
846570
846571
846572
846574
846575
846577
846578
846579
846580
846581
846582
846583
846584
846585
846586
846587
846588
60157
846589
846590
846591
846593
846594
846596
846597
846598
846599
846601
846602
846604
846605
846606
846607
846608
60177
846609
846610
846611
846612
60181
846614
846616
846617
846618
846619
846620
846621
846623
846624
846625
846626
846627
846628
846630
846631
60200
846632
846633
846634
846636
846637
322350
846639
846640
846641
846642
846643
846644
60213
846645
846646
846647
846648
846649
60218
846650
846651
846652
846653
846654
846655
846656
846657
846658
846660
60229
846661
846663
846664
846665
846666
846667
846668
846669
846670
846671
846672
846673
846674
846675
846676
846677
846678
846679
60248
846680
846681
846682
60252
846684
60253
846685
846686
846687
846688
846689
846690
846691
846692
846693
846694
846696
846697
846698
846699
846700
846701
60270
846702
846703
846704
846705
846706
846707
846708
846709
60279
846711
846712
846713
846714
846715
846717
846718
846719
846720
846721
846722
846723
846724
846725
846726
846727
846728
60297
846729
846730
846731
846732
846733
60302
846734
846735
846736
846737
846738
846739
846740
846741
846742
846743
846744
846745
846747
846748
846749
846750
846751
846752
846753
846754
846755
846756
846757
846758
846759
846761
60330
846762
846764
846765
60335
846767
846769
846770
846771
846772
846773
846774
846775
846776
846778
846779
846780
60349
846781
846782
846784
846786
846787
846789
846790
846791
846792
846794
846796
846797
846798
60367
846800
846801
846802
846803
60372
846805
846806
846807
846808
60377
846809
846810
846811
846812
846813
846814
60383
846816
846817
846818
846820
846821
846822
846823
846825
846826
846827
846829
846830
846831
846832
846833
846835
846836
846837
846838
846839
846840
846841
846842
846843
846844
846846
846847
846848
846849
846850
846851
846852
846854
846855
846857
846858
846859
846860
846861
60430
846862
846863
846864
846866
846867
846868
846869
846870
846871
846873
846874
846875
846876
846877
846878
60447
846879
846880
846881
846882
60451
846884
846885
846886
846887
846888
846889
846891
846892
846893
846894
846895
846896
846897
846899
846900
846901
846902
846903
846904
846905
846906
846907
846908
60477
846909
846910
846911
846912
846913
846914
846915
846916
846917
846918
846919
846920
846921
846923
846924
846925
60494
846926
846927
846928
846929
846930
846931
846932
846933
846934
846935
846936
846937
846938
846939
846940
846941
846943
846944
846945
846946
846947
846948
846949
846951
846952
846953
846954
846955
846956
846957
846958
846959
846960
846961
846962
846963
60532
846964
846965
846966
846967
846968
846969
846970
846971
846972
846973
846974
846975
846976
846977
846978
60547
846979
846981
846982
846983
846985
846986
846987
60556
846989
846990
846992
846993
846994
846995
846996
846997
846998
846999
847001
847002
847003
847004
847005
847006
847007
847008
60577
847009
847010
847011
847012
847014
847015
847016
847017
847018
847019
847020
847021
847022
847023
847025
847026
60595
847027
847028
847029
60598
847030
847031
847032
847033
847035
847036
847037
60606
847038
847040
847041
847042
847043
60612
847044
847046
847047
847048
847049
60618
847050
847051
847052
847053
847054
847055
847056
847057
847058
847059
847061
847062
847063
847064
847065
847066
847067
847068
847069
847070
847071
847073
847074
847075
847076
847077
60646
847079
847080
847081
847082
847083
847084
847086
847087
847088
847089
847090
847091
847092
847093
847094
847095
847097
847098
847099
847100
847101
847103
847104
847105
847106
847107
847108
847109
847111
847112
847113
847114
847115
847116
847117
847118
847119
847120
847121
847122
60691
847123
847124
847125
847126
847127
847128
847130
847131
847133
847134
847135
847136
847138
847139
847140
847141
847142
847143
847144
847146
847147
847148
847149
847150
847151
847152
60721
847154
847155
847156
847157
847159
847161
847162
847163
847164
847165
847167
847168
847169
847170
847171
847173
847174
847175
847176
847178
847179
847180
847181
847183
847184
847185
847186
847187
847188
847189
847190
847191
847192
847194
847195
847196
847198
847199
847201
847202
847203
847204
847206
847207
847209
847210
847212
847213
847214
847215
847216
847217
847218
847220
847221
847222
847223
847224
847225
847226
847227
847228
847229
847230
847231
847232
847233
847234
847236
847237
847238
847239
847240
847242
847243
847244
847245
847246
847248
847249
847250
847251
847252
847253
847254
847255
847256
847257
847259
60829
847261
847263
847265
847266
847267
847268
847269
847270
847271
847272
847273
847274
847276
847277
847278
60847
847279
847280
847281
847282
847283
847284
847286
60856
847288
847289
847290
60859
847291
847292
847293
847294
847295
847296
847297
847298
847300
847301
847302
847303
847304
847305
847306
847307
60876
847308
60877
847309
60878
847310
847311
847312
847313
847314
847315
847316
60885
847317
847318
847319
847320
847321
60890
847323
847324
847325
847326
847328
847329
847330
847331
847332
847333
847334
847335
847336
847337
847338
847339
847340
847341
847342
847343
847344
847345
847346
847347
847348
60917
847350
847351
847352
847353
847354
60923
847355
60924
847358
847359
847361
60930
847362
847363
847365
847366
847367
847368
847369
847370
323083
847372
847373
847374
847375
847376
847378
847379
847380
847381
847383
847384
847386
847387
847388
847389
847390
60959
847392
847393
847394
847395
847396
847397
847398
847399
847400
847401
847402
847403
847404
847405
847407
847408
60977
847409
847411
847412
847413
847414
847415
847416
847417
847418
847419
847420
847421
847422
847423
847424
847426
60995
847427
847428
847430
847431
847432
847433
847434
847435
847436
847437
847438
847440
847441
847442
847443
847444
847445
847446
61015
847447
847448
847449
847450
847452
847453
847454
61023
847455
847456
847457
847458
61028
847460
847461
847462
847463
847464
847466
61035
847467
61036
847468
847469
847470
847471
847472
847473
847474
847475
847476
847477
61046
847478
847479
847480
847481
847483
847485
847486
847487
847488
847489
847490
847491
323205
847493
847494
847495
847496
847497
847498
61067
847500
847501
847502
847503
847504
847505
847506
847507
847509
847510
847511
847512
847513
61082
847515
847516
847517
61087
847519
847520
847521
847523
847524
847526
61095
847527
847529
847530
847532
847533
847534
847535
847537
61106
847539
847540
847541
847542
847543
847544
847546
847547
847548
847549
847550
61119
847551
847552
847553
847555
847556
847557
847558
847559
847560
847561
847562
847563
847564
847565
847566
847568
847569
847570
847571
847572
847573
847574
61143
847576
847577
847578
847579
847580
847581
847582
847583
847584
61153
847585
847586
847587
847588
847590
847591
847592
61162
847594
847596
847597
847598
61167
847599
847600
61170
847602
847603
847605
847606
847608
847610
847611
847612
847614
847615
847616
847617
847618
61187
847619
847620
847621
61191
847623
847624
847625
847627
847628
847629
847630
61199
847631
847632
61202
847634
847635
847636
847637
847638
847639
847640
847642
847644
61213
847645
847646
847647
847648
847649
847650
847651
847652
847653
847654
847655
847656
847657
847658
847659
847660
847661
847662
847663
847664
847665
847667
61236
847668
847669
61238
847670
847671
847672
847673
847674
847675
847677
847678
847679
847680
847682
847683
847685
847687
847688
61257
847689
847690
61260
847692
847693
847694
847695
847696
847697
847698
847699
61268
847700
847701
847702
847704
847705
847706
847707
847709
847710
847712
847713
847714
847715
847716
847718
847719
847720
847722
61291
847723
847724
847725
847726
847728
847729
847730
847732
847733
847734
847736
847737
847738
847740
847741
847742
847743
847744
847745
847746
61315
847747
847748
847749
847750
847751
847752
847753
847754
847756
847757
61326
847759
847760
847761
847762
61331
847763
847764
847765
847766
847767
847768
847769
847770
847771
847772
847773
847774
847775
847776
847777
847778
847779
847780
847781
847782
847783
847784
61353
847785
847786
61355
847787
847788
847789
61358
847790
847791
847793
847795
61364
847796
847797
847798
847799
847800
847801
847802
847803
847804
847805
847806
847807
847808
847809
847811
847812
847813
847814
847815
847816
847817
847818
847819
847820
847821
847822
847823
847824
847825
847827
847828
847830
61399
847831
847832
847833
847834
847835
847837
847838
61407
847839
847840
847841
61410
847842
847843
847844
847846
847847
847848
847849
847850
847851
61421
847853
847855
61424
847857
61426
847858
847860
847861
847862
61431
847863
847864
847865
847866
847867
847869
847870
847871
847872
847873
61442
847874
61443
847875
847876
847877
847878
847879
847880
847881
847882
847883
847884
847885
847886
61455
847887
847888
61457
847889
847891
847892
61462
847894
847895
847896
847897
847898
847899
847900
847901
847902
847904
61473
847905
847906
847907
847908
847909
847910
61479
847911
847912
847913
847914
61483
847915
847916
847917
847918
847919
847920
847922
847923
847925
847926
847927
61496
847928
847929
61498
847930
847931
847932
847933
847934
847935
847936
847937
847938
847939
847940
847941
847942
847943
847944
847945
847947
847948
847949
847950
61519
847951
61520
847952
847953
847954
847955
847956
847957
847959
847960
847962
847963
847964
847965
847967
847968
61537
847970
61539
847971
847973
847974
847975
847976
847977
847978
847979
847980
847981
847982
847983
847984
847985
847986
847987
847988
847990
847991
847992
61561
847993
847994
847995
847996
847998
847999
848000
848001
61571
848003
848004
848005
848006
61575
848007
848008
848009
848010
848012
848013
61582
848014
61583
848015
848016
848018
848019
848020
848021
848022
848023
848025
848027
848029
61598
848030
848031
848032
848033
848034
848035
848036
848038
848040
848041
848042
61611
848043
848044
848045
61614
848046
848047
848048
848049
848050
848051
848052
848053
848055
848056
848057
848058
848059
848060
848061
848062
848063
848064
848065
848066
848067
848068
848069
848070
848071
848072
848073
848074
848075
848076
848077
848078
61647
848079
848081
848082
848083
848084
848085
848086
848087
848088
848089
848090
848091
848092
848093
848094
848095
848097
848098
848099
848100
848101
848102
848103
848104
848105
848106
848107
848108
848109
848110
848111
848112
848113
848114
848115
848116
848117
848118
848119
848120
61689
848122
61691
848123
848124
848125
848126
61695
848127
848128
61697
848129
848130
848131
848132
848133
61702
848134
848135
848136
848137
848138
848139
848141
848142
61711
848144
848145
848146
848147
848149
848151
848152
848153
848154
848155
848156
848157
848158
848159
848160
848161
848162
848163
848164
848165
848166
848167
848168
848169
848170
848171
848172
848174
848175
848176
848177
848178
848180
848181
848182
848183
848184
848185
848187
848188
848189
848190
848191
848192
848193
848194
848195
848196
848198
848199
848200
848201
848202
848203
848204
848205
848206
848207
61776
848208
323922
848210
61779
848211
848212
848213
848214
848215
848216
848217
848218
848219
848220
848221
848222
848223
848224
848226
848227
61796
848228
848229
61798
848230
848231
848232
323945
848233
848234
848235
848236
848237
848238
848239
848240
848241
848242
848243
61812
848244
61813
848245
848246
848247
848248
848249
848250
848251
848252
848253
848254
848255
848256
848257
848258
848259
848260
61829
848261
848262
848263
848264
61833
848265
848266
848268
848269
848270
848271
848272
848273
61842
848274
61843
848275
848276
848277
848278
848279
848280
848281
848282
848283
848284
848285
848286
848287
848288
848289
848290
848291
848292
848293
848294
848295
848297
848298
848300
848301
848302
848303
848304
848305
848306
61875
848307
848308
848309
848310
848311
848312
848313
848314
848315
848316
848317
848318
848319
848321
848322
848323
848324
848325
848326
848327
848328
848329
848331
848332
848333
848334
848335
848336
848337
848338
848339
848340
848341
848342
848343
848344
848345
848346
848347
848348
848349
848350
848351
848352
848353
848354
848355
848356
848357
848358
848359
848360
848361
848362
848363
848364
848365
848366
848367
61936
848368
848369
848370
61939
848371
848372
848373
848374
848375
848376
848377
848378
848379
848380
848381
848382
848383
848384
848385
61955
848387
848388
848389
848391
848392
848393
61963
848395
848396
848397
848398
61967
848399
848400
848401
848402
848403
848405
848406
848407
848408
848409
61978
848411
848412
848413
848415
848417
848418
848419
848420
848421
848422
848423
848424
848425
848426
848427
848428
848429
848430
848431
848432
848433
848435
848436
848437
848439
848440
848441
848442
848443
62012
62013
848445
848446
848448
848449
848450
848451
848452
848454
848455
848457
848458
848459
848460
848461
848462
848463
848464
848465
848467
62036
848468
848469
848470
848471
848472
848473
848474
62043
848475
848476
848477
848478
848479
848480
848481
848482
848484
848485
848486
848487
848488
848489
848490
848491
848492
848493
848494
848495
848497
848498
848499
848500
848501
848502
848503
848504
848505
848506
848507
848508
848509
848510
848511
848512
848513
848514
848515
848516
848517
848518
848519
848520
848521
848522
848523
848524
848525
848526
848527
848528
848529
848530
848531
848532
848533
848534
848535
62104
848536
848537
848538
62107
848539
848540
848541
848542
848543
848544
848545
848546
848547
848549
848550
848552
324265
848553
62122
848555
848556
848558
848559
848560
848562
848563
848564
848565
848566
848567
848568
848569
848570
848571
848573
848574
848576
848577
848579
848580
848581
848582
848583
848584
848585
848586
62155
848587
848588
848590
848591
848592
848593
848594
62163
848595
848596
848597
62166
848598
62167
848599
848600
848601
848602
848603
848604
848605
848606
848607
848609
848610
848611
62181
848613
848614
848615
848616
848618
848619
848620
848621
848623
848624
848625
848626
848627
848628
848630
848631
848632
848633
848634
848635
848636
848637
848638
848639
848640
848641
848642
848643
848644
848645
848646
848647
848648
848649
848650
848651
848653
848654
848655
848656
848657
848658
62227
848660
848661
848662
848663
848664
848665
848666
848667
848668
848669
848670
848671
848672
848673
848674
848675
848676
848677
848678
848679
848681
848682
848683
848684
848685
848686
848687
848688
848689
848690
848691
848692
848693
848694
848695
848696
848697
848698
62267
848699
848700
848701
848702
848703
848704
848705
848706
848707
848709
848710
848711
848712
62281
848714
848715
848717
848718
848719
848721
848722
848724
848725
848727
848728
848729
848731
848733
848734
848735
848737
848738
848740
848741
848742
848743
848744
848746
848747
848749
848750
848751
848753
848754
848755
848757
848758
848760
848761
848762
848763
62332
848764
848765
62334
848766
848768
848770
848771
848772
848773
848774
848775
848776
848777
848778
848780
848781
848782
848783
848784
848786
62355
848788
848789
848791
848792
848794
62363
848795
848796
848798
848799
848800
848801
848802
848803
848804
848805
62374
848806
848807
62376
848809
848810
848812
848813
62382
848814
848815
848816
848817
848818
848819
62388
848820
848821
848822
848823
848824
848825
848826
848827
848828
848829
848830
848831
848832
848834
848835
848836
848837
62406
848838
848839
848840
848841
848843
848844
848845
848847
848848
848849
848850
848851
848852
848853
848854
848855
848856
848857
848858
848859
848860
848861
848862
848863
848864
848865
848866
848867
848868
848869
848870
848871
848872
848873
848874
848875
62444
848876
848877
848878
848879
848880
848881
848882
848883
848884
848885
848886
848887
848888
848889
848890
848891
848893
848894
848896
848897
62466
848899
848900
848902
848903
62472
848905
848906
848907
848908
62477
848909
848910
848911
848912
62481
848913
848914
848915
848916
62485
848918
848919
848921
848922
848924
848925
848926
848927
848928
848930
848932
848933
62502
848934
848935
848936
848937
62507
848939
848940
848941
62511
848943
848944
848945
62514
848946
848947
848948
848949
62518
848950
848951
848952
848953
848955
848956
62525
848957
848959
848960
848961
62531
848963
848964
848965
848966
848967
848968
62537
848969
848970
848972
848973
848975
848976
848977
848978
848979
848981
848982
848983
848984
848985
848986
848987
848988
848989
848990
848991
848992
62561
848993
848994
848995
848996
848997
62566
848998
848999
849000
849001
849002
849003
62572
849004
849005
849006
849008
849009
849010
849011
849012
62581
849013
849014
849015
849016
849017
849018
849019
849020
849021
62590
849022
849024
849025
849026
849027
849028
62598
849030
849031
849033
849034
849035
849036
849037
849038
849039
849040
849041
849042
849043
849045
849046
849047
849048
849049
849050
849051
849052
849053
849054
849055
849056
849057
849058
849059
849060
849061
849062
849063
849064
849065
849067
849068
849070
849071
62641
849073
849074
62643
849075
849076
62645
849077
849079
849080
849082
62651
62652
849084
849086
62655
849087
849088
62658
849090
849091
849092
849093
849094
849095
849097
849098
849099
849100
849101
849103
849104
849106
849107
849108
849110
849111
849113
849114
849115
849116
849117
62686
849118
62687
849119
849120
849123
849124
849126
849127
849128
849129
849130
849131
849133
849134
849135
849136
849137
849138
62708
849140
849141
849142
849143
849144
62713
849145
62715
849147
62716
849148
849150
849151
849152
849153
849155
849156
849157
849159
849160
849161
849162
62731
849163
849164
849165
849167
62736
849168
849170
849171
849172
849173
849175
849176
849178
849179
849180
849181
849182
849183
849184
849185
849186
849187
62756
62757
849189
849190
849191
849192
62761
849193
62762
849194
849195
849196
849197
849198
849199
849200
849201
62770
849202
849203
849204
849206
849207
849208
849209
849211
849212
849213
849214
849215
849216
849217
849218
849220
849222
849223
849224
849225
62794
849226
849227
849228
849230
849231
849232
849233
849234
849235
849237
849238
849239
849240
849241
849242
849243
849244
849245
849246
849247
849248
849249
849250
849251
849252
849253
849254
849255
62824
849256
849257
849258
849259
849261
849262
849263
849264
849265
849266
849267
849268
849270
849271
849272
849273
62843
849275
849276
849278
849279
849280
849281
62850
849283
849284
849285
849286
62855
849287
849288
849289
849291
849292
849294
849295
849297
849298
849300
849301
849303
849304
849306
849307
849308
849309
849310
849311
849312
62881
849313
849314
849315
849316
849318
849320
849321
849322
62891
849323
849325
62894
849326
849327
849328
62898
849330
849331
849332
849333
849335
849336
849337
849338
849339
849340
849341
62910
849342
849343
849344
849345
849346
849347
849348
849349
849351
849352
849353
62922
849354
849355
849356
849357
849359
849361
849362
62931
849363
849364
849365
849366
849367
849369
849370
849371
849372
62941
849373
849374
849375
849376
849377
849378
849379
849380
849382
849383
849384
849385
849386
849387
849388
849389
849390
849391
849392
849393
849394
849395
849396
849397
62966
849398
849400
849401
849402
849403
849405
849406
849407
849408
62977
849409
849410
849411
849412
849413
849414
849415
849416
849417
849418
849419
849420
849421
849422
849424
849425
849426
849427
849428
849429
849430
849431
849432
849433
63002
849434
849435
849436
63005
849437
63006
849438
849439
63008
849440
849441
63010
849442
849443
63012
849445
849446
849448
849449
63018
849450
849451
849452
849453
849454
849455
849456
849457
849458
849459
849461
849463
63033
849465
63034
849466
849467
63036
849468
849469
849471
63041
849473
849474
849475
849476
849478
849479
849480
849481
849482
849484
63053
849485
849487
849488
849490
63059
849491
849492
849493
849494
849495
849497
849498
849499
849500
849502
849503
849505
849506
63076
849508
849509
849510
849511
849512
849513
849514
849515
849517
63086
849518
63087
849520
849521
849522
849523
849524
849525
849526
63095
849527
849528
849529
849530
849532
849533
849535
849536
849537
849538
849539
849541
849542
849543
849545
849546
849547
849548
849549
849550
849551
849552
63121
849553
849555
849556
849557
849558
849559
849560
849561
849562
849563
849564
849565
849566
849567
849568
849570
849571
849573
63142
849574
849575
849577
63146
849578
63147
849579
63148
849580
849581
849582
849584
849585
849586
849587
849588
849589
63158
849590
849591
849592
849593
849594
849595
849596
63166
849598
849600
849601
849603
63172
849604
849605
849606
849607
849608
849609
849610
63179
849611
849612
849613
849615
849616
63185
849617
849618
849619
849620
849621
849622
849623
849624
849626
849627
849628
849629
849630
849631
849633
849634
849635
849636
849637
849638
849639
849640
849641
849642
849643
849644
849645
849646
849647
849648
849649
849651
849652
849653
849654
63223
849655
849656
849657
63226
849658
849659
849660
849661
849662
849664
849665
63234
849666
849667
849669
849670
849671
849672
849673
849674
849675
849677
849678
849679
849680
849681
849682
849683
849684
849685
849686
849687
849688
849689
849690
849692
849693
849694
849695
849696
849697
849698
849699
849700
849702
849703
849704
849705
849706
849708
849709
849710
849711
849712
849713
849715
849716
63285
849717
849718
63287
849719
63289
849721
849722
63291
849724
63293
849725
849727
63296
849728
849729
849730
849731
849732
849733
849734
849735
849736
63305
849737
63306
849738
849739
849741
849743
849744
849745
849746
849747
849748
849749
849750
849751
849752
63321
849753
849754
63323
849755
849756
849758
849759
849760
849761
849762
849763
849764
63333
849765
849767
849768
849769
849770
849771
849772
849774
849776
849777
849778
849779
849780
849781
849782
849783
849784
849785
849786
849787
63356
849788
849789
849790
849791
849792
849794
849795
849796
849797
849798
849799
849801
849802
849804
849805
849807
849808
849809
849810
849812
849813
849815
849816
849817
849818
849819
849820
849821
849823
849824
849825
849826
849828
849829
849831
849832
849833
849834
849835
849836
849837
849838
849839
849840
849842
849843
849844
849845
849846
849847
849848
849849
849850
849851
849852
849854
849855
849856
849857
849858
849860
849861
849863
849864
849865
849866
849867
849868
849869
849870
849871
849872
849873
63442
849874
849875
63444
849876
849878
849879
849880
849881
849882
849883
849884
849886
849887
849888
849889
849890
849892
849893
849894
849895
849896
849897
849898
849899
849900
63469
849902
63471
849903
849904
849905
849906
849907
849908
849909
849910
849911
849912
849914
849915
849916
849917
849918
849919
849920
849921
849922
63491
849923
849924
849925
849927
849928
849929
849930
849931
849932
849933
849934
849936
63505
849937
849938
63507
849940
849941
849943
63512
849944
849946
849948
849949
849950
849952
849953
849954
849955
849957
849958
849959
849961
849962
849963
849964
849966
849968
849969
849971
849972
849973
849974
849976
849977
849978
849979
849980
849981
849982
849984
849985
849986
849987
849989
849990
849992
849993
849994
849995
849996
849997
849999
850000
63569
850001
850002
850003
850004
850005
850006
850007
850008
850009
850011
850012
850013
850014
850016
850017
850019
850020
850021
850022
850023
850024
850025
850026
850027
850028
850029
850030
850031
850033
850034
850035
850036
850037
850038
850039
850040
850041
850042
850044
850046
850047
850048
850049
850050
850051
850052
850054
850055
850056
850057
850058
850059
850060
63630
850062
850063
850064
850065
850066
850067
850068
850069
850070
850071
850072
850073
850074
850075
850076
850077
850078
850079
63648
850080
850082
850083
850084
850085
850086
850087
850088
850089
63658
850090
850092
850093
850094
850095
850096
850097
850098
850099
850100
850101
63670
850102
850103
850104
850105
850106
63675
850108
850109
850110
850111
850112
850113
850114
850115
63684
850116
850117
850118
63687
850119
850120
850121
850122
850123
850124
325837
850125
850126
850127
850128
850129
850130
850131
63700
850132
850133
850134
850135
850136
850137
850138
850139
850140
850142
850143
850145
850146
63715
850148
850149
850151
850152
850154
850155
850156
850158
850160
850161
850163
850164
850165
850167
850168
850169
63738
850171
850172
850173
850174
850176
850177
850178
63747
850179
850181
850182
850183
850185
850187
850188
850190
850191
850192
850193
850195
850196
850197
850198
850199
850201
850202
850203
850204
850206
850207
850208
850209
850210
63779
850212
850213
850214
850215
850216
850217
850218
850220
850221
850222
850223
63793
850225
850226
850227
850228
850229
850231
850232
850233
850234
850235
850237
850238
850240
850241
850242
850244
63813
850245
850246
850247
850248
850249
850250
850252
850253
850254
850255
850256
850258
850259
850260
850261
850262
850263
850264
850265
850266
850267
850268
850269
850270
850271
850273
850274
850275
850276
850277
850278
850279
850280
850281
850282
850283
850284
850285
850286
850288
850289
850290
850291
850292
850293
850294
850295
850296
850297
850298
850299
850300
850301
850302
63871
850303
850304
850305
850306
850307
850308
850310
850312
850313
850314
850315
850316
850317
850318
850319
850320
850321
850322
850323
850325
63894
850327
850328
850329
850330
850331
850332
850333
850334
850336
850338
850339
850340
850341
850343
850344
850346
850347
850348
850349
850350
850351
850352
850353
850354
850355
850356
850357
850358
850359
850361
850362
850363
850364
850365
850366
850367
850369
850370
850372
63941
850373
850375
850376
63945
850377
850378
850379
850380
850382
850383
850384
63953
850386
63955
850387
850388
850389
63958
850390
850391
850392
850393
850395
850396
850397
850398
850399
850400
850401
850402
850404
850405
63974
850406
850407
850409
850411
850412
850413
850414
850415
850416
850417
850418
850419
850420
850422
850423
850424
850425
850426
850427
850428
850430
850431
850433
850434
850435
850436
850438
850439
850440
64010
850442
850443
850444
850445
850446
850447
850448
850449
850450
850451
850452
64021
850453
850454
850455
850457
850458
850459
850460
850461
850462
850463
850464
850465
850466
850467
850468
850469
850470
850471
850472
850473
850474
850475
850476
850477
850479
850480
850481
850482
850483
850485
850486
850487
850488
850489
850490
850491
850492
850493
850494
850495
850496
850497
850498
850499
850500
850501
850502
850503
850504
850505
850506
850507
850508
850509
850510
850511
64080
850512
850513
850514
850515
850516
850517
850518
850519
850520
850522
64091
850523
64092
850524
850525
850526
64095
850527
850528
850529
850530
850532
850533
850534
850536
850537
850539
850540
850541
850542
850544
850545
850547
850548
850549
850550
850551
850552
850553
850554
850555
850557
850558
850559
850560
850561
850562
850563
850565
850566
850567
850568
850569
850570
850572
850573
850574
850575
850576
850578
850579
850580
850581
850583
850584
850586
64155
850588
850589
850590
850591
850592
850593
850594
850595
850597
850598
64167
850599
850600
850601
850602
850603
64172
850604
850605
850606
850607
850608
850609
850610
850611
850612
850613
850614
850615
64185
850617
850618
850620
850621
850622
850623
850624
850625
850626
850627
850628
850629
850630
850631
850632
850633
850634
850635
850636
850637
850638
850639
850640
850642
850643
850644
850645
850646
850647
850648
850649
850650
850651
850652
850653
850654
850655
850656
850657
850658
850659
850660
64229
850661
850662
850663
850664
850665
850666
850667
850669
850670
850671
64240
850672
850673
850674
850675
850676
850677
850678
850679
850680
850681
850682
850683
850684
850685
850686
850687
850689
850690
850691
850693
64263
850695
850696
850698
850699
64268
850700
850702
850703
850704
850705
850706
850707
850708
850709
850710
326423
850711
850712
850713
850714
850715
850717
850718
850719
850720
850721
850722
850723
850724
850725
850726
850728
850729
850730
850731
850733
850734
850735
64304
850736
850737
850738
850740
64309
850741
850743
850744
850745
64314
850746
850747
64316
850749
850750
850752
850753
850754
850756
850757
64326
850758
850760
850761
850762
850763
850764
850766
850767
850768
850769
850770
850771
850772
850773
850774
850776
850777
850778
850780
850781
850782
850783
850784
850786
850787
850788
850789
850790
64359
850791
850792
850793
850794
850795
850796
850797
850798
850799
850800
850801
850802
64371
850803
850804
850805
850806
850807
850808
64377
850809
850810
850811
850812
850813
850814
850815
850816
850817
850818
850819
850820
850821
850822
850823
850824
850826
850827
850828
850829
850830
850831
850832
850833
850834
850835
64404
850836
850837
850838
850839
850840
850841
64411
850843
850844
850845
64414
850846
850847
850848
850849
64418
850850
850852
850853
850854
850855
850856
850858
850859
850860
850861
850862
850864
850866
64435
850867
850868
850869
850870
850871
64440
850872
850873
850875
850876
850877
850878
850879
64448
850880
850881
850882
850883
850884
850885
64454
850886
850887
850888
850889
850890
850891
850892
850893
850894
850895
850896
64465
850897
850898
850899
850901
64470
850902
850904
850905
850906
850907
850908
850910
850912
850913
850915
850916
850917
850918
850919
850920
850921
850922
850923
850924
64493
850925
850926
850927
850928
850929
850930
850931
850932
850933
850934
850935
850936
850937
850938
850939
850940
64509
850941
850942
850943
850944
850946
850947
850948
850949
850950
850951
850952
850953
850954
850955
850956
850957
850958
850959
850960
850961
850962
850963
850965
850966
850968
850969
850970
850971
850972
850973
850974
850975
850976
850977
850978
64547
850979
850980
64549
850981
850982
850983
850984
850985
850986
850987
850988
850990
850991
850992
850994
850995
850996
850997
850998
850999
851000
851001
851002
851003
851004
851005
851006
851007
64576
851008
64577
851009
851010
851011
851012
851013
851014
851015
851017
851018
851019
851020
851021
851022
851023
64593
851025
851026
64595
851028
851029
851030
851031
851032
851033
851034
851035
64605
851037
851038
851039
64608
851040
64609
851041
64611
851043
851044
851045
851047
851048
851049
851050
851051
851052
851053
851054
851056
851057
851058
851059
851060
851061
851062
851063
851064
851065
851066
851067
851068
851069
64638
851070
851071
851072
851073
851074
64643
851075
851076
851077
851078
851079
851080
851081
851082
851083
851084
851085
851086
851087
851088
851089
851090
64659
851091
851092
851093
851094
851096
851097
64666
64667
851099
851100
64669
851101
851102
851103
851104
851105
851107
851108
851110
851111
851112
851113
851114
851115
851116
851117
851118
851119
851120
851122
64691
851124
851125
851126
851127
851128
851129
851130
851131
851132
851133
851134
64703
851135
64704
851136
851137
851138
851139
64708
851141
851142
851143
851144
851145
851146
851147
851148
851149
851150
851151
851152
851153
851154
851155
851156
851157
851158
851159
851160
851161
64730
851162
851163
851164
851165
851166
851167
851168
851170
851171
851173
851174
851175
851176
851177
851178
851179
851180
851181
851182
851183
851184
851185
64755
851187
851188
851189
851190
851191
851192
851193
851194
851195
851196
851197
851198
851199
851200
851201
851202
851203
851204
851205
851206
851207
851208
326922
851210
851211
851212
851213
851214
851215
851216
64785
851217
851219
851220
851221
851222
851223
851224
851225
851226
851227
851228
851229
851231
851232
851233
851234
64803
851235
851236
851237
64806
851238
851239
851240
851241
851242
851243
851244
851245
851246
851247
851248
851249
851250
851251
851252
851253
851254
851255
851256
851257
851258
851259
851261
851263
64832
851265
851267
851269
851271
851273
851275
851277
851279
851281
851283
851285
851287
851289
851291
851293
851295
851297
851299
851301
64870
851303
851305
327019
851307
851308
851309
851310
64880
851312
851314
851316
851318
851319
851320
851321
851323
851325
851327
851328
851329
851331
851333
851335
64905
851337
851338
851339
851341
851343
851345
851347
851349
851351
851353
851355
851357
851358
851359
851361
851363
851365
851366
851367
851369
851370
851371
851373
851374
851375
851376
851377
851378
851379
851380
851381
851382
851383
851384
851386
851388
851390
851392
851394
851396
851398
851400
851402
851404
851406
851408
851410
851412
851414
851416
851418
64987
64988
851420
851422
851424
851426
851428
851430
851432
65002
327148
65009
65018
65022
851466
851468
65037
851470
851472
851474
851476
851478
851480
65049
851482
851484
851486
851488
851490
851492
851494
851496
851498
851500
65069
851502
851504
851506
65076
851508
851510
65079
851511
851512
851514
851515
851516
851518
851520
851521
851522
851524
851526
851527
851528
851529
851530
327243
851532
65101
851534
65103
851536
851538
851539
851540
851541
851543
851545
851547
65117
851549
851550
851551
851552
851554
851556
65125
851557
65126
851558
851559
65129
851561
65131
851563
65132
851564
851566
851568
851570
851572
65142
851574
851576
851578
851580
65150
851582
65151
851584
851586
851588
851590
851592
851594
851596
851598
65167
851600
851602
65172
851604
851606
851608
851610
851612
851614
851616
851618
851620
851622
851624
65193
851626
851628
851630
851632
851633
851634
851635
851636
65206
851638
851640
851642
65211
851644
65213
851645
851646
851647
851648
851649
851650
851652
851654
851656
65225
851658
851660
851662
851664
851665
851666
851667
851668
851670
851672
327385
851674
851676
851678
851680
851682
851683
851684
851685
65254
65277
851714
851717
851718
851720
851722
851724
851726
851728
851730
851732
851734
851736
851738
65307
851740
851742
65312
851744
851746
851748
851750
851752
851754
851756
851758
851760
851762
851764
851766
851768
851770
851771
851774
851775
851776
851778
851780
65350
851782
65351
851784
851786
851788
851789
851790
851791
851793
851795
851797
851799
65368
65369
851801
851803
851805
851806
65376
851808
851810
851812
851813
851814
851815
851816
65385
851817
65387
851819
851821
851823
851824
851825
327538
851826
851827
851828
65397
65398
851830
851832
851833
851834
851835
851837
851839
851841
851843
851845
851847
851849
65418
851851
851853
65422
851855
851857
851859
851861
851863
851865
851867
851869
851871
851873
851875
851877
851879
851881
851882
851883
851885
851887
65457
851889
327603
851891
851893
851895
851897
851899
851901
851903
65472
851905
65475
851907
851909
327623
851911
851913
851915
851917
851919
851921
65490
851923
851925
851926
851927
851929
851931
851933
65502
851935
851937
851939
851941
851943
851945
851946
851947
851948
65517
851950
327663
851951
851953
851954
851956
851958
65527
851960
851962
851964
851966
851967
851968
851970
851971
851972
851973
65542
851974
851975
851976
851978
851979
851980
851981
851984
851986
851987
851990
65560
851992
851994
851996
851998
852000
65570
852002
852004
852006
852008
852010
65580
852012
852014
852016
852018
852020
65589
852022
852024
852026
852028
65598
852030
852032
852034
65604
852036
852038
852040
852042
327756
852044
852046
65615
852048
852050
852052
65624
65630
65638
852082
65657
65658
65660
327810
65671
852112
852114
852115
852116
852117
852118
852119
852120
852121
852122
852123
852124
852125
852126
852127
65696
852128
852129
852130
852131
852132
852133
852134
852135
852136
852137
852138
852139
65708
852140
852141
852142
852143
852144
852145
852146
852147
852148
852149
852150
852151
852152
852153
852154
852156
852157
852158
852159
852160
852161
852162
852163
852164
852165
852166
852167
852168
852169
852170
852171
852172
852173
852174
852175
852176
852177
852178
852179
852180
852181
852182
852183
852184
852185
852186
852188
852189
852190
852191
852192
852193
852194
852195
852196
852197
852198
852199
852200
852201
852202
852203
852204
852205
852206
852207
852208
852209
327922
852210
852211
65780
852212
65781
852213
852214
852215
852216
852217
852218
65787
852219
852220
852221
852222
852223
852224
852225
852226
852227
852228
852229
852230
852231
852232
852233
852234
852235
852236
65805
852237
852238
852239
852240
852241
852242
852243
852244
852245
852246
852247
852248
852249
852250
852251
852252
852253
852254
852255
852256
852257
852258
852259
852260
852261
852262
852263
852264
852265
65834
852266
852268
852269
852270
852272
852273
852274
852275
852276
852277
852278
852280
852281
852282
852283
852284
65853
852285
65854
852287
852288
852289
852291
65860
852293
852295
852296
852297
65866
852298
852299
852300
852301
852302
852303
852304
852305
852306
852307
852308
852310
852311
852312
852314
852315
852317
852318
852320
852321
852323
852324
852325
852326
852327
852328
852329
852330
852331
852333
852334
852335
852336
852337
852338
852339
852340
852341
852342
852343
852344
852345
852346
852347
852348
852349
852350
852351
852352
852353
65922
852354
852355
852356
852357
852358
852359
852360
852361
852362
852364
852365
852366
852367
852368
852369
852370
852371
852372
852373
852374
852375
852376
852377
852378
852379
852380
852381
852382
852383
852384
852385
852386
852387
852388
852389
852390
852391
852392
852393
65962
852394
852395
852396
65965
852397
852398
852399
852400
852401
852402
852403
852404
65973
852405
852406
852407
852408
852409
852410
852412
852413
328126
852415
852416
852417
852418
852420
65989
852421
852422
852423
852424
852425
852426
852427
852428
852429
852431
852432
852434
852435
852437
852438
852439
852440
852441
852442
852443
66012
852444
852445
852446
852447
852449
852450
852451
852453
852454
852456
852457
852458
852459
852460
852461
852462
852464
852465
852466
852468
852469
852470
852471
66040
852473
852474
852475
852477
852478
852479
852480
852481
852482
852483
852484
852485
66054
852486
852487
852488
852489
66058
852490
852491
852492
852493
852494
852495
66064
852497
852498
852499
852500
852501
852502
852503
66072
852504
852505
852506
66075
852507
66076
852508
852509
852510
852511
852512
852513
852514
852515
852516
852517
66086
852518
852519
852521
852522
852523
852524
852525
852526
852527
852528
852529
852530
852531
852532
852533
852534
852535
66104
852536
852537
852538
852539
852540
852541
852542
852543
852544
852545
852546
852547
852549
852550
852551
852553
852554
852555
852557
852558
852559
852560
852562
852563
852565
852566
852568
852569
852570
852571
852573
852574
852576
852577
852578
852579
852580
852582
852583
852585
852586
852588
852589
852590
852591
852592
852593
852595
852596
852597
852598
852600
852601
852603
852604
852605
852606
852607
852608
852609
852610
852611
66180
852612
852614
852616
852618
852619
852620
852621
852622
852623
852624
852625
852626
852627
852628
852630
852631
852632
852633
852635
852636
852637
852638
852639
852641
852642
852643
852644
852645
852647
852648
852649
852650
852651
852652
852653
852654
852655
852657
852658
852659
852660
852662
852663
852664
852665
852666
852668
852669
852670
852671
852672
852673
852674
852675
852676
852677
852678
852679
852680
852681
852682
852683
852684
852685
66254
852686
852687
852688
852689
852690
328403
852691
852692
852693
852694
852695
66264
852696
852697
66266
852698
852699
852700
852701
852702
852703
852704
852706
852707
852708
852709
852710
852712
852713
852715
852716
852717
852719
852720
852722
852723
852724
852726
852727
852729
852730
852732
852733
852734
852735
852736
66305
852737
852738
852740
852741
852743
66312
852744
852746
852747
852749
852750
852751
852752
852754
852755
852756
852757
852758
852759
852760
852761
852762
852763
852764
852765
852766
852768
852769
328483
852771
852772
852773
852774
852775
852776
852777
852778
852779
852780
852781
852782
852784
852785
852786
852787
852788
852789
852790
852791
66360
852792
852793
852794
852795
852796
852797
852798
852799
852800
852801
852802
852803
852804
66373
852805
852807
852808
852809
852810
852811
66380
852812
852813
66382
852814
852815
852816
328529
852817
852819
852820
852821
852822
852823
852824
852825
66394
852826
852827
852828
852829
852830
852831
852832
66401
852833
852834
852835
852837
852838
852839
852840
852841
66410
852842
852843
852844
852845
852846
852847
852848
852849
852850
852851
852852
852853
852854
852855
852856
852857
852858
852859
852860
852861
852862
852863
852865
852866
852868
852869
852870
852871
852873
852874
852875
852877
852878
852880
852881
852882
852883
852884
66453
852886
852887
852888
852889
852891
852892
852893
852894
66463
852895
852896
852897
852899
852900
852901
66470
852902
852904
852905
852908
852909
852911
852912
66481
66482
852914
852915
66484
852917
852918
852919
852920
852921
852923
852924
852925
852926
852927
852928
852930
852931
852933
852934
852936
852937
852939
852941
852942
852943
328656
66513
852945
852946
852947
66516
852948
852949
66518
852950
66519
852951
852952
852954
66523
852955
852956
852957
66527
852959
852960
852961
852962
66531
852964
852965
852966
852967
852968
852970
852971
852972
66541
852974
852975
852976
852977
852978
852979
852981
852982
852983
66553
852985
852986
852987
852988
852989
852990
852991
852992
852993
852994
852995
852996
852998
852999
853000
853002
66572
853004
853005
853006
853007
853008
853009
853010
853012
853013
853014
853015
853016
853017
853018
66587
853019
853020
853021
853022
853023
853024
853025
853026
853027
66596
853028
853029
853030
66600
853032
66601
853033
853034
853035
853036
853037
853038
66607
853039
853040
853041
853043
853044
853045
853046
853047
853048
853049
853050
853051
853052
853053
66622
853054
853055
853057
853058
853059
853060
853062
853063
853064
853066
853067
853068
853069
853070
853071
853072
853073
853074
853075
853076
328789
853077
66646
853079
66648
853080
853081
66650
853082
853083
853084
853085
853086
853087
853088
853089
853090
853091
853092
853093
853094
853095
853096
853097
853098
853099
853100
853101
853102
853103
853104
853105
853106
853107
853108
853109
853110
853111
66681
853113
853114
853115
853116
853117
853118
853119
66688
853120
853121
853122
853123
853125
853126
66695
853127
853128
853129
66698
853130
66699
328844
853132
853133
853134
853135
853136
853137
853139
66708
853140
853141
853142
853143
853144
853145
66714
853146
853148
853149
66718
853150
66720
853152
853153
853154
853155
853157
853158
853159
853160
853162
853163
853164
853165
853166
66736
853168
853169
853170
66739
853172
853174
66743
853175
853177
853178
66747
853179
853180
853181
853182
853183
853184
853185
853187
853188
66758
853190
328903
853191
853193
853194
853196
853197
853198
853199
853200
853201
853202
853203
853204
853205
853207
853208
853209
853210
853211
853212
853213
853214
853215
853216
853217
853218
853219
853220
853221
853222
853224
853225
66795
853227
853228
853230
853231
853232
853233
853234
853235
853236
853237
853238
853240
853241
66810
853242
853243
853244
853246
853247
853249
66819
853251
853252
853254
853255
853256
853257
853258
853259
853260
853261
66830
853262
853263
853264
853265
853266
853267
853268
853269
853270
853271
66840
853272
853273
66842
853274
853276
853277
328990
853278
853279
853280
853282
853283
853284
853285
853286
853287
853288
853289
853290
853291
853292
66861
853293
66862
853294
853295
853296
853297
66866
853298
853299
853300
853301
853302
853303
853305
66874
853306
853308
853309
853310
853311
853312
853313
66882
853314
853315
853316
853318
66887
853319
66888
853321
853322
66891
853323
853324
853325
853326
853327
853328
853330
853331
329044
853332
853333
853334
853335
853336
853337
853338
66907
853339
853340
853341
853342
853343
853344
853346
853347
853348
853349
66918
853350
853351
853352
853353
853354
853355
853356
853357
853358
853359
853360
853361
853362
853363
853364
853365
853366
66935
853367
853368
853369
853370
853371
853372
853374
66943
853375
853376
853377
853379
853380
66949
853381
853383
853384
853385
853386
853387
853388
853389
66958
853391
853392
853394
853395
853397
853398
853400
853401
853403
853404
853405
853406
853407
853408
66978
853410
853411
853413
853414
853416
66985
853417
853419
853420
853421
66990
853422
853423
853424
66993
853425
853427
853428
66997
853430
853431
853432
853433
853434
853436
853437
853439
853440
853441
853442
853443
853444
853446
853447
853449
853450
67020
853452
853453
853455
853456
67025
853457
853459
853460
853461
853462
853463
853464
853466
853467
853468
853470
853471
853472
853473
853475
853476
853477
853478
853479
853480
853481
853483
67052
853484
853485
853486
853488
853489
853491
853492
853493
853494
853496
853497
853499
853500
853501
853502
853503
67072
853504
853506
853507
853508
67077
853509
853510
853512
853513
853514
853515
853516
853517
853518
853519
853520
853521
67090
853522
853523
853524
853525
853527
853528
853529
853530
853531
853532
67101
853533
853534
853535
853536
853537
853538
853539
853540
853541
853542
853543
67112
853544
853545
853546
853547
67116
853548
853549
853550
853551
853552
853553
853554
853555
67124
853556
853557
853558
853559
853560
853561
853562
853563
853564
853565
853566
853567
853569
853570
853571
853572
853574
853575
853576
853577
853579
853581
853582
853583
853584
853585
853587
853588
853589
853590
853591
853592
853593
853594
853595
853596
853597
853598
67167
853599
853600
853601
853602
853603
853604
853605
853606
853607
853609
67178
853610
853611
67180
853613
853614
853616
853617
853619
853620
67189
853621
853623
853624
853625
853626
853627
853629
853630
67199
853631
853632
853633
853634
853635
853637
853638
853639
853640
853641
853643
853644
853645
853646
67215
853648
853649
329362
853650
853651
853652
853653
853654
853655
853656
853657
853658
853659
853660
853661
853662
853663
853664
853665
853666
853668
853669
853670
853671
853672
853673
853674
853675
853676
853678
853679
853680
853681
853682
853684
853685
853687
853688
853689
853691
853692
853694
853695
853696
853698
853699
853700
853701
853702
853703
853704
853705
853706
853708
853709
329422
853710
853711
853712
853713
853714
853715
67284
853716
67285
853717
853719
853720
853721
853722
853723
853724
67294
853726
853728
853729
853731
853732
853733
853734
67303
853735
853736
853737
853738
853739
853740
853742
853743
853744
853745
853747
67317
853749
853750
853751
853753
853754
67323
853755
853756
853757
853758
853760
853761
853762
853763
853764
67333
853765
853766
853767
853769
853770
853771
853772
853773
853774
853775
67344
853776
853777
853778
67347
853779
853780
853782
853783
853784
853785
853786
67355
853787
853788
853789
67358
853790
853791
853792
853794
853795
853796
853797
853798
853799
853800
853801
67371
853803
853804
853805
853806
853808
853809
853810
853811
853812
853813
853814
853815
853816
853817
853818
67387
853819
853820
853821
853822
853823
853824
853826
853827
853828
853829
853830
853832
853833
853834
853835
853836
853837
853838
853839
853840
67409
853841
853843
853845
853846
853848
853849
853851
853852
853853
853855
853857
853858
853860
67429
853861
853862
67431
853863
853864
853865
853866
853867
853868
853869
853870
67439
853872
853874
67443
853875
853877
853878
853880
853881
853883
853884
853886
853887
853888
853889
853891
853892
853893
67462
853894
853895
853896
853897
853898
853899
67469
853901
853902
853903
853904
853905
853906
853907
853909
329622
853910
853912
853913
67482
853915
853916
853917
853918
853919
853920
853921
853922
853923
853924
853925
67494
853927
853928
853929
853930
853932
853933
853934
853935
853936
853937
853938
853939
853940
853941
853942
853943
853944
853946
67516
853948
853949
853951
329664
853952
67521
853953
853954
853955
853956
853957
853958
853959
853960
853961
853963
853964
853965
853966
853967
853968
853969
853971
853972
853973
853974
853975
853976
853978
853979
853980
853981
853982
853983
853985
853986
853987
853988
853989
853990
67559
853991
853992
853993
853994
853995
853996
67565
853997
853998
853999
854001
854003
854004
854005
854006
854007
854008
854009
67578
854010
854011
854012
854013
854014
854015
854016
854018
854019
854020
854021
854022
854023
854024
854025
854026
854027
854028
854029
854030
854031
854032
854033
854034
854035
67604
854036
854037
854038
329751
854039
854041
67610
854042
854044
854045
854046
854047
854048
854049
854050
854051
67620
854052
854053
854054
67623
854056
854058
67627
854060
854061
854063
854064
67634
854066
854067
854069
854070
67640
854072
67641
854073
854074
854075
854076
854077
854079
854080
854082
854083
67652
854084
854086
854087
854088
854090
854091
854092
854093
854094
854095
854096
67665
854098
854099
854100
854102
854103
854104
854105
854106
67675
854107
854108
854109
854110
854111
854112
854114
854116
854117
854118
67687
854119
854120
854121
854122
854124
854125
854126
854127
67696
854128
854129
854130
854131
854132
854133
854134
854135
854136
854137
854138
854139
67708
854140
854141
854142
854143
854144
854145
854147
854148
854149
854150
854151
854152
854153
854154
854155
854156
67725
854157
854158
854159
854160
854162
854163
854164
854165
854167
854168
854169
854170
67739
854171
854172
67741
854173
854174
854175
854176
854177
854179
854180
854181
854182
854183
854184
854185
854186
854187
854189
854190
854191
854192
329905
854193
854194
854195
854196
854197
854198
854199
854200
854202
854203
854204
854205
854206
854208
854209
854210
67779
854211
854212
854213
854214
854215
854216
67785
854217
854218
854219
854220
67789
854221
854222
854223
854225
854226
854227
854228
67797
854229
854230
854231
67801
854233
854235
67804
854236
67805
854238
854239
854241
67810
854242
854243
854245
854247
854248
854249
854250
854251
854253
854254
854256
854257
854259
854260
854262
854263
854264
854266
854268
329981
854269
854271
854272
67841
854273
854274
854275
67844
854276
854277
854278
854279
67848
854280
854282
854283
854285
67854
854286
854287
854288
854289
854290
854291
854292
67861
854293
854294
854296
854297
854298
854299
854300
854302
854303
854304
854305
854307
854308
854309
854310
854311
854312
854313
854314
854315
854316
854317
854318
67887
854319
67888
854320
854321
854323
854324
67893
854325
67894
854326
854327
854328
854329
854330
67899
854331
854332
854333
854334
854335
854336
854337
854339
854340
854341
854342
854343
854344
854345
854346
854347
67916
854348
67917
854349
854350
854352
854353
854354
854355
854356
854357
854358
854359
854360
854361
854362
854363
854364
854365
854366
854367
854368
854369
854370
854371
854372
854373
854374
854375
854376
854377
854379
854380
854381
67950
854382
854383
854384
854385
854386
854388
854389
854390
854391
67961
854393
854394
854395
854396
854397
854399
854401
854402
854403
854404
854405
854406
854407
67976
854408
854409
854410
854411
854412
854413
854414
854415
854417
854418
854419
854420
854421
854422
854424
330137
854426
854427
67997
854429
67998
854430
854431
854432
68001
854434
854435
854437
854438
68008
854440
854441
854442
854443
68012
854445
854446
854447
854448
854450
854451
854452
854453
68022
854454
854456
854457
854458
854460
854461
854463
854464
854465
854466
854467
854468
854470
854471
854473
68042
854474
854475
854476
854477
68047
854479
854480
854482
854483
854485
854486
854487
854488
854489
854490
854491
854492
854493
854494
854495
854496
854497
854498
854499
854500
854501
854502
854504
68073
854505
68074
854507
854508
68077
854509
68078
854510
854511
854512
854513
854514
68083
854515
854516
854517
854518
854519
854520
854521
854523
854524
854525
854526
854527
854528
854529
854531
854532
854533
854534
68103
854535
854536
854537
854538
854539
854540
854541
854543
854544
68113
854545
854546
854547
854548
854550
854551
854552
854553
854555
854556
854557
854558
854559
854561
854562
854563
854564
854565
854566
854567
854568
854569
854570
854571
854572
854573
854574
854575
68144
854576
854577
854578
854579
854580
854581
854582
854583
854584
854585
854586
854587
68156
854588
854589
854590
854591
854592
854593
854594
854596
854597
854599
854600
854602
854604
854605
854606
854608
854609
854611
854612
68181
854613
854614
68183
68184
854616
854617
854618
854619
854620
854622
854624
854625
854627
854628
854629
854631
854632
854634
68203
854635
68204
854636
854637
68207
854639
854640
68209
854641
854642
854643
854644
854646
854647
854648
854649
854650
854651
854652
854653
854654
854656
854657
854658
68227
854659
854660
854661
854663
854664
68233
854665
854666
854667
854668
854669
854670
854671
854672
854673
854674
854675
854676
854677
854678
854679
68248
854680
854682
854683
854684
854685
854686
854688
68257
854689
68258
854690
854691
854692
68261
854693
854694
854695
68264
854696
854697
854698
854700
854701
854702
854703
854704
854706
854707
854708
854709
854711
854712
854713
854714
854715
854716
68285
854717
854718
854719
854721
854722
854723
68292
854724
854725
854726
854727
854728
854729
68298
854730
854731
854732
854733
854734
854735
854736
68305
854737
854738
854739
854740
854741
854742
854743
854744
854745
854746
854747
854748
854749
854750
854751
68320
854752
854754
854755
854756
854757
854758
854760
854762
854763
854764
854766
854768
854769
854771
68340
854772
854773
68342
854774
854775
854776
854777
854778
854779
854781
854782
330495
854783
854784
68353
854785
854786
854788
854789
854790
854791
854792
854793
854794
854795
854796
854797
854799
854800
854801
854802
68371
854803
854804
854806
854807
854808
854809
854810
854811
854812
854813
854814
854815
854816
854817
854818
854819
854820
854821
854822
854823
854825
854826
854827
854828
854829
854832
854834
854835
68404
854836
854837
854838
854840
854841
330554
68411
854843
854844
854845
854846
854847
854848
854849
854850
854851
854852
854854
68424
330568
854856
854857
854858
854859
854860
854861
854862
854863
854864
854865
854866
854867
854869
854870
854871
854872
854873
854874
854875
854876
854877
854878
854879
854880
854881
854883
854884
854885
854886
854887
854888
330601
854889
854891
854892
854894
854895
854896
854897
68466
854898
854899
854900
854901
854902
854903
854904
854905
854906
854907
854908
854909
854911
330624
854913
854914
68483
854915
854916
854918
68487
854920
68489
854921
854922
854923
854925
854927
68496
854928
854929
854930
854932
854933
854934
854935
854936
854937
854938
854939
854940
330653
854941
68510
854942
854943
854944
854945
854946
854947
854948
854949
854950
854951
854952
854953
854954
854955
68524
854957
854958
854959
854960
854961
854962
854963
854964
854965
854966
854968
68537
854970
854971
854973
854974
854975
854976
68545
854977
68546
854978
68547
854980
854982
854983
854984
854985
854986
854987
854988
854989
854990
854992
854993
854994
854995
854996
854997
68566
854998
854999
855000
855001
855002
855003
855004
855005
855006
855007
855008
855009
855010
855011
855012
855013
855014
855015
855016
68585
855017
855019
68588
855020
855022
855023
855024
855025
855026
855027
855029
855030
855031
855033
855034
855035
855037
855038
855039
855040
855041
855042
855043
855044
855045
68614
855046
68615
855047
855048
855049
68618
855050
855051
855052
855053
855054
855055
855056
68625
855058
855059
855060
855061
855063
855064
855065
855066
855067
855068
855070
855071
855072
855073
855074
68643
855075
855077
855078
855079
855080
855081
855083
68652
855084
855085
855086
855088
855089
855090
855091
855092
855093
855094
855095
855096
855097
855099
855100
855101
855102
855103
68672
855105
855106
855107
855108
855109
855110
855111
855112
855113
855114
855115
855116
855117
855118
855119
855120
855121
855123
855124
855125
855126
855127
855128
855129
68698
855131
855132
68702
855134
855135
855136
855138
855139
855140
855142
68711
855143
855144
855145
855146
855147
855148
855149
855150
855151
855152
855153
68722
855154
855155
855156
855157
68726
855158
68727
855160
855161
855163
855164
855165
68734
855167
855168
855169
855170
855171
855172
855173
855174
68743
855175
855176
68745
855177
855178
855179
855180
855181
855182
855183
855184
855185
68754
855187
855188
855189
855190
855191
855192
855193
855194
855195
855196
855197
855198
855199
855200
855201
855202
855203
855204
855205
855206
855207
855208
855209
855210
855211
855212
855213
855214
855216
855218
855219
68788
855220
855221
855222
855223
855224
855226
855227
855228
68797
855229
855230
855231
855232
68801
855234
855235
855236
855237
855238
855239
855240
855241
855242
855243
855244
855245
855246
855247
855248
855249
855250
855251
855252
855253
68822
855254
855255
855256
855257
855258
68827
855259
68828
855260
855261
855262
855263
855264
855265
855266
855268
855269
855270
68840
855272
855273
68842
855275
855276
855278
855279
855281
855282
855283
855284
855285
855286
855287
855288
855289
855290
855291
855292
855294
855295
855296
855297
855298
855299
855300
855301
855302
855303
68872
855304
855305
68874
855306
855307
855308
855309
855310
855311
855312
855313
855314
855315
855316
855317
855318
68887
855319
855320
855322
855323
855324
855325
855326
855327
855328
855329
855330
855331
331044
855332
855333
855334
855335
855336
68905
855338
855339
855340
855342
855343
855344
68913
855345
855346
855347
855348
855350
855351
855352
855353
855354
68923
855355
855356
855357
68926
855358
855359
68928
855360
855361
855362
855363
855364
855365
855366
855367
855368
855369
855370
855371
855372
855373
855374
855375
855376
855377
855378
855379
68948
855380
855381
855382
855383
855384
855385
855386
68955
855387
855388
855389
855390
855391
855392
855393
855394
855395
855396
855397
855398
855399
855400
68969
855401
855402
855403
855404
855405
855406
855407
855408
855409
855410
855411
855412
68981
855413
855414
68983
855415
855416
855417
855418
855419
855421
855422
68991
855423
855424
855425
855426
855427
855428
855429
855430
855431
855432
69001
855433
855434
855435
855436
855437
855438
855439
855440
69009
855441
855443
855444
855446
855447
855448
855449
855450
855451
855452
855454
855456
69025
855457
855459
855460
855462
855463
855464
855465
855466
855467
855468
855470
855472
855473
69042
855475
855476
69046
855478
855479
855481
855482
855483
69052
855485
855486
855487
855488
855489
69059
855491
855492
855493
855495
855496
855497
855498
855499
855500
855501
855502
855503
855504
855505
855506
855507
69076
855508
855509
855510
855511
69080
855512
855513
855514
855515
855516
855517
855518
855519
855520
855522
855523
69092
855524
855525
855526
855527
855528
69097
855529
855530
855531
855532
855533
855534
855535
69104
855536
855538
855539
855540
855541
855542
855543
69112
855544
855545
855546
855547
855548
855549
69118
855550
69119
855551
855552
855553
855554
855555
855556
855557
855558
855559
855560
855561
855562
69131
855563
855564
855565
855566
855567
855568
69137
855569
855570
855571
855572
855573
855574
855575
855576
855577
855578
69147
855579
855580
855581
855582
855583
855584
855585
855586
855587
855588
855589
855590
855591
855592
855593
855594
855595
855596
855597
855598
855599
69168
855600
855601
331314
855602
69171
855603
855604
855605
855606
855607
855608
855609
855610
855611
855612
855613
855614
855615
855616
855617
855618
855619
855621
855622
855623
855624
855625
855626
855627
855629
69198
855630
855631
855632
855634
855635
855636
855637
855638
855640
855641
855642
855643
69212
855645
855646
855647
855648
855649
855650
855651
855652
855654
855655
855657
855658
855659
69228
855661
855662
855663
855664
855665
855666
855667
69236
855669
855670
855671
855672
69241
855673
855674
855675
855677
855678
855680
855681
855682
855683
855684
855685
855686
855687
855689
855690
69259
855692
855693
855694
69263
855695
69264
855696
855697
855698
855699
69268
855700
855701
855702
855703
855704
855705
855706
855707
855708
69277
855709
855710
855711
855713
855714
855715
855716
855717
855718
855719
855720
855721
855722
855723
69292
855724
855725
855726
855728
69297
855729
855730
855731
855733
69302
855734
855735
69304
855736
855737
855738
855739
855741
69310
855742
855743
855744
855745
855746
855747
855748
855749
855750
855751
855752
855753
855754
855755
855756
855757
855758
855759
855760
855761
855762
855763
855764
69333
855765
855766
855767
855768
855769
855770
855771
855772
855773
855774
855775
855776
855777
69346
855778
855779
855780
855781
855782
855783
855784
855785
855786
855787
855788
855789
855790
855791
855792
69361
855793
855794
69363
855795
855797
855798
855799
855800
855802
855803
855805
855806
855808
855809
69378
855811
855812
855814
855815
855816
855817
855818
69387
855820
855821
855822
855824
855825
855827
855828
855830
855831
855833
855834
855835
855836
855838
855839
855840
855841
855843
855844
855845
855847
855848
855849
855850
855851
855852
855853
855854
855855
855856
69425
855857
855858
855859
855860
855861
855862
855864
855865
855866
855867
855868
855869
855870
855871
855872
855873
855874
855876
855877
855878
855879
855880
855881
855882
855883
855884
69453
855886
855887
855889
855890
855891
855892
855893
855894
855895
69464
855897
855898
855899
855900
855901
855902
855903
855904
855905
855906
855907
855908
855909
855910
855912
855913
855914
855916
855917
855918
855919
855920
855921
855922
855923
855924
855925
855926
855928
855929
855930
855931
855932
855933
855934
855935
855936
855937
855938
855939
855941
855942
855943
855944
855945
855947
855948
855949
855950
855951
855952
69521
855953
855954
855955
855956
855957
855958
855959
855960
855961
855962
855963
855964
855965
855966
855967
69536
855968
855969
855970
855971
855972
855973
855974
855975
69544
855976
855978
855979
855980
855982
855983
855985
855986
855988
855989
855991
855992
855994
855995
855997
855998
856000
856001
856002
856003
856005
856006
856008
856009
856011
856012
69581
856014
856015
856017
856018
856020
856021
856023
856024
856025
856026
69596
856028
856029
856030
856031
856032
856033
856035
69604
856036
856037
69606
856038
856039
856040
856041
856042
856043
856044
856045
856046
856048
856049
856050
856051
331764
856053
856054
856055
331768
856056
856057
856058
856059
856060
856061
856062
856063
856065
856066
856068
856069
856070
856071
856072
856073
856074
69644
856076
856077
856079
856080
856081
69650
856083
69652
856084
856086
856087
856088
856089
69658
856091
856092
69661
856094
856095
856096
856097
856098
69667
856099
69668
856100
856102
856103
856104
856105
856106
856107
856108
856109
856110
856111
856112
856113
856114
856115
856116
856117
331830
856118
856119
856120
856121
856122
856123
856124
856125
69694
856126
856127
69696
856128
856129
856130
856131
856132
856133
856134
856135
856136
856137
856138
856140
856141
856142
856143
856144
856145
856146
856147
856148
69717
856149
856150
856151
69721
856153
69722
856154
856155
856156
856157
856158
856159
856160
69729
856161
856162
856163
856164
856165
856166
856167
856168
856169
856170
69739
856171
856173
856174
856175
856176
69745
856177
856178
856179
856180
856181
856182
69751
856183
856185
856186
69755
856188
856189
856191
856192
856193
856195
856196
856198
856199
856200
856201
856202
856203
856205
856206
856208
856209
856211
69780
856212
856214
856215
856216
856217
856219
856220
856221
856222
856223
856225
856226
856228
69797
856229
856231
856232
856234
856235
856237
856238
69807
856239
856240
69810
856242
856243
856244
856245
856247
69816
856248
856249
856251
856252
856253
856254
856255
856256
856258
856259
331972
856260
856261
856262
856263
856264
856265
856266
856267
856268
856270
856271
856272
856274
856275
856276
856277
856278
856279
69848
856280
856281
856282
856283
856284
856285
856287
69856
856288
856290
856291
856293
856294
856295
856297
856298
856299
856300
856301
856302
856303
856304
856305
856306
856307
69876
856308
69877
856309
856310
856311
856312
856314
856315
856316
856317
856318
856319
856320
856321
856323
856324
856325
856327
856328
856329
856330
856331
856332
856333
856334
856335
856336
332049
856337
856338
856339
856340
856341
856342
856343
69912
856344
856345
856346
856347
856348
856349
856350
69919
856351
856352
856353
856354
856355
856356
856357
856358
856359
856360
856361
856362
856363
856364
69933
856365
856366
856368
856369
856371
856372
856373
856374
856375
856377
856378
856379
856380
856381
856382
856383
856384
856385
856386
856388
856389
856390
856391
856392
856393
856394
856395
856396
856397
856398
856399
856400
856401
856402
856403
856404
856405
856406
856407
856408
856409
856410
69979
856411
856412
856413
856414
856415
856416
856417
856418
856419
856421
856422
856423
856424
856425
856426
856427
856428
856429
856430
856431
856432
856433
856434
856435
70004
856436
856437
856439
856440
856441
856442
856444
856445
856446
856447
856448
856449
856451
856452
70021
856454
856455
856456
856457
856458
856459
856461
856462
856464
856465
856466
856467
856468
856469
856470
856471
856473
856474
856476
856477
856479
856480
856481
856482
70051
856483
856484
856485
856487
856488
856490
856491
856493
856494
856496
856497
856499
856500
856502
856503
70073
856505
856506
856508
856509
856510
70079
856511
856512
856513
856515
856516
70086
856518
856519
856520
856521
856522
856524
70093
856525
856526
856528
856529
70099
856531
856532
70101
856533
856534
70103
856535
856536
856537
70106
856538
70108
856540
856541
856543
856544
70113
856545
856546
856547
856548
856549
856550
856551
856553
856554
856555
856556
856557
856558
856559
856560
856561
856562
856563
856564
856565
856566
856567
856568
856569
856570
856571
70141
856573
856574
856575
70145
856577
856579
856580
856581
856582
856583
856584
856585
70154
856586
856587
856588
856589
856590
856591
856592
856593
856594
856595
856597
856598
856599
856600
856601
856602
856603
856604
70173
856605
70175
856607
856608
856609
70178
856610
856612
856613
856614
856615
856617
70186
856618
856619
70188
856620
856621
856622
856623
856624
856625
856626
856627
856628
856629
856630
856631
856633
856634
856635
856636
856637
856638
856639
856640
856641
856642
856643
856644
856645
856646
856647
856649
70218
856650
70219
856651
856652
856653
856655
856656
856657
856658
856659
856660
856661
856662
856663
856665
856666
856667
856668
856669
856670
856671
856672
856673
856674
856675
856676
856677
856678
856679
856680
856681
856682
856683
856684
70253
856686
856687
856689
70258
856690
856692
856693
70262
856694
856695
856696
856697
856698
856699
856700
856701
70270
856702
70271
856704
856705
856706
70275
856707
856708
856709
856710
856712
856713
856715
856716
856718
856719
856721
70290
856722
856723
856724
856725
856726
856727
856728
70297
856730
856731
856733
70302
856734
856735
856736
856737
856738
856740
856741
856742
856743
856744
856745
856746
856747
332460
856749
856750
856751
856752
856754
856755
856756
856757
856758
856759
856760
856761
856762
856763
856764
856765
856766
70335
856767
856769
856770
856772
856773
856774
856775
856776
856777
856778
856779
856781
856782
856783
70352
856784
856785
70354
856786
70355
856787
856789
856790
70359
856791
856793
856794
856796
856797
70366
856798
856799
70368
856800
70370
856802
856803
856804
856805
856806
856808
856809
856810
856811
856812
856813
856814
856815
856816
856817
856818
856819
70388
856820
70389
856821
856822
856823
856824
70393
856825
856826
856827
856828
856829
856830
856831
70400
856833
856834
856836
856837
856839
856840
332553
856841
856843
856844
856845
856846
70415
856847
856848
856849
856850
856851
856852
856853
856854
70423
856856
856857
856858
856859
856860
856862
856863
856864
856865
70434
856866
856867
856868
856869
856870
70439
856872
856873
856874
856875
856876
856877
856878
856879
856880
856881
332595
856883
856884
856885
856886
856887
856888
856889
856890
856891
856892
856893
856894
856895
856896
856897
856898
856899
856900
856901
856902
856903
856904
856905
856906
856907
856908
856909
856910
856911
856912
856913
856914
856916
856917
856918
856919
856920
856921
856922
856923
856924
70493
856925
856926
856927
856929
856930
856931
856932
856934
856935
70505
856937
856938
856940
856941
856942
856943
70512
856944
856946
856947
856949
856950
856951
856952
856954
856955
856956
856957
70526
856958
856959
856960
856961
856962
856964
856966
856967
856969
856970
856971
856973
856974
856976
856977
856979
856980
856981
856982
856983
856985
70554
856986
856987
856988
856990
856991
856992
856993
856995
856996
856997
856998
70567
856999
857000
857001
857002
857004
857005
857006
857008
857009
70578
857010
857011
857012
857013
857014
857015
857016
857018
857019
857020
857021
857022
857023
857024
857025
857026
857028
857029
857030
857031
857032
857033
857034
857035
857036
857038
857040
857041
857042
857043
857045
857046
857047
857048
857049
857050
857051
70620
857052
857053
857054
857055
857056
857057
857058
857059
857061
857062
857064
857065
857066
857067
857068
857069
857070
857071
857072
857073
857074
857075
857076
857077
857078
857079
857080
857081
857082
857083
857084
857085
857086
857087
857088
857089
857091
857092
857093
857094
857096
857097
857098
857099
857100
857101
857102
857103
857104
857105
857106
857107
857108
857109
857111
857112
857113
857115
857116
857117
857118
857119
857120
857121
857122
857123
857124
857125
857126
857127
857128
857129
857131
857132
857133
857134
857135
857136
857137
857138
857140
857141
857142
70712
857144
857145
857147
857148
857150
857151
857152
857153
857154
857155
857156
857157
857158
857159
857160
70729
857162
857163
857165
857166
857168
857170
857171
857172
857173
857174
70744
857176
857177
857178
857179
857181
70750
857182
857183
857184
70753
857185
857186
857187
70756
857189
857190
857191
857192
857193
857195
857196
857197
857198
857199
857200
857201
70770
857202
857203
857204
857205
857206
857207
857209
857210
857212
857213
857214
857215
857216
857217
857218
857219
857220
857221
857222
857223
857224
857225
857226
857227
857228
857229
857230
857231
857232
70801
857234
857235
857236
857237
857238
857239
857240
857241
857242
857244
857245
857246
857247
857248
857249
70818
857250
857251
857252
857253
857254
70823
857255
857256
857257
70826
857258
857259
857260
857261
857262
857263
857265
857266
857267
857269
857270
70839
857271
857272
857273
857274
857275
857276
857277
857278
857279
857280
70849
857281
857282
857283
857284
857285
857286
857288
70857
857289
857291
857292
857293
70862
857294
857295
857296
857297
857298
857299
857300
857301
857302
857303
857304
70873
857305
857306
857307
857308
857309
857310
857311
857312
857313
857314
857315
857316
857317
857318
857319
857320
857321
857322
857323
857324
857325
857326
857328
857329
857330
857332
857333
857334
857335
857336
857337
857339
857340
857342
857343
857344
857345
857346
857348
857349
857351
857352
70921
857353
857355
857356
857357
857358
857359
857361
70930
857362
857364
857365
857366
857367
857368
857370
857371
857372
857374
857375
857376
857377
857378
857380
857381
857383
857384
857385
857386
857387
857389
70959
857391
857392
857394
857395
857396
70965
857397
857398
857399
857400
857402
857403
857405
333118
857406
857407
857408
857409
857410
857411
857412
857413
857414
70983
857415
857416
857417
857419
857420
857422
857423
70993
857425
857426
857428
857429
857430
857432
857433
857434
857435
857436
71005
857437
857438
857439
857440
857441
857442
857443
857444
857445
857446
857447
857448
857449
71018
857450
857451
857452
857453
857454
857455
71024
857456
857457
857458
857459
857460
857461
857462
857463
857465
857466
857467
857468
857470
71040
857472
857473
857474
857475
857476
857477
857478
857479
857480
857481
857482
857483
857484
857485
857486
857487
857488
857489
857490
857491
857492
857493
857494
857495
71064
857496
857497
857498
857499
857500
857501
857503
857504
857505
857506
857507
857508
857509
857511
857512
71082
857514
857515
857516
857517
857518
857519
857520
857521
71090
857523
857525
857526
857527
71096
857528
857529
71099
857531
71100
857532
857534
71104
857536
857537
857538
857539
857540
857541
857542
857543
857544
857545
857546
857547
857548
71117
857550
857551
857553
857554
857555
857556
857557
857558
857559
857561
857562
857563
857565
857566
71135
857567
857568
857570
857571
71140
71141
857573
857574
857575
857576
857578
857579
857580
857581
857582
857583
857584
857586
857587
857588
857589
857590
71159
857591
857592
857593
857594
857595
857596
857597
857598
857599
857600
71169
857601
857602
857603
857604
71173
857605
857606
71175
857608
857610
857611
857612
857613
857614
857615
857616
857617
857619
857620
857621
857622
857624
857625
857626
857627
857628
857629
857630
857631
857632
71201
857634
857635
857636
857637
857638
857639
857640
857641
857642
857643
857644
857645
857646
857647
857648
857649
857650
857651
857652
857653
857654
857655
857656
857657
857658
857659
857660
857661
857662
857663
857664
857665
857666
857667
857668
857669
857670
857671
857672
857673
857675
71244
857676
857677
857678
857679
857680
857681
857682
857683
857684
71253
857685
857686
857687
857689
857690
857691
857692
857693
857694
857696
857697
857698
857699
857701
857702
857703
857704
857706
857708
857709
71278
857710
857711
857712
857713
857715
857716
857717
857718
857719
857720
857721
857723
857724
71293
857725
857726
857728
857730
857731
857732
857734
857735
71304
857736
857737
857738
857739
857740
857741
857743
71312
857744
857745
857746
857747
857748
857750
857751
857752
857753
857755
857756
857757
857759
857760
857761
71331
857763
857764
857766
857767
857768
857769
857770
857771
857772
857774
857775
857776
857777
857778
857779
857780
857781
857782
857783
857784
857785
71354
857786
857788
857789
857790
857791
857792
71361
857793
857794
857795
857796
857797
857798
857799
857800
857801
857802
857803
857804
857806
857807
857808
857809
71378
857810
857811
857812
857813
857814
857815
857816
857817
857818
857819
857821
857822
71391
857823
71392
71393
857825
857826
857827
857828
857829
857830
857831
857832
857833
857834
857835
857836
857837
857839
857840
857841
857842
857843
857844
857845
857846
857847
857848
857849
857850
71419
857851
857852
857853
857854
857855
857856
857858
857859
857860
857861
857862
857863
71432
857864
857866
857867
857868
857869
857870
857871
857872
857873
857875
71444
857876
857877
857878
857880
857882
857883
71452
857885
857886
857887
857889
857890
71459
857891
71460
857893
857894
857895
857897
857898
857899
857900
857901
857903
857904
71473
857905
857906
857907
71476
857909
857910
857911
71480
857912
857913
857914
857915
857916
857917
857918
857919
71488
857920
857922
857923
857924
857925
71494
857926
857927
857928
857929
857930
857931
71501
857933
857934
857935
857936
857937
857938
857939
857940
71509
857941
71510
857942
857944
857945
857946
857947
857948
857950
857951
857952
857953
857954
857955
857956
857957
857958
857959
857960
71529
857961
857962
857963
857964
857965
857967
857968
857969
857970
857971
857972
857973
71542
857975
857977
857978
857979
857980
857981
857982
857983
857985
71554
857986
857987
857988
857989
857990
857991
857992
857993
857994
71563
857995
857996
857997
857998
857999
858001
71571
858003
858004
71573
858005
858006
858007
858008
858009
858010
858011
71580
858012
858014
71583
71584
858016
858017
71586
858018
858019
858020
858021
858022
858023
858024
858025
858027
858028
858029
858030
71599
858031
858032
858033
858034
858035
858036
858037
71606
858038
71608
858040
858041
858042
858043
858044
858045
858046
858047
71616
858048
858049
71618
858050
858051
71620
858052
858053
858054
71623
858055
858056
858057
858058
858059
71628
858060
858061
858062
858063
71632
858064
858065
71634
858066
858067
858068
71637
858069
858070
71639
858071
858072
71642
858074
858075
858076
858077
858079
858080
858081
858082
858084
858085
858086
858087
858088
858089
858091
858092
858093
858095
858097
858099
858100
858101
858102
858103
858104
858105
858106
858108
858110
858111
858112
858113
71682
858114
858115
858116
858117
858118
858119
858120
858121
858122
858123
858124
858125
858127
858128
858129
858130
858131
858132
858133
858134
858135
858136
858137
858138
858139
858141
858142
858144
71713
858145
858146
858147
858148
858149
858150
858152
858153
858154
858155
71724
858156
858158
858159
858160
858161
858162
858163
858164
858165
858166
858167
858169
858170
858171
858172
858173
858174
858175
858176
858177
858178
858179
858180
858182
858183
71752
858184
858185
858186
71755
858187
858188
858190
858191
858192
858193
858194
858195
858196
858197
858198
858199
858200
858201
858203
858204
71773
858206
858207
858208
858209
858210
858211
858212
858213
858214
858215
858216
858217
858218
858219
858220
858221
858222
71791
858223
858225
858226
71795
858227
858228
858229
858230
858231
858232
858233
858234
858235
858236
858237
858238
858239
858240
858241
71810
858242
858243
858244
858245
858246
71815
858247
71816
858249
858250
858251
71820
858252
858253
858254
858256
858257
858258
71827
858259
858260
858261
71830
858263
858264
858266
858267
858268
858269
858270
858271
858272
858273
71842
858274
858275
858276
858277
858278
858279
858280
858281
858282
858283
858284
858285
858286
858288
858289
858291
71860
858292
858293
858294
858295
858296
858297
858298
858299
858300
858301
858302
858304
858306
71875
858307
71876
858308
71877
858309
858310
858311
858312
71881
858313
858314
858315
858316
858317
858318
858319
858320
71889
858321
858322
858324
858325
858326
858327
858328
858329
71898
858330
71899
858331
858332
858333
858334
858335
858336
858337
858338
858339
71908
858340
858341
71910
858342
858343
858344
858345
858346
858347
858348
858349
858350
858351
858352
858353
858354
858355
858356
858357
858358
858359
858360
71929
858361
71930
858362
858363
858364
858365
858366
858367
858368
858369
71938
858370
858371
858372
71941
858373
858374
858375
858376
858377
858378
858379
858380
858381
71950
858382
858383
858384
858386
71956
858388
858389
858390
858391
71960
858392
858393
858394
858395
858396
71965
858398
71967
858399
858400
858401
858402
858403
858404
334117
858405
71974
858406
858407
858408
858409
858410
858411
858412
858413
858414
858415
71985
858417
858418
858419
858420
858421
858422
858423
71992
858424
71993
858425
858426
858427
71997
858429
858430
858432
858433
858434
858435
858436
858437
858439
858441
858442
858443
858444
858445
858446
858447
858448
858449
858450
858451
858452
858453
858454
858455
858456
858457
858458
858459
858460
858461
858462
858463
858464
72033
858465
858466
858467
858469
858470
858471
858472
858473
858474
858475
858476
858477
72046
858478
858479
858480
858481
858482
858483
858484
858485
858486
858487
858488
858489
858490
858491
858492
858493
858494
858495
858497
72066
858498
858499
858500
858501
858502
858503
858504
858505
858506
858507
858508
858509
858510
858511
858512
72081
858513
858514
858515
72084
858516
858517
858518
858519
858521
858522
858524
858525
858526
858527
858528
858529
858530
72099
858532
858534
858535
858536
858537
858538
858539
858540
858541
858542
858543
858545
858546
858547
858549
858551
858552
858553
858555
858556
858557
858558
858559
858560
858561
858562
858563
858564
858565
858566
858567
858568
858569
72138
858570
858572
858573
858574
858575
858576
858577
858578
858579
858580
858581
858582
858583
858584
858585
858586
858587
858588
858589
858590
858591
858592
858593
858594
858595
858596
858597
858598
72167
858599
858600
858601
72170
858602
858603
858604
858605
858606
858607
858608
858609
858610
858611
858612
858613
858614
858615
858616
858617
858618
858619
858620
858621
858622
72191
858623
858624
858625
858626
858627
858628
858629
858630
858631
858632
72201
858633
858634
72203
858635
858636
858637
858638
858639
72208
858640
858642
858643
858644
858645
858646
858647
858648
858649
858650
858651
858652
72221
858653
858654
858655
858656
858657
72226
858658
858659
858660
72229
858661
858662
858663
858664
858665
858666
858667
72237
858669
858670
858672
858673
858674
858675
858677
858678
858679
72248
72249
858681
858682
858683
858684
858685
858686
858687
858689
858690
858691
858692
858693
72262
858694
858695
72264
858696
858697
858698
72267
858699
858700
858701
858702
858704
858705
858707
858708
858709
858710
858711
858712
858713
858714
858715
858716
858717
858718
858719
72288
858720
858721
858722
858723
858724
858725
858726
858727
858728
858729
72298
858730
72299
858731
858732
858733
72302
858734
858736
858737
858739
858740
858741
858742
858743
858744
858746
858747
858748
858749
858750
858752
858753
858754
858755
858757
858758
858759
858760
858761
858762
858763
858764
858765
858766
858767
858768
858769
858770
858771
858772
858773
858774
858776
858777
858778
858779
858780
858781
72350
858782
858783
858784
858785
72354
858786
858787
858788
858789
858790
858791
858792
858793
858794
858795
858796
858797
72366
858798
858799
858800
858801
858802
858803
858804
858805
858806
858807
858809
858810
858812
858813
858814
858815
858816
858818
858819
858820
858822
858823
858825
72394
858826
858828
858829
858831
858832
72401
858833
858834
858836
858838
858839
858840
858841
858842
858843
858844
858845
858846
858848
858849
858850
858852
858853
858855
858856
858858
858859
858860
858861
858862
858863
858864
858865
858867
858868
858869
858870
858871
858872
858873
858874
858875
858876
858877
858878
858879
858880
858881
858882
858883
858884
858885
858886
858888
858889
858890
72459
858891
858892
858893
858894
858895
858896
72465
858897
858898
858899
72468
858900
858901
858903
858905
858906
858907
858908
858909
858910
858911
858912
858913
858914
858916
858917
858918
858919
858920
858921
858922
858923
858924
858925
858926
858927
858928
858929
72498
858930
858931
858933
858934
858935
858936
858937
858938
858939
858940
858941
858942
858943
858944
858945
858946
858947
858948
72517
858949
858950
858951
858952
858953
858954
72523
858955
858956
858957
858958
858959
858960
858961
858962
858963
858965
858966
858968
858969
858970
858971
858972
858973
858974
858975
858976
858977
858979
72548
858980
858982
858983
858985
858986
858987
858989
858990
858992
858993
858995
72564
858997
858999
859000
859002
859003
859004
859005
859006
859007
859008
859010
859011
859012
72581
859013
859014
859015
859016
859017
859018
859019
859021
859022
859024
859025
72594
859026
859028
859029
859031
859032
859033
859034
859035
859036
859037
859039
859040
859041
859042
859043
859044
859045
859046
859048
859049
859050
859051
859052
859054
859055
859056
859057
859058
859059
859060
859061
859062
859063
859064
859065
859066
859067
859068
859069
859070
859071
859072
859073
859074
859075
859076
859077
859078
859079
859080
859081
859082
859083
859084
859086
859087
859088
859090
859091
859092
859093
859094
859095
859096
859097
859098
859099
859100
859101
859102
859103
859104
859106
859107
859108
859109
859110
859111
859112
859113
859114
859115
859116
859117
859118
859119
859120
859121
859122
859123
859124
72693
859125
859126
859127
859128
72697
859129
859130
72700
859132
859134
859135
859137
859138
859140
859141
859143
859144
859145
72715
859147
859148
859149
859151
859152
859154
859155
859156
859157
72727
859159
72728
859160
859162
859163
859165
859166
859168
859169
859170
72739
859171
859172
859173
859174
859175
859176
859177
859178
859180
859181
859182
859183
859185
859186
859188
72758
859190
859191
859192
72762
859194
859195
859196
859197
859198
859199
859200
859201
859203
859204
72774
859206
859207
859208
859209
859210
859211
859212
859213
859214
859215
859216
859217
859218
859219
859220
72789
859221
859223
859224
859225
859226
72795
859227
859228
859229
859231
859232
859233
859234
859235
859236
859237
859238
859239
859240
859241
859242
859243
859244
859245
859246
859247
859248
859249
859250
859251
72820
859252
859253
859254
334967
859256
859257
859258
859259
859260
859261
859262
72831
859263
859264
72833
859265
859267
859268
859269
859270
72839
859271
859272
859273
859274
859275
859276
859278
859279
859280
859281
859282
859283
859284
859285
859286
859287
859288
859289
859290
859291
859292
859293
859294
859295
859296
859297
859298
859299
859300
859301
859302
859303
859304
859306
859307
72876
859309
859310
859311
859313
859314
859315
859317
859318
859319
72888
859320
859321
72890
859322
859323
859324
859325
859326
859327
859328
859330
859331
859333
859334
859335
859336
859337
859339
859340
859342
859343
859345
859346
859348
859349
859350
859351
859352
859353
859354
72923
859355
859356
859357
859358
859359
72929
859361
859362
859363
859364
72934
859366
859367
859368
859369
72938
859370
859372
859373
859375
72945
859377
859378
859380
859381
859382
859383
859384
859385
859386
859387
859388
72958
859390
859391
859392
859393
72962
859394
859395
859397
72966
859398
859400
859401
859402
859403
859404
859405
859406
859407
859408
859409
859410
859412
859414
72983
859415
859416
859417
859418
859419
859420
859421
859422
859423
859424
859425
859426
859428
859429
859430
859431
335144
859432
859433
859434
73003
859435
859436
859437
859438
859439
73008
859440
859441
73011
859443
859445
859446
859448
859449
859450
859451
859452
859453
859454
859455
73024
859457
859458
859459
859460
859461
859462
859463
73033
859465
859466
859468
859469
859470
859471
859472
859473
859474
859475
859476
859477
859478
859479
859480
859481
859482
859484
859485
73054
859486
859487
859488
859489
859490
859491
859492
859493
859494
859495
859496
859497
859498
859499
859500
859501
859502
859504
859505
859506
73075
859507
859508
859509
859510
859511
859512
859513
859514
859516
859517
859519
859520
859521
859522
859523
859524
859525
859526
859527
859529
859530
859532
859533
859534
859535
859536
859537
859538
859539
859540
859541
859542
73111
859543
859544
859545
859546
859547
859548
859550
859551
73121
859553
859554
859555
859556
859557
859558
859559
73128
859560
859561
859562
859563
859564
73133
859565
859566
859567
859569
859570
859572
859573
859574
859575
859577
73146
859578
859580
859581
859582
859583
859584
859585
859586
859587
859588
859590
859592
859593
859594
859595
859596
859597
859599
859600
859601
859602
859603
859604
859606
859607
859608
859609
859610
859612
859613
859615
859616
859617
859618
859619
859620
859621
859622
859623
859624
859625
859626
73195
859627
859628
859629
859630
859631
859632
859633
859634
859636
859637
73207
859639
859640
859641
859642
859643
859644
859645
859646
859647
859648
859649
859650
859651
859652
859653
859654
859655
859656
859657
859658
859660
859661
859662
859663
859664
859665
859666
859667
859668
859669
859670
859672
859673
859674
859675
859676
859677
859678
73247
859679
73248
859680
859681
859682
859683
859684
859685
859687
859688
859689
859690
859691
859693
859694
73263
859695
73264
859696
859697
859698
859699
859700
73269
859701
859702
859703
859704
859705
859706
859707
859708
859709
859710
73279
859711
859712
859713
859714
859715
73284
859716
859717
859718
859719
859720
859721
859723
859724
859725
859726
859727
73296
859728
859729
859730
859731
859732
859733
859734
859735
859737
859738
73308
859740
859741
859743
859745
859746
859747
859748
859749
859750
859751
859752
859754
859755
859756
859757
859758
859760
859762
73331
859763
859765
73334
859766
859767
859768
859770
73340
859772
859773
859774
859776
859777
859778
859779
859781
859782
859783
73352
859784
859785
859786
859787
73356
859788
859789
859790
859792
859793
73362
859794
859796
859797
859798
859799
859801
859802
859803
859805
859806
859807
859808
859809
859811
859812
859813
73382
859814
859815
859816
859817
859818
859819
859820
859822
859823
859824
859825
859826
859827
859828
73398
859830
859831
859833
859834
859835
859836
859837
859838
859839
859840
859842
859843
859844
859845
859846
859847
859849
859850
859851
859852
859853
859854
859855
859856
859857
859858
859860
859861
859862
859863
859864
859865
859867
859868
73437
859869
73438
859870
859871
73440
859872
859873
859875
859876
859877
859878
73447
859879
859880
859881
859882
859883
859884
859885
859886
859887
859888
859889
859890
859891
859892
859893
859894
859895
859896
859897
859899
859900
859901
859902
859903
859904
859905
859906
859907
859908
859909
859910
859911
859912
73481
859913
859914
859915
859916
859917
73486
859919
73488
859920
859921
859922
859923
859924
859925
859927
859928
859929
859930
859931
859932
859933
859934
859935
859936
859937
859938
859939
859940
859941
859942
859943
859944
859945
859946
859947
859948
859949
859950
859951
859952
859953
859954
859955
859957
859958
859959
859961
859962
859963
859965
73534
859966
859968
859969
859970
859971
859972
859973
859974
859975
73544
859977
859978
859979
859980
859981
859982
859983
859984
859985
859986
859987
859988
859990
859991
859992
859993
859994
859995
859996
73565
859997
859998
73567
859999
860001
860002
860003
860004
860005
860006
860007
860008
73577
335721
860009
73579
860011
860012
860013
860014
860016
860017
860018
860019
860020
860022
860023
860024
860025
860026
860027
73596
860028
860029
860030
860031
860032
860033
860034
860035
860037
860038
860039
860040
860041
860042
860043
860044
860045
860046
860047
860049
73618
860050
860051
860052
860053
860055
860056
860057
860058
860059
860060
860062
860063
860064
860065
860066
860067
860068
860069
860070
860071
860073
860074
860075
860076
860077
73646
860079
860080
860081
860082
860083
860084
860085
860087
860088
860089
860090
860091
860092
860093
860094
860095
860096
860097
860098
860099
860100
860101
860102
860103
860104
860106
860107
73676
860109
73678
860110
860111
860112
860114
860115
860116
860117
860118
860119
860120
860122
860123
860124
860125
860126
860127
860128
860130
860131
860132
860133
860135
860137
860138
860139
860140
860141
860143
73712
860144
860145
860146
73715
860147
860149
860150
860151
860152
860154
860155
860156
860157
860159
860160
860161
860162
860163
860164
860165
860166
860167
860168
860170
860171
860172
860174
860175
73744
860177
860178
860179
860180
860182
860183
73752
860185
860186
860188
860189
860190
860191
860192
860193
860194
860196
860197
860198
860199
860200
860201
860202
860203
860204
860205
860206
860207
860208
860209
860210
860212
860213
860214
860215
860216
860218
860219
860220
860221
860222
860224
860225
860226
860227
860228
860229
860230
860231
860232
335945
860233
860235
860237
860239
860241
860242
860243
860244
860245
860246
860247
860248
860249
860250
73820
860252
860253
860254
860255
860256
860257
860258
860259
860260
860262
73832
860264
860265
73834
860266
860267
860268
860269
860270
860271
860272
860273
860274
860276
860277
860278
860279
860280
860281
860282
860283
860284
860285
860286
860287
860288
860289
860290
860291
860292
860293
860294
860295
860296
860297
860299
73868
860300
860301
860302
860304
860305
860306
860307
860308
860309
860310
860311
860312
860313
860314
860315
860316
860317
860318
860319
860320
860321
860322
860323
860324
860326
860327
860328
860329
860330
860331
73901
860334
860335
860337
73906
860338
73907
860339
860341
860342
860343
860344
860345
860346
860348
860349
860350
860351
860352
860354
860355
860356
73925
860357
860359
860360
860362
860363
73932
860364
860365
860366
73936
860368
860369
860370
860371
860372
860373
860374
860375
860376
73945
860377
860378
860379
860380
860381
860383
860384
860385
860387
860388
860389
860390
860391
860392
860393
860394
860395
860396
860397
860398
860399
860400
860402
860403
73972
860404
860406
860407
860408
860409
860410
860411
860412
860413
860414
860416
73985
860417
860418
860419
860420
860421
860422
860423
860424
860425
860426
860428
860429
860430
860431
860432
860433
860434
860436
860437
860438
860439
860440
860442
74011
860443
74012
860444
860445
860446
860447
860448
860449
860450
860451
860452
860453
860454
860455
74024
860456
860457
860459
860461
860462
860463
860464
860465
860466
860467
860469
860470
860471
860472
860473
860474
860476
860477
860478
74047
860479
860480
860481
860482
860483
860485
860486
860487
860488
860489
860491
860492
860493
860495
860496
860497
74067
860499
860500
860502
860503
74073
860505
860506
860508
860509
860510
74079
860511
860513
860515
860516
860517
860518
860519
860520
860522
860523
860524
860525
860526
860527
860528
860529
860531
860532
860533
860534
860535
860536
860537
860538
860539
860540
74109
860541
860542
860544
860545
860546
860547
860548
860549
860550
860552
860553
860554
860555
860556
860557
860558
860559
860560
860561
860562
860563
860564
860566
860567
860568
860570
860572
860573
860574
860575
860576
860578
860579
860581
860582
860584
860586
860587
860588
860590
860591
860592
860593
860594
860595
860596
74165
860597
860599
860600
860601
860603
860604
860605
860606
860607
860608
336322
860610
860611
860612
860613
860614
860615
860616
860618
860620
860621
860622
860623
860624
860625
860626
860627
860628
860629
860630
860631
860632
860633
860634
860635
860636
860637
860638
860639
860640
74209
860641
74210
860643
74212
860644
860645
860646
74215
860647
860648
860649
860650
860651
860653
860654
860655
860656
860658
860659
860661
860663
860664
860665
860666
860668
860669
860670
860671
860672
74241
860673
860674
860675
860676
860677
860678
860680
860681
860682
860683
74253
860685
860686
74256
860688
860689
860690
860691
74260
860692
860694
860695
860696
860698
860699
860700
860701
74270
860702
860704
860705
860706
860708
860709
860710
860712
860713
336426
860714
860716
860717
860718
860719
860720
74289
860721
860722
860723
860724
860725
860726
860727
860728
860729
860730
860732
860733
860735
860736
860737
860738
860739
860740
860741
74310
860742
860743
860744
860745
860746
860747
860748
860749
860750
860751
860752
860753
860754
860755
860756
860757
860758
860759
860760
860761
860762
74331
860763
860764
860765
860766
860767
860769
74338
860771
860772
860773
860774
74343
860775
860776
860777
860778
860779
860780
860781
860782
860783
860784
860785
860787
860788
860789
860790
74359
860791
860792
860793
74362
860794
860795
860796
860797
860798
860799
860800
860801
74371
860803
74372
860804
860806
860807
860808
74377
860809
74378
860810
860811
860813
74382
860814
860815
860816
860817
74386
860818
860819
860820
860822
860823
860824
860825
860826
74395
860827
860829
74398
860831
860833
860834
860836
860837
860838
860839
860840
860841
860842
860843
860845
860846
860847
860848
860849
860850
860851
860852
860853
860854
860855
860856
860857
860858
860859
860860
860861
860862
860863
860864
860865
860867
860868
860870
860871
860872
860873
860874
860875
860876
860877
860878
860880
860881
860882
860883
860884
860885
860886
860887
860888
860889
860890
860891
860892
860893
860894
860895
860896
860898
860899
860901
860902
336615
860903
860904
860905
860906
74475
860907
860908
860909
860910
860911
860912
860913
860914
860915
860916
860917
860918
860919
860920
860921
74490
860923
860924
860925
860926
860927
860928
860929
860930
860931
860932
860933
860935
860936
860938
860939
860940
860941
860943
860944
860946
860947
74516
860949
860950
860951
860952
860953
860954
860955
860956
860957
860958
860959
860960
860961
860962
860963
860964
860966
860967
860968
860969
860970
860971
860972
860974
860975
860976
860977
860979
860980
860981
860982
860983
860984
860985
860986
860988
860989
74558
860990
860991
860992
74562
860994
860995
860996
860997
860998
860999
861001
861003
861005
861006
861007
861008
861009
861010
861011
861012
861014
74584
861016
861017
861018
861019
861020
861021
861022
861023
861024
861025
861026
861027
861028
861029
861031
861032
861033
861034
861035
861036
861037
861038
861039
861040
861041
861042
861043
861044
861045
74614
861046
861047
861048
861049
861050
861051
861052
861053
861054
861055
861057
861058
861059
861060
861061
74630
861062
861063
861064
861065
861066
861067
74636
861068
861069
861070
861071
861073
861074
861075
861076
861077
861078
861079
861080
861081
74650
861082
861083
861084
861085
861086
861087
861088
861089
861090
861091
861092
861093
861094
861095
861096
74665
74666
861098
861099
861100
74669
861101
861102
861103
861104
861105
861106
861107
861108
861109
861110
861111
861112
861113
861114
861115
861117
74686
861118
74688
861120
861121
861122
861123
74692
74693
861125
861127
861128
74697
861129
861130
861131
861132
74701
861133
861134
861135
861136
861137
861138
861139
861140
861141
861142
861143
861144
861145
861146
861147
74716
861148
861150
861151
861152
861153
74722
861154
861156
861157
861158
861159
861160
861161
861163
74732
861164
74733
861165
861166
861167
861168
861169
861170
861171
861172
861174
861175
861176
861177
861178
861179
74748
861180
74749
861181
861182
861183
861184
861186
861187
861188
861189
861190
861191
861192
861193
861194
336907
861195
74764
861196
861197
861198
861199
861200
861202
861203
861204
861205
861206
861207
74776
861208
74777
861209
861210
861211
861212
861213
861214
861215
861216
861217
861218
74787
861219
861220
861221
861222
861223
861224
861225
861226
861227
861228
861229
74798
861230
861231
861232
861233
861234
861235
861236
861237
861238
74807
861239
861240
74809
861241
861242
861244
861245
861246
861247
861248
861249
861250
861251
861252
861253
861254
861255
861256
861257
861258
861259
861260
861261
336974
861262
861263
74832
861264
861265
861266
74835
861267
861268
861269
861270
861271
861273
74842
861274
861276
861277
861278
861279
861280
861281
861282
74851
861283
861284
861285
861286
74855
861287
861288
861289
74858
861290
861291
74860
861292
861293
861294
861295
861297
74866
861298
861299
861300
861301
861302
861303
861304
861305
861307
861308
861309
861310
861311
861312
861313
861314
861315
861316
74885
861317
861318
861319
861320
861321
861322
861323
861324
861325
861326
861327
861328
861329
861330
861331
861332
861333
861334
861335
861336
861337
861338
861339
861340
861341
861342
74911
861343
861344
74913
861345
861346
74915
861347
861348
861349
861350
861351
861352
861353
861354
861355
861356
74925
861357
861358
861359
861360
861361
861363
861364
861365
861367
861368
861369
861371
861372
861373
861374
861375
74944
861376
861377
861378
861379
861381
861382
861383
861384
861385
861387
861388
861389
861391
861393
861394
861395
861396
861397
861398
861399
861400
861401
861402
861403
861404
861405
861406
861407
861408
861409
74978
861411
861412
861413
74983
861415
861416
861417
861418
861419
861421
74990
861422
861424
861425
861426
861427
74996
861428
861430
861431
861433
75002
861434
861435
861436
861437
861438
861439
861440
861441
861443
861444
861445
861446
861447
861448
861449
861450
861451
861452
861453
861454
861455
861456
861457
861458
861460
861461
861462
861463
861464
861465
861466
861467
861468
861469
861470
861471
337184
861473
861474
861475
861476
861477
861478
861479
861480
861481
861482
861483
861484
861485
861486
861487
861488
861489
861490
861491
861492
861493
861494
861495
861496
861497
861498
75067
861499
75068
861500
861501
861502
861503
861504
861505
861506
861507
861508
861509
861510
861511
861512
861513
861514
861515
861516
861517
75086
861518
861519
861520
861521
861522
75091
861523
861525
861526
861528
861529
861531
861532
861534
861535
861536
861538
861539
75108
861540
861541
861542
861543
861544
861545
861546
861547
861549
861550
861552
861553
861555
861556
861557
861558
861559
861560
861561
861562
861563
861564
75133
861566
861567
861568
861569
861570
75139
861571
861572
861573
861574
861575
861576
861577
861578
861579
861580
861581
861582
861583
75152
861585
861586
861587
75157
861589
861590
861591
861592
861594
861595
861596
861597
861599
861600
861601
75170
861602
861603
861604
861606
861607
861608
861609
861610
861611
861612
861613
861614
861615
861616
861617
861618
861619
861620
861621
861622
861623
861624
861625
861626
861627
861629
861630
861631
861632
861633
861634
861636
861637
861638
75207
861639
861640
861641
861642
861643
861644
861645
861646
861647
861648
861649
75218
861650
861651
861652
861653
861654
861655
861657
861658
861659
861660
861661
861662
861663
861664
861665
861666
861667
861668
861669
861670
861671
75240
861672
861673
861674
861675
75244
861676
861677
861678
861679
861680
861681
861682
861683
861685
861686
861687
861688
861690
861691
861693
861694
861695
861697
861698
861700
75269
861701
75270
861703
861704
861705
861707
861709
861710
861711
861713
75282
861714
861716
861717
861718
861719
861720
861722
861723
861725
75294
861726
861727
861729
861730
861731
861733
861734
861736
861737
861738
861739
861740
75309
861741
861742
861744
861746
861747
861748
861749
861750
861751
861752
861753
861754
75324
861756
861757
861758
861759
861760
861762
861764
861765
861767
861768
75337
861770
75339
861771
861772
861774
861775
861776
861777
861778
861779
861780
861781
861782
861783
75352
75353
861785
861786
75356
861788
861789
861790
861791
861792
75361
861793
861794
861795
861796
861797
861798
861799
861800
861801
75370
861802
861803
861804
861805
861806
861807
861808
861810
861811
861812
861813
861814
861815
861816
861817
861819
861820
861821
861823
861824
861825
861826
861827
861828
861829
861830
861831
861832
861833
861834
75403
861835
861836
861837
861838
861839
861840
861841
861842
861843
861844
861845
861846
75415
861847
861848
861849
861850
861851
861852
861853
861854
861855
861856
861857
861858
861859
861860
861861
861862
861863
861864
75433
861865
861866
861867
861869
861870
861872
861873
75442
861875
75444
861876
75445
75446
861878
861879
861881
861882
75451
861883
861884
861885
861886
861887
861888
861889
861890
75459
861891
861892
861894
861895
861897
861898
337611
861900
861901
75470
861902
75471
861903
861904
861906
861908
861909
861910
861911
861912
861913
861915
861916
75485
861917
861919
861920
861921
75490
861922
861923
861924
861925
861926
861927
861928
75497
861929
861931
861932
861933
75503
861935
861936
861937
861939
861940
861941
861942
861943
861944
861945
861946
861948
861949
861951
861952
861953
861954
861955
75525
861957
861958
861959
861960
861961
861962
861963
861964
861965
861966
861967
861968
861969
861970
861971
861972
861973
861974
861975
861976
861977
861978
861979
861980
861981
861982
861984
861985
861986
861987
861988
861989
861990
861991
861992
75561
861993
861994
861995
861996
861997
861998
862000
862001
862002
862003
862004
862006
862007
862009
862010
862011
862012
862013
862014
862015
862016
862017
862018
862019
862021
862022
862023
862024
862025
862026
862027
862028
862029
862030
75599
862031
862032
75601
862033
862034
862035
862036
862037
862038
862039
862040
862041
862043
862044
862046
862047
75616
862049
862050
862051
862052
862053
862055
75624
862056
862058
862060
75629
862062
862063
862064
862066
862067
862068
862069
75638
862070
862071
862073
862074
862075
862076
862077
862079
862080
862082
862083
862084
862086
862087
862089
862090
862091
862092
862093
75662
862094
862095
862096
862099
862100
862102
862103
862104
862105
862106
862107
862109
862110
862111
862112
862113
862114
862116
862117
862118
862119
862120
862121
862123
862124
862126
862127
862128
862129
862131
862132
862133
75703
862135
862136
862137
862138
862139
862140
75709
862141
862143
862144
862146
862147
75716
862148
862149
862151
862152
862154
862155
862156
862157
862158
862159
862160
862161
862162
862163
862165
862166
862167
862168
862169
862170
862171
862172
862173
862174
862175
862176
862177
862178
862179
862180
862182
862183
862184
862185
862187
862188
862189
862190
862191
862192
862193
862194
75763
862196
862198
862199
862200
862201
862202
862203
862204
862206
862207
862208
862209
862210
862211
862213
862214
862215
862216
862217
862218
862219
862220
862221
862222
862223
75792
862224
75793
862225
862226
862227
862228
862229
862230
862231
862232
862233
862234
862235
862237
862238
862239
862240
862241
862242
862243
862244
862246
862247
862248
862249
862251
862252
75821
862254
862255
862256
862257
862259
862260
862261
862262
862263
862264
862265
862267
862268
862270
862271
75841
862273
862274
75843
862276
862277
862279
862280
862282
862283
862284
862285
862286
862287
862288
862289
862290
862291
862292
862294
862296
862297
862298
862299
862301
862302
862303
862304
862306
862307
862308
862309
862311
862312
862313
862314
862315
862316
862317
862318
862319
862320
75889
862321
862322
862323
862324
862325
862327
862328
862329
862330
862331
862332
862333
862335
862337
862338
862339
75908
862340
862341
862342
862343
862345
862346
75915
862347
862348
862349
862350
862351
862352
862353
862354
862355
862356
862358
862359
862360
862361
862362
862363
862364
862365
862366
862367
862368
862369
862370
75939
862371
862372
862373
862374
862376
862377
862378
75947
862379
862381
862382
862383
862384
862385
862386
862387
862388
862389
862390
862391
862392
862393
862394
862395
862396
862397
75966
862398
862400
862401
862402
862403
862404
862405
862406
862407
862408
862409
862410
862411
75980
862412
862413
862414
862415
862416
862417
862418
862419
862421
862422
862424
862425
862426
862427
862428
862429
862430
862431
76000
862432
862433
862434
862435
862437
862439
76009
862441
862442
862443
862444
862445
862447
862449
862450
862451
862452
862454
862455
76024
862456
862457
862458
76027
862460
862461
862463
862464
862466
862467
862468
862469
862470
862471
862473
862474
862475
862476
862478
862479
862481
862482
862484
76053
862485
862486
862487
862488
862489
862490
862491
862493
862494
862496
862497
862498
862499
862500
862501
76070
862502
862503
862504
862505
862506
862508
862509
862511
862512
76081
862513
862514
862515
862517
862518
862519
862521
862522
862523
862524
862525
862526
862527
862528
862529
862531
862532
862533
862534
862535
862536
862537
862538
862539
862540
862541
862542
862543
862544
862546
862547
862549
862550
862551
862553
76122
862554
862555
862556
862557
862558
862560
862561
862562
862563
862564
862565
862566
862567
862568
862569
862570
862571
862572
862574
862576
862577
862579
862580
862581
862582
862583
862584
862585
862586
862587
862588
862589
76159
862591
862592
862593
862594
862595
862596
862597
862598
862599
862600
862602
862603
862604
862605
862606
862607
862609
862610
862611
76180
862612
862613
862614
862615
862616
862617
76186
862618
862619
862620
862621
862622
862623
862624
862625
862627
862628
76197
862629
862630
862631
862632
862633
862634
862635
862636
862637
862638
862640
862641
76210
862642
862643
862645
862646
862647
76216
862648
862649
862650
862651
862653
862654
862655
862656
862657
862658
862659
862660
862661
862662
862663
862664
76233
862665
862666
862668
862669
862670
862671
862672
862673
862674
862675
862676
862678
862679
862680
862681
862682
862684
862685
862686
862687
862688
862689
862691
862692
862693
862694
862695
862697
862698
862700
862701
862703
338416
862704
862705
862706
862707
862708
862709
862710
862711
862712
862713
862714
76283
862715
862717
862719
862720
862721
862722
862723
862724
862725
862726
862727
862728
862729
76298
862730
862731
862732
76302
862734
862735
862736
862737
862738
862739
862740
862741
862743
862744
862745
862746
862747
862748
862750
862752
862753
862754
862755
862756
862757
862758
862759
862760
862761
862762
862763
862764
862765
862766
862767
76336
862768
862770
862771
862772
862773
862774
862775
862777
862778
862780
862781
862783
862784
862785
862786
76356
862788
862789
862791
76360
862792
862793
862794
862795
862796
862797
862799
862800
862801
76370
862802
862804
76373
862805
862807
76376
862808
862809
862810
862811
862812
862813
862814
862815
862816
76386
862818
862819
862820
862821
862822
862823
862824
862825
862826
862827
862828
862830
862831
862832
862833
862834
862836
862837
76407
862839
862840
862841
862842
862843
862844
862845
862846
862847
862848
862849
862850
862851
862852
862854
862855
862856
76425
862857
862858
862859
862860
862862
862863
862864
862865
862866
76435
862868
862869
862870
862871
862872
862873
862874
862875
862876
862878
862879
862880
862881
862882
862883
862884
862885
862886
862887
862888
76458
862890
862891
862892
76461
862893
862894
862895
862896
862897
862898
862899
862900
862901
862903
862904
862905
862906
862907
862908
862909
862910
862912
862913
862914
862916
862917
862919
76488
862920
862922
862924
862925
862926
862928
862929
862930
862931
862933
862934
862935
862937
862938
862939
862940
862942
338656
862944
862945
862947
862948
862949
862950
76520
862952
862953
862954
862955
862956
862957
862958
862960
862961
862962
862963
862965
862966
862968
862969
862970
76539
862971
862972
862973
862975
862976
862977
862978
76547
862979
862980
862981
862982
862983
862984
862985
862987
862988
862989
862990
862992
862993
862995
862996
862997
862998
862999
863000
863001
863002
863003
863004
863005
863006
863007
863009
863010
863011
863012
863013
76582
863014
863015
863016
863017
76586
863018
76587
863020
863022
863023
863024
863025
863026
863027
863028
863030
863031
863032
863033
863034
863035
863036
863038
863039
863040
863041
863042
863043
863044
863045
863046
863047
863048
863049
863050
863051
863052
863053
863054
863055
863056
863058
863059
863060
863061
863062
863063
863064
863065
863066
863068
76637
863069
863070
863071
863072
863073
863074
863075
863076
863077
863078
863079
863080
863081
863082
863084
863085
863086
863087
863088
863089
863090
863091
863092
863093
863094
863095
863096
863097
863098
863099
863100
76669
863101
863102
863103
863104
863105
863106
863107
863108
863109
863110
863111
863112
863113
863114
863115
863116
863118
863119
76689
863121
863122
863124
863125
863127
863128
863130
863131
863132
863134
76704
863136
863137
863139
863140
863141
863143
863144
863145
863147
863148
863149
863150
863152
863153
863154
863155
863157
863158
863159
863161
863163
863164
863166
863167
863168
863169
863171
863172
863173
863174
863175
76744
863177
863178
863179
863180
863182
863183
863184
863185
863186
76755
863188
863189
863190
863191
863192
863193
863194
863196
863197
863198
863199
863201
863202
863203
863204
863205
863207
863208
863209
863210
863211
863213
863214
863216
863217
863218
863220
863221
863222
863223
863224
863225
863226
863228
863229
863230
863231
863232
863234
863235
863236
863237
863238
863239
863240
863241
863242
863243
863244
863245
863246
863247
863249
863250
863251
863252
863253
863254
863255
863256
76825
863257
863258
863259
863260
863261
863262
863264
76833
863265
863266
863267
863268
863269
76838
863270
863271
863272
863273
863274
863275
863276
863277
863278
863279
863280
863281
863282
863283
863284
76853
863286
863288
863289
863290
863291
863292
863293
863294
863295
863296
863297
863298
863299
863301
863303
76872
863304
863305
863306
863307
863308
863309
863310
863312
863314
863315
863316
76885
863317
863319
863320
863322
863323
863324
863325
863326
863327
863328
863329
863330
863331
863332
863333
863334
863335
863337
863338
863339
863340
863341
863342
863343
863345
863346
863348
863349
76918
863351
863352
863353
863354
863355
863356
863358
863359
863360
863362
863363
863364
76933
863365
863366
863367
863368
863369
863371
863372
863373
863374
863375
863376
863377
863378
76947
863380
863381
863382
863383
863385
863387
863388
863389
863390
863391
863392
76961
863393
863394
863395
863396
863398
863399
863400
863401
863402
863403
863404
863406
863407
863409
863410
863411
863412
863414
863415
863416
863418
863419
863420
863421
863422
863423
863424
863425
863426
863427
863428
76997
863429
863430
863431
77001
863433
863434
863435
863436
863437
863438
863439
77008
863440
863441
863442
863443
863444
863445
863446
863447
863448
863449
863450
863451
863452
77021
863453
863455
863456
863457
863458
863459
863461
863462
863463
863464
863465
863466
863467
863468
863469
863470
863471
863472
863473
863474
863475
863476
863477
863478
77047
863479
863480
863481
863482
863483
863484
863485
863486
863487
863488
863489
863490
863491
863492
863493
863494
863495
863496
863498
863499
863500
863501
863502
863503
863504
863505
863506
863508
863509
863510
863512
863513
863515
863516
863517
863518
863520
863521
863523
863524
863525
863526
863527
863528
863529
863530
863531
863533
863534
863535
863536
863537
863538
863539
863541
863542
863543
863544
863545
863546
863548
863549
863550
863551
863552
863554
863555
863556
863557
863559
77128
863560
863562
863564
863565
863566
863567
863568
863569
863570
863571
863573
863574
863575
863576
863577
863578
863579
863580
863581
863582
863583
863584
863585
863586
77155
863587
863588
863589
863590
863591
863593
863594
863596
863597
863598
863599
863600
863601
863602
77171
863603
863604
863605
863606
863607
863608
863609
863610
77179
863611
863612
863613
863614
863615
863616
339330
863618
863619
863620
863621
863622
863623
77192
863624
863625
863626
863627
863628
863629
863630
863631
863632
863633
863634
863635
863636
863637
863638
863639
863640
863641
863642
77211
863643
863645
863646
863647
863648
863649
863650
863651
863652
863653
863654
863655
863656
863657
863658
863659
863660
863661
863662
863663
863665
863666
863667
863669
863671
863672
863674
863675
863676
863678
863679
863680
863681
863682
863683
863684
863685
863686
863687
863688
863689
863690
863691
863693
863694
863695
863696
863697
863698
863699
863700
863701
863702
863704
863705
863706
863707
863709
863710
863711
863712
863713
863714
863716
77285
863717
863719
863720
863721
77290
863722
863723
863725
863726
863728
863729
77298
863730
863732
863733
863734
863736
863737
863738
863739
863740
863742
863743
863744
863745
863746
863747
863748
863749
863750
863752
863753
863754
863756
863757
863758
863759
863760
863762
863763
863764
863765
77334
863766
863767
863768
863769
863770
863771
863772
863773
863774
863775
863776
863777
863778
339491
863779
863780
863781
863782
863783
863784
863785
863786
863787
863788
863789
863790
863791
863792
863793
863794
863795
863796
863797
863798
863799
863800
863802
863803
863804
863805
863806
863807
339520
863808
863809
863810
863811
863812
863813
863814
863815
863816
863817
863819
863820
863821
863822
863823
863824
863825
863826
863828
863829
863830
863831
863832
863834
863835
863836
863837
77406
863838
863840
863842
863843
863844
863845
863846
863847
863848
863849
863851
863852
863853
863854
863855
863856
863857
863858
863859
863860
863861
863862
863863
863864
863865
863866
863867
863868
863869
863870
863871
77440
863872
863873
77442
863874
863875
863877
863878
77447
863880
863881
863882
863883
863884
863886
863888
863889
863891
863892
863893
863894
863895
863896
863897
863898
863899
863900
863901
863902
863903
863904
77473
863905
863906
863907
863908
863909
863910
863911
863912
863913
863914
863915
863916
863917
863918
863919
863920
863922
863923
863924
863925
863926
863927
863928
863929
863930
863931
863932
863933
863934
863935
863936
863937
863938
863939
863941
863942
863944
863945
863946
863947
863948
863949
863950
863951
863952
77521
863953
863954
863955
863956
863957
863958
863959
863960
863961
863962
863963
863964
863966
863967
863968
863970
863971
863972
863973
863974
863975
863976
863977
863978
863979
863980
863981
863982
863983
863984
863985
863986
77555
863987
863988
77557
863989
77558
863990
863991
863993
339706
863994
863995
863996
863997
863998
863999
864001
77570
864002
864004
864005
864006
864007
864008
864009
77578
864010
864011
864013
864014
864015
864016
864017
864019
864020
864021
864023
864024
864025
864026
864027
864028
864029
864030
864032
864033
864034
864035
864036
864037
864038
864039
864040
864041
864042
864043
864044
864045
864046
864047
864048
77617
864049
864050
864051
864052
864053
864054
864055
864056
864057
77626
864058
864059
864060
864061
864062
864063
864064
864065
864066
864067
864068
864069
864070
864072
864073
864075
864076
77645
864077
864078
864079
864080
864081
864083
864084
864086
864087
864088
77657
864089
864090
864091
864092
864093
864094
864095
864096
864098
864100
864101
864102
864103
864104
864105
864106
864107
864108
864109
864110
864111
864112
864113
864114
864115
864117
864118
864119
864120
864121
864122
864123
864124
864125
864126
864127
864128
864129
864130
864131
864132
864133
864134
864135
864136
864137
864138
864139
864140
864141
864142
864143
864144
864146
864147
864149
864150
864151
864152
864153
864154
864155
864156
864157
864158
864159
864160
864161
864163
864164
864165
864166
864167
864168
864169
864170
864171
864172
864173
864174
864175
864176
864177
864178
77747
864179
864180
864181
864182
864183
864184
864186
77755
864187
864188
864189
864190
864191
864192
864193
864195
864196
864197
864198
864199
864200
864201
864202
864203
864204
864205
864207
864208
864209
864210
864211
864212
864213
864214
864215
864216
864217
864218
864219
864220
864221
864222
864223
864224
864225
864226
864227
864228
864229
864230
864231
864232
864233
864234
864235
864237
864239
864241
864243
864245
864247
864249
864251
864253
864255
339969
864257
864259
864261
864263
864265
864267
864269
864271
864273
77843
864275
864277
864279
864281
864283
864284
864285
864286
864288
864290
864292
77861
864294
864295
864296
864297
864299
864301
77870
864303
864304
864305
864307
864309
864311
864313
864314
864315
864317
864319
864321
864323
77892
864325
864327
864329
864331
864333
864334
864335
864337
864339
864341
864342
864343
864345
864346
864347
864349
864350
864351
864352
864353
864354
864355
864356
864357
864358
864359
864360
864362
77932
864364
864366
864368
864370
864372
864374
864376
864378
864380
864382
77951
864384
864386
864388
77958
864390
864392
864394
864396
864398
77967
864400
864402
864404
864406
864408
77981
864442
864444
78014
864446
864448
864450
864452
864454
864456
864458
864460
864462
864464
864466
864468
864470
78040
864472
864474
864476
864478
864480
864482
864484
864486
864487
864488
864490
864491
864492
864494
864496
864497
864498
78068
864500
864502
864503
864504
864505
864506
864508
864510
864512
864514
864515
864516
864517
864519
864521
864523
864525
864526
864527
864528
864530
864532
864533
864534
864535
864537
864539
864540
864542
864544
78113
864546
864548
864550
864552
864554
864556
864558
864560
864562
864564
864566
864568
864570
864572
864574
864576
864578
864580
864582
864584
864586
864588
864590
864592
864594
864596
864598
864600
864602
864604
864606
864608
78177
864609
864610
864611
864613
864615
864617
864619
864620
864621
864622
864623
78193
864625
864627
864629
340343
864631
864633
864635
864637
864638
864639
864640
864642
864644
864646
864648
864650
864652
864654
864655
864656
864657
864686
864689
864690
864692
864694
78264
864696
864698
78268
864700
864702
864704
864706
864708
864710
78279
864712
864714
864716
864718
340432
864720
864722
864724
864726
864728
864730
864732
864734
864736
864738
864740
78310
864742
864743
864746
864747
864748
864750
78319
78320
864752
864754
864756
864758
864760
864761
864762
864763
864765
864767
864769
864771
864773
864775
78345
864777
864778
864780
864782
864784
864785
864786
78355
864787
864788
864789
864791
864793
864795
864796
864797
864798
864799
864800
864802
864804
864805
864806
864807
864809
864811
864813
864815
864817
864819
864821
864823
864825
864827
864829
864831
864833
864835
864837
864839
864841
864843
864845
864847
864849
864851
864853
864854
864855
864857
864859
864861
864863
864865
864867
864869
78439
864871
864873
864875
864877
864879
864881
864883
78452
864885
864887
864889
864891
864893
864895
864897
864898
864899
864901
864903
864905
864907
864909
864911
864913
864915
78484
864917
864918
864919
864920
864922
864923
864925
864926
864928
864930
864932
864934
864936
864938
864939
864940
78509
864942
864943
864944
864945
864946
864947
864948
864950
864951
78520
864952
864953
78523
864956
864958
864959
78530
864962
864964
864966
78535
864968
864970
864972
864974
864976
864978
864980
864982
864984
864986
864988
864990
78560
864992
864994
78564
864996
864998
865000
865002
865004
865006
865008
865010
865012
865014
865016
865018
865020
865022
865024
865054
78630
865084
865086
865087
865088
865089
865090
865091
865092
865093
865094
865095
865096
865097
865098
865099
865100
865101
865102
865103
865104
865105
865106
865107
865108
865109
865110
865111
78680
865112
78681
865113
865114
865115
865116
865117
865118
78687
865119
865120
865121
865122
865123
865124
865125
865126
865128
865129
865130
865131
78700
865132
865133
865134
865135
865136
78705
865137
865138
865139
865140
865141
865142
865143
865144
865145
865146
865147
865148
865149
865150
865151
865152
865153
865154
865155
865156
865157
865158
78728
865160
865161
865162
865163
865164
865165
865166
865167
865168
865169
865170
865171
865172
865173
865174
865175
865176
865177
865178
865179
865180
865181
865182
865183
865184
865185
865186
865187
865188
865189
865190
865191
865192
865193
865194
865195
78764
865196
865197
865198
865199
865200
865201
865202
78771
865203
865204
865205
865206
865207
865208
865209
865210
865211
865212
865213
78782
865214
865215
78784
865216
865217
865218
865219
865220
78789
865221
865222
865223
865224
865225
865226
865227
865228
865229
865230
865231
865232
865233
865234
865235
865236
865237
865238
865240
865241
865242
865244
865245
865246
865247
78816
865248
865249
865250
865252
865253
865254
865255
865256
865257
865259
865260
865261
865263
865265
865267
78836
865268
865269
865270
865271
865272
865273
865274
865275
865276
865277
865278
865279
865280
865282
865283
865284
865286
865287
865289
865290
865292
865293
865295
865296
865297
865298
865299
865300
865301
865302
865303
865305
865306
865307
865308
865309
865310
865311
865312
865313
865314
865315
865316
865317
865318
865319
865320
865321
865322
865323
865324
865325
865326
865327
865328
865329
865330
865331
865332
865333
865334
865336
865337
865338
865339
865340
865341
865342
865343
865344
865345
865346
865347
865348
865349
865350
865351
865352
865353
865354
865355
865356
865357
865358
865359
865360
865361
865362
865363
865364
78933
865365
865366
865367
865368
865369
865370
78939
865371
865372
865373
865374
865375
865376
865377
865378
865379
865380
865381
865382
78951
865384
865385
78955
865387
865388
865389
865390
865392
865393
865394
865395
865396
865397
865398
865399
865400
865401
865403
865404
865406
865407
865409
865410
865411
865412
865413
865414
865415
865416
865417
865418
865419
865421
865422
865423
865425
865426
865428
865429
865430
865431
865432
865433
865434
865436
865437
865438
865440
865441
865442
865443
865445
865446
865447
865449
865450
865451
865452
79021
865453
865454
79023
865455
865456
865457
865458
865459
79028
865460
865461
865462
865463
865464
865465
865466
865467
865469
865470
865471
865472
865473
865474
865475
865476
865477
865478
865479
865480
865481
865482
79051
865483
865484
79053
865485
865486
865487
865488
865489
865490
79059
865491
865493
865494
865495
865496
865497
865498
865499
865500
865501
865502
865503
865504
865505
79074
865506
865507
865508
865509
865510
865511
865512
865513
865514
865515
865516
865517
865518
865519
79088
865521
865522
79091
865523
865525
865526
865527
865529
865530
341243
865531
865532
865534
865535
865537
79106
865538
865540
865541
865542
865543
79112
865545
865546
865548
79117
865549
865550
865551
865552
865554
865555
865557
865558
79128
865560
865561
865562
865563
865564
865565
865567
865568
865569
865570
865572
865573
865575
865576
865577
865578
865579
865580
865581
865582
865583
865584
865586
79156
865588
865590
865591
865592
865593
865594
865595
865596
865597
865598
865599
865600
865602
865603
865604
865605
865607
79176
865608
865609
865610
865611
865613
865614
865615
865616
865617
865619
865620
865621
865622
865623
865624
865625
865626
865627
865629
865630
865631
865632
865634
865635
865636
865637
865638
865640
865641
865642
865643
865644
865645
865646
865647
865648
865649
865650
865651
865652
865653
79222
865654
865655
865656
865657
865658
865659
865660
865661
79230
341374
865662
865663
865664
865665
79234
865666
79235
865667
79236
865668
865669
865670
865671
865672
865673
865674
865675
865676
865678
865679
865680
865681
865682
865684
865685
865687
865688
865689
865691
865692
865694
865695
865696
865698
865699
865701
865702
865704
865705
865706
865707
79276
865708
79277
865709
865710
79280
865712
865713
865715
865716
79285
865718
865719
865721
865722
865723
79292
865724
865726
865727
865728
865729
865730
79299
865731
79300
865732
865733
79302
865734
865735
865736
79305
865737
865738
865740
865741
865743
865744
865745
865746
865747
865748
865749
865750
865751
865752
865753
865754
865756
79325
865757
865758
865759
865760
865761
865762
865763
865764
865765
865766
865767
865768
865769
865770
865771
865772
865773
865774
79343
865775
865776
865777
865779
865780
865781
865782
79351
865783
865784
865785
865786
865787
79356
865788
865789
865791
865792
865793
865794
865795
865796
865797
865798
865799
865800
79369
865801
865802
79371
865803
865804
341517
865805
79374
865806
865807
865809
865810
79379
865811
865812
865813
865814
865815
865816
79385
865817
865818
865819
865820
865821
865822
865823
79392
865824
865825
865826
79395
865827
865828
865829
865830
865831
865832
865833
865834
865835
865837
865838
865840
865841
865842
865843
865845
865846
79415
865847
865849
865850
865852
865853
865854
865855
865856
865858
865859
865860
79429
865861
865863
865864
865865
865866
865867
865868
865869
865871
865872
865873
865874
79443
865876
865877
79446
865880
865881
865883
865884
865886
865887
865889
79458
865890
865891
865892
865893
865895
865896
865897
865898
865899
865900
79470
865902
865903
865905
865906
865908
865909
865911
865913
865914
865915
79484
865917
865918
865919
865920
865921
79490
865922
865923
865924
865926
865927
865928
865929
865931
865932
865933
865934
865936
865937
865938
865939
865940
79509
865942
865943
865944
865946
865947
865948
865949
865950
865951
865953
865954
865955
865957
865958
865959
865960
865961
865962
865963
865964
865965
865966
865967
865968
865970
865971
865972
865974
865976
865977
79546
865978
865979
865980
865981
865982
865984
865985
865986
865987
865988
865989
79558
865990
865991
865992
865993
865994
865995
865996
865997
865998
865999
866000
866001
79570
866002
79571
866004
866005
866006
866007
866008
866009
866010
866011
866012
866013
866015
866016
866017
866018
866019
866020
866021
866022
866023
866024
866025
866026
866027
866029
866030
79599
866031
866032
866034
866035
866036
866038
866039
866040
866041
866042
866043
866044
866045
866046
866047
866048
866049
866051
866052
866053
866054
866055
866056
866057
866058
866059
866060
866061
866062
866063
866064
866065
866066
866067
866068
866069
866070
866071
866072
866073
866074
866075
866076
866077
866078
866079
866080
866081
866082
866083
866085
866086
866087
866088
866089
866090
866091
866092
866093
866094
866095
866097
866098
866099
866100
866101
866102
866104
866105
866106
866107
866108
866109
866111
866112
866113
866114
79683
866115
79684
866116
866117
866118
866120
866121
866122
866124
866125
866126
866127
866129
866130
866131
866132
866134
866135
866136
866137
866138
866140
866141
866142
866144
866146
866147
866149
866150
866151
866152
866153
866154
866155
866156
866157
866159
866160
866162
866163
866165
866166
866168
866169
866170
866171
866172
866173
866174
866175
866176
866177
866179
866180
866181
866182
79751
866183
866184
866185
866186
866187
866188
866189
866190
866191
866192
866193
866194
866196
866197
866199
866200
866202
866203
866204
866205
866206
866207
866208
866209
866210
866212
866213
866214
866215
866216
866218
866219
866221
866223
866224
866226
866227
866228
866229
866230
866231
79800
866232
866233
866234
866235
866236
866237
866238
866239
866240
866241
866242
866243
866244
866245
866246
866248
866249
866250
866251
341964
866252
866254
866255
866256
866257
866258
866259
866260
866261
866262
866263
866264
866265
866266
866267
866268
866269
866270
866271
866272
79841
866273
866274
866275
866277
866278
866280
866281
866282
866283
866284
866285
866286
866287
866288
866290
866291
79860
866293
866294
866295
866296
866297
866298
866299
866300
866302
866303
866304
866305
866306
866307
866308
866309
866310
866311
866312
866313
866314
866315
866316
866318
866319
866320
866321
866322
866323
79892
866324
866325
866326
866327
866328
866329
866330
866331
866332
866333
79902
866334
866335
866336
866337
866338
866339
866340
866341
866342
866343
866344
866346
866347
866348
866349
866351
866352
866353
866355
866356
866357
866358
866359
866360
866361
866363
866364
866366
866367
79936
866369
866370
866372
866373
866375
866376
866377
866378
866379
866380
866382
866383
79953
866385
866386
866388
866389
866391
866392
866393
866394
866395
866396
866397
866399
866400
866402
866403
866404
866405
866406
866408
866409
866411
866412
866413
866414
866415
866416
866418
866419
866421
866422
866424
866425
866427
866428
79997
866429
866431
866432
866433
866434
866435
866436
866438
866439
866440
80010
866442
866443
866444
866445
866447
866448
866449
80018
866450
866451
866452
866453
866455
866456
866457
866458
866460
866461
866463
866464
866465
866466
866468
866469
80039
866471
866472
866473
80042
866474
866475
866476
866478
866479
80048
866480
866481
866482
866484
866485
866486
866487
866488
866489
866490
866491
866492
866493
866494
866495
866496
866497
866499
866500
866501
866502
866503
866504
866505
866506
866507
866508
866509
866510
866511
80080
866512
866513
80082
866514
866515
866516
866517
866518
866519
866520
866521
866522
80091
866523
80092
866524
866525
866526
80095
866527
866528
866529
866530
866531
866532
866533
866534
866535
866536
866537
866538
866539
80109
866541
866542
866543
866544
866546
866547
866548
866549
80118
866551
866553
866554
866555
866556
866557
80126
866559
866560
866561
866562
866563
80132
866564
866565
866566
866567
866568
866569
866570
866571
866572
866573
866574
866575
866576
866577
866578
866579
866581
866582
866583
866585
866586
866588
866589
80159
866591
866592
866593
866595
866596
866597
866598
866599
866601
866602
866603
866604
866605
866606
866607
866609
866610
866611
866612
866613
866615
866616
866617
80186
866618
866620
866621
866622
866623
866624
866625
866626
866627
866628
866629
866630
866631
866632
866633
866634
866635
866636
866637
80206
866638
866640
866641
866642
866643
866644
866645
866646
866647
866648
866650
80219
866651
866652
866653
866654
866656
866657
866659
866660
866661
866663
866664
866666
866667
866668
866670
866671
866672
866673
80242
866674
866675
80244
866676
80245
866677
866678
866680
866681
866682
866683
866684
866685
866686
80255
866687
866688
866689
866691
866692
866693
866694
866695
866696
866698
866700
866701
866703
866704
866705
866706
866707
866708
866709
866710
866711
866712
80281
866714
866715
866716
866717
866719
866721
80290
866722
866723
866725
866726
866727
866728
866729
866730
866732
866733
866734
866735
866736
866737
866738
866739
866741
866742
866743
866744
80313
866745
866746
866747
866748
866749
866750
866751
866752
866754
866755
866756
866757
866758
866759
866760
866761
866762
80331
866763
866764
866766
866767
866768
866769
866770
866771
866772
866773
866775
866776
866777
866778
866780
80349
866781
866782
866783
866784
866785
866786
866787
866788
866789
866790
866791
866792
866793
866794
866795
866796
866798
866799
866800
866801
866802
866804
866805
866806
866807
866808
866809
866810
866811
80380
866812
866813
866815
866817
866818
866820
866821
866823
866824
866825
866827
866829
866830
866832
866833
866834
866835
866836
80405
866837
866838
866839
866840
80409
866841
866842
866844
866846
866847
866849
80418
866850
866852
866853
866855
866856
866858
866859
866860
866861
866863
80432
866864
866865
866866
866867
866868
866869
866870
866871
866873
866874
80443
866875
866876
866877
866878
80447
866879
866881
866882
866884
866885
866887
866888
866889
866890
866891
866892
866893
866894
866895
866896
866897
866899
866900
866901
866902
80472
866904
866905
866906
866907
80476
866908
866909
866910
866911
866912
866913
866914
866915
866916
80485
866918
866920
866921
866923
866924
866925
866926
80495
866927
80496
866928
866929
866930
866931
866932
866933
866935
866936
866937
866938
866939
866940
866941
866943
866944
866945
866946
866947
866948
866950
866951
866952
866953
866954
866955
866957
866958
866959
866960
866961
866962
866963
866964
866965
866966
866967
866968
866969
866970
866971
866973
866975
866976
866977
866978
866979
866980
866981
866982
866983
866984
866985
866986
866987
866988
80557
866990
866991
866992
866993
866994
866995
866996
866997
866998
866999
867000
867001
867002
867003
867004
867005
867006
867007
867008
867009
867010
867011
867013
867014
867016
867017
867018
867019
867020
867021
867022
867023
867024
867025
867026
867028
867030
867032
867033
867035
867036
867038
867039
867041
867042
867044
80613
867045
867046
867047
867048
867049
867051
867052
867054
867055
867056
867058
867059
867060
867062
867063
867064
867065
867066
867067
867068
867070
867071
867072
867074
867075
867076
867077
867078
867079
867080
867081
867082
867083
867084
867086
867088
867089
867090
867091
867092
867093
867094
867096
867097
867098
867099
867100
867101
867102
867103
867104
867105
867106
867107
867108
867109
867110
867111
867112
867113
867114
867115
867116
867117
867119
867120
867121
867122
867123
867124
867125
867126
867127
867128
80697
867129
867130
867131
867132
867134
80703
867135
867136
867137
867139
867140
867141
867142
867143
867144
867145
867146
867147
867148
867149
80718
867151
867152
867153
867154
80723
867155
867156
80725
867157
867158
867159
867161
867162
867163
867164
867165
867166
867167
80736
867168
867169
867170
867171
867172
867174
867175
867176
867177
867178
80748
867180
867181
80750
867182
867183
867184
867185
867186
867187
80756
867188
867189
867190
867191
867192
867193
867194
867195
80764
867197
867198
867199
867200
867201
867202
867203
867205
867207
867208
867210
867211
867213
867214
867215
867217
867219
867220
867221
867222
867223
867225
867226
867228
867229
867231
867232
867234
867235
867236
867238
867240
867241
867243
867244
867245
867246
867247
867248
867249
867250
867251
867252
867254
867255
867257
867258
867259
867260
867261
867262
867263
867264
867265
867266
80836
867268
867269
867270
867271
867272
867274
867275
867276
867277
867279
867280
867281
867282
867283
867284
867285
867286
867287
867288
80857
867289
867290
867291
867292
867293
867295
867296
867297
867298
867299
867300
867301
867302
867303
867304
867305
867306
867307
867308
80877
867309
867311
867312
867313
867314
80883
867315
867316
867317
867318
867319
867320
867321
867322
867324
867325
867326
867327
867328
867329
867330
867331
867332
867333
867334
867335
80904
867336
867337
867338
867339
867340
867341
867342
867343
867344
867345
867346
80915
867347
867348
867349
80919
867351
867352
867353
867354
867355
867356
867357
867358
867360
867361
867362
867363
867365
867366
867367
867368
867369
867371
867373
867374
867375
867376
867377
867378
867379
867380
867381
867382
867383
867384
867385
867386
867387
867389
867390
867391
867392
867393
867394
867396
80966
867398
80967
867399
867401
867402
867403
867404
867406
867407
867409
867410
867412
867413
867414
867415
867417
867418
867419
867420
867422
867423
867424
867425
867426
867428
867429
867430
80999
867432
867433
867435
867436
867437
867438
867439
867440
867442
867443
867445
867446
867447
867448
867449
867451
867452
867454
867455
867457
81026
867458
867459
867460
867461
867462
867463
867464
867465
867466
867467
867468
867469
81038
867470
867471
867472
867473
867474
867476
867477
867479
867480
867481
867482
867483
867484
867485
867486
867487
867488
867489
867490
867491
867492
81061
867493
867495
867496
867497
867498
867499
867500
867501
81071
867503
867504
867505
867506
867507
867508
867509
867510
867511
867512
867513
867515
867516
867517
867518
867519
81088
867520
867522
867523
867524
867525
867527
867528
867529
867530
867531
867533
867534
867535
867536
867537
343250
867538
867539
867540
867541
81110
867542
867543
867544
867545
867546
867547
867548
867549
867550
867551
867552
867553
867554
867555
867556
867557
867558
867559
867560
867561
867562
867563
867564
81133
867565
867566
867568
867569
867571
867572
867574
867576
867577
867578
867580
867581
867583
867584
867585
867586
867588
867589
867590
867591
867592
867594
867596
867597
81167
867599
867600
867601
867603
867604
867606
867607
867608
867609
867611
867612
867613
867614
867615
867616
867618
81187
867619
81188
867620
867621
867622
867623
867624
867625
867626
867628
867629
867630
867631
867632
867633
867635
867636
867637
867638
867639
867640
81209
867641
867642
867643
867644
867645
867646
867647
867648
867649
867650
867651
867652
867654
867655
867656
867657
867658
867660
867661
867662
81231
867663
867664
867665
867666
867667
867668
867669
867670
867672
867673
867674
867675
867676
81246
867678
867679
867680
867681
867683
81252
867684
867685
867686
867687
867688
867689
867690
867691
867693
867694
867695
867696
867697
867698
867699
867700
867701
867702
867703
81272
867704
867705
867706
867707
867708
81277
867709
867710
867711
867712
81281
867713
867714
867715
867716
867717
867718
867719
867720
867721
81290
867722
867723
81292
867724
867726
867727
867728
867729
867730
867732
867734
867735
81304
867736
81305
867738
867740
867741
81310
867743
867744
867745
867746
867747
867748
867749
867750
867751
81321
867753
867754
867755
867756
867757
867758
867760
867761
867762
867763
867764
867765
867766
867767
867768
867769
867771
867772
867773
867774
867775
867776
867778
867779
867780
867781
81350
867782
867783
867784
867785
867786
867787
867788
867789
867790
867791
867792
867793
867794
867795
867797
867798
867799
867800
867801
867804
867806
867807
867808
867809
867810
867812
867813
81382
867815
867816
867817
867818
867819
81388
867820
867821
867822
867823
867824
867826
867828
867829
867830
867831
867832
867833
867834
867835
867836
867837
867838
81407
867839
81408
867841
867842
867843
867844
867845
867846
867847
867848
867849
867850
867851
867852
867853
867855
867856
867857
867858
867859
867860
867861
867863
867864
867866
867867
867868
867869
867870
867871
867872
867873
867874
867875
867876
867877
867878
867879
867880
867881
867883
867885
867886
867887
867888
867890
867892
867893
867894
867895
867897
867899
867900
867901
867902
867904
867905
867906
867907
867908
867909
867910
81479
867911
867912
867913
867914
867915
867916
867917
867918
867919
867920
81489
867921
867922
867923
867924
867925
867926
867927
81496
867929
867930
867931
867932
867933
867934
867935
867936
867937
867938
867940
867942
867943
867945
867946
867947
867948
81517
867949
867950
867952
867954
867955
867956
867957
867958
867959
81528
867960
867961
867962
867964
867965
867966
867967
867968
867969
867970
81539
867971
867972
867973
867974
867975
867976
867977
867978
867979
867980
867981
81550
867982
867983
867984
867985
867986
867987
867988
867989
867991
81560
867992
867994
867995
867996
867997
867998
867999
868001
868002
868003
868005
868006
868007
81577
868009
868010
868011
868012
868013
868014
868015
868016
868017
868018
868019
868020
868021
868022
868023
868024
868025
868026
868027
868028
868030
868031
868032
868033
868035
868036
868037
868038
868039
868040
868042
868043
868044
868045
868046
868047
868049
868050
868051
868052
868053
868055
868056
868057
868058
868060
868061
868062
868063
868064
868065
868066
868067
868068
868069
868071
868072
868073
868074
81643
868075
868077
868078
868079
868080
868081
868082
81651
868083
868084
868085
868086
868087
868088
868089
868090
868091
868092
868093
868095
868096
868097
868098
868099
868100
868101
868103
868104
868106
868107
868108
868110
868111
868112
868114
868115
868116
81685
868117
868118
868119
868120
868121
868122
81691
868123
868124
81693
868125
81694
868126
868127
868128
868129
868130
868132
868133
868135
868136
868137
868139
868140
868141
868142
868143
81712
868144
868145
868146
868147
868148
868149
868150
81719
868151
868152
868153
868154
868155
868156
868157
81727
868159
868160
868161
868162
868163
81732
868164
868165
868166
868167
868168
868169
868170
868171
81740
868172
868173
868174
868175
868176
868177
868178
868179
868180
868181
868182
868183
868184
868185
868186
868188
868190
868191
868192
868193
868194
868195
868196
868198
868199
81768
868200
868201
868202
868203
868204
868206
868207
868208
868209
81778
868210
868211
868212
868213
868214
868215
868216
868217
868218
868219
868220
868221
868222
868223
868224
868225
868226
868227
868228
868229
868230
868231
868232
868233
868234
81803
868235
868236
868237
868238
868240
868241
868242
868244
868245
81814
868247
868248
868250
868251
868253
868254
868255
868256
868257
868258
868259
868260
868261
868262
868263
868264
81834
868266
868267
868268
868269
868270
868271
81840
868272
868273
868274
868275
868276
868277
868278
868279
868280
868281
868282
868283
868284
868285
868286
868287
868288
81857
868289
868290
868291
868292
868294
868295
868296
868297
868298
868299
868300
868301
868302
868303
868304
868305
868306
868307
868308
868310
868311
868313
868314
868315
868316
868317
868318
81887
868319
868321
868322
81891
868323
868324
868325
868326
868327
868328
868329
868330
868331
868332
868333
868334
868335
868336
868337
868338
868339
868340
868341
868342
81911
868343
868344
868345
868346
868347
81916
868348
868349
868350
868351
868352
868353
868354
868355
868356
868357
868358
868359
868360
868361
868362
868363
868364
868365
868366
868367
868368
868369
868370
868371
868372
81941
868373
868374
81943
868375
868376
868377
868378
868379
868380
868381
868382
868383
868384
868385
868386
868387
81956
868388
868389
868390
868392
868393
868394
868395
868396
868397
868398
868399
868400
868401
868402
81971
868403
868404
868405
868406
868407
868408
868409
868410
868411
868412
81982
868414
868415
868417
868418
868419
868420
868421
868422
868423
868425
868427
868428
868430
868431
82000
868433
868434
868435
868436
868437
868438
868439
868441
82010
82011
868443
82012
868444
868446
868447
868449
868450
868452
868453
868454
868456
82025
868457
868458
868459
868460
868462
868463
868464
868466
868467
82036
868468
868469
868470
868471
868472
868473
868474
868475
868476
868477
868478
868479
868480
82049
868481
868482
868483
868484
868485
868486
868487
868488
868489
868490
868491
868493
868494
868495
868496
868497
868498
868499
868500
868501
868502
868503
82072
868504
868505
868506
82075
868507
868509
868510
868511
868512
868513
868514
868515
868516
868517
868518
868519
868520
868521
868522
868523
868524
868525
868526
868527
868528
868529
868530
868531
868532
82101
868533
868534
82103
868535
868536
868537
868538
82107
868539
868540
868541
868542
868543
868544
868545
868546
868547
868548
868549
868550
868551
868552
82121
868553
82122
868554
868555
868556
868557
868558
868559
868560
868561
868562
868563
82132
868564
868565
868566
868567
868568
868569
868570
868571
82140
868572
868573
868574
868575
868576
868577
868578
868579
868580
868581
868582
868583
868584
868585
868586
82155
868587
868588
868589
868590
868592
868593
868594
868595
82164
868596
868597
868598
868600
868601
868602
868603
868605
868606
868607
868608
868609
868611
868612
868613
868614
868616
868617
868618
868619
868620
868621
868622
82191
868623
868625
868626
868628
868629
868630
868632
82201
868633
868634
868635
868636
82205
868637
868638
82207
868640
868641
868642
868643
868644
868645
868646
868648
868649
868651
82220
868652
868653
868654
868655
868656
82225
868657
868658
868660
868661
82231
868663
868664
868665
868666
868667
868668
82237
868669
868670
868671
82240
868672
868673
868674
868675
868676
868677
868678
868679
82248
868680
868681
868682
868684
868685
868686
868687
868688
868689
868690
868691
868692
868693
868694
868695
868696
868697
868699
868700
868701
868702
868704
868705
868706
82275
868707
868708
868709
868710
868712
868713
868714
868715
82284
868716
868717
82286
868718
868719
868720
868721
868722
868723
868724
868725
868726
868727
868728
868729
868730
868731
868732
868733
868734
868735
868736
868737
868738
82307
344451
868739
82308
868740
868741
868742
868743
868744
82313
868745
868746
868747
868748
868749
868750
868751
868752
868753
868754
868755
868756
868757
868758
868759
868760
82329
868761
868762
868763
868764
868765
868766
868768
868769
868770
868771
868773
868774
82344
868776
868777
868779
868780
868782
868783
82353
868785
868786
868787
868788
82357
868789
868791
868792
868793
868795
868796
868798
82367
868799
868801
868802
868804
868805
868806
868807
868809
868810
868811
868812
868814
868815
868816
868818
868819
868820
868821
868822
868823
868824
868825
868826
868827
868828
868829
868830
868831
868832
868833
868835
868836
868837
868838
868839
868840
82409
868841
868842
868843
82412
868844
868845
868847
868848
868849
868850
82419
868851
82420
868852
868853
868854
868855
868857
82426
868858
868860
868861
868862
868863
868864
868865
868866
868868
868869
868870
868871
868872
868873
868874
868875
868876
868877
868878
868879
82448
868880
868881
868883
868884
868885
868887
344600
868888
868889
868890
868891
868892
868893
868894
868895
868896
868897
868899
868900
868901
868902
868903
868904
868905
868906
868907
868908
868909
868910
868912
868913
868914
868915
868916
868918
868919
868920
868921
868922
868923
868924
868925
868926
868927
868928
868929
868930
868931
868932
868933
868934
868935
82504
868936
868937
868938
868939
868940
868941
868942
868943
868944
868945
868946
868947
868949
868950
868951
868953
868954
868956
868957
868959
868960
868962
868963
868965
868966
868968
868969
868971
868972
868973
868974
82543
868976
868977
82547
868979
868980
868982
868983
868985
868986
868988
868989
868991
82560
868992
868994
868995
868996
868997
868999
869000
869001
869002
869003
869004
869006
869007
869008
869009
869010
869011
869012
869013
869014
869015
869016
82585
869017
869019
869020
869021
869022
82591
869024
869025
869026
869027
869028
869029
869030
869031
869032
869033
82602
869034
869036
869037
869039
869040
869041
869042
869043
869044
869045
869047
869048
869050
869051
869052
869054
869055
869057
869058
869059
869060
82630
869062
869063
869065
869066
869067
869068
869069
869070
869071
869073
869074
869075
869076
869077
869078
869079
869080
869081
82650
869082
869083
869084
869085
869086
869087
869088
869089
82658
869090
869091
869092
869093
869094
869095
869096
869097
869098
869099
869100
869101
869102
869103
869104
869105
869106
869107
869108
869109
869111
869112
869113
869114
869115
869116
869117
869118
869119
82688
869120
869121
869122
869124
82693
869125
82694
869126
869127
82696
869128
869129
869130
82699
869131
82700
869132
869133
869134
82703
869135
869136
869137
869138
869139
869140
869141
869142
869144
869145
869146
869147
82716
869148
869149
869150
869151
869152
869153
869154
869156
869157
869159
869160
869162
82731
869163
869164
869166
869167
869169
869170
869171
869172
869173
869174
82743
869176
869177
869179
869180
869182
869183
869185
869186
869187
869188
82758
869190
869191
869192
869193
869194
82763
869196
869197
869199
344912
869200
869202
869203
869205
869206
869208
869209
82778
869210
869211
869213
869214
869215
869216
869218
82787
869219
869220
869222
869223
82792
869224
869225
869226
869227
869229
869230
869231
869232
869233
869234
869235
869236
82805
869237
82806
869238
869239
869241
869242
869243
869245
869246
82815
869247
869248
869249
869250
869251
869252
869253
82822
869254
869255
869256
869258
869259
869261
869262
869264
869265
869266
869268
869269
869270
82839
869271
869272
869273
869274
869275
869276
869277
869278
869279
869280
869281
869282
869283
869285
869286
869287
869288
869289
869290
869291
869292
869294
869295
869296
869298
869299
869300
869301
869302
869303
869304
869305
82874
869306
869307
869308
869309
869310
869311
869312
869313
869314
869315
869316
869317
869318
869319
869320
869321
869322
869323
869324
869325
869326
869327
869328
869329
869330
869331
869332
869333
869334
869335
869336
869337
869339
869340
869342
869343
869344
869345
869346
869348
869349
869350
869351
869352
869353
869354
82923
869355
82924
869356
869357
869359
869360
869361
869362
869363
869364
869365
869366
869367
869368
869369
869370
869371
869372
869373
869374
869375
869376
869377
869378
869379
869380
869381
869382
869383
869384
869385
869386
869387
869388
869389
869390
869392
869393
869394
869395
869396
869397
869398
869399
869400
869401
869402
869403
869404
869405
82974
869406
869407
869408
82977
869410
869411
869412
869413
869415
869416
82985
869417
869418
869419
869420
869422
869423
869425
869426
869427
869428
869429
869430
869432
869433
83002
83003
869435
869436
869437
869438
83007
869439
869440
869441
869442
869444
869445
869447
869448
869450
83019
869451
869452
869453
869454
869455
869456
869458
869459
869461
869462
869464
869465
869467
869468
869470
869471
869473
869474
869476
869477
869479
869480
869481
869482
869483
869484
869486
869487
869489
869490
869491
869492
869493
869495
869496
869497
869499
869500
83069
869502
869503
869504
869505
869506
869507
869508
869509
869511
869512
869514
869515
869516
869517
869518
869519
869520
869521
869522
869524
869525
869526
869527
869528
869529
869530
869531
869532
869533
869534
869535
869536
869537
869538
869539
869540
869541
869542
83111
869544
869545
869546
869548
869550
869551
869552
869553
869554
869555
869556
869557
869558
869559
869560
869561
869562
869563
869564
869565
869566
869568
869569
869570
869571
869572
869573
869574
869575
869576
869578
869579
869580
869581
869583
83152
869584
869585
869586
869588
869589
83158
869590
83159
869591
869592
869593
869594
869595
869596
869597
869598
869599
869600
869601
869602
869604
869605
869606
869607
869608
869609
869610
869611
869612
869613
869614
869615
869616
869617
869618
869620
869621
869622
869623
869624
83193
869626
869627
869628
869629
869630
869631
869632
869633
869634
869636
869637
869638
869639
869640
869641
869642
869643
869644
869645
869646
869647
869648
83217
869649
869650
869651
869652
869653
869654
869655
869657
869658
869660
869661
869663
869664
869665
869666
869667
869668
869669
83238
869670
869671
869672
869673
869675
83244
869676
869677
869678
869679
869680
869681
869683
869684
869686
869687
869689
869690
869692
869693
869694
869695
869696
869697
83266
869698
345411
869699
869701
869702
869704
869705
869706
869707
83276
869708
869709
869711
869712
869713
869714
869715
869716
869717
869718
869720
869721
869722
869723
869725
869726
869727
869728
869729
869730
869731
869732
83301
869733
869734
869735
869736
869737
869738
869740
869741
869743
869744
869745
869746
869747
869748
869749
869750
869752
869753
869754
869755
869756
869757
83326
869758
869760
869761
869762
83332
869764
869765
83334
869767
869768
869769
869770
869771
869773
869774
869775
869776
869777
869779
869780
869781
869782
869783
869784
869785
869786
869787
869788
869789
869790
869791
869792
869793
869794
869795
869796
83365
869797
869798
869799
869800
869801
869802
869804
869805
869807
869808
869810
869811
83380
869812
83382
869814
869815
83384
869816
869817
869818
869819
869820
83389
869821
869822
869823
869824
83393
869825
83394
869827
869828
869829
869830
869831
869833
869834
869835
869836
869837
869838
869839
869840
869841
869843
869844
869845
869846
869847
869848
869849
869850
869851
869852
869854
869855
869856
869857
869858
869859
869860
83429
869861
83430
869862
869863
869864
869865
869866
869867
869868
869869
869870
869871
83440
869872
869873
869874
869875
869876
869877
869878
869879
869880
869881
869882
869883
83452
869884
869885
869887
869888
869889
869890
869891
869892
83461
869893
869894
869895
869896
869897
869898
869900
869901
869902
869903
869905
83474
869906
83476
869908
869909
869911
869912
869913
869914
869915
869917
869918
869920
869921
869922
869923
869925
869926
869927
869928
869929
869930
869931
869932
869933
869935
869937
345650
869938
869940
869941
869942
869944
869945
869947
869948
869950
869951
869952
869953
83522
869954
83523
869956
869957
869958
869959
83528
869961
869962
869963
869964
869966
83535
869967
869968
869969
869970
869971
869972
869973
869975
869976
869977
83546
869979
869980
869981
869982
869983
869984
869985
869986
869987
83557
869989
869990
869991
869992
869993
869994
869995
869996
869997
869999
83568
870000
870001
870002
870003
870004
870005
83574
870006
870007
870009
83579
870011
870012
870013
870014
870016
870017
870018
870019
870020
870021
870022
870023
870024
870025
870026
870027
870028
870029
870030
870032
870033
870035
870036
870037
870038
870039
870040
870041
870042
870043
870044
870045
870046
870047
870048
870049
870050
870051
870052
870053
870054
870055
870056
870057
870058
870059
870060
870062
870063
870064
870065
870067
83636
870068
870069
870070
870071
870072
870073
870074
870075
870076
870077
870078
870079
870080
870082
870083
870084
870086
870087
870088
870089
870090
870091
870092
870093
870094
83663
870095
870096
870097
870098
870099
870100
870102
870103
83672
870104
870105
870106
870107
870108
870109
870111
870112
870113
83683
870115
870116
870118
870119
870121
870122
870123
870124
870125
870126
870127
870128
870129
870130
870131
870133
870134
870136
83705
870137
870139
870141
870142
870143
870144
870145
870147
870148
870149
870150
870152
870153
870154
870155
870156
870157
870158
83728
870160
870161
870162
870163
870164
870166
870167
870168
870169
870170
870171
870172
870173
870174
870175
83744
870176
870177
870178
870180
870181
870183
870184
870185
870186
870187
870188
83757
870189
870190
870191
870192
870193
870194
870195
870196
870197
870198
870199
870200
870201
870202
870203
870205
870206
83775
870207
870208
870209
870210
870211
870212
83781
870213
870215
870216
83785
870217
870218
870219
870220
870221
870222
870223
870224
870225
870226
870227
870228
870229
870230
870231
83800
870232
870233
870234
870236
870237
870238
870240
870241
870242
870243
83812
870244
870245
870246
870247
870248
870249
870250
870251
870252
870253
870254
870255
870256
870257
870259
870260
870262
870263
870264
870265
870266
870267
870268
870269
870270
83839
870271
870272
870273
870274
870275
83844
870276
870277
870278
870279
870280
870281
870282
870283
870284
870285
870286
83855
870287
870288
870289
870290
870291
870292
870293
83862
870294
870295
870296
870297
83866
870299
870300
870301
870303
870304
83873
870305
870306
870307
83876
870308
870310
870311
870313
870314
83883
870315
870316
870317
83886
870319
870320
83890
870322
870323
870324
870326
870327
870328
870329
870330
870332
870333
870335
870336
870337
870338
83907
870339
83908
83909
870341
83910
870342
870343
870345
870346
870347
870348
83917
870349
83918
83919
870351
870352
870354
870355
870356
870357
870358
870360
870362
870363
83933
870365
870366
870367
870368
870369
870370
870371
870373
870374
870376
870377
870378
870379
83948
870380
870381
870382
870383
870384
870385
870386
870387
870388
870390
870391
870393
870394
870396
83965
870397
870399
870400
870401
870403
83972
870404
870405
870406
870407
870408
870409
870410
870411
870412
870413
870414
870415
870416
870417
870418
870419
870420
870421
870422
870423
870424
870425
870426
870427
870428
870429
870430
870431
870432
870433
870434
870436
870437
870438
870439
870441
870443
870444
870445
870446
84015
870447
870448
870449
870450
870451
870452
870453
870454
870455
870456
870457
870458
870459
870460
84029
870461
870462
870463
870464
870465
870466
870467
84036
870468
870469
870470
870471
84040
870472
84042
870474
870475
870476
870477
870478
870479
870480
870482
870483
84053
870485
870486
870487
870488
870489
870490
870491
870492
870494
870496
870497
870498
870499
870500
84069
870502
84071
870503
870505
870507
870508
870509
870510
870511
870512
870513
870514
870515
346228
870516
870517
870518
870519
870521
870522
870524
870525
870526
870527
870528
870529
84098
870530
870532
870533
870534
84103
870536
870537
870538
84107
870539
870541
870542
84112
870544
870545
870546
84115
870547
870549
870550
870551
870552
870553
870554
870555
870557
870558
870559
870560
870561
870562
870563
870564
870565
870566
870567
870568
870569
870570
870571
870572
870573
870574
870575
870576
870577
870579
870581
870582
84151
870583
870584
870585
870586
870587
870588
870590
870591
870592
870593
870595
870596
870597
870598
870599
870600
870601
870602
870603
870605
870606
870607
870608
870609
870610
870611
870612
870613
870614
870615
84184
870616
870617
870618
870619
870620
870621
870622
870623
870624
870625
870626
870627
870628
870629
870630
870631
870632
870633
870634
870635
870636
870637
870638
870639
870640
84209
870641
870642
870643
870644
84213
870646
870647
870648
870649
870650
870651
84220
870652
870653
870654
870655
870656
870657
84226
870658
870660
870661
84230
870662
870663
870664
870665
870667
870668
870669
870670
870672
870673
870674
870675
870677
870679
870680
870681
870682
870683
870684
870686
870687
870688
870689
870690
870691
870692
870694
870695
870696
870697
870699
870701
870702
870703
870705
870706
870707
870708
84277
870709
84278
346422
870710
870711
84280
870712
870714
870715
870716
870717
870718
870719
870721
870722
870723
870724
870726
870727
870728
870730
870731
870732
870734
870735
870737
870738
870739
870740
870741
870742
870743
84313
870745
870746
870747
870748
870749
870750
870751
870752
84321
870753
870754
870755
870756
870757
870759
870760
870761
870762
84331
870763
870764
870765
870766
870767
870768
870769
870770
870771
870772
84341
870773
870774
870775
870777
870778
84347
870779
84348
870780
870781
870782
870783
870784
870785
870786
870787
870788
870789
870790
870792
870793
870794
870796
870797
870798
870799
870800
870801
870802
870803
870804
870805
84374
870806
84375
870807
870808
84378
870810
870811
870812
870813
870814
84383
870815
84384
870816
870817
870818
870819
870820
870821
870822
870823
870824
870825
870826
870827
870829
870830
84399
870831
870832
870833
870834
870835
870837
870838
870839
870840
870841
84410
870842
870843
870844
870846
870847
870848
84417
870849
870851
870853
870854
870856
870857
870858
84427
870860
870861
870862
870864
870865
870866
870868
870869
870870
870871
870872
870874
870875
870876
870877
870878
870880
84449
870881
870882
870883
870884
870885
870886
870887
870888
870889
870890
870891
870893
870894
870895
84464
870896
870897
870898
84467
870899
84468
870900
870901
870902
870904
870905
84474
870906
870907
870908
870909
870910
870911
870912
870913
870915
870916
870917
870918
84487
870919
870921
870922
870923
870924
870925
870926
870927
870928
84497
870929
870930
870931
870932
870933
870934
870935
870936
84506
870938
870939
870940
870941
870942
870943
870944
870946
870948
870949
870950
870951
870952
870953
870954
870956
870957
870958
870959
870960
870961
870962
870963
870964
84533
870965
870966
870967
870968
870969
870970
84540
870972
84542
870974
870975
870976
870977
870978
870979
870980
84549
870981
870982
870983
870985
870987
84556
870988
870989
870990
870991
870992
870993
870994
870995
870996
870998
870999
84568
871000
871001
871002
871003
84572
871004
871005
84574
871006
871007
871008
84577
871009
871011
871012
871013
871014
871015
871016
871017
871018
871019
871020
871021
871022
871023
871024
871025
871026
871027
871028
871029
84598
346742
871030
871031
84600
871032
871033
871034
871035
84604
871036
84605
871037
871038
871039
871040
84609
871041
871042
871043
871045
871046
871047
871048
84617
871050
871051
871052
871053
84622
84623
871055
871056
871057
871058
871059
871060
871062
871063
871064
871066
871068
84638
871070
871071
871072
871073
871074
871075
84644
871076
871077
871079
84648
871081
84650
871082
84651
871083
84652
871084
871085
871086
871087
84656
871088
871089
84658
871090
871091
84660
871092
84661
871093
871094
871095
871096
871098
871099
871100
84669
871101
871102
871103
871104
871105
871106
871107
871108
871109
871110
871112
871113
871115
871116
871117
871118
871119
871120
871121
871123
871124
871125
871126
871127
871129
871130
871131
871132
871133
871134
871135
871136
871137
871138
871140
871141
871142
871143
871144
84713
871145
871146
871147
871148
871149
871150
84719
871151
871153
871154
871155
871156
871157
871158
871159
871161
871162
871163
871164
871165
84734
871166
871167
871168
871169
871170
871171
871172
871174
871175
871177
871178
871179
871180
871181
871182
871183
871184
84753
871185
871186
84755
871187
871188
871189
871190
871191
871192
871193
871194
871196
871197
871198
871199
871200
871201
871202
871203
871204
871205
871206
871207
871208
871209
871210
871211
871212
871213
871214
871215
871216
871217
84786
871218
871220
871221
84790
871222
871223
871224
871225
871227
871228
84797
871229
871230
871231
871232
871234
871235
871237
84806
871238
871239
84808
871240
871241
84810
871242
871243
871244
871245
871246
871247
871248
84817
871249
871250
871251
871252
871253
871254
871255
871256
84825
871257
871259
871260
84830
871262
871263
84832
871264
871265
84834
871266
871267
871268
871269
871270
871271
871272
871273
871275
871277
871278
84847
871279
871280
871281
871282
871283
871284
871285
871286
871287
871288
871289
871290
871291
871292
871293
871295
871296
871297
84866
871298
871299
871300
84869
871301
871302
84871
871303
871304
871305
871306
871307
871308
871309
871310
871311
871312
84881
871313
84882
871314
871315
871316
871317
871318
871319
871320
84889
871321
84890
871322
871323
871324
871325
871326
871327
871328
871329
871330
871331
871332
871333
871334
871335
871336
871337
84906
871338
871339
871340
871341
871342
871343
871344
871345
871346
871347
871348
871349
84918
871350
871351
871352
871353
871354
871355
871357
84927
871359
84928
871360
871361
871362
871363
871364
871365
871366
871367
871369
871370
871371
871372
871373
84942
871374
871375
84944
871376
871377
871378
871379
871380
871381
871382
871383
84952
871384
871385
871387
871388
871389
871390
871391
871392
871393
871394
871395
871396
84966
871398
871399
871401
871402
871403
871404
871405
84974
871406
871408
871410
871411
871412
871413
871414
871415
871416
871417
871418
871419
871420
871421
871422
84991
871423
84992
871424
84993
871425
871426
871427
871428
871429
871430
871431
871432
871433
871434
85003
871435
871436
871438
871439
871440
871441
871442
871443
871444
871445
871446
871447
871448
871449
871450
871451
871452
871453
871454
871455
871456
871457
871458
871459
871460
871461
871462
871463
871464
871466
85035
871467
871468
871469
871470
871471
871472
871473
871474
871475
85044
871476
871477
871478
871479
871480
871481
871482
347195
871483
871484
85053
871485
871486
871487
871488
85058
871490
871491
871493
871494
871495
871496
871497
871498
871499
85069
871501
871503
871504
871505
85074
871506
871507
871508
871509
871510
871511
85080
871512
871514
871515
85084
871516
871518
871520
871521
871522
871524
871525
871526
85095
871527
85096
871528
871529
871530
871531
871532
871533
85102
871534
85103
871535
871536
871537
871538
871539
871541
871542
871543
871544
871545
871546
871547
871548
85117
871549
871550
871551
871552
871553
871554
871555
871556
871557
871558
871559
871560
871561
85130
871562
871563
871564
871565
85134
871566
85135
871567
871568
871569
871570
871571
871572
85141
871573
871574
871575
871576
871577
871578
871579
871580
85149
871581
871582
871583
871584
871585
871586
871587
871588
871589
871590
871591
871592
871593
871594
871595
871596
871597
871598
871599
871600
85169
871601
871602
871603
871604
871605
871606
871607
871608
871609
871611
871612
871613
871614
85183
871615
871616
871617
871618
871619
871620
871621
871622
871623
871624
871625
85194
871626
871627
871628
871629
871630
871631
871632
871633
871634
85203
871635
871636
871638
871639
85208
871641
871642
871643
871644
85214
871646
871647
871648
85218
871650
871651
871652
871653
871654
871655
871656
871658
871659
871660
871661
871662
85231
871663
871664
871665
871666
871667
871668
871669
871670
871671
85240
871673
871674
85243
871676
871677
871678
85247
871679
871680
871681
85250
871682
871683
871684
85253
871685
871686
871687
85256
871688
871689
871690
871691
871692
871693
871694
871695
871696
871697
871698
871699
871700
871701
871702
871703
871705
871706
871708
871709
85278
871710
871711
871712
871713
871715
871716
871717
871718
871719
85288
871721
871722
85291
871723
871724
85294
871726
871727
871728
871729
871730
871731
871732
85301
871733
871734
871735
347448
871736
871737
871738
85307
871739
871740
871741
85310
871742
871743
871745
871746
871747
85316
871748
871749
871750
871751
871752
871753
871754
871755
871756
871757
871758
85327
871759
871760
871761
871762
871763
871764
871765
85334
871766
871767
85336
871768
871769
85338
871770
85339
871771
85340
871772
871773
871774
871775
871776
85346
871778
871779
85349
871781
871782
871783
871784
871785
871787
871788
871789
871791
85360
871792
871794
871795
871797
871798
85368
871800
871801
871802
871803
871805
871807
871808
871809
871810
871811
871812
85381
871813
85382
871814
871815
871817
871818
871819
871821
871822
871824
871825
871827
871828
871829
85398
871830
85399
871831
871832
871833
871834
871836
871837
871838
871839
871840
871841
871842
871843
871844
871845
871846
871847
85416
871848
871849
871850
871851
871852
871853
871854
871855
85425
871857
85426
871858
871859
871860
871861
871862
871863
85432
871864
871865
871866
871867
871868
871869
871870
85439
871872
871874
871875
85444
871876
871877
871878
871879
871880
871881
871882
871883
871885
871886
871887
871888
871889
871890
85459
871891
871892
871893
871894
871895
85464
871896
871897
871898
871899
871900
871902
871903
871904
871905
871906
871907
871908
871909
871910
85479
871911
871912
85481
871913
871914
871915
85484
871916
871917
871918
871919
871920
871921
871922
871923
871924
871925
871926
871927
871928
85497
871929
871930
871931
871932
871934
871935
871937
871938
871939
871940
871941
871942
871943
871944
871945
871946
871948
85517
871949
871951
871952
85522
871954
871955
871956
871958
871959
871961
871962
871964
871966
871968
871969
85538
871971
871972
871973
85542
871974
871975
871976
871977
871979
85548
871980
871981
871982
871983
871984
871985
871986
871987
871988
871990
85559
871991
85561
871993
85562
871994
871995
871997
871998
872000
872001
872002
872003
872004
872005
872006
872008
872009
872010
872011
872012
872013
872014
872015
85584
85585
872017
872018
872019
872020
872021
872023
872024
872025
872026
872027
872028
872029
872030
872031
872032
872033
872034
872035
872036
872037
872038
872039
872040
872041
872042
872043
85612
872044
872045
872046
872047
872048
85617
872049
872050
872051
85620
872052
872053
872055
872056
872057
872059
872060
872061
872062
872063
872064
872065
872066
872067
872068
872069
872070
872071
872072
872073
872075
872076
872077
872078
872079
872080
872081
85650
872082
872083
872084
872085
872086
872087
872088
872089
872090
872091
872092
872093
85662
872094
85663
872095
872096
872097
872098
872099
872101
872103
872104
872106
872107
872109
872110
872112
872113
872114
872116
872117
85686
872118
872120
872121
872123
872124
872125
872126
85696
872128
872129
872131
872132
872134
872135
872137
872138
85707
872139
872140
872141
872142
872143
872144
872145
872146
872147
872149
872150
872151
872152
85721
872154
872155
872157
872159
872160
872161
872163
872164
872165
872166
872167
872168
872169
872170
872172
85741
872173
872175
872176
872177
872178
872179
872180
872181
872182
872183
872184
872185
872186
872187
872188
872189
85758
872190
872192
872193
872194
872195
872196
872197
872198
872200
872201
872202
872203
872204
872205
872206
85775
872207
85776
872208
872209
872210
872211
872212
872213
872214
872215
872216
872217
872218
85787
872219
85788
872220
872221
872222
872223
872225
872226
872227
85796
872228
85797
872229
872230
872231
872232
872233
872234
872236
872237
872238
872239
872240
872241
872242
872243
872244
872245
872247
872248
872249
872250
872251
872252
872253
872254
872255
872256
872257
872258
872259
872260
872261
872262
872263
872264
872265
872266
872267
872268
872269
872270
872271
872272
872273
872275
872276
872278
85847
872279
872280
872282
872283
872284
872286
872287
872288
872289
872290
872291
872292
872293
872294
872295
872296
872297
872299
872300
872302
872303
872304
872305
872306
872308
85877
872309
872311
872312
85881
85882
872314
872315
872317
872318
85887
872319
872320
872321
872322
872323
872324
872325
872326
872327
872328
872330
872331
872332
872333
872335
872336
872337
872338
872339
872341
872342
872344
872346
872347
872349
872350
872351
872352
872353
872354
872355
872356
872357
872359
85928
872360
872361
872362
872363
872364
872366
872367
872369
872370
872371
85940
872372
872373
872374
872375
872376
872377
872378
872379
872381
872383
872384
872385
872386
872387
872388
872389
872390
872391
872392
872393
872394
872395
872397
872398
872399
872400
872401
872402
872403
85972
872404
872405
872406
872407
85976
872408
872409
872410
872412
872414
872415
85984
872417
872418
872419
872420
872421
872422
872423
85992
872424
872426
872427
872428
872429
872430
872431
872432
86001
86002
872434
872435
872437
86006
872438
872439
872440
872441
86010
872442
872443
86012
872444
872445
872446
872447
872448
872449
872450
872451
872453
872454
872455
86024
872456
872457
872458
872459
872460
872461
872462
872463
348176
872464
872465
872466
872467
872468
86037
872469
872470
872471
86041
872473
872474
872475
872476
872477
872478
86047
872479
872480
872481
872482
872483
872485
872486
872488
872489
872490
872491
872492
872493
872494
872495
86064
872496
872498
872499
872501
872502
872503
872504
872505
872506
872507
872508
86077
872509
872510
872511
872512
872513
872514
872515
872516
872517
872519
872520
872522
872523
86092
872524
872525
872526
872527
872528
872529
872530
872531
872532
872533
86102
872534
872535
872536
86105
872538
872539
872541
872542
872543
872544
872546
872547
872549
872550
872551
872552
872553
86122
872554
872555
872556
872557
86126
872559
872561
86130
872562
872563
872564
86133
872565
872566
872568
872569
872570
872571
872572
872573
872575
872576
872577
872578
872579
872581
872582
872584
872585
86154
872586
872587
872588
872589
872590
348303
872591
872592
872593
872594
872595
872596
872597
86166
872598
872599
872600
872601
872602
872603
872605
872606
86176
872608
872609
872610
872611
872612
872613
872614
872615
872616
86185
872617
872618
872619
872620
872621
872622
872623
872624
872625
86194
872626
872627
872629
872630
872631
872632
872633
872634
872635
872636
872637
872638
872639
872641
872642
872643
872644
872645
872646
872647
872648
872649
872650
872651
872652
872653
872654
872656
872657
872658
872659
872660
86230
872662
872663
872664
872665
872666
872667
872668
872669
872670
872671
872672
872673
872674
86243
872675
872676
872677
872678
872679
872680
872681
872682
872683
872684
872685
872686
872687
872688
872689
872690
872692
872693
872694
872695
872696
872697
872698
872699
872700
872701
872702
872703
872704
86274
872706
872707
872709
872710
872712
872714
872715
872716
86285
348429
872717
872718
86287
872719
872720
872721
872723
872724
872725
872726
872727
86296
872729
872731
872732
872734
872735
872736
872737
872739
872741
86310
872742
872743
872745
872746
872747
872748
872750
872751
872752
872753
872754
872755
872756
872757
872758
872759
86328
872761
872762
872763
872765
872766
872767
872768
86338
872770
872771
872772
872774
872775
872776
872777
872778
872780
872781
872782
872783
872784
872785
872786
872787
872788
872789
872791
872792
872793
872794
872795
872796
872797
872799
872800
872802
872803
872804
872805
872806
872807
872808
872809
872811
872812
86381
872813
872814
872815
872816
872818
872819
86388
872820
872821
872822
86391
872823
872824
872825
872826
86395
872827
872829
872830
872831
872832
872833
872834
872836
872837
872838
872839
872840
872841
872842
872844
872845
872846
872847
86416
872848
872849
872850
872851
872852
872853
872854
872855
872856
872857
872858
86427
872859
872860
872861
872862
872863
872864
872865
872866
86436
872868
872869
872870
872871
872872
872873
872874
872875
872876
872877
86446
872878
872879
872880
872881
872882
86451
872883
872884
872885
872886
872888
872889
872890
872891
872892
872893
872894
872896
872897
872898
872899
872900
872901
872902
872903
872904
872905
872906
872907
872908
872909
872910
872911
86480
872912
872913
86482
872914
872915
872916
872917
872918
872919
872920
86489
872921
872922
872923
86492
872924
872926
872927
872928
872930
872931
872932
872934
872935
872937
872938
872939
872940
872941
872942
872943
86512
872944
872946
872947
872948
872949
872950
872951
872952
872953
872954
872955
86524
872956
872957
86527
872959
86528
872960
872961
872962
86531
872963
872964
872965
872966
872967
872968
872970
872971
872972
872973
872974
872975
872976
872977
872978
872980
872981
872982
872983
872985
872986
86555
872987
872988
872989
872991
872992
872993
872994
872995
872996
872997
872998
872999
873000
873001
873002
86571
873003
873004
86574
873006
873007
873008
873009
873010
873011
873012
873013
873014
873015
873016
873018
873019
873020
873021
873022
86591
873024
873025
873026
873027
873028
873029
873031
873032
873033
873034
86603
873035
873036
873037
873038
873039
873040
873042
873043
873044
873045
873046
873048
873049
873050
873051
873052
873053
873054
873056
873057
873058
873059
873060
873061
873062
873063
873064
86633
873065
873066
873067
873068
873069
873070
873071
873072
873073
873075
873076
86645
86646
873078
873079
86648
873080
873081
86650
873083
873084
873085
873086
873087
873088
873089
873091
873092
873093
873094
873095
86664
873096
873097
873099
873100
873101
873102
873104
873106
873107
873108
873109
873110
873112
86681
873113
873114
873115
86684
873116
873118
873119
873120
873121
873123
86692
873124
873125
873126
873128
873129
873130
86699
873131
873132
873133
873134
873135
873136
873137
873139
873140
86709
873141
873143
873144
873146
873147
86716
873148
873149
873151
873152
873154
873155
873157
873158
873159
873160
873161
873162
873163
873165
873166
873167
873168
873169
873170
873171
873172
873173
873174
873175
873176
873177
873178
873179
873181
873182
873183
873184
873185
873187
873188
873189
873190
873191
873193
873194
873195
873196
873197
873198
873199
86768
873200
873201
873202
86771
873204
873206
873208
86778
873210
873211
873212
873213
873214
873215
873216
873217
86786
873218
873219
873221
873222
873223
873224
873225
873226
873227
873228
873229
873231
873233
873234
873235
873236
873237
873238
873239
873240
86809
873241
873242
873243
873245
873246
873247
873248
873249
873250
873251
873252
873253
873254
873255
873256
873257
873258
873259
873260
873261
873262
873263
873264
873265
873266
873268
86837
873269
873270
873271
873273
873274
873275
873276
873277
873278
873279
873280
873281
873282
873283
873284
873285
873286
873287
873288
873289
873290
873291
873292
873293
873295
873296
873297
873298
873299
873300
873303
873304
873306
873307
873308
873310
873311
873312
873313
873314
873315
873317
873318
873319
873320
873321
873323
873324
873325
873326
873328
873329
873331
873332
873333
873334
873335
873337
86906
873338
873339
873340
873341
86910
873342
873343
873344
873345
873346
873347
873348
873349
873350
873352
873353
873354
873356
873357
873358
873359
86928
873360
873361
873362
873363
873364
873365
873366
873367
873368
873369
873371
873372
873373
873375
873376
873377
873378
873379
873380
873381
873382
873383
873385
873386
873387
873388
873389
873390
873391
873392
873393
873394
873395
873397
873398
873399
873400
873401
873402
873403
873405
873406
873407
873408
873409
873411
873412
873413
873414
873415
86984
873416
873417
873418
873419
873420
873421
873422
873423
873424
873425
873426
873428
873430
873431
873432
873433
873434
873435
873436
873438
873439
873440
873441
873442
873443
873445
873446
873447
873448
873449
873450
873451
873452
873454
873455
873456
873457
873458
87027
873460
873461
873462
873464
873465
873466
873468
873469
873471
87040
873472
87041
873474
873475
87044
873477
873478
873479
87048
873480
873482
873484
873485
873486
873487
873488
873489
873491
87060
873492
873493
873494
873495
873496
873497
87066
873498
873500
873501
873502
873503
873504
87073
873505
873506
873507
873508
873509
873510
873511
87080
873513
873514
873515
873516
873517
873518
873519
873521
873522
873523
873524
873525
873526
873527
873528
873529
873530
873531
873532
873533
873535
873536
873537
87106
873539
873541
873542
873543
873544
873545
87114
873547
873548
87118
873550
873551
873553
873555
87124
873556
873557
873559
873560
873561
873562
873563
873564
873565
873566
873568
873569
873570
873572
873573
873574
873575
873576
873577
873579
873580
873581
873582
873583
873584
873585
873587
873589
87158
873590
87159
873591
873592
873593
873594
873595
873596
873597
873598
873599
873600
873601
873602
873603
873604
873605
873606
873607
873608
873609
873610
873612
873613
87182
873614
873615
873616
873617
873618
873619
873620
873622
873623
873624
873625
873627
873628
873630
873632
873633
873634
873635
87204
873637
873638
873639
873640
873641
873642
873643
87212
873644
873645
87214
873646
87215
873647
873649
87218
873650
873651
873652
873654
349367
873655
87225
873657
873658
873659
873660
873661
87230
873663
873664
873665
873667
873668
87237
873669
873670
873671
873673
873674
873675
873677
873678
87247
873679
873681
873682
873683
873685
873686
873687
873688
873689
873690
873691
873692
873693
873694
873695
873696
87265
873697
873698
873699
87268
873701
873702
873704
873705
873706
873707
873708
873709
873710
873711
873712
873713
873714
873715
873716
873717
873718
873719
873720
873721
873722
873723
873724
873725
873726
873727
873728
873729
873730
873731
873732
873733
873734
873735
873736
873738
873740
873741
873742
873743
873744
873745
873746
873747
873748
873749
873750
873751
873752
873753
873754
873756
873757
873758
873759
873760
873761
873762
873763
873764
873765
87334
873766
873767
873768
873769
873770
873772
873773
873775
873776
873777
873778
873779
873780
873782
873783
873784
873785
873786
87355
873787
87356
873788
873789
87358
873791
873792
873793
87362
873794
873795
873796
873798
87368
873800
873802
873803
873805
873806
873807
873808
87377
873809
873810
873811
873812
873814
873815
873816
873817
873818
873819
873820
873821
873822
873823
87392
873824
873825
873826
873827
873828
873829
873830
873831
873832
873833
873834
873836
873837
873839
873840
87409
873841
873842
873843
873844
873845
873846
873847
873849
873850
873851
873852
873853
873854
873855
873856
873857
873858
873859
873860
873861
873862
873863
873864
873865
873867
873868
873870
873871
873872
873873
873874
873875
873876
873877
873878
873879
873880
873881
873882
873883
873884
873885
873886
873887
873888
873889
873890
873892
873893
873894
873895
873896
873897
873898
873899
873900
873901
873902
873904
873905
873907
873908
873909
873910
873912
873913
873915
873916
873918
873919
873920
873921
873922
873923
873924
873925
873926
873927
873928
873929
873930
873931
873932
87501
873933
873935
873936
873937
873938
873939
873940
873941
873943
873944
873945
873946
873948
873949
873950
873951
873952
873953
873954
873955
873957
873958
873959
873960
873961
873963
873964
873965
873966
873967
873968
873970
873972
873974
873975
873976
873977
873978
873979
873980
873981
873983
873985
873986
873987
873988
873989
873990
873991
873992
873993
873994
873995
873996
873997
873998
874000
874001
874002
874003
874004
874005
874006
874007
874008
874009
874010
874011
87580
874012
87581
874013
87582
874014
874015
874016
874017
874018
874019
874020
874021
874022
874023
874024
874026
874027
87596
874028
874029
874030
874031
874032
874033
874034
874035
874036
874037
874038
874039
874040
874042
874043
87612
874044
874045
874046
874047
874048
874049
874050
874051
874052
874053
874054
874055
874056
874057
874058
874059
874060
874061
87630
874062
874063
874064
874065
874067
874068
874069
874070
874071
874072
874073
874074
874075
874076
874077
874078
874079
874080
874081
874082
87651
874083
874084
874086
874087
87656
874089
874090
874091
874092
87661
87662
874094
874096
874097
874098
874099
874100
874101
874102
874103
874104
874105
874106
87675
874107
874108
874109
874110
87679
874111
874112
874113
874114
874115
874116
874117
874119
87688
874120
874121
87690
874122
874123
874125
87694
874126
874127
874128
874129
874130
87699
874132
874133
874134
874135
874136
874137
87706
874138
874139
874140
874141
874143
874144
87713
874145
874146
874147
874148
874149
874150
874151
874152
874153
874155
874156
874157
874158
874159
874160
874161
87730
874162
87731
874163
874164
87733
874165
874166
874167
874168
874169
874171
87740
874172
874173
874174
874175
874176
874177
874178
87747
874179
874180
874181
874182
874183
874184
874185
874186
874187
874188
874189
874190
874191
874192
874193
874194
874195
874196
874197
874198
874199
874200
874201
874202
874203
874204
874205
87774
874206
874207
874208
87777
874209
874210
874211
874213
87782
874214
874215
874216
874217
874218
874219
874220
874221
874222
874223
874224
874225
874226
874227
874228
874229
874230
874231
874232
874233
874234
874235
874236
874237
874238
874239
874240
874242
874243
874245
874246
874247
874248
874249
874250
874251
874252
874253
874254
874255
874256
874257
874258
874259
874260
874261
874262
874263
874264
874266
87835
874267
874268
874269
874270
874271
874272
874273
874274
874276
874277
874278
874279
874280
874281
874282
87851
874283
874284
874285
874286
874287
874288
874289
874290
874291
874292
874293
874294
874295
874296
874297
874298
874299
874300
874301
874302
874303
874304
874305
874306
874307
874308
874309
874310
874311
874312
874313
874314
874315
874316
874317
874318
87887
874319
874320
874321
874322
874323
87892
874324
874325
874326
874327
874328
874330
874331
874332
874334
874335
874336
874338
874339
87908
874340
874341
874342
874343
874344
874345
874346
874348
874349
874350
874351
874352
874354
874355
874356
874358
874360
874361
874362
874363
874364
874365
874366
874367
874368
874369
874370
874371
874372
874373
874374
874375
874376
874378
874379
874380
874382
874383
874384
874385
874386
874388
874389
874391
874392
874393
874394
874395
874397
874398
874400
874401
874402
874403
874404
874405
874406
874407
874408
874410
874411
874412
874413
874414
874415
874416
874417
874418
874419
874420
874421
874422
874423
874424
874425
874427
874428
87997
874429
874430
874431
874432
874433
874434
874435
88004
874436
874437
874438
874440
874441
874442
874443
88012
874444
88013
874445
874446
874447
874448
88017
874449
874450
874451
88020
874452
874453
874454
874455
874456
874457
874458
874459
874460
874461
874462
874463
874464
874465
874466
874467
874468
874469
874470
874471
874472
874473
874474
874475
874476
874477
88046
874478
874479
874480
874481
874482
874483
874484
874485
874486
874487
874488
874489
874490
874492
874493
874495
874496
874498
874499
874501
874502
874503
874505
874506
874507
874508
874509
874510
874511
874512
874513
874514
874516
88085
874517
88087
874519
874520
88090
874522
874523
874524
874525
874526
874527
874528
88097
874529
874530
874531
874533
88102
874534
874535
874536
874537
874538
874539
874540
874541
874542
874543
874544
874545
88114
874546
88115
874547
874548
874549
874550
874552
874553
874554
88123
874556
874557
874558
88127
874559
874561
88130
874562
874563
874564
874566
874567
874568
874569
874570
874571
874573
874574
874575
874576
874577
874578
874579
874580
874581
88150
874582
874583
874584
874585
874586
874587
874588
874589
874590
874591
874592
874593
874595
874596
874597
874598
874599
874600
874602
874603
874604
874605
874606
874607
874608
874609
874610
874611
874612
874613
874614
874615
874616
88185
874617
88186
874618
874619
874620
874621
874623
874624
874625
874626
874627
874628
874629
874630
874631
874632
874633
874634
874635
874636
874637
874638
874639
874640
874641
874642
874643
874644
874645
874646
874647
874648
88217
874649
874651
874652
874653
874654
874656
874657
874659
874660
874661
874663
874664
874666
874667
874669
874670
874671
874673
874675
88244
874676
874677
874679
874680
874682
874683
874684
874685
874686
874688
88257
874689
874691
874692
874693
874695
874696
874697
874699
874700
874702
874703
874704
874705
88274
874706
874707
874708
874710
88280
874712
874713
874714
874715
88284
874716
88285
874717
874718
874719
874720
874722
874723
874724
874725
874726
874728
88297
874730
874731
874733
874734
874736
874737
874738
874740
874741
874742
874743
874744
874745
874746
874747
874748
874749
874751
874752
874754
874755
874756
874757
350470
874758
874759
874760
874761
874762
874763
874764
874765
874766
874767
874768
874769
874770
874771
874772
874773
874774
874776
874777
874778
874779
874780
874781
874782
874783
874785
874786
874787
874789
874790
874791
874792
88361
874793
874794
874795
874796
874797
874798
874799
874800
874801
874802
874803
874804
874805
874806
874807
874808
874809
874810
874811
874812
874813
874814
874815
874816
874817
874818
874819
874820
874821
874822
88391
874823
874824
874825
874826
874827
874828
874829
874830
874831
874832
874833
874835
874836
874838
874839
874841
874842
874844
874845
874847
874848
874849
874850
874851
874852
874853
874854
874855
874856
874857
874858
88428
874860
874861
874863
874864
874866
874867
874868
874869
874870
88439
874872
874874
874875
88444
874876
874877
874878
874879
874881
874882
874883
88453
874885
88454
874886
874887
874888
874889
874890
874891
874892
874893
874894
874895
88465
874897
874898
874899
874901
874902
874903
874905
874906
874907
874908
874909
88478
874910
874911
874912
874914
874915
874917
874918
350631
874919
874920
874921
874923
874924
874925
874926
874927
874928
874929
874930
874931
874932
88501
874933
874934
874935
874936
874937
874938
874939
874940
874941
874942
874943
874944
874945
874946
874947
874948
874950
874951
874952
350665
874953
874954
874955
874956
874957
874958
874959
874960
88529
874961
350674
874962
874963
874964
874966
874967
874968
874969
874970
88539
874972
874973
874975
874976
874977
874978
874979
88548
874980
874981
874982
874983
874984
874985
874987
874988
874989
874990
874991
874992
874993
874994
874995
874996
874997
874998
874999
875000
875001
875002
875003
875004
875005
875006
875007
875009
875010
88580
875012
875013
875015
875016
875017
88586
875018
875019
875021
875022
875024
88594
875026
875028
875029
875030
875032
875033
875034
875035
875036
875037
875039
875040
875041
875042
875043
875045
875046
88615
875048
875049
875050
875052
875053
88622
875055
875056
875057
875058
875059
875060
875061
875062
875065
875066
875068
875069
875070
875071
875072
875073
875075
875076
875077
875078
875079
875080
875082
875083
875084
875085
875086
875087
875089
875090
875092
875093
875094
875095
875097
875098
875099
875101
875102
875103
875104
88673
875105
875106
875107
875109
875110
875112
875113
875114
875115
875117
875118
875120
875121
875122
875123
875124
875125
875126
875127
875128
875129
875131
875132
875133
875134
875135
875136
875137
875138
875139
875140
875141
875142
875143
875144
875145
875146
875148
88717
875149
875150
875151
875153
875154
875155
875156
875157
875158
875159
875160
875162
875164
875165
875166
875167
875168
875169
875170
875172
875173
875174
875175
875176
875177
875179
875180
875181
88750
875182
875183
88752
875184
875185
875186
88755
875187
875188
875189
875190
875191
875192
875193
875194
875195
875196
875197
875198
875199
875200
875201
875203
875204
875205
875206
875207
88776
875208
875209
875210
875212
875213
875214
875215
875217
875218
875220
875221
875222
875223
875225
875226
875227
875228
875229
875230
875231
875233
875234
875236
875237
875239
875240
875242
875243
875245
88814
875246
88815
875248
875249
875250
875251
875252
875253
875254
875255
875256
875257
875258
875260
875262
875263
875264
875265
88835
875267
875268
875269
875270
875272
875273
875274
875275
875277
875278
875279
875280
875281
88850
875282
875283
875284
875285
875286
875287
88856
875288
875289
88858
875290
875291
875293
875294
875295
875296
875297
875298
875299
875301
875303
875304
88873
875305
88874
875306
875307
875308
875309
875311
875312
875313
875314
875315
875316
875317
875318
875319
875320
875321
875322
88891
875324
875325
875326
875327
875328
875329
875330
875331
875332
875333
875334
875335
875336
875337
88906
875338
875339
875340
875342
875343
875344
875345
875347
875348
875349
875350
875351
875352
875353
875354
875355
875356
875357
875358
875359
875360
875361
875362
875363
875364
875366
875367
875368
875369
875370
875371
875372
875373
875374
875375
88944
875376
88945
875377
875378
875379
875380
875381
875382
875383
875384
875385
875387
875388
875390
875391
875392
875393
875394
875395
875396
875397
875398
875399
875400
875401
875403
875405
875407
875408
875409
875410
88979
875411
875413
88983
875415
88984
875416
875417
875418
875420
875421
875422
875423
875424
875426
875427
875429
875430
875432
875433
875434
875435
875436
875437
89007
875439
875440
875441
89010
875442
875444
89013
875445
875447
875448
875450
875451
875452
875453
875454
875455
875456
89025
875457
875459
89028
875460
875462
875463
875464
875465
875466
89035
875467
875468
875469
875470
875471
875472
875474
875475
875477
875478
89047
875479
875480
875481
875483
875484
875485
875487
875488
875489
875490
875491
875492
875493
875494
875495
875497
875498
875499
875500
875501
875502
875503
875504
875505
875506
875507
875508
875509
875510
875512
875513
875515
875516
875517
875519
875520
875521
875522
875523
875524
875526
875527
875528
875529
875530
875531
351244
875532
875533
875534
875535
875536
875537
875538
89108
875540
875542
875543
875545
875546
875547
89116
875548
875549
875550
875551
875552
875553
875554
89123
875555
875557
875558
875559
875560
875561
875562
875563
875564
875565
875566
875568
875569
875570
875571
875572
875573
875575
875576
875577
875578
875579
875580
875581
875582
875583
875584
875585
875586
875587
875588
875589
875590
875591
875593
875594
875595
875596
875597
875598
875599
875600
875601
875602
875603
875604
875606
875607
875608
875609
875611
875612
875613
875614
875615
875616
875617
89186
875619
875620
875621
875622
875623
875624
875625
875626
875627
875628
875629
89198
875630
875631
89200
875632
875634
89203
875635
875636
875637
89206
875638
875639
875640
875641
875642
875644
875645
875646
875647
875648
875650
875651
875652
875653
875654
875655
875657
875658
875659
89228
875660
875661
875663
875664
875666
875667
875669
875670
875671
875672
875673
875674
875675
875676
875677
875678
875679
875680
875681
875683
875685
89254
875686
875687
875688
875689
89258
875690
89259
875691
89260
875692
875693
875694
875695
875696
875697
89266
875698
875700
875701
875702
875703
89272
875704
875705
875706
89275
875707
89277
875709
875710
875711
875712
875713
89282
875714
875716
875718
875719
875720
875721
875722
875723
875724
875725
875726
875727
875728
875729
875730
89299
875731
875732
875733
875734
875736
875737
875738
89307
875739
89308
875740
875741
89311
875743
875744
89314
875746
875747
875749
875750
875751
875752
875754
875755
875757
875758
875759
875760
875761
89330
875762
875763
89332
875765
875766
875767
89336
875768
875770
875771
875773
875774
875775
875776
875777
875778
875779
875780
875781
875782
875784
875785
875786
875787
875788
875789
875790
875791
875792
875793
875794
875796
875797
875798
875799
875800
875802
875803
875805
875806
875807
875808
875809
875810
875811
875812
875813
875814
875815
875816
875817
875818
875820
875821
875822
89391
875823
875824
875825
875826
875828
875829
875830
875831
875832
875834
875835
875836
875837
875838
875839
875840
875841
875842
875844
875845
875846
875847
875848
875849
875850
875851
875852
875853
875854
351568
875856
875857
875858
875859
875860
875861
875862
875863
875864
875865
875866
875867
875869
875870
875871
875872
875873
875874
875875
875876
875878
875879
875880
875882
875883
875885
875886
875888
875890
875891
875892
875894
875895
875896
875897
875899
875900
875901
875903
875904
875905
875906
875908
875910
875911
875913
875914
875915
875916
89486
875918
875919
875920
875921
89490
875922
875923
875924
875926
875927
875928
875929
875931
875932
875934
875935
875936
875937
89506
875938
875939
875941
875942
875943
875944
875945
875946
875947
351660
875948
875949
875950
875951
875953
875954
875955
875956
875958
875959
875961
875962
875963
875964
875965
875966
89535
875967
875968
89537
875969
875970
875971
875972
875973
875975
875976
875977
875978
875979
875980
875981
875982
875983
875984
875986
875988
875989
875990
875991
89560
875992
875993
875994
875996
875997
875998
875999
876000
876001
876002
876004
876005
876006
876007
876008
876009
876010
876011
876012
876013
876014
876015
876016
876017
876018
876019
876020
876021
876022
876024
876025
876026
876027
876028
876029
876030
876031
876032
876034
876035
876036
876037
89606
876038
876039
876040
876041
876042
876043
876044
89613
876045
876046
876047
876048
876050
876051
876052
876053
876054
876055
876056
876057
876058
876059
876060
876061
876062
876063
876064
876065
876066
876067
89636
876068
876069
876070
876071
876072
876073
876074
876075
876076
876077
876078
876079
876080
876081
876082
876084
876085
876087
876088
876090
876091
89660
876093
89662
876094
876096
876097
89666
876098
876100
876102
876103
876105
876106
876107
876109
876110
876111
89680
876113
89682
876114
876115
876116
89686
876118
876119
876120
876121
89690
876123
876124
876125
89695
876127
89697
876129
876130
876132
876133
876134
876135
876137
876138
876139
876140
876141
876143
876144
89713
876145
876146
876148
876149
876150
876151
876152
876154
876155
876156
876157
876158
89727
876159
876160
876162
876163
876164
876165
876167
876168
89737
876169
876170
876171
89741
876173
876174
876175
876176
876177
876179
876180
876182
876183
876184
876186
876187
876188
876189
876190
876191
876192
876194
876195
876196
876197
876198
876200
876201
876202
89771
876203
876204
876205
876206
876207
876208
89777
876209
89778
876210
89779
876211
876212
876213
876215
351928
876216
876217
876218
876219
876220
876221
876222
876223
876224
876225
876226
876227
876228
876230
876231
876232
876233
89802
876234
876235
876236
876237
89806
876238
876239
876240
876241
876242
876243
876244
876245
89814
876246
876247
89816
876248
89817
876249
876250
89820
876252
876254
876255
876256
89825
876257
876258
876259
876260
876261
876262
876263
876264
876265
876267
876269
876270
876271
876272
876273
876274
876275
876276
89845
89846
876278
876280
876281
876282
876283
876285
876286
876288
876289
876290
876291
876292
89861
876293
89862
876294
876295
876296
876297
876298
876299
876300
876301
876303
876304
876305
89874
876306
876307
876308
352021
876309
876311
876312
876314
876315
876317
876318
876319
876320
876321
876322
876324
876325
876326
876328
876329
876330
876331
89900
876332
876333
876334
876335
89904
89905
876337
876338
876339
876340
876341
876342
876343
89912
876344
876346
89915
876347
876348
876349
876351
876353
89922
876354
876355
876356
876357
876358
89927
876359
876360
876361
876362
89932
876364
876365
876366
876367
876368
876369
89938
876370
876372
89941
876373
876375
876376
876377
876378
876380
876381
89950
876382
876384
876385
89954
876386
876387
876388
876389
876390
89959
876391
876392
876393
876394
876395
876396
876397
89966
89967
876399
876400
876401
876402
876403
876404
876405
876406
876407
876408
876409
876410
876411
876412
876413
876414
876415
89984
876416
876417
876418
876419
876421
876422
876423
89992
876424
876425
876427
876428
876429
89998
876430
876431
876432
876433
876434
876435
876436
876437
876438
876439
876440
876441
876442
876443
90012
876444
90013
876445
876446
90015
876447
90016
876448
876449
876450
90019
876451
876452
876453
876454
876455
876456
876457
876458
876459
90028
876460
876461
876462
876464
876465
876466
876467
90036
876468
90037
876469
876470
876471
876472
876474
90043
876475
876476
876478
876479
876481
876482
876483
876484
876486
876487
876489
876490
90059
876491
876492
876493
876494
90063
876495
90064
876496
876497
876499
876500
876501
90070
876502
876503
876504
876505
876507
876508
876509
90078
876510
876511
876512
876514
90083
876515
876516
876517
90086
876518
876520
876521
876522
90091
876523
90092
876525
876526
876528
876530
90099
876531
90100
876532
876533
876534
876535
876536
876537
876539
876540
876541
876542
876543
876544
876545
876546
876547
876548
876549
90118
876550
876551
876552
876553
90122
876554
876555
876556
876557
876559
876560
876562
876563
876564
876565
876566
876567
876568
876569
876570
876571
876572
876573
876574
876575
90144
876576
876577
876578
876579
876580
876581
876582
90151
876584
876585
876586
876587
90156
876588
876589
876590
876591
90160
876592
876593
90162
876594
876595
876596
876597
876598
876599
90168
876600
876601
876602
876603
876604
876605
876606
876607
876608
876609
876611
876612
876613
876614
876615
876616
876617
876618
876619
876620
90189
876621
876622
876623
876624
876625
876626
876627
876628
876629
876631
876632
90201
876633
90202
876635
876637
876638
876640
876641
876642
90211
876644
876645
876646
876647
876648
876649
90218
876650
876651
876652
876653
876654
876655
876656
876657
90226
876659
876660
876661
876662
876663
876664
876665
876666
876667
90236
876668
876670
876671
876672
876673
90243
876675
876676
876677
876678
876679
876680
876682
876683
90252
876685
90254
876686
876687
90256
876688
876689
876691
876692
876694
876695
876696
876698
876699
876700
876702
876703
876704
876705
876706
876708
876709
876710
876711
876712
876713
876714
876715
876716
876718
90287
876719
876720
876722
876723
876724
876725
876726
876728
876729
876730
876731
90300
876732
876733
876734
876735
876736
876737
876738
876739
876740
90309
876741
876742
876743
90312
876744
876745
876746
876747
876748
876749
352462
876750
876751
876752
876753
876754
876755
876756
876757
876758
876759
876760
876761
876762
876763
876764
876765
876766
876768
876769
876770
876771
876772
876773
876774
876775
876776
876777
876778
876779
876780
876781
876782
876783
876785
876786
90355
876787
876788
876789
876790
876791
876792
90361
876794
876795
876796
876797
876798
876800
876801
876802
876803
876804
90373
876806
876808
876809
876810
876811
876812
876813
876814
876815
876817
876818
876819
876820
876821
876822
876823
876824
876825
876826
876827
90396
876828
90397
876829
876830
876831
90400
876832
876833
876834
876835
876836
876837
876838
876839
876840
876841
90410
876843
876844
876846
876847
876848
876849
90418
876850
876852
90421
876854
876855
876857
876858
876859
876860
876861
876862
876863
876864
876865
876866
876867
876868
876869
876870
876871
876872
876873
876874
876875
876876
876877
876878
876879
876880
876881
876882
876883
876884
876885
876886
90456
876888
876889
876890
876891
876892
876893
876894
876895
876896
876897
876898
876899
876900
876901
876902
876903
876904
876905
876907
876908
876910
876911
876912
876913
876914
876915
876916
876917
876918
876919
876920
876921
90490
876922
876923
876924
876925
876926
876927
876928
876929
876930
876932
90501
876933
876934
90504
876936
876937
876938
876939
876940
876941
90510
876942
90511
876943
876944
876945
876946
876947
876948
876949
876950
876951
876952
876953
876954
876955
876956
876957
876959
876960
876961
876962
876963
876964
90533
876965
876967
876968
90538
876970
876971
876972
876973
876974
876975
876976
876977
876979
876980
876981
876982
876983
876985
876986
876987
876989
876990
876991
876992
876993
876994
876995
876996
876998
876999
877000
90569
877001
877002
877003
877004
877005
90574
877006
877007
877008
877009
877010
877011
877012
877013
877014
877015
877016
877017
877018
877019
877020
877021
877022
877023
877024
877025
877026
877027
877028
877029
877030
877031
877032
90601
877033
877034
90603
877035
877036
877038
877039
877041
877042
877043
877044
877045
877046
877047
877049
877050
877052
877053
877054
877055
877056
877057
877058
877059
877060
877061
877062
877064
877066
877067
877068
877069
877070
877071
877072
877073
90642
877074
877075
877076
877077
877078
877079
877080
877081
877083
877084
877085
877086
877087
877088
877089
877090
877091
877092
877093
877094
90663
877095
877096
90665
877097
877098
877099
877100
877101
877102
877103
877104
877105
877106
877107
877108
877109
877110
877112
90681
877113
90682
90683
877115
877116
877117
877118
877119
877120
877121
877122
877123
877124
877125
877126
877127
877129
877130
877131
90700
877132
90701
877133
877134
877135
877136
877137
877138
90707
877139
877140
352853
877141
877142
877143
90712
877144
877145
90714
877146
877147
877148
877149
877150
877152
877153
877154
877155
877156
877157
90726
877158
877159
90728
877161
90730
877162
90731
877163
877164
90733
877165
877166
877167
877168
877169
877170
877171
877173
877174
877175
877176
877177
90746
877178
877179
877180
877181
877182
877183
877184
877185
877186
877187
90756
877188
877189
877190
877191
90760
877192
90761
877193
877194
877195
877196
877197
877198
877199
877200
877201
877203
90773
877205
877207
877209
877211
877213
877215
877217
90787
877219
90789
877221
90790
877223
877225
877227
877229
877231
877233
877235
90804
877237
877239
90808
877241
90811
877243
877245
877247
90817
877249
877250
877251
877252
877254
90823
877256
877258
877260
877261
877262
877263
877265
877267
877269
877270
877271
877273
877275
90845
877277
877279
877280
877281
877283
877285
877287
877289
90858
877291
877293
877295
90865
877297
877299
90868
877300
877301
877303
877305
877307
877308
877309
90879
877311
877312
877313
877315
877316
877317
877318
877319
877320
877321
877322
877323
877324
90893
877325
877326
877328
877330
90899
877332
877334
90904
877336
877338
877340
90910
877342
877344
877346
877348
90918
877350
877352
877354
877356
877358
877360
877362
877364
877366
877368
877370
877372
877374
90951
90966
90969
90973
90976
877408
90977
877410
90979
877412
90982
877414
877416
90986
877418
877420
90990
877422
877424
877426
877428
877430
877432
877434
877436
877438
877440
877442
877444
877446
877448
877450
877452
877453
877454
877456
877457
877458
877460
877462
91031
877463
91032
877464
91033
877466
877468
877469
877470
877471
877472
91041
877474
877476
877478
91048
877480
877481
877482
91051
877483
91052
877485
91055
877487
91056
877489
877491
91060
877492
877493
877494
91064
877496
877498
91067
877499
877500
877501
877503
877505
91074
877506
91076
877508
877510
877512
877514
877516
91086
877518
877520
877522
877524
877526
877528
877530
91099
91100
877532
91101
877534
877536
91105
877538
877540
91109
877542
877544
91113
877546
91115
877548
877550
877552
91121
91122
877554
877556
91125
91126
877558
877560
91129
877562
877564
91134
877566
91135
877568
91137
353282
877570
877572
877574
877575
877576
91145
877577
91147
877579
91148
877581
877583
877585
877586
877587
877588
91158
877590
877592
877594
877596
877598
877600
877602
91171
877603
877604
877605
877607
877609
877611
877613
877615
877617
877619
877620
877621
877622
91196
91199
91216
91219
877651
91221
877654
877655
877657
877659
877661
877663
877665
877667
877669
877671
877673
877675
91245
877677
877679
877681
877683
877685
91255
877687
877689
877691
91260
877693
877695
91265
877697
877699
877701
877703
91273
877705
877707
877708
877711
877712
877713
91282
877715
877717
91286
877719
877721
877723
91292
877725
877726
91295
877727
877728
877730
877732
877734
877736
877738
91307
877740
877742
877743
877745
877747
877749
91318
877750
877751
91320
877752
877753
877754
877756
877758
877760
877761
877762
877763
877764
877765
877767
877769
877770
877771
877772
877774
877776
877778
877780
877782
877784
877786
877788
91357
877790
877792
877794
877796
877798
877800
877802
877804
91374
877806
877808
877810
877812
877814
877816
877818
877819
877820
877822
877824
91393
877826
877828
877830
877832
877834
877836
91405
877838
877840
877842
877844
91414
877846
877848
877850
877852
877854
877856
877858
877860
877862
877863
877864
877866
877868
877870
877872
877874
877876
877878
877880
91449
877882
877883
877884
877885
877887
91456
877888
877890
877891
877893
877895
877897
877899
877901
877903
877904
877905
91475
877907
877908
877909
877910
877911
877912
877913
877915
877916
877917
877918
91487
877921
91490
877923
877924
877927
877929
91499
877931
877933
877935
877937
91507
877939
91508
877941
91510
877943
877945
877947
877949
877951
877953
91522
877955
877957
877959
877961
877963
91533
877965
877967
91537
877969
877971
877973
91543
877975
877977
877979
877981
877983
877985
877987
877989
353705
878019
878049
91618
878051
878052
878053
878054
878055
878056
878057
878058
878059
878060
878061
878062
878063
878064
878065
878066
878067
878068
878069
878070
91639
878071
878072
878073
878074
878075
878076
878077
878078
878079
878080
878081
878082
878083
878084
878085
878086
878087
878088
878089
878090
878091
878093
878094
878095
878096
878097
878098
878099
878100
878101
878102
878103
878104
878105
878106
878107
91676
878108
878109
878110
878111
878112
878113
878114
878115
878116
878117
878118
878119
878120
878121
878122
878123
878125
878126
91695
878127
878128
878129
878130
878131
878132
91701
878133
878134
878135
878136
91705
878137
878138
91707
878139
878140
91709
878141
878142
878143
878144
878145
878146
91715
878147
878148
878149
878150
91719
878151
878152
878153
878154
878155
878156
878157
878158
878159
878160
878161
878162
878163
878164
878165
878166
878167
878168
878169
878170
878171
878172
878173
878174
878175
878176
878177
878178
878179
878180
878181
91750
878182
878183
878184
878185
878186
878187
878188
91757
878189
878190
878191
878192
878193
878194
878195
878196
878197
91766
878198
878199
878200
878201
878202
878204
878205
91774
878206
878208
878209
878210
91779
878211
878212
91781
878213
878214
878216
878217
878218
878219
878220
878221
878223
878224
878225
878227
878229
878231
878232
878233
878234
878235
878236
878237
878238
878239
878240
878241
878242
878243
878244
878246
91815
878247
878248
91817
878250
878251
91820
878253
91822
878254
878256
878257
878259
878260
91829
878261
91830
878262
878263
878264
878265
878266
878267
91836
878269
878270
878271
878272
878273
878274
878275
878276
878277
878278
878279
878280
878281
878282
878283
878284
878285
878286
878287
878288
878289
878290
878291
878292
878293
91862
878294
878295
878296
878297
878298
878300
878301
878302
878303
878304
878305
878306
878307
878308
878309
878310
878311
91880
878312
878313
878314
878315
91884
878316
878317
878318
878319
878320
91889
878321
91890
878322
878323
878324
878325
878326
878327
878328
878329
878330
878331
878332
878333
878334
878335
878336
878337
878338
878339
878340
878341
878342
878343
878344
878345
878346
91915
878348
878349
878351
878352
878353
878354
878356
878357
878358
878359
878360
878361
878362
878363
878364
91933
878365
878367
878368
878370
878371
91940
878373
878374
878375
878376
878377
878378
878379
878380
91949
878381
878382
878383
878385
878386
878387
878389
878390
878392
878393
878394
878395
878396
878397
878398
878400
878401
878402
878404
878405
91974
878406
878407
91977
878409
91978
878410
878411
878413
878414
878415
878416
878417
878418
91987
878419
91988
878420
878421
878422
878423
91992
878424
878425
878426
878427
91996
878428
91997
878429
91998
878430
878431
92001
878433
878434
878435
878436
878437
878438
878439
878440
878441
878442
878443
878444
878445
878446
878447
878448
92017
878449
878450
92019
878451
878452
878453
878454
878455
878457
878458
878459
878460
878461
878462
878463
878464
878465
878466
878467
878468
878469
878470
878471
878472
878473
878474
92043
878475
878476
878477
878478
878479
878480
92049
878481
878482
878483
92053
878485
878486
878487
92057
878489
878490
878491
878493
878494
878495
878496
92065
878498
92067
878499
878501
92070
878502
878504
92073
878505
878506
878507
878509
878510
878512
878513
878514
878515
878516
878518
878519
878521
92090
878522
878524
878525
878526
878527
878528
92097
878529
878531
878532
878533
878534
878536
878537
92107
878539
878540
878541
878542
878543
878544
878545
878546
878547
878548
878550
878552
92121
878554
878555
92124
878556
878557
878558
878559
878560
878561
878562
878563
878564
878566
878567
92136
878568
878569
92139
878571
878572
878573
878574
878575
878577
878578
878579
878580
878581
878583
878584
878585
878586
878587
878588
878589
878590
878591
92160
878593
878594
878595
878596
878598
878599
878600
92169
878601
878602
878604
878605
878606
878607
878608
878609
878610
878611
878612
878613
92182
878614
878615
878616
878617
878618
878619
878620
878621
878622
878623
878624
878625
878626
878627
878628
878629
878630
878631
878632
878633
878634
878635
878636
878637
878638
92207
878639
878640
878642
92211
878643
878644
878645
878646
878648
878649
878651
92220
878652
878653
878655
878656
878658
878659
878660
878662
878663
354376
878665
878666
878668
92237
878669
878670
878671
92240
878672
878673
878674
92244
878676
878677
878679
878680
878682
878683
878685
878686
878687
92256
878688
878690
878691
878692
878693
878694
878695
92264
878696
878697
878698
878699
92268
878700
878701
878702
92272
878704
878705
878707
878708
878709
878710
878711
878712
878713
878714
878715
878716
878717
92286
878718
878720
92289
878721
878722
878723
878724
878725
878726
878727
878728
92297
878729
878730
878731
878732
878733
878734
878735
92304
878736
878737
878738
878739
878740
878741
878743
92312
878744
878745
878746
878747
878748
878749
878750
878751
878752
92321
878753
878755
878756
92325
878757
878758
92327
878759
92328
878760
878761
878762
878763
92332
878764
878765
878766
878767
878768
878769
878770
878771
878773
92342
878774
878775
878776
878777
878778
878779
878780
878781
878782
878783
878784
878785
878786
878787
92356
878788
878789
878790
878791
878792
878793
878794
878795
878796
878797
878798
878799
92369
878801
878802
878804
878805
878806
878807
878809
878810
878811
878813
878814
878816
878817
878818
878819
878820
878822
878823
878824
878825
878827
878828
878829
878830
878831
92400
878832
878833
878835
878836
878837
878838
878840
878841
878844
878845
878847
878848
878850
878851
878853
878854
878855
878856
878857
878859
878860
878861
878862
878863
878864
878866
878867
878869
878870
878872
878873
878875
92444
878877
878878
878879
878881
878882
878883
878884
92453
878885
878886
878887
92456
878888
878890
878891
92460
878892
878893
92462
878895
878896
878897
878898
878900
878901
878902
878903
878904
878906
878907
92476
878908
878910
878911
878912
878913
878914
878915
878917
878918
92487
878919
92489
878921
92490
878922
878923
878924
878925
878926
878927
878928
878929
878930
878931
878932
878934
878935
878936
878938
878940
878941
878942
878943
878944
878945
878946
878948
878949
878950
92519
878951
878952
92521
878953
878954
878955
878956
878957
878958
878959
878960
878961
878962
878963
878964
92533
878965
878966
878968
878969
878970
878971
878972
878973
92542
878974
878975
878976
878977
878979
878980
878981
878982
878983
878984
878985
878986
878987
878988
878989
878990
878991
878993
878994
878995
878996
878998
878999
879000
879002
879003
879004
879005
879006
879007
879008
879009
879010
879011
879012
879013
879015
879016
879017
879018
879019
879020
879021
879022
879023
879024
879025
879026
879027
92596
879028
879029
879030
879031
879032
879033
879034
879035
879036
879037
879038
879039
879040
879041
879042
92611
879043
879044
879045
92614
879046
879047
92617
879049
879050
879051
879052
879053
879054
879055
879056
879057
879058
879059
879061
879062
879063
879064
879065
879066
879068
879069
92638
879070
879071
879072
879073
879075
879076
879077
879078
879079
879080
879081
879082
879084
879085
879086
879088
879089
879090
879091
879093
92662
879094
879095
879096
879098
879099
879100
879101
879102
879104
879105
879106
879108
879110
879111
92680
879113
879114
879115
879116
879117
879118
879119
879120
879121
879123
879124
879126
879127
92696
879129
879130
879132
879133
879134
879135
92704
879136
879137
879138
879139
879140
879141
879143
879144
879145
92714
879146
879147
879148
879149
879150
879151
92720
879152
879153
879154
879155
879156
879157
879158
92728
879160
879161
879163
879164
879166
879167
879168
879169
879170
879171
92740
879172
879173
879174
879176
879177
879178
879179
879180
879182
879183
879185
879187
879188
879190
879191
879192
879193
879194
879195
92764
879196
879197
879198
879199
879200
879201
879202
879203
879204
879205
879206
879207
879208
879209
879210
879212
879213
879214
879215
879216
879218
879219
879220
879221
879222
879223
879224
879225
879226
879227
879228
879229
92798
879230
879231
879232
879233
879234
879235
879236
879237
879238
879239
92809
879241
879242
879244
879245
879246
879247
879248
879249
879250
879251
879252
879254
879255
879257
879258
879259
92828
879260
879261
879262
879263
92832
879264
879266
879267
879268
879269
879270
879271
879272
879273
879274
879275
879276
92845
879277
879278
879279
879280
879282
879283
879284
879285
879286
879287
879288
879289
879290
879291
879292
879293
879294
879295
879296
879297
879298
879299
879300
879301
879302
879303
879304
879305
92874
879306
879307
879308
879310
879311
879312
879313
879315
92884
879316
92885
879317
879319
92888
879320
879321
879322
879323
879324
879325
879327
879328
879330
879331
879333
879334
879336
879337
879339
879340
879341
879342
879343
879344
879346
879347
879349
879350
92919
879352
92921
879353
879355
879356
879357
879358
879359
879360
879361
879363
879364
92933
92934
879366
879367
879368
879369
92938
879370
879372
879373
879375
879376
879377
879378
879379
879380
879382
879383
879385
879386
879388
879389
879391
879392
879393
879395
879396
879397
879398
879399
879400
879402
879403
879404
92974
879406
879407
879408
879409
879411
879412
879413
879414
879415
879416
879417
879419
879420
879421
92990
879422
879424
879425
92994
879427
92996
879428
879429
879430
879432
879433
879435
879436
879437
93006
879438
879439
879440
879442
879443
879444
879445
879446
879448
879449
879450
879451
879452
879453
879454
879455
879456
879457
879458
879459
879460
879461
879463
879464
879465
879466
879467
879468
879469
93038
879470
879471
879472
879473
879474
879475
879476
879477
879478
879479
93048
879480
879481
879482
93051
879483
879484
879485
93054
879486
879487
879488
879489
879490
879491
879492
879493
879494
93063
879495
93064
879496
879497
879498
879499
879500
879501
879502
879503
879505
879506
879507
879508
879510
879511
879512
879513
879515
879517
879518
879519
879520
879521
879523
93092
879524
879525
879526
879527
879528
879529
93098
879530
879531
879532
879533
879534
879535
879536
879537
879538
879539
879540
879541
879542
879543
879545
879546
879547
879549
879550
879552
879553
879555
879556
879557
879559
879560
879561
879562
879563
879565
879566
879567
879568
879569
879570
879571
879573
879574
879575
879576
879577
879579
93148
879580
879581
879582
879584
879585
879586
879587
879588
879589
879590
879591
879592
879593
879594
879595
879596
879597
879598
879599
879600
879601
879602
879604
879605
879606
879607
879608
879609
879610
879611
879612
879614
879615
879616
879617
879618
879620
879621
879623
879624
879625
879627
879628
879630
879631
879632
93202
879634
879635
879636
879637
93206
879638
879639
879640
879641
879642
879644
879645
879646
879647
879648
879649
879650
879651
879652
879653
879655
879656
879657
879658
879659
879660
879662
879664
879665
93234
879667
879668
879669
879670
879671
879672
879673
93242
879674
879675
879676
93246
879678
879679
879680
879681
879683
879685
879686
879687
879689
93258
879690
879691
879692
879693
879694
879696
879697
879698
879699
879700
93269
879701
879702
879703
879705
879706
879707
879708
879709
879710
93279
879711
879712
879713
879714
879715
879716
879718
879719
879720
879721
879722
879723
879724
879725
879726
93295
879727
879728
879730
879731
879732
879733
879734
879735
879736
879737
879739
879740
879741
879742
93312
879744
879745
879746
879747
879748
879749
879750
879751
879752
879753
93322
879754
879755
879756
879757
879758
879759
93328
879760
879762
879763
879764
879765
879766
879768
879769
879770
879771
879772
879773
879774
879775
879776
879777
879779
879781
879782
879784
93353
879785
879787
879788
879789
879791
879793
879794
879796
879797
879798
879799
879800
879801
879802
879803
879804
879805
879806
879808
879810
93379
879811
879813
879814
879816
879817
879819
879820
93390
879822
879823
93392
879824
879825
879827
879828
879829
879830
879831
879832
879833
879834
879835
879837
879838
879839
879840
879841
879842
879843
879845
879846
879848
879849
93418
879851
879852
879853
879854
879855
879856
879857
879858
879859
879860
879861
879863
93432
879864
879865
879866
879868
879869
93438
879870
879871
879872
93441
879873
93442
879874
879875
879876
879877
879878
879879
879880
879882
879884
879885
879887
879888
879889
879890
879891
879892
879893
879894
879895
879896
879897
879899
879900
879901
879902
879903
879904
879905
879907
879908
879909
879910
93479
879911
879912
93482
879914
879915
879916
879917
879918
879919
879921
879922
879923
879924
879925
879926
879927
879928
879929
879930
879931
93500
879932
879933
879934
879935
879937
879939
879940
879941
879942
879943
879944
879945
93514
879946
879947
879948
879949
879950
879951
93520
879952
879954
879955
879956
93525
879957
879958
93527
879959
879960
879961
879962
879963
93532
879964
879965
879966
879967
879968
879969
879970
879971
879972
879973
879974
879975
879977
879978
879980
879981
879982
879983
879984
879985
879986
879987
879988
879989
879990
879992
879994
879996
879997
93567
879999
880000
880002
93571
880003
880005
880006
93575
880008
880009
880010
880011
880012
880013
880015
880016
880018
880019
880020
93590
880022
880023
880024
880026
880027
880028
880029
880030
880031
880032
880034
880035
880036
880038
880039
880040
880041
880042
880043
880044
880045
880046
880047
880048
880050
880052
880053
880054
880055
880056
880057
880058
880060
880061
880062
880063
880064
880065
880066
880067
880068
880069
880070
880071
880072
880073
880074
880075
880076
880077
880078
880079
880080
880081
880083
880084
880085
880086
880087
880088
880089
880090
880091
880092
880093
880094
880095
880096
880098
93667
880099
880100
880101
880103
880104
880105
880106
880107
880108
880109
880110
880111
880112
880113
880115
880116
880117
880118
880119
880120
880121
880122
880123
880125
93694
880126
880127
880128
880129
880130
880131
880132
880133
880134
880135
880136
93705
880138
880139
880140
880141
880142
880144
880145
880146
880147
880148
880149
880150
880151
880152
880153
880154
880155
880156
880157
880158
880159
93728
880161
880162
93731
880163
880164
880165
880166
880167
880169
880171
880172
880174
880175
880177
880178
880179
880181
880183
880184
880185
880186
880187
880189
880190
880192
93761
880193
880195
880196
880198
880199
880200
880202
880204
880205
93774
880207
880208
880209
880210
880211
880212
880213
880214
880215
880216
880218
880219
880221
880222
880223
880224
880225
880226
880227
880228
880229
880230
880232
880233
880234
880235
880236
880238
880239
880240
880241
880243
880244
880245
880246
880247
880248
880249
880250
880251
880252
880253
880254
880255
880256
880257
880259
880260
880261
880262
880263
880264
880265
880266
880267
880268
880269
93838
880270
880271
880272
880273
93843
880275
880276
880277
880278
880279
880280
880281
880282
93851
880283
880284
880285
880286
880288
880289
880290
93859
880291
880292
93861
880293
880294
880295
880296
880297
880298
880299
880300
880301
880302
880303
880304
880305
880306
93875
880307
880308
880309
93878
880310
880311
880312
880313
880315
880316
880317
880318
880319
880320
880321
880322
880324
93893
880325
880326
880327
880329
93898
880330
880331
880332
880333
880335
880337
880338
880339
880340
880341
93910
880342
880343
880344
880345
880346
880347
880348
93917
880349
880350
880351
880353
880354
880355
880356
93925
880357
880358
880360
93929
880362
880363
880365
880366
880367
880368
356081
880370
880371
880373
880374
93943
880376
880377
880378
880379
93949
880381
880382
880383
93952
880384
880386
880387
880388
880389
880390
880392
93961
880393
880394
93964
880396
880397
93967
880399
880400
880401
880402
880403
880404
93973
880406
880407
880409
880410
880411
880412
880413
880415
880416
880418
880419
880421
880422
880423
880424
880425
880426
880427
880428
880429
880430
880431
880432
880433
880434
880435
880436
880437
880438
880440
880441
880443
880444
880445
880446
880447
880448
880449
880450
94019
880451
880452
880453
880454
880455
880456
880457
880459
880460
880461
94030
880462
880463
880464
880465
880467
880468
880469
94038
880470
880471
880472
94041
880473
880474
94043
880475
880476
880477
880479
880480
880481
880482
880483
880484
880486
880487
880488
880489
880491
880492
880493
880494
880495
880497
880498
880499
880500
880501
880502
880503
880504
880505
94074
880506
880507
880508
880509
880510
880511
880512
94081
880513
94082
880514
880515
880516
880517
880518
880519
880520
880521
880522
880523
880524
880525
880526
880527
880528
880529
880530
880532
880533
880535
880536
880538
94107
94108
880540
880541
880542
880544
880545
880547
94116
880548
94117
880549
880550
880552
880553
880554
94123
880555
880556
880558
880560
880561
880563
880564
880565
880567
94136
880568
880570
880571
880572
880573
94143
880575
880576
880577
880578
880579
94148
880580
880582
880583
880584
880585
880586
880587
880588
880589
880590
880592
880593
94162
880594
880595
880596
880597
880599
880600
880601
880602
880603
94172
880604
880605
880606
880607
880608
880609
880610
880611
880612
880613
880614
880615
880616
880618
880619
880620
880621
880622
880624
880625
880626
880627
880628
94197
880629
880630
880631
94200
880632
880633
880634
880636
880637
880638
880639
880640
880642
94211
880643
94212
880644
880645
880647
880648
880649
880650
880651
880652
880653
880654
94223
880655
880657
880658
880659
94228
880660
880661
880662
880663
880664
880665
880666
880667
880668
880669
880670
880671
880672
880673
94242
880674
880675
880676
880677
880678
880679
880680
880681
880682
880683
880684
880685
880686
880687
94256
880688
880690
880691
880692
880693
880694
880696
94265
880698
880699
880700
94270
880702
880704
880705
94275
880707
880708
880709
94278
880710
880711
880712
880713
880714
880715
880717
880718
94287
880719
880720
880721
880722
880724
880725
880726
880727
880728
880729
880730
880731
880732
94301
880733
880735
880736
880737
880738
880739
880740
880742
880743
880744
880745
880746
880747
880748
880749
880750
880751
880752
880753
880754
880755
880756
880757
880758
880759
880761
880762
880763
94332
880764
880765
880768
94338
880770
880771
880772
880773
880774
94344
880776
880777
880779
880780
880781
880782
880783
880784
880785
880786
880787
880788
880790
880792
880793
880794
880795
880796
880797
880798
880799
880800
880801
880802
94371
880803
880805
880806
880807
880808
880809
880810
880811
880812
880813
880814
880815
880816
880817
880819
94388
880820
880821
880822
880823
880824
880825
94395
880827
880828
880830
94399
880831
880832
880833
880834
880835
880836
880837
880838
880839
880840
880841
880842
880843
880844
94413
880845
880847
880849
880850
880851
880852
880854
880856
880857
880858
880859
880861
880863
880864
880865
880866
880868
880869
880870
880871
880872
880873
880874
880875
880876
880877
880878
880879
880880
880881
880882
880883
880884
880885
880886
94455
880887
880888
880889
880890
880891
880893
880894
880895
880896
880897
880898
880899
880900
94469
880901
880902
880904
880906
880907
880909
880910
880911
880912
880913
880914
880916
880918
880919
880920
94489
880921
880922
880923
880924
880925
880926
880928
880929
880930
880931
880932
880933
880934
880935
880936
880937
94506
880938
880939
880940
94509
880941
880942
880943
880944
880945
880946
880947
880948
880949
880950
880951
880952
94521
880953
94523
880955
94524
880956
880958
880959
880960
880961
880962
94531
880963
880965
880966
880967
880969
94538
880970
880971
94541
880973
880974
880975
880976
880977
880978
880979
880980
880981
880982
880983
94552
880984
880985
880986
94555
880987
880988
880989
880990
880991
880992
880994
880995
880996
94565
880997
880999
881000
881001
881002
94571
881003
881004
881006
881007
94576
881008
881009
881010
881011
881013
881014
881015
881016
881017
881019
881020
881021
881022
881024
881025
881026
881027
881028
94597
881029
881030
881031
881032
881033
881035
881036
881037
881038
881039
881041
881042
94611
881043
881044
881045
881046
881047
881048
94617
881049
881050
881051
881052
881053
881054
94623
881055
881056
881057
881059
881060
881061
881062
881063
94632
881064
881065
881067
881068
881070
881071
881072
94641
881074
881075
881076
881078
94647
881079
881080
881081
881082
881083
881084
94653
881085
881086
881087
881088
94657
881089
881090
94659
881091
881092
881093
881094
881096
881097
881099
881100
881101
881103
881104
881105
881106
881107
881108
881109
881110
881111
881112
881113
881114
881115
881116
881117
881118
881119
881120
881121
881123
881124
94693
881125
881126
881127
881128
881129
881130
881131
881132
881133
881134
881135
881136
881137
881138
881139
881140
881141
881142
881143
881144
881145
881146
881147
881148
94717
881149
881150
881152
881154
881155
881156
881157
881158
881159
94728
881160
881162
881163
881164
881165
881166
881167
881168
881170
881171
881172
94741
881173
881174
881175
881176
881177
881178
881179
881180
881181
881182
94751
881183
94752
881184
881185
881186
881187
881188
881189
94758
881190
881191
881192
94761
881193
881194
881195
881196
881197
881198
881199
881200
881201
94770
881202
881204
881205
881206
94775
881208
881209
881211
94780
881212
94781
881214
881215
881217
881218
94787
881219
881220
881221
881222
881223
881224
881225
881226
881227
881229
881230
881231
881232
881233
881234
881235
881236
881237
94806
881238
881239
881240
881241
881242
881243
881244
881245
881246
881247
881248
881249
881250
881251
881252
881253
881254
881255
881257
881258
881259
881260
881261
881262
881263
881264
881265
881266
881267
881268
881269
881270
881271
881273
881274
881276
881277
881278
881279
881280
881281
881282
881284
94853
881285
881286
881287
881288
881289
94858
357002
881290
881291
881292
881293
881294
881295
881296
94865
881297
881298
881299
94868
881300
881301
881302
881303
881304
881305
881306
881307
881308
881309
881310
881311
881312
881313
881314
881315
881316
881317
881318
881319
94888
881320
881321
881322
881323
881324
881325
881326
881327
881328
881329
881330
881331
881332
94901
881333
881334
881335
881336
881337
881338
881339
881340
881341
881342
881343
881344
881345
881346
881347
881348
881349
881350
94919
881351
94920
881352
881353
94923
881355
881356
881357
881358
881359
881360
881361
881362
881363
94932
881364
881365
881366
881367
881368
881369
94938
881370
881371
94940
881372
94941
881373
881374
881375
881377
881378
881380
881381
881382
881383
881384
881385
881386
94956
881388
94957
94958
881390
881391
881393
881394
881396
881397
94966
881398
881399
881400
881401
881402
881404
94973
881406
881407
881409
881410
881412
881413
94983
881415
94984
881416
881417
881419
881420
881421
881422
881423
881425
881426
881427
881429
881430
881431
881432
881433
881434
881435
881436
881437
95006
881438
881439
95008
881440
881441
881442
881443
95012
881444
881445
881446
881447
881448
95017
881449
881450
881451
881452
881453
881454
95024
881456
881457
881458
881459
881460
881461
881462
881463
881464
881465
881466
881467
881468
881469
881470
881472
881473
881474
881475
881476
881477
881478
881479
881480
881481
95050
881482
881483
881484
881485
881486
881487
881488
881489
95058
881490
95059
881491
881492
881493
881494
881495
881496
881497
95066
881498
881499
95068
881500
881501
881502
881503
881504
95073
881505
881506
881507
95076
881508
881509
881510
881511
881512
881513
881514
881515
881516
881517
881518
881519
881520
881521
881522
881523
881524
881525
881526
881527
881528
881529
881530
881531
881532
881533
881534
881535
881536
881537
881538
881539
881540
881541
881542
881543
881544
95113
881545
881546
881547
881548
881549
881550
881551
881552
881553
881555
881556
881557
95126
881558
881559
95128
881560
881561
881563
881564
881565
95134
881566
881568
881569
881570
881571
881572
881574
881575
881576
881577
95147
881579
881580
881581
881582
881583
881584
881585
881586
881588
881589
881591
95160
881592
881593
881595
881596
881597
881598
881599
881600
881601
95171
881603
881604
881605
881606
881607
881608
881609
881611
881612
881614
881615
881616
881617
881618
95187
881619
881620
881621
881623
881624
881626
881627
881628
881629
95198
881630
95199
881631
881632
881633
881634
881635
881636
881637
881638
881639
881640
881641
881642
881643
881644
881645
95215
881647
881648
881649
881650
881651
881652
881653
95222
881654
881655
881656
881657
881658
881659
881660
881662
881663
881664
881665
881667
881668
881669
881670
881671
881672
881673
881675
881676
881677
881678
881679
95248
881680
881681
95250
881682
881683
881684
881685
881686
881687
881688
95257
881689
881690
881691
881692
881693
881694
881695
881696
881697
881698
881699
881700
881701
881702
881703
881704
881705
881706
881707
881708
881709
881710
881711
881712
881713
881714
881715
881716
95285
881717
95286
881718
881719
881720
881721
881722
881723
881724
95293
881725
881726
95295
881727
881728
881729
881731
95300
881732
881733
881734
881736
881737
881739
881740
881742
95311
881743
881745
881746
95316
881748
881749
881750
881751
881752
881754
881755
881756
95326
881758
95327
881759
881761
881762
881764
881765
881767
881768
95337
881769
881770
881772
881773
95342
881774
881775
881777
95346
881778
881779
881781
95350
881782
95351
881783
95352
881784
881785
881786
881787
881788
881789
881790
881791
881792
881793
881794
881795
881796
95365
881798
95367
881799
881800
881801
95370
881802
881803
95372
881804
881805
881806
881807
95376
881808
95377
881810
881811
881812
881813
881814
881815
881816
881817
881818
881820
881821
881823
95392
881824
95393
881825
881826
881827
881828
881829
95398
881831
95400
881832
881833
881834
881835
95404
881836
881837
881838
881839
881840
881841
881842
881843
881844
881846
881847
881848
881850
881851
881852
881853
95422
881854
881855
881856
881857
95426
881858
881859
881860
881862
881863
95432
881864
881865
95434
881866
881867
881868
881869
881870
95439
881871
881872
881873
95443
881875
881876
881877
881878
95447
881879
95448
95449
881881
881882
881883
881884
881885
881886
881887
881888
95457
881889
95458
881890
881891
95460
881892
881893
881894
881895
881896
95465
881897
95466
881898
881899
881900
881901
95470
881902
881903
881904
881905
881906
881907
881908
881909
881910
95480
881912
881913
881914
95484
881916
881917
881919
881920
95489
95490
881922
881923
881925
881926
95495
881928
881929
881931
881932
881934
881935
95504
881936
95505
881937
95506
881939
881940
881942
881943
881945
881946
95515
881948
881949
881951
881952
881954
881955
95525
881957
95526
881958
881959
881960
881962
881963
95532
881964
881965
881966
881967
881969
881970
881971
881972
881973
881974
881975
881976
881977
881978
881979
881980
881982
881983
95552
881984
881985
881987
881988
881989
881990
881991
881992
881993
95562
881994
881995
881996
95565
881997
881999
882000
95569
882002
882003
882004
882005
882006
882007
882008
882010
882011
882013
882014
882015
882017
95586
882018
95588
882020
882021
882022
95591
882023
882025
882026
95595
95596
882028
882029
882030
882031
95600
882032
882033
882034
882036
882037
882038
882039
95608
882040
882041
95610
882042
882043
882044
882045
882046
882047
882048
882049
882050
882051
882052
882053
882054
882055
882056
882057
95626
882058
95627
882059
95628
882060
95629
882061
95630
882062
882063
882064
882065
882066
882067
95636
882068
882069
882070
882071
95640
882072
882074
882075
882076
882077
882078
882079
95648
882080
882081
95650
882082
882083
882084
882085
882087
882088
882089
95658
882090
95659
882091
882092
882093
882094
882095
882096
882097
882098
882099
882100
882101
882102
882103
882104
882105
882107
95676
882108
882109
882110
882111
882112
882113
882114
882115
882116
882117
882119
882120
882122
882123
882125
882126
882127
882129
882130
95699
882132
882133
882134
882135
882136
882137
882139
882140
882142
95711
882143
882145
95714
882146
882148
95717
882149
95718
882150
882151
882153
882154
882155
882156
95725
882157
882159
882160
882162
882163
882165
882166
882168
882169
882171
95740
882172
882173
882174
882176
882177
882178
882179
882181
882182
882183
882185
882186
882187
95756
882188
882189
882190
882192
95761
882193
882194
882195
882196
882197
882198
882199
882200
882201
882202
882204
95773
882205
882206
882208
882209
882210
882211
882212
882213
882214
882215
882216
95785
882217
882218
882219
882221
882222
882224
95793
882225
95795
882227
882228
882229
882231
95800
882232
882233
882234
882235
95804
882236
882237
882238
882239
882240
95809
882241
882242
882243
882244
882245
882246
882248
882249
882250
882251
882252
882253
882254
882255
882257
882258
95827
882259
882261
882262
95831
882263
882264
882265
95834
882266
882267
882268
882269
882270
882271
95840
882272
882273
882274
882275
882276
882277
882278
882279
95848
882280
882281
882282
882283
882284
882285
882286
882287
95856
882288
882289
882290
882291
882292
882293
882294
882295
882296
882297
882298
882299
95868
882300
882302
882303
882305
882306
882307
882308
95877
882309
882311
882312
882313
882314
882315
882316
882317
882318
882319
882320
95890
882322
882323
882324
882325
95894
882326
882327
882328
882329
882330
882331
882332
882333
882334
882335
882336
882337
882338
882339
882340
882341
882342
882343
882344
882345
882346
882347
882348
882349
882350
882351
95920
882352
882353
882355
882356
882357
882358
882359
882360
882361
882362
882363
95932
882364
882365
882366
882367
882368
95937
882369
882370
882371
882373
882374
882375
882376
882378
882379
882380
882381
882382
882383
882385
882386
882388
882389
882390
882391
882392
882393
882395
95964
882396
882398
882399
882400
882401
882402
95971
882403
882404
95973
882405
882407
882408
882410
882411
882413
95982
882414
882415
882416
882417
882418
882419
882421
882422
882424
882425
882427
882428
882430
882431
96001
882433
882434
882436
882437
882439
882440
882442
96011
882443
882444
882445
882446
96015
882447
882449
882450
882452
882453
882454
882455
882456
882458
882459
882460
882462
882463
882465
882466
96035
882467
882468
882469
882470
96039
882471
882472
96042
882474
882475
96045
882477
882478
882479
96048
882480
96049
882481
882482
882483
882484
882485
882487
882488
882489
882490
882491
882492
882493
882494
882495
882496
882497
882498
882499
96068
882500
96069
882501
882502
882503
882504
882505
882507
882508
882509
882511
882513
882514
882515
882516
882517
882518
882519
882520
882521
882522
882523
882524
882525
882526
882527
882528
882529
882531
882532
882533
882534
882535
882536
882537
882538
882539
882541
882542
882543
96112
882544
882546
882547
882548
882549
882551
882552
882553
882554
882555
882556
882557
882558
882559
882560
882561
882562
882563
882564
882565
882567
882568
882569
882570
882571
882572
882573
882574
882575
882576
96145
882577
882578
882579
882580
882581
882583
882584
882585
882586
882587
882589
882590
882591
882592
882593
882594
882595
882596
882597
882599
882600
882601
882602
882603
882604
882605
882606
882607
882608
96177
882609
882610
882611
882612
882613
882614
882615
882616
882617
882618
882620
882621
882623
882624
882626
882627
882628
882629
882630
882631
882632
882633
882634
882635
882636
882638
96207
882639
882640
882641
882642
882643
882644
882646
882647
882649
882650
882652
882653
882655
96224
882656
882657
882658
882659
882660
882661
96230
882662
882664
882665
882667
882668
882669
882670
882671
882672
882674
882675
882676
882677
96246
882678
882679
882680
882681
882683
882684
882685
882686
882688
882689
882690
882691
882692
882693
882694
882695
882696
882697
882698
882699
882700
882701
882703
882704
882706
882707
882708
882709
882710
882711
882712
882713
96283
882715
882716
882717
882718
882719
882720
882721
882723
882724
882725
882727
882728
882730
882731
882732
882733
882734
882736
882737
882738
882739
882740
882742
882743
882744
882745
882746
882747
882748
882749
96318
882750
882751
882752
882753
882754
882755
882756
96325
882757
882758
882759
882760
96329
882761
882762
882763
882764
882765
882767
882768
882770
882771
96341
882773
882774
882775
882777
882778
882779
882780
882781
882782
882783
96352
882784
882785
882786
882787
882788
882790
882791
882792
882793
882794
882796
882797
882798
882799
882800
882801
882802
882803
882804
96374
882806
882807
882808
882809
882810
882811
882812
882813
882814
882815
96384
882817
882818
882819
882820
882821
882822
882823
882824
882825
882826
882827
882828
882829
882830
882831
882832
882833
96402
882834
882835
882836
882837
882838
882839
882840
96409
882841
882842
882843
882844
882845
882846
882847
882848
882850
882851
882852
882853
96422
882854
882855
882856
96425
882857
882858
882859
882860
882861
882863
882864
882865
882866
96435
882868
882869
882871
882872
882874
882875
882876
882877
882878
96447
882880
882881
882883
882884
882885
882886
882888
882889
882890
882891
882892
96461
882893
96462
882894
96463
882895
882896
882898
96468
882900
96469
882901
96470
882903
882904
882905
96475
882907
96476
882908
96477
882910
882911
882913
882914
882915
882916
882917
882919
882920
882921
882922
96491
96492
882924
96493
882925
882926
882927
882929
882930
882931
882932
96501
882933
882934
882935
882936
882938
96507
882939
96508
882940
96509
882942
882943
882944
882945
96514
882946
882947
96516
882948
882949
96518
882950
882952
882953
882954
882955
882956
882957
882958
96527
882959
882960
882962
882963
96532
882964
882965
882966
882967
882968
96537
882969
882970
882972
96542
882974
882975
96544
882976
882977
882979
96548
882980
96549
882981
96550
882982
96551
882983
882984
96553
882985
882986
882987
96556
882988
882989
882990
882991
96560
882992
882993
882995
96564
882996
882998
882999
883000
883001
96570
883002
96571
883003
883004
883005
883006
883007
883008
883009
96578
883010
883011
883012
883013
883014
883015
883016
883017
96586
883018
883019
883020
96589
883021
883022
883023
96592
883025
883026
96595
883027
883028
883030
883031
883032
883033
883034
883035
883036
96605
883037
883038
883039
96608
883040
96609
883041
883042
883043
883045
883046
883047
883049
883050
883051
96620
883052
883053
883054
883055
883056
883057
883058
96627
883059
883060
883061
883062
883063
883065
883066
883067
883068
883069
883070
883071
883072
883074
883075
883076
96646
883078
883079
883081
883082
883084
883085
883086
883087
883088
883089
883090
883091
883092
883093
883094
883096
883097
883099
883100
96670
883102
883104
883105
96674
883106
96675
883107
883108
883110
883111
883112
883113
883115
883116
883117
883118
96687
883119
883120
883121
96691
883123
96692
883124
883125
883126
883127
883129
96698
883130
883131
883132
883133
883134
883135
883136
883137
96706
883138
883139
883140
883141
96710
883143
883144
96714
883146
883147
358860
883148
883149
883150
96719
883151
883152
883153
883154
96723
883155
883156
883157
883158
883159
883160
883161
883162
883163
883164
883165
883166
883168
96737
883169
96738
883170
883171
883172
883173
883174
883175
883176
883178
883179
883180
883181
883182
883183
883184
883185
883186
883187
883188
96757
883189
883190
883191
883192
883193
883194
883195
883196
883197
883199
883200
883201
883203
883204
883205
883206
883207
96776
883208
883209
883210
883211
96780
883212
96781
883213
883214
96783
883215
883216
883217
883218
96787
883219
883220
883222
883223
96793
883225
883226
883227
883228
883229
96798
883230
883231
883232
883233
883234
96803
883235
96804
883236
883237
883238
883239
883240
96809
883241
883242
883243
883244
883245
883246
883247
883248
96817
883249
883250
883251
883252
883253
883254
883255
883256
883257
883258
883259
883260
883262
883263
883264
883266
96835
883267
883268
883269
96838
883270
883271
96840
883273
883274
883276
883277
96846
883278
883279
883280
96850
883282
883283
96852
883285
96854
883286
96855
883287
883289
883290
96859
883291
883292
883293
96862
883295
883296
96865
883298
883299
883300
883301
883302
883304
883305
883306
883308
96877
883309
96878
883310
883311
883312
883314
883315
96884
883317
883318
883319
96888
883320
96889
883321
883323
883325
883326
883328
883329
883330
883331
96900
883332
883333
883334
96903
883336
883337
96907
883339
883340
883341
96910
883342
883343
883344
883345
883346
883347
883348
883349
883350
883351
883353
883354
883356
883357
883359
96928
883360
883362
883363
883364
883366
883367
883368
96937
883369
883370
883371
883372
883373
883374
883375
883376
883377
883378
883379
883380
883381
883382
883383
883384
883385
883386
883387
883388
883389
883390
883391
883392
883393
883394
883395
883396
96965
883397
883399
96968
883400
883401
883402
883404
96973
883406
883407
96976
883408
883409
883410
883411
883412
883413
883414
883415
883416
883417
883418
883419
883420
883421
883422
883423
883424
883425
883426
883427
883428
883429
883430
883431
883432
883433
883434
883435
883437
883438
883439
883440
883441
883442
883443
883445
883446
883448
883449
883450
883451
883452
883453
883454
883455
883457
883459
97028
883460
97029
883461
883462
97031
883463
97033
883465
883466
883468
883470
883471
883472
883473
883474
97043
883475
883476
883477
883478
883479
883480
883481
883482
97052
883484
883485
97054
883487
883488
883489
883490
359203
883491
883492
883493
883495
883496
883497
97067
883499
883500
883501
883502
883504
883505
883507
883508
97077
883509
883510
883512
883513
883514
97083
883515
883516
97085
883517
883518
883520
97089
883521
883522
883523
883524
883525
883526
883527
883528
883529
883530
883531
97100
883532
883533
883534
883535
883536
883537
883538
883539
883540
883542
883544
883545
883546
883547
883548
883549
883550
883551
883553
883554
883555
883556
883558
883559
883560
883561
883562
883563
883564
883565
883566
97135
883568
883569
883570
883571
883572
883573
883574
883575
97144
883576
883577
883578
97147
883579
883580
883581
883582
883583
883584
883585
883586
97155
883587
97156
883588
883589
883590
97159
883591
883592
883593
883594
883595
883596
883597
883598
883599
883600
97169
883601
97170
883602
883603
97172
883604
883605
883606
883607
883609
883610
883611
97180
883612
883613
883614
883615
883616
883617
883618
883619
883620
883621
883623
883624
883625
883626
883627
883628
97197
97198
883630
883631
883632
883633
883635
883636
97205
883637
883638
97207
883640
883642
883643
883644
883645
883646
883647
97217
883649
883650
883651
883652
883653
883654
883655
883657
883658
883659
97228
883660
883662
883664
883665
97234
883666
883668
883669
97238
883670
883671
97240
883672
883673
883674
883675
883677
883678
883679
883680
883681
883682
883684
883685
883686
97255
883687
97257
883689
883690
883691
883693
97262
883694
883695
883697
883698
97267
883700
883701
883702
883703
883704
883705
883706
97275
883708
883709
883710
883711
883712
883713
883714
883715
883716
883717
883718
97287
883719
883720
883722
883723
883724
883725
883726
883727
883728
883729
883730
883731
883732
883733
97302
883734
883735
883736
883737
883738
97308
883740
883741
883742
883743
883744
883745
97314
883746
883747
883748
883749
883750
883751
883752
883753
883755
883756
883757
883759
883760
883761
883762
883763
883764
883765
883766
883767
883768
883769
883770
883771
883773
883774
883775
883776
883777
883778
883779
883780
883781
883782
883783
883784
883785
883786
883787
883788
883789
97358
883790
883792
883793
97362
883794
883795
883796
883797
883798
97367
883800
883801
883802
883803
883804
883805
97374
359518
883806
883807
883809
883810
883811
883812
883814
883816
883817
883819
883820
883821
883823
883824
883825
883827
883828
883829
883831
883832
883833
883834
97403
883835
97405
883837
883838
883839
883840
883841
883843
883844
883845
883846
883847
883848
883849
97418
883850
883851
883852
883853
883854
883856
883857
97426
883858
883859
97428
883860
97429
883861
883862
883863
883864
883865
883867
883868
883869
883870
883871
883872
883873
883874
97443
883875
883876
883878
883879
883880
883881
883882
883884
883885
97454
883886
883887
883888
883889
883890
883891
97460
883892
883893
883894
883895
883896
97465
883897
883898
97467
883899
883901
883902
97471
883903
883904
883905
883906
883907
883909
883911
883912
883913
883914
97483
883915
883916
883917
883919
883920
883921
883922
883923
883924
883925
883926
883927
97496
883928
883929
883930
883931
883932
883933
883935
883937
883938
883939
883940
883941
883942
883943
883944
883945
883946
883948
883950
883951
97520
883952
883953
883954
883955
883956
883957
883958
97527
883959
883961
883962
883963
97532
883964
97533
883965
97534
883966
883967
883968
97537
883969
883970
883971
883972
883974
883975
883976
883977
883978
97547
883979
883980
883981
883982
883983
883984
883985
97554
883986
883987
883988
883989
883990
883991
97560
883992
883993
883994
883995
97564
883996
883997
883998
883999
884000
884001
97570
884002
884003
884004
884005
884006
884008
884009
884010
97579
884011
884013
884014
884015
97584
884016
97585
884018
884019
884020
884021
884022
884023
884025
884026
884027
884029
884031
884033
884034
884035
884036
884037
884038
884039
884040
884042
97612
884044
884045
884046
884047
884048
884049
884050
884051
884052
884053
884054
884055
884056
884057
884058
97627
884059
884061
97630
884062
884063
884064
884065
884066
884067
97636
884068
884069
884070
884071
884072
884073
884075
884076
884078
884079
884080
884081
884082
884083
97652
884084
884086
884087
884088
884089
884090
97659
884092
884093
884094
884095
884096
884097
884098
884099
884100
884101
97670
884103
884104
884105
884106
884107
884108
884109
884110
884111
884112
884113
884114
884116
884117
884118
884119
97688
884120
97689
884121
884122
97692
884124
884125
884126
884127
884128
884129
884130
884131
884132
884133
884134
884135
884137
884138
884140
884141
884142
884143
884144
884145
884146
884147
884148
884149
884150
884151
884152
884153
97722
884154
884155
97724
884156
97725
884157
97727
884159
884160
884161
884162
97731
884163
884164
884165
884166
884167
884168
884169
97738
884170
884171
97740
884172
884173
884174
884175
884176
884177
884178
884179
884180
884181
97751
884183
884184
884185
884186
97755
884187
884188
884190
884191
884192
97761
884193
884194
884195
884197
884198
884200
97769
884201
884202
884203
884204
884205
884206
884207
97776
884208
884209
97778
884210
884211
884212
884213
884214
884215
884216
884217
97786
884218
97787
884219
97788
884220
884222
884223
884225
884226
884227
884228
884229
884230
884231
884232
884233
884234
884235
884236
884238
884240
97809
884241
884242
884243
884244
884245
884246
884247
884248
97817
884249
884250
884251
97820
884252
884253
884254
884255
884256
97826
884258
884259
884260
884261
884262
884263
884264
97833
884265
884266
884267
884268
884269
884270
884271
884272
884273
97842
884274
884275
884276
97845
884277
884278
97847
884279
884280
884281
884282
884283
884284
884285
884286
884287
884288
884289
884290
884291
884292
884293
884294
884295
884296
884297
884298
884299
884300
884301
884302
884303
884304
884305
97874
884306
884307
884308
884309
97878
884310
884311
884312
884313
884314
884315
884316
884317
97886
884318
884320
884322
884323
884324
884325
884326
97895
884327
884328
884329
884330
884332
884333
884334
884335
97904
884336
884337
884338
884339
884340
884341
884342
884343
884344
884345
884346
884347
97916
884348
97918
884350
884351
884352
884353
884354
884355
884356
884357
884358
884359
97928
97929
884361
884362
97932
884364
884365
884366
884367
884368
884369
97938
97939
884371
884373
884374
884375
884376
884377
97946
884378
97947
884379
884380
884381
884382
884383
884384
884385
884386
884387
884388
884389
884390
884391
884392
884393
884394
884395
884396
97965
884397
884398
884399
97969
884401
884402
884403
884404
884405
884406
884407
884408
884409
97978
884410
97979
884411
884412
884413
884414
884415
884416
884417
884418
97987
884419
884420
884421
884422
884423
884424
884425
884426
97995
884427
884429
884430
884431
884432
884433
884434
884435
884436
884437
884438
884439
884440
884441
884442
884443
884444
884445
884446
884447
884448
884449
884450
884451
884453
884454
98023
884456
884457
884458
884459
884460
884461
884462
98032
884464
884466
884467
884468
884469
884470
884471
884472
98041
884473
884474
884475
884477
884478
884479
884481
884483
884484
884485
884487
884488
98057
884489
884490
884491
98060
884492
98061
884493
884494
884495
884496
884497
884498
884499
884500
884501
884502
98072
884504
884505
884506
884507
884508
884509
884510
884511
884512
884513
884514
884515
884516
884517
884518
884519
884520
98089
884521
884522
884523
884524
884525
884526
884527
98096
884528
98097
884529
884530
884531
884532
884533
884534
884535
884536
884537
884538
884539
884540
884541
884542
884543
884544
884545
884546
884547
884548
884549
884550
884551
98120
884552
98121
884553
884554
884555
98124
884556
98125
884557
98126
884558
884559
884560
884561
884562
884563
884564
884565
884566
884567
884568
884569
884570
884571
884572
98142
884574
884575
884576
884577
98146
884578
884579
884580
884581
884582
98151
884583
884584
884585
884586
884587
884588
884589
884590
884591
884592
884593
884594
884595
884596
884597
884598
884599
98168
884601
884602
884604
884605
884606
884608
884609
884610
884612
884613
884614
884615
884616
884617
884618
884620
884621
884622
884623
884624
884625
98194
884626
884627
884628
884629
884630
884631
884632
98201
884633
884635
884636
98206
884638
884639
884640
884641
884642
884643
98212
884644
884645
884646
884647
884648
884649
884650
884651
884652
98221
884653
884654
98223
884655
884656
884657
884658
884659
884660
884661
884662
884663
884664
884665
884667
884668
884670
98239
884671
98240
884672
884673
98242
884674
884675
98244
98245
884677
884678
884679
884680
884681
98251
884683
98252
884684
884685
884686
884688
884689
884690
884691
884692
884693
884694
884695
884696
884697
884698
884699
884700
884701
884702
884703
884704
98273
884706
884707
884708
884709
884710
884711
884712
884713
884714
884715
884716
884717
884718
884719
884720
884721
884722
884723
884724
884725
884726
884727
884728
884729
884730
884731
884732
884733
884734
884735
884736
884737
884739
884740
884742
884743
884744
884745
884746
884748
884749
884750
884752
884753
884755
884756
884758
884759
884761
884762
98331
884763
884764
884766
98336
884768
884769
884770
884771
884772
884773
884774
884775
884776
884778
884779
884780
884782
884783
884785
98354
884786
884788
884789
98358
884790
884791
884792
884793
884794
884795
884797
884798
884799
98368
884800
884801
884802
884803
884804
884805
884806
884807
884808
884809
884810
884811
884812
884813
884814
884815
884816
884818
884819
884820
884821
884822
884823
884824
884825
884826
884827
884828
884829
884830
884831
884833
98403
884835
884836
884837
884838
884839
884840
98409
884841
884842
884843
884844
884846
884847
98416
884848
98417
884849
884850
884851
884852
884853
884854
884855
884856
884857
884858
884859
884860
884861
884863
884864
884865
884866
884867
884868
884869
884870
98439
884871
884872
884873
884874
884875
884876
884877
884878
884879
884880
884881
884882
884883
884884
884885
884886
884887
884888
884889
884890
884891
884892
884893
884895
884896
884898
884899
884900
884901
884902
884903
884904
884905
884906
884907
884909
884910
884912
884913
884915
884916
884917
98487
884919
884920
98490
884922
884923
884925
884927
884929
884930
884932
884933
884934
884935
884936
884937
884938
884940
884941
884942
884943
884944
98513
884945
884946
884947
884948
884949
98518
884951
884952
884954
884955
884956
884958
884959
884961
884962
884963
884964
884965
884966
884967
98537
884969
884970
884971
884972
884973
884974
884975
884976
884978
884979
884980
884981
98550
884982
884984
884985
884986
884987
884988
98557
884989
98558
884990
884991
884992
884993
884994
884995
884996
98565
884997
884998
884999
885000
885001
885002
885003
885004
885005
885006
885007
885008
885009
885010
885011
885012
885013
885014
885016
885017
885018
885020
885021
885022
885023
885024
885025
885026
885027
885028
885029
885030
885031
98600
885032
885033
885034
885036
885037
885038
885039
885040
885041
885042
885043
885044
885045
885046
885047
885048
885049
885050
98619
885051
885052
885053
885054
885055
885056
885057
885058
885059
885060
885062
885064
885065
885067
885068
885070
885071
98640
885073
885074
885075
885077
885078
885079
885081
885082
98651
885084
885085
885086
98655
885087
885089
885090
885092
885093
885095
885096
885098
885099
885100
885101
885102
885103
885104
885105
885106
885107
885108
885110
885111
885112
885113
885115
98684
885116
885118
98687
885120
885121
885122
98691
885124
885125
885126
885127
885128
885129
885130
885131
885133
885134
98703
98704
885136
885137
885138
885139
885140
885141
885142
885143
885144
885145
98714
885146
885147
885148
98717
885149
885150
885151
885153
885154
885155
885156
885157
885158
885159
885161
885162
885163
885164
885165
885166
885167
885168
885169
885170
885171
885172
885173
885174
885175
885176
885177
885178
885179
885180
885181
885182
885183
885184
885186
885187
98756
885188
885189
885190
98759
885191
885192
885193
885194
885195
98764
98765
885197
98766
885198
885199
885200
885201
98770
885202
885203
885204
885205
885206
885208
885209
885210
885211
885212
885213
885214
885215
885216
885217
885218
885219
885220
885221
885222
885223
885224
885225
885226
885227
885228
885229
885230
885231
885232
885233
885234
885236
885237
98806
885239
885240
885241
98810
885243
885244
885245
885247
885248
885249
98818
885250
885251
885252
885253
885254
885255
885256
885257
885258
885260
885261
885263
885264
885265
98834
885266
885267
885269
885270
885272
885273
885275
885276
885278
885279
885280
885281
885282
885283
885284
885285
885286
885287
885288
885289
885291
885292
885293
885294
885296
885297
885298
885299
885300
885302
885303
885305
885307
885308
885310
885311
885312
885313
885314
885315
885316
885317
885318
885320
885321
885322
885323
885324
885325
885327
885328
885330
885331
885332
885333
885334
98903
885335
885336
885337
885338
885339
885340
885342
885344
885345
885346
885347
98916
885348
98917
885349
885350
885351
98920
885352
885353
885354
885355
885356
98925
885358
885359
885360
885361
885362
885363
885364
98933
885365
885366
885367
885368
885369
885370
885371
98940
885373
98942
885375
885376
885378
885379
885380
885381
885382
885383
885384
885385
885387
885388
885389
885390
885391
885392
885393
885395
885396
885398
885399
885400
885401
885402
98971
885403
885404
885405
885406
885407
885408
885409
885410
98979
885411
885412
885414
885415
98984
885416
885417
885418
98987
885419
885420
885421
885422
885423
885424
885425
885426
885427
885428
885429
885430
885431
885432
885434
885435
885436
885437
885438
885439
885440
885441
885442
885443
885444
885446
885447
885449
885450
885451
885452
885453
885454
885455
885456
885457
885459
885460
885462
99031
885463
885464
885465
885466
885467
885468
885469
885470
885471
885472
885473
885474
885475
885476
99045
885477
885478
99047
885480
885481
885483
885484
885485
99054
885486
885487
885488
885489
885490
885491
885492
99061
885493
885494
885495
885496
885497
885499
885500
885502
885503
885504
99073
885505
885507
99076
885508
885510
885511
885512
885513
885514
885515
885516
885517
885518
885520
885522
885523
885524
99093
885525
885526
885527
885529
885530
885531
885532
885533
885534
885536
885537
99106
885538
99107
885539
885540
885542
885543
885545
885546
885547
885548
99117
885549
885550
99119
885551
885552
885553
885554
885555
885556
885557
885558
885559
885560
885561
885562
885563
885564
885566
885567
885569
885570
885571
885572
885573
885574
885575
885576
885577
885578
885579
885580
99149
885581
885582
885583
885584
885585
885586
885587
885588
885590
885591
885592
885593
885594
885595
885596
885597
885598
885599
885600
885602
885603
885604
885605
99174
885606
885607
885608
885609
885610
885611
885612
885613
885614
885615
885617
885618
885619
885620
885621
885623
885624
99193
885625
885626
885627
885628
885629
885630
885631
885632
885633
885634
885635
885636
99205
885637
99206
885638
885639
885640
885641
885642
885643
885644
885645
885646
885647
885648
885649
885650
885651
885653
885654
885655
885656
885657
885658
885659
885660
885661
885662
885663
885664
885665
885667
885668
885670
885671
885673
99242
885675
885676
885677
885678
885679
885680
885681
885682
885684
885685
885686
885687
885688
99258
885690
885692
885693
885695
885696
885697
885698
885700
885702
885703
885704
885706
885707
885708
885709
885711
885712
885713
885714
885715
99284
885716
99285
885717
885718
885719
885720
885722
885723
885724
885726
885727
885728
885729
99298
885731
885732
885733
885735
885736
885737
885738
885739
885741
885742
885743
885744
885745
885746
885747
885748
885749
885750
885752
885753
885754
885755
885756
885757
885758
885760
885761
885763
885764
885765
885766
885767
885768
885769
885770
885772
885773
99342
885774
885775
885776
885777
885779
99348
885780
99349
885781
885782
885783
885784
99353
885785
885786
99355
885787
885788
885790
885791
885792
885793
885794
885795
885797
885798
885799
885800
885801
99370
885802
885803
885805
885806
885807
885808
885809
99378
885810
885811
885812
99381
885813
885814
885815
885816
885817
885818
885819
885820
885821
99390
885822
885823
885824
885825
885826
885827
99396
885829
885830
885831
99400
885832
885833
885834
885835
885836
885837
885838
885839
885840
885841
885842
885843
885844
885845
885846
885847
885849
885850
885851
885852
99421
885853
885854
885855
99424
885857
885858
885859
885860
885861
885862
99431
361575
885863
885864
885865
885866
885867
885868
99437
885869
885870
885871
885872
885873
885874
885875
885876
885877
885878
885879
99448
885880
99449
885881
885882
885883
885884
99453
885885
885887
885888
885889
99458
885891
885892
99461
885893
885895
885896
885898
885899
885900
885901
885902
885903
885904
885905
885907
885908
885909
885910
885911
885912
885913
99482
885914
885915
885916
99485
885917
885918
885920
99489
885921
885922
885923
99492
885924
885925
885926
885927
885928
885929
885931
885932
99501
885933
885934
885935
885936
885937
885938
885939
885941
885942
885943
885944
885946
885947
885948
885949
885950
99519
885952
885953
885954
885955
885956
885957
885958
885959
885960
885961
885962
885963
885964
885965
885967
885968
885969
885970
99539
885971
99540
885972
885973
885974
885975
885976
885977
885979
885980
885981
885982
885983
99552
885985
885986
885987
885988
885989
885990
885992
885993
885994
885995
885996
885997
885998
885999
886000
886001
886003
886004
886005
886006
886007
886009
886010
886011
886012
886013
886014
886015
886017
886018
886019
886020
886021
886022
886023
886024
886025
99594
886026
886027
886028
886029
886030
886031
886032
886033
886034
886036
886037
886039
886040
886041
886042
886044
886045
886046
886047
886048
99617
886049
886050
886052
886053
99622
886054
886055
99624
886056
886057
886058
99628
886060
886061
886062
886063
886065
99634
886067
886068
886069
886070
886071
886073
886074
886075
886076
886077
99646
886079
886080
886081
886082
886084
886085
886086
886087
886089
886090
886091
886092
886093
886094
886095
886096
886097
886098
99668
886100
886101
886102
886104
99673
886105
886107
886108
886109
886110
886112
886113
99683
886115
886116
886118
886119
886120
886121
886122
886123
886124
99693
886126
886127
886128
99697
886129
886130
886131
886132
886133
886134
886135
886136
886137
886138
886139
886140
886142
886143
886144
886145
886146
886148
886149
886150
886151
99720
886152
886154
886155
886156
886157
886158
886159
886160
886161
886162
886163
886165
886167
99737
886169
886171
99740
886172
99741
886173
886174
886175
886176
886177
99746
886178
99747
886179
886180
99749
886182
886183
886184
886185
886186
886187
886188
886189
886190
886192
886194
886195
886196
886197
886198
886199
886200
886201
886202
886203
886204
886206
886207
99776
886208
886209
886210
886211
886212
886213
886214
886215
886216
886217
886218
886219
886220
886221
886222
886223
886224
886225
886226
886227
886229
886230
886231
886232
886234
886235
886236
886237
886238
886239
886240
886241
886242
886243
886244
886245
886246
886247
99816
886248
886249
886250
886251
886252
886253
886254
886256
886257
886258
886259
886260
886261
886264
886265
99834
886267
886268
99837
886269
886271
886272
886273
886274
886275
886276
886278
886279
886280
99849
886281
886282
886284
886285
886286
886287
886289
886290
886292
886293
886294
886295
886296
886298
886299
886300
886301
886302
886303
886304
886305
886306
886307
886308
886309
886310
886311
886313
886314
886315
886317
886318
886319
886320
886321
886322
886323
886324
886325
886326
886327
99896
886328
886329
886330
886332
99901
886333
886334
99903
886336
886337
886338
99907
886339
886340
886341
886342
886343
886344
886346
886347
886348
99917
886349
886350
886351
99920
886352
886353
886354
886355
99924
886356
886358
886359
886360
886361
886362
886363
886364
886366
886367
886368
99937
886369
886370
99939
886372
886373
886374
886375
886376
886377
886378
886379
886380
886381
886382
886383
886384
886385
886386
886387
886389
886391
886392
99961
886393
886394
886395
886396
886397
886399
886400
886401
886402
886403
886404
886406
886407
886408
99977
886409
886410
886411
99980
886412
886413
886415
99984
886416
886417
886418
99987
886419
886421
99990
886422
886423
886425
886426
886427
886429
99998
886430
100000
886432
886433
886435
886436
100005
886438
886439
100008
886440
886441
886443
886445
886446
886447
886448
886449
886450
886452
886453
886454
100023
886455
886456
886457
886458
886459
886461
886462
886463
886464
886465
886466
886467
886468
886469
886470
886471
886472
100042
886474
886475
886476
886477
100046
886478
100047
886479
100048
886480
886482
886483
886484
886485
886486
886487
886488
886489
886490
886491
886492
886493
886494
886496
886497
886498
886500
886502
886503
100072
886504
886505
100074
886506
886508
886509
886511
886512
100081
886514
886516
886517
886518
886520
886521
886522
886523
886524
886525
886526
886527
886529
886530
886531
100100
886533
886534
886535
886536
886537
886538
886540
886541
100110
886542
886543
886544
886545
100114
886546
100115
886548
886550
886551
886552
886553
886554
886555
886556
886557
886558
886559
886560
886561
886562
886563
886564
886565
886566
100135
886567
100136
886568
886569
886570
886571
100140
886573
886574
886575
886576
886577
100146
886578
886579
886580
886581
886583
100152
886584
886585
100154
886586
886588
886589
886591
100161
886593
886594
886595
886596
886598
886599
886600
100169
886601
886602
886603
886604
886605
886606
886607
886608
886610
886611
886612
886613
886615
886616
886618
100187
886619
886620
886621
886622
886624
886625
886626
886628
886629
886630
100199
886631
886632
886634
886635
886636
886638
886639
886640
886642
362355
886643
886644
886646
886647
886648
886649
886650
886651
886652
886653
886654
886655
886656
886657
886658
886659
886660
886662
886663
886665
886666
886667
886668
886669
886670
886671
886672
886673
886674
886675
886676
886677
886678
886679
886680
886681
886682
886683
886684
886685
886686
886687
886688
886689
886690
100259
886691
886692
886693
886694
886695
886696
100265
886697
886699
886701
886702
100271
886703
886704
886705
100274
886706
886707
886708
886709
886710
886711
886712
886713
886714
886715
886717
886718
886719
886720
100289
886721
886722
886723
886724
886725
886726
886727
886728
886729
886730
886731
886733
100302
886734
886736
886737
886738
100307
886739
886740
886741
100311
886743
886744
886745
886746
886747
886748
100317
886749
886750
100320
886752
886753
886754
886755
886756
886757
886759
886761
100331
886763
886764
886766
886767
100336
886768
886769
886770
886771
886772
886773
886775
886776
886777
100346
886778
886779
100348
886780
886781
886782
886783
886784
886785
886786
886787
886788
886789
886790
886791
886792
886793
886794
886795
886797
886798
886800
886801
886802
886803
886804
100373
886805
886806
886807
886808
886810
886811
100380
886812
886813
886814
886815
886816
886817
886818
886819
886820
886821
100390
886822
886823
886824
886825
886826
886828
886829
886831
886832
100401
886833
886834
886835
886836
886837
886838
886839
886840
886841
886842
886843
886844
886845
886846
886847
886848
886849
886850
886851
886853
886854
886855
100424
886856
886857
886858
886859
886860
886861
100430
886862
886863
100432
886865
886866
100435
886868
886869
100438
886870
886871
100441
886873
886874
100443
886876
886877
886879
886880
886881
886882
886883
886884
886885
886886
886887
886888
886889
886890
886891
886892
886893
886894
886896
886897
100466
886898
100467
886899
886900
886901
886902
886904
886905
886906
886907
886909
886910
886911
886912
886913
886914
886915
886916
886918
100487
886919
886920
886921
886922
886924
886925
886926
886927
886928
886929
886931
886933
100502
886935
886936
886937
886938
886939
886940
886941
886942
100512
886944
100514
886946
886947
886948
886949
886950
100519
886951
886952
886953
886954
886955
886956
100525
886957
886958
886959
886961
886962
886963
886964
886965
886966
886967
886968
886969
886970
886971
886972
886973
886974
886975
886976
886977
886978
886979
886980
886981
100550
886982
886983
886984
886985
886987
886988
100557
886989
886990
886991
886992
886993
100562
886994
100563
886995
886996
886997
100566
886998
886999
887000
887001
100570
887003
887004
887005
887006
887007
100576
887008
887009
887010
887011
887012
100581
887013
887014
887015
887016
887017
887018
887019
887020
887021
887022
887023
887024
887025
887026
887028
887029
887030
887031
887032
887033
887034
887035
887036
887037
887038
887039
887040
887041
887042
887043
887044
887045
100614
887047
100616
887048
887050
887051
887052
362765
887053
887055
887057
887058
887059
100628
887060
887061
887062
887063
887064
887065
887066
887067
887068
887069
887070
887071
887072
887073
100642
887074
887075
887076
887077
887078
887080
100649
887081
887082
887083
100652
887084
100653
887086
887087
887088
887089
887090
100659
887091
100661
887093
887094
887095
887096
887097
887098
887099
887100
100669
887101
887102
887104
887105
887106
887107
887108
887109
887110
887111
887112
887113
887114
887116
887117
100686
887118
887119
887120
100689
887121
887122
887123
887124
887125
887126
887127
887128
100697
887129
887130
887132
887133
887134
887135
887136
887137
887138
887139
887140
887141
887142
887143
887144
887145
887146
887147
887148
887149
887150
887151
887152
887153
100722
887154
100723
887155
887156
887157
887158
887159
887160
100729
887161
887162
887163
100732
887164
887165
887166
887167
887168
887169
887170
887171
887172
887174
887175
887176
887177
887178
887179
887180
887181
887182
100751
887183
100752
887184
887185
887186
887187
887188
887189
100758
887190
887191
887192
887193
100762
887194
100763
887195
887196
887197
887198
887199
887200
887201
100770
887203
887204
887206
887207
887208
887209
887210
887211
887212
887213
100782
887214
887215
887216
887217
100786
887218
887219
887220
887221
100790
887222
887223
887224
887225
887227
887228
100797
887229
887230
100799
887231
100800
887232
887233
887234
887235
887237
887238
887239
887240
887241
887242
887243
887244
887245
887246
887247
887248
887249
887250
887251
887252
887253
887254
887255
887256
887257
887258
887259
887260
887261
887262
100831
887263
100832
887264
887265
887266
887267
887268
887269
887270
887271
887272
887273
887274
887275
100844
887276
887277
887278
887279
887280
887281
100850
887282
887283
887284
887285
362998
887286
887287
887288
887289
887291
887292
887293
887295
887296
887297
887299
887300
887301
887302
887303
887304
887305
887306
887307
887309
887310
887311
887312
887313
887315
887316
887317
887319
887321
887322
887323
887324
887325
887326
887327
887328
887329
887330
887331
887332
887333
887334
887335
887336
100905
887337
887339
887340
887341
887343
887344
887345
887346
887347
887349
100918
887350
887352
887353
887354
887355
887356
887358
887359
887361
887362
887363
887364
887365
887366
887367
887368
887369
887371
100940
887372
100941
887373
887374
887375
887376
887377
887378
887379
887380
887381
100950
887382
887383
887384
887385
887386
887388
887389
887390
887391
887392
887393
887394
887395
887396
887397
100966
887398
887399
887401
887402
887403
887404
887405
887406
887407
887408
887409
887410
887411
887412
887413
887414
887415
887416
887417
887418
887419
887420
887421
887422
887423
887424
887425
887426
887427
887428
887429
887430
887431
887432
101001
887433
101002
887434
887435
887436
887437
887438
887439
887440
101009
887441
887442
887443
887444
887445
887446
887447
887448
101017
887449
887450
887451
887453
887454
101023
887456
887457
887459
887460
101030
887462
887463
101032
887464
887466
887467
887468
887469
887470
887471
887472
101041
887473
887474
887475
887477
887478
887480
101049
887481
887483
887484
887485
887486
887487
887488
887489
887490
101059
887491
887492
887494
887495
887496
887497
887498
887499
887500
887501
887502
887503
887504
887505
887506
887507
887508
887509
887510
887511
887513
887514
887515
887517
887518
887519
887520
887522
101091
887523
887524
887525
887527
887528
887529
887530
887531
887533
887534
887535
887536
887537
887538
887539
887540
887541
887542
887543
887544
887545
887546
887547
887548
887549
887550
101119
887551
101120
887552
887553
101123
887555
887556
887557
887558
887559
101128
887560
887562
887563
887564
887565
887566
887567
887568
887569
887570
887571
887572
887573
887574
887575
887576
887577
887578
887579
887580
887581
887583
887584
887585
887586
887587
887588
887589
887590
887591
887592
887593
887594
887595
887596
887597
887598
887599
887600
887601
101170
887602
887603
887604
887605
887606
101175
887607
887608
887609
887611
101180
887612
887613
101182
887614
101183
101184
887616
887617
887619
887620
887621
887623
887624
101194
887626
887627
887629
101198
887630
101199
887631
887633
101203
887635
887636
887637
887639
101208
887640
101209
101210
887642
887643
887644
887645
887646
887648
887649
887651
887652
101221
887653
887655
887656
887657
887659
887660
887662
887663
887664
887665
887666
887667
887668
887670
101240
887672
101241
887673
887674
887675
887676
887677
887678
887679
363392
887680
887682
887683
887684
887685
887686
887688
887690
887691
887693
101262
887694
101263
101264
887696
887697
887698
887700
887701
101270
887702
101271
887703
887704
887705
887706
887707
887708
887709
887711
101280
887712
101281
887714
887715
887716
101285
887717
887718
887719
887720
887721
887722
101291
887723
101292
887724
887725
887726
887727
887728
887729
887730
887731
887732
887733
101302
887734
101303
887736
887737
887738
887739
887740
887741
887742
887743
101312
887745
887746
887747
887749
887750
887751
101320
887752
887753
887754
887755
887756
887757
887758
887759
101328
887760
887761
887762
887763
887764
887765
887766
887767
887768
887769
101338
887770
887771
887772
101341
887773
887774
887775
887776
887777
887778
887779
887780
887781
887782
887783
887784
887785
887786
887787
887788
887789
887790
887791
887792
887793
101363
887795
887796
887798
887799
101369
887801
887802
887804
887805
887807
887808
363521
887809
101378
887810
887811
887812
887813
887814
887815
101384
887816
887817
887818
887820
887821
887823
887824
887826
887827
887828
887829
887830
101399
887832
887834
887835
887836
101405
887837
887838
887839
101408
887841
887842
101411
887843
887845
887846
887847
101416
887848
887849
887850
887851
887852
887853
887854
887855
887857
887858
887859
887861
887862
101431
887863
887865
887866
101435
887867
887868
887869
887870
101439
887871
887872
101442
887874
887875
101444
887877
887878
887879
101448
887880
887881
101451
887883
887884
887885
887886
887887
887888
101457
887889
887890
887891
887892
887893
887894
887895
101464
887896
887897
887898
887899
887900
887901
887902
887903
887904
887905
887906
887907
887908
887910
887911
101480
887912
887913
887914
887915
887916
887917
887918
887919
887920
887921
887922
887923
887924
887926
887927
887928
887929
887930
887932
887933
887935
887936
887937
887938
101507
887939
887940
101509
887941
101510
887942
887943
887944
887945
887947
887948
363661
887949
887950
887951
887952
887953
887954
887955
363668
887956
887957
887958
887959
887960
887961
887962
887963
887964
887965
887966
887967
887969
887970
101540
887972
887973
887975
887976
887977
101546
887978
101547
887979
887981
887982
101551
887984
887986
887988
887989
887990
887992
101561
887993
887994
887995
101564
887996
887997
887999
888000
101569
888001
888002
888003
888005
888006
888008
888009
888010
888012
888013
101582
101583
888015
888016
101585
888017
888018
888019
888020
888021
888022
101592
888025
888026
101596
888028
888029
888030
101599
888031
888032
888033
888035
888036
888037
101606
888038
888039
888040
888042
888043
101612
888044
101613
888045
888046
888047
888049
101618
888050
888052
888053
888054
888055
101625
888057
101626
888058
101627
888059
888061
888062
101631
888063
888064
888065
888066
888067
101636
101637
888069
888070
101639
101640
888072
101641
888073
888074
888075
888077
101646
888078
888080
888081
888082
888083
888084
101653
888085
888086
888087
888088
888089
888091
101660
888092
888093
101662
888094
888095
888096
888097
101666
888098
888099
101668
888100
888101
101670
888102
888103
101672
888104
888105
888106
888108
888109
888110
888111
888113
888114
101683
888115
888116
888117
888118
888119
101688
888120
888122
888124
888125
888126
888127
888128
888129
101698
888130
888132
888133
888134
888135
888136
888137
101706
888139
888140
888141
888142
888143
888144
888145
888146
888147
888148
888149
888150
888151
888152
101721
888153
888154
888155
101724
888156
888157
888158
888159
888160
888161
888163
888164
888165
888166
888167
888168
888169
888170
888172
888173
888174
888175
101745
888177
888178
888180
888181
888182
101751
888183
888185
888186
888187
101756
888188
888189
888190
888191
888193
101762
888194
888196
888197
888199
888200
888202
888203
888205
888206
888208
888209
888210
888211
888212
888213
101782
888214
101783
888215
888216
888217
888218
888220
101790
888222
101791
888223
101792
888224
888225
888227
888228
888229
888230
888232
888233
101802
888234
888235
888237
888238
888239
888240
888241
888242
888243
888244
888245
888246
888247
888248
888249
888250
101819
888251
888253
888254
888255
888256
888257
888258
101827
888259
888261
888263
888264
101833
888265
888266
888267
888268
888269
888271
888272
888273
888274
888275
888276
888277
888278
888279
101848
888280
888281
888282
101852
888284
888285
101854
888286
888287
888288
888289
888290
888291
888292
888293
888294
888295
101864
888296
888297
101866
888298
888299
888300
888302
101871
888303
888304
888305
101875
888307
888308
888309
888310
888311
888312
888313
888314
888315
888316
888317
888318
101887
888319
101888
888320
888321
888322
888323
888324
101893
888326
888327
888328
888329
888330
888331
888332
888333
101902
888334
888335
888336
888337
888338
888339
888340
888341
888342
888343
888344
888345
888347
888348
888350
888351
888352
888353
101922
888354
888355
101924
888356
888357
888358
888359
888360
101929
888361
888363
101933
888365
888367
888368
888369
888370
888371
888373
888375
888376
888377
888378
888380
888381
888382
888383
888384
888386
888387
101957
888389
888390
888392
888393
888394
888395
101964
888396
888397
888399
888400
888401
101970
888402
101972
888404
888405
888407
888408
101977
888410
888411
888412
888413
888414
888415
888416
888417
888419
888420
888422
888423
888424
888425
888426
888427
888428
888429
888430
888431
888432
888434
888435
102005
888437
102006
888438
888439
888440
102009
888441
102010
888443
888444
888445
888447
888448
888449
888450
888451
888452
102021
888453
888454
102023
888455
888457
888458
888459
888460
888461
888462
888463
888464
888465
888466
888467
888468
888469
888470
888472
888473
888475
888476
888477
102047
888479
888480
888481
888482
888483
888484
888486
888487
888488
888489
888490
888491
888492
888493
888494
888495
888496
888497
888498
888500
888502
888503
888505
888506
888507
888508
888509
888510
888511
888512
888513
888514
888515
888517
888518
888519
888520
102089
888521
888522
888523
888524
888525
888526
888528
888529
888530
888531
888532
888533
888535
888536
888537
888538
888539
888540
888541
888542
888543
888544
888545
888546
888547
888548
888549
888550
888551
888553
888554
888555
888556
888557
888558
888559
888560
888561
888562
888563
888564
888566
888567
888568
888569
888571
888572
888573
888574
888575
888576
888577
888579
888580
888581
888582
888583
888584
888585
888586
888587
888588
888589
888590
888591
888592
888594
888595
888596
888597
888598
888599
888600
888601
888602
102172
888604
888605
888606
888607
888608
888610
888611
888612
888613
888614
888615
888617
888618
888619
888620
888621
888623
888624
888626
102195
888627
888629
888630
888631
888632
888633
888634
102203
888635
102204
888636
102205
888637
888638
888639
888640
888641
888643
102212
888645
888646
102215
888647
888648
888649
888650
888651
888652
102221
888653
888654
888655
888656
102225
888657
888658
102228
888660
888661
888662
102231
888663
888664
102233
888665
888666
102235
888667
102237
888669
888670
102239
888671
888672
888673
102242
888674
102243
888676
888678
888679
888680
102249
888681
102250
888682
888683
888684
888685
888686
102255
888687
888688
888689
888690
888691
102260
888692
888693
888694
102264
888696
888697
102266
888698
888699
888700
888701
102270
888703
888704
102273
888706
888707
888709
888710
888711
888712
888714
102283
888715
888717
888718
102287
888719
888720
102289
888721
888722
888723
888725
888726
888727
888728
888730
888731
888733
888734
888735
888736
102305
888737
102306
888738
888739
888740
888741
888742
102311
102312
888744
102313
888745
102314
888746
888747
888748
888749
888750
888751
888752
888753
888754
888756
888757
888758
888759
102328
888760
102330
888762
888763
102333
888765
888766
888767
888768
888769
102338
888770
888771
102340
888772
888773
102342
888774
888775
102344
888776
888777
888778
102348
888780
102349
888781
888782
102351
888783
888784
102353
888785
102354
888786
102355
888788
888789
888790
102359
888791
888792
888794
888795
102364
888796
888797
888798
888799
888800
888801
102370
888802
888804
888805
888806
888807
888808
888809
888810
888811
888812
888813
888814
102383
888816
888817
888818
888819
888820
888821
888822
888823
888824
888825
888826
888827
102397
888829
888830
888831
102400
888832
888833
888834
102403
888835
888836
102405
888838
888839
888840
888842
888843
888845
888846
888848
888850
888851
888852
102421
102422
888854
888855
888856
888857
888859
888860
888861
102430
102431
888863
888864
888865
888866
888868
102437
102438
888870
888871
888873
888874
888875
888876
888878
888879
888880
888881
102450
888882
888883
888884
888886
888887
888888
102457
888889
888891
102460
888892
102462
888894
888895
888896
888897
888898
888899
888901
888902
888903
888904
888905
888906
888907
102476
888908
888909
888910
888911
888913
102482
888914
102483
888915
888916
102485
102486
888918
888919
102488
102489
888921
888922
888923
888924
102493
888925
102494
888926
102495
888927
888928
102497
888929
102498
888930
888931
888932
888933
102502
888935
888936
888937
888938
888939
888940
888941
888942
888943
888944
102514
888946
102515
888948
888949
888950
888951
102520
888952
888953
888954
888956
888957
888958
102527
888959
888960
888961
102530
888962
102532
888964
888965
888966
102535
888967
888968
888969
102538
888970
888971
888972
888973
888974
888975
888976
888977
888978
888979
102548
888980
888981
888982
102552
888984
888985
888986
102555
888987
888988
888989
888990
102559
888991
888992
102561
888994
102563
888995
888996
888997
888998
888999
889000
889001
102570
889002
889003
889004
102573
889005
889006
889007
102576
889008
889010
889011
102580
889012
102581
889013
102582
889014
102583
889015
102584
889016
889017
889018
889019
102588
889020
889021
102590
889022
889023
889024
889025
889026
889027
889028
102597
889029
889030
889031
889032
102601
889033
889034
102603
889035
102604
889036
889037
889038
889039
889040
889041
889042
889044
889045
102614
889047
889048
889050
889051
889053
102622
889054
889056
889057
889058
102627
102628
889060
102629
889062
889063
102633
889065
889066
889067
102636
889069
889070
889071
889073
889074
889075
889076
889078
889079
889080
889081
889083
889084
889085
889087
102656
889089
102658
889090
889092
102661
889093
889094
102663
889095
102665
889097
889098
889099
889100
889101
889103
889104
889105
889106
889108
889109
889110
889111
889112
889114
889115
889116
889117
889118
889119
889120
889122
889123
889124
102693
889125
889127
102696
889128
102697
889129
889130
889131
889133
889134
889135
889136
889137
889139
889140
889142
889143
889144
889146
889147
889148
102717
889149
889150
889151
889152
889154
889155
889156
889157
102726
889158
102727
889160
889161
889162
102731
889163
889164
889165
889166
889167
889168
889169
102738
889170
889171
889172
889173
889175
889176
102745
889177
889178
889179
102748
889180
889181
889182
889183
889184
102753
889185
889186
102755
889187
889188
102758
889190
889191
889192
889193
889194
889195
889196
889197
889198
889199
889200
889201
889202
889203
889204
889205
889206
889207
889208
889209
889210
889212
102781
889214
889215
889216
889217
889218
102787
889219
889220
889221
102790
889222
889223
102792
889224
889225
889227
102797
889229
889230
889231
889232
889233
889234
889235
889236
889238
102807
889240
889241
889242
889243
889245
889246
889248
889249
889250
889251
889252
889253
889254
889255
889256
889257
889258
889259
102828
889260
889261
889263
889264
889265
889266
889267
889268
889269
102839
889271
889272
889274
889275
889277
889278
889279
889280
889281
889282
889284
889285
889286
889288
889289
889290
889291
889292
889293
889294
889295
889297
889298
102867
889299
889300
889301
889302
889303
889304
889306
889307
889308
889309
102878
889311
889313
889314
889315
889316
889317
889318
889319
889320
889321
889322
889324
889325
889326
889327
889328
889329
889330
889332
889333
889335
889336
889337
889338
889340
889341
889342
889344
889345
889346
889347
889348
889349
889350
889351
889352
889353
102922
889354
889355
889356
889357
889359
889360
889361
889362
889363
889364
889365
889366
102935
889367
889368
889369
889370
889371
889372
889373
889374
889375
889376
889377
889378
889379
889381
889382
102951
889383
889384
889385
889387
102956
889388
889389
889390
889391
889392
889393
102962
889394
889395
889396
889397
889398
889399
889400
889401
889402
102971
889403
889404
889405
889406
889407
889408
889409
889410
889411
889412
889413
889414
889415
889416
889417
889418
889419
889420
889421
889422
889424
889425
889426
889427
889428
889429
889430
889431
889432
889434
889435
889436
889438
889439
889441
889442
103011
889443
889444
889446
889447
889449
889450
889451
889452
889453
889454
889455
103024
889456
889457
889459
889460
889461
889462
889463
889464
889465
889467
889468
889469
889470
889471
889472
889474
889475
103044
889476
889477
889478
889480
103049
889481
889482
889483
889485
889486
889488
889490
889491
889492
889493
889494
889495
889496
889497
889499
889500
889501
889502
889503
889504
889505
889506
889507
889508
889509
889510
889511
889512
889513
889514
889515
889516
889517
889519
103088
889520
103089
889522
889523
889524
889525
889526
889527
889528
889529
889530
889531
889532
889533
889534
889535
889536
889537
103106
889538
889539
889540
889541
889542
103112
889544
889545
889546
889547
889548
889549
889550
889551
889552
889553
889554
103123
889555
889556
889557
889558
889559
889560
889561
889562
889563
889564
889565
889566
889567
889568
889569
889571
889572
889573
889574
889575
889576
889577
889578
889579
889580
889581
889582
889583
889584
889585
889586
889587
889588
889589
889591
889592
889593
889595
889597
889598
889600
889601
103170
889602
889604
889605
889606
889607
889608
889609
889610
889611
889612
889613
889614
889615
889616
889617
889619
889620
889621
103190
889622
103191
889623
103192
889624
889625
889626
889627
889628
889630
889631
889632
889633
889635
889636
889637
889638
103207
889639
889640
103210
889642
889643
889645
889646
889647
103216
889648
889649
889651
889652
103222
889654
889655
889656
889658
889659
889660
889662
889663
889664
889665
889666
889668
103237
889669
889670
889671
889672
889673
889674
889675
889676
103245
889678
889679
889680
889682
889683
889684
889685
889686
889688
889689
889690
889691
889692
889693
889694
889695
889696
889697
889698
889699
889700
889701
889702
889703
889704
889705
889706
889707
889708
889709
889710
889711
889712
889713
889714
889715
889716
889717
889718
889719
889720
889721
889722
889723
889724
889725
889726
889728
889729
889730
889731
889732
889733
889734
889735
889736
889737
889738
889739
889740
889741
889742
103311
889743
889745
889746
889747
889748
889749
889750
889751
889752
103321
889754
889755
889756
889757
889758
889760
889761
889762
889763
889764
889766
103336
889768
889769
889770
889771
889772
103341
889773
103342
889774
889775
889777
889778
889779
889780
889781
889782
889783
889784
889785
889786
889787
889788
889789
889790
889791
889792
889793
889794
889795
889796
889797
889798
889799
889800
103369
889801
889803
103372
889804
889806
889807
889808
889809
889810
889812
889814
889815
889817
889818
889819
889820
889821
889822
889823
889824
889825
889826
889827
889828
889829
889830
889831
889832
103401
889833
889834
889835
889836
889837
889838
889839
889840
889841
889842
889843
889844
889845
889846
889848
889849
889850
889851
889852
889853
889854
889855
889856
889857
889858
889859
889860
889861
889862
889863
889864
889865
889867
889868
889870
889871
889872
889873
889874
889875
889876
889877
889878
889879
889880
889881
889882
889883
889884
889885
889886
889887
889888
889889
889890
889892
889893
889894
889896
889897
889898
889899
889900
889901
889902
889903
889904
889905
889906
889907
889908
889909
889910
889911
889912
889913
889914
889915
889916
889917
889919
889920
889921
889922
889923
889924
889925
889927
889928
889930
103499
889931
889932
889933
889934
889935
889936
889937
889939
889940
889941
889942
889943
889945
889946
889947
889949
889950
103519
889951
889952
889953
889954
889955
889956
889958
889959
889960
889961
889962
889963
889964
103533
889965
889966
889967
889968
889969
889970
889971
889972
889973
889974
103543
889975
889976
889977
889978
889979
889980
889981
889982
889983
889984
103553
889985
889986
889987
889988
889989
889990
889991
889992
889993
889994
889995
889996
889998
889999
103568
890001
890002
890003
890004
890005
103574
890006
890007
890009
890010
890012
890013
890014
890015
890016
103585
890017
890018
890019
890020
890021
890022
103591
890024
103593
103594
890026
890027
890028
890029
890030
890031
890032
890033
890034
890035
890036
890037
103606
890038
890039
890040
890041
890043
890044
890045
890046
890047
890048
890049
103618
890050
890051
890052
890053
890054
890055
890056
890057
890058
890059
890060
103629
890061
890062
103631
890063
890064
103633
890065
103634
890066
890067
890068
890069
890070
890072
103641
890073
890075
103644
890076
890077
890078
890079
890080
890081
890082
890083
890084
890085
890086
890087
103657
890089
890090
890091
103660
890092
890093
890094
890095
890096
890097
890098
103667
890099
890100
103669
890101
890102
890103
103672
890104
890105
890106
890107
890108
890109
890110
890112
890113
890114
103683
890115
890116
890117
890118
890119
890121
890122
890123
890124
890125
890126
890127
890128
890129
890130
890131
103700
890133
890134
103703
890135
890136
890137
890138
890139
890140
890141
890142
103711
890143
890144
890145
890146
890147
890148
103717
890149
890150
890151
890152
890153
890154
890155
890156
890157
890158
890159
890160
103729
890161
890163
890165
890167
890169
890171
103740
890173
890175
890177
890179
890181
890183
890185
890187
890189
103758
890191
890193
103763
890195
890197
890199
890201
103770
890203
890205
890207
890209
890210
103779
890211
103780
890212
890214
890216
890218
103788
890220
890221
890222
890223
890225
103795
890227
890229
103798
890230
890231
890233
890235
890237
890239
890240
103809
890241
890243
890245
890247
890249
103819
890251
890253
890255
890257
890259
890260
890261
890263
103832
890265
890267
890268
890269
890271
890272
890273
890275
890276
103845
890277
890278
890279
890280
890281
890282
890283
890284
103853
890285
890286
890288
890290
890292
890294
890296
890298
103867
890300
890302
890304
890306
890308
890310
890312
890314
890316
890318
890320
890322
890324
890326
103895
103896
890328
890330
890332
890334
103907
103923
890368
890370
890372
103941
890374
890376
103946
890378
103947
890380
890382
890384
103953
890386
890388
890390
890392
103961
890394
890396
890398
103967
890400
890402
890404
103973
890406
103976
890408
890410
890412
890413
890414
103983
890416
890417
890418
890420
103989
890422
103991
890423
103992
890424
890426
890428
103997
890429
890430
890431
890432
890434
890436
104005
890438
890440
890441
104010
890442
890443
104013
890445
890447
104016
890449
890451
890452
890453
890454
890456
104025
890458
104027
890459
890460
890461
104030
890463
890465
890466
890468
890470
890472
890474
890476
890478
890480
890482
104051
890484
890486
104055
890488
890490
890492
104061
890494
890496
890498
890500
890502
890504
104074
890506
104076
890508
104077
890510
890512
890514
890516
890518
104088
890520
890522
890524
104093
890526
890528
890530
890532
104102
890534
890535
890536
890537
890539
104108
890541
890543
104113
890545
890546
890547
890548
890550
890552
890554
890556
890558
890560
104129
890562
890563
890564
890565
890567
890569
104139
890571
104141
890573
890575
890577
890579
890580
890581
890582
104153
104155
104163
104178
890611
890614
104183
890615
104185
890617
890619
890621
890623
890625
104195
890627
104197
890629
890631
104200
890633
104202
890635
890637
104206
890639
890641
104211
890643
890645
104215
890647
104216
890649
890651
890653
890655
890657
890659
104229
890661
890663
890665
890667
104236
890668
890671
890672
104241
890673
890675
890677
890679
890681
890683
104253
890685
890686
890687
890688
890690
890692
104262
890694
890696
890698
890700
890702
890703
890705
890707
890709
104278
890710
890711
890712
104281
890713
890714
104283
890716
890718
890720
890721
890722
890723
890724
890725
890727
890729
890730
890731
890732
890734
890736
890738
890740
890742
890744
890746
890748
890750
890752
890754
890756
890758
890760
890762
890764
890766
890768
890770
890772
890774
104343
104344
890776
890778
890779
890780
890782
890784
890786
890788
890790
890792
890794
890796
104365
890798
890800
890802
890804
890806
890808
890810
890812
890814
890816
890818
890820
890822
890823
890824
104394
890826
890828
890830
890832
890834
890836
890838
890840
890842
890843
104412
890844
890845
890847
890848
890850
890851
890853
890855
104424
890857
890859
890861
890863
890864
890865
890867
890868
890869
890870
890871
890872
890873
890875
890876
890877
890878
890881
890883
104452
890884
890887
104456
890889
104458
890891
890893
890895
890897
890899
890901
104471
890903
890905
890907
104477
890909
890911
890913
890915
104485
890917
890919
890921
890923
890925
890927
104497
890929
890931
104500
890933
890935
890937
104506
104507
890939
890941
890943
890945
890947
890949
104522
104527
104528
104532
104538
104547
890979
104572
891009
891011
891012
891013
891014
891015
891016
891017
891018
891019
891020
891021
891022
891023
891024
891025
891026
891027
891028
891029
891030
891031
891032
891033
891034
891035
891036
891037
104606
891038
891039
891040
891041
891042
891043
891044
891045
891046
104615
891047
104616
891048
891049
891050
891051
891053
891054
104623
891055
891056
891057
891058
891059
104628
891060
891061
891062
891063
891064
104633
891065
891066
891067
891068
891069
891070
891071
891072
891073
891074
891075
891076
891077
891078
891079
891080
891081
891082
891083
891085
891086
891087
891088
891089
891090
891091
891092
891093
891094
891095
891096
891097
891098
891099
891100
891101
104670
891102
891103
891104
891105
891106
891107
891108
104677
891109
891110
891111
891112
891113
891114
891115
891116
891117
891118
891119
891120
891121
891122
891123
891124
891125
891126
891127
891128
891129
891130
104699
891131
104700
891132
891133
891134
891135
891136
891137
104706
891138
104707
891139
891140
891141
891142
891143
891144
104713
891145
891146
891147
891148
891149
891150
891151
891152
104721
891153
891154
891155
891156
891157
891158
891159
891160
891161
891162
891164
891165
891166
104735
891168
891169
104738
891170
891171
891172
891173
891174
891176
891177
891178
891179
891180
891181
891183
891184
891185
891187
891189
891191
891192
891193
891194
891195
891196
891197
891198
891199
891200
891201
891202
891203
891204
891206
891207
891208
891210
891211
104780
891213
891214
104784
891216
891217
891219
891220
891221
891222
891223
891224
891225
891226
891227
891229
104798
891230
891231
891232
104801
891233
891234
891235
891236
891237
891238
891239
891240
891241
891242
104811
891243
891244
891245
891246
891247
891248
891249
891250
891251
891252
104821
891253
891254
104823
891255
891256
891257
891258
891260
891261
891262
891263
891264
891265
104834
891266
891267
891268
891269
891270
891271
891272
891273
891274
891275
891276
891277
891278
891279
891280
891281
104850
891282
891283
891284
891285
891286
891287
891288
891289
104858
891290
891291
104860
891292
891293
891294
891295
891296
891297
891298
891299
891300
891301
891302
891303
891304
891305
891306
891308
891309
891311
891312
891313
891314
891316
891317
104886
891318
891319
891320
891321
891322
891323
891324
891325
891327
891328
891330
891331
891333
891334
104903
891335
891336
891337
891338
891339
891340
891341
891342
891343
891345
104914
891346
891347
891349
891350
891352
891353
104922
891354
891355
891356
891357
891358
104928
891360
891361
891362
891364
891365
891366
891367
891369
891370
891371
104941
891373
891374
891375
891376
104945
891377
891378
104947
891379
891380
891381
104950
891382
891383
891384
891385
891386
891387
891388
891389
891390
891391
891393
367106
891394
891395
891396
891397
891398
891399
891400
891401
891402
891403
891404
891405
891406
891407
891408
891409
891410
891411
891412
104981
891413
891414
891415
891417
891418
104987
891419
891420
891421
891422
891423
891424
891425
891426
891427
891428
891429
104998
891430
891431
891432
891433
891434
105003
891435
891436
891437
891438
891439
891440
891441
891442
891443
891445
891446
105015
891447
891449
891450
891451
891453
891454
891455
105024
891456
891458
891459
105029
891461
105030
891462
891464
891465
105034
891466
891467
105036
891469
891470
891472
891473
891474
891475
891476
105045
891478
891479
891481
891482
105051
891484
891485
105054
891486
891487
891488
891489
105058
891491
891492
891493
891494
105063
891496
891497
105066
891499
891500
105069
891501
891502
891503
891504
891505
891506
105075
891507
891508
105077
105078
891510
891512
105082
891514
891515
891516
891517
891518
891519
891520
891521
891522
891523
891524
891526
891527
105096
891528
891529
891531
891532
891533
891534
891535
891537
891538
891539
891540
891541
891543
891544
891545
891546
891547
105116
891548
891549
891550
105119
891551
891553
891554
891555
891556
891558
891559
105128
891560
891561
105130
891562
891564
891565
891566
891567
891568
891569
891570
891571
105140
891572
891573
891574
891575
891576
891577
891578
891579
891580
891581
891582
891583
891584
891585
891586
891587
891588
891589
891590
891591
891592
891593
891594
891595
891596
891597
891598
891599
891600
891602
105171
891603
891604
891605
891606
891608
891609
105179
891611
105180
891612
891613
891615
891616
105185
891618
891619
891620
891622
891623
891625
891626
891628
891629
891630
891631
891632
891633
891634
891636
891637
105206
891639
891640
891642
891643
891645
891646
891647
105216
891648
891650
891651
891652
891653
891654
891655
891656
891657
891658
891659
891660
891661
891662
105231
105232
891664
891665
891667
891668
891669
891670
891671
891672
891673
891674
891675
891676
891677
891678
891680
105249
891681
891682
105251
891683
891684
105253
891685
891686
105255
891687
891688
891689
891690
891691
891692
105261
891693
891694
891695
891696
891697
891698
891699
891700
891701
105271
891703
891704
891705
891706
105275
891707
891708
891709
105278
891710
891711
891712
891713
105283
891715
891716
105285
891717
891718
105287
891719
891720
891721
891722
891723
105292
891724
891725
891726
891727
891728
891729
891730
891731
105300
891733
891734
891735
105304
891736
891737
891738
891739
891740
891741
891742
891743
105312
891744
891745
105314
891746
891747
891748
891749
105318
891750
891751
891752
891753
105322
891754
891755
891756
891757
891758
891759
891761
891762
891764
891765
891766
891767
891769
891770
891771
891773
105342
891774
891776
105345
891777
891778
891779
891780
891782
105351
891783
891784
891785
891787
891788
891789
891790
891791
891792
891793
891795
891796
891797
891798
891800
891801
105370
105371
891804
105373
891805
891807
891808
891810
891811
105381
891813
891814
105383
891815
891816
891817
891819
891820
891821
891822
891823
891824
891826
891827
891829
891830
891832
891833
891835
891837
891838
891839
891841
891842
891843
891844
891845
891846
891847
891848
891850
891851
891852
891853
891855
891856
891857
891858
105428
891860
891861
891862
891863
891864
891866
891867
891868
891870
105439
891871
891872
105441
891873
891874
891875
891877
891878
891879
891881
891882
891883
891884
891885
891886
891887
891888
891889
891890
891891
891892
105461
891894
891895
891896
891898
105468
891900
891901
891902
891903
891904
105473
891905
891906
891908
891909
891910
891911
891912
891913
891914
891915
891916
891917
891918
891919
891920
891921
891922
891923
891924
891925
891926
891928
891929
891930
891931
891932
891933
891934
891935
891936
891937
891939
891940
891941
891942
891943
891944
891945
891946
891947
891948
891949
891950
891951
891953
891954
891955
891956
891958
891959
105528
891960
105529
891962
891963
891964
891965
891966
891967
891968
891969
891970
891971
891972
891973
891975
891976
891977
105546
891978
891979
891980
891981
891982
891983
891984
891985
891986
891987
891988
891989
891990
891991
891992
891993
891994
891995
891996
891997
891998
891999
892000
892001
892002
892003
892004
892005
892006
892007
892009
892010
892011
892012
892013
892014
892015
892016
892017
892018
892019
892021
892022
892023
892024
892025
892026
892028
892029
892030
892031
892032
892033
105602
892035
892036
892037
892038
892039
892040
892041
892042
105612
892044
892045
892046
892048
892049
892050
892051
892053
892054
892055
892056
892058
892059
892060
892061
892062
892064
892065
892066
892068
892070
892071
892073
892074
105643
892075
892076
892077
892078
892079
892080
892081
892083
892084
367797
892086
892087
892089
892090
892092
892093
892094
892095
892096
892097
892098
892099
892100
892101
892103
892104
892105
892106
892107
892108
892109
892110
892111
105680
892112
892113
892114
892115
892116
892117
892118
892120
892121
892123
892124
892126
892127
892128
892129
892130
892131
892132
892133
105702
892134
105703
892136
892137
892138
892139
892140
892142
892143
892145
892147
892148
892150
892151
892152
892153
892154
892155
892156
892157
892158
105727
892159
892160
892161
892162
892163
892164
892165
892166
892167
892168
892169
892170
892172
892173
892174
892175
892176
892178
892179
892180
105749
892181
105750
892182
105751
892183
892184
892185
892186
892187
892188
892189
892190
892191
105760
892192
892193
892194
892195
892196
892197
892198
892199
892201
892202
892204
892205
892206
892207
892208
892209
892210
105779
892211
892212
892214
105783
892215
892217
892218
105787
892219
892220
892221
892222
892223
892224
892226
892227
892228
892229
892230
892231
892232
892233
892234
892235
892236
892237
892238
892239
892240
892242
105811
892243
892244
892245
892246
892247
892248
892249
892250
892251
892252
892253
892254
892255
892256
892257
892258
892259
892260
892261
892262
892263
892264
892265
892266
892267
892268
892270
892271
892272
892273
892275
892276
892277
892279
892280
892281
892282
892283
892284
892285
892287
892288
105857
892290
892291
105860
892293
892294
105863
892296
892297
892299
892300
892301
892302
892303
892304
105874
892306
892307
892309
892310
892312
892313
892315
892316
892317
892318
892319
892320
892321
892323
892324
892326
892327
892328
892329
892330
892332
892333
892335
892336
892337
892338
892339
892340
892342
892343
892345
892346
892348
892349
892351
892352
892353
892355
892356
892357
892358
892359
892360
892362
892363
892364
892366
892367
892368
892369
105939
892371
892372
105941
892373
892374
892375
892376
892377
892379
892380
892381
892382
892384
892385
892387
892388
892389
892390
892392
892393
892395
892396
892397
892398
892399
892400
892402
892403
892404
892405
892406
892408
892409
892410
892411
892412
892413
892414
892415
892416
892417
892418
892419
892420
892421
892423
892424
892425
892426
892427
892428
892429
892430
892431
892432
892433
892434
892435
892436
106005
892437
892438
892439
892440
892441
892442
892443
892444
892445
892446
892447
892448
892449
106018
892450
106019
892451
368164
892452
892453
892454
892455
892456
892457
892458
892459
892460
892461
892462
892463
892465
892466
892467
892468
892470
892471
892472
892473
892475
892477
892478
892479
892480
892481
892483
892484
892485
892486
892487
892488
106057
892489
892490
892491
892492
892493
892494
892495
892496
892497
892498
892499
892500
892501
892502
892503
892505
892506
106075
892507
106077
892509
892510
892512
106081
892513
892515
892516
892517
892519
892520
892521
892522
892523
892525
892526
106095
892527
892528
892529
892530
892531
892533
892534
892535
892536
892537
892539
892540
892541
892542
892544
892545
892546
892547
106116
892548
892549
106118
892550
892551
892552
892553
892554
892555
892556
892557
892558
892559
892560
892561
892562
892564
892565
892566
892567
892568
892569
892570
106139
892571
892572
892574
892575
892576
892577
892578
106147
892580
892581
892583
892584
892585
892587
892588
892590
892591
892592
106161
892594
892595
892596
892597
892598
892599
892600
106169
892601
892602
892604
892605
892606
892607
892608
892609
892610
892611
892612
892613
892615
892616
892617
892618
106187
892619
892620
892622
892624
892625
892627
106196
892628
892629
892630
892631
892632
892633
892634
106203
892635
892636
892638
892639
892640
892641
892643
106213
892645
892646
892647
106217
892649
892650
892651
892652
892653
892654
892656
892657
892658
892659
892660
892661
892662
892663
892665
892666
892667
892668
892669
892670
892671
892672
892673
892674
892675
892676
892678
892679
892680
892681
892682
892683
892684
892685
892686
892687
892688
892690
106259
892691
892692
892693
892694
892695
892696
892697
106267
892699
892700
892701
892702
892704
106273
892705
892706
892707
106276
892708
892709
892710
892711
892712
892713
892714
892715
892716
892717
892718
892719
892720
892722
892723
892724
892725
892726
892728
892729
892730
892731
892732
106301
892733
892734
892735
892736
106305
892737
892739
892741
892742
106311
892744
892745
106314
892747
892748
892749
892751
892753
892754
892756
892757
892758
892759
892760
892761
106330
892762
892763
106332
892764
892765
892766
892768
892770
892771
106340
892773
892774
106344
892776
892777
106346
892779
892780
892782
106351
892783
892784
892785
892787
892788
892789
892790
892791
892792
892793
892794
892795
892797
892798
892799
892800
892801
892802
892803
106372
892805
892806
892808
892809
892811
892812
892813
892814
106383
892815
106384
892816
892817
892818
892819
106388
892820
892821
892823
892824
892825
892826
892828
892829
106398
892830
892831
892832
892833
892834
892835
368548
892836
892837
892838
892839
892840
106410
892842
892844
892845
892847
892848
892849
892850
892851
892852
892853
892854
892855
892856
892857
106427
892859
892860
892861
892862
892863
106432
892864
892865
106434
892867
892868
892869
892870
892871
892872
892874
892875
892876
892877
892878
892879
892881
106450
892882
892883
892884
892885
892886
106455
892887
892888
892889
892890
892891
892892
106461
892893
892894
892895
892897
892899
892900
106469
892901
892902
892903
892904
106473
892905
892906
892907
892908
106477
892909
892910
892911
892912
892914
892915
892916
892917
106486
892918
892919
892920
892921
892922
892923
892924
892925
892926
892927
892928
892929
892930
106499
892931
892932
892933
892934
892935
892937
892938
892940
892941
892942
106511
892943
892944
892945
106514
892946
892947
892948
892949
892950
892952
892954
106523
892956
892957
892959
892960
106530
892962
892963
892965
106534
892966
106536
892968
892969
892970
892971
106540
892972
892973
106543
892975
892976
892978
892979
892980
106550
892982
892983
892984
106553
106554
892986
892987
892988
892989
892990
892991
892992
892994
892995
106564
892996
892998
892999
893000
893001
893002
893003
893004
893005
893006
893007
893008
893010
893012
893013
106582
893014
893015
893016
893017
893018
106588
893020
893021
893022
893023
893024
893025
893026
893027
893028
893029
893030
893031
893032
106601
893033
893034
893035
893036
893037
893038
893039
893040
893041
893043
893044
893045
893046
893047
893048
893049
893050
893051
893052
893053
106621
893054
893055
893056
106624
893058
893059
893060
893061
893063
893064
893065
893066
893067
893068
893069
893070
893071
893072
893073
893075
893076
893077
893078
893079
893080
893081
893082
893083
893085
893086
893087
893088
893089
893090
893091
106659
893092
893093
893094
893095
893096
893098
893099
893100
893101
893102
893104
893105
893106
893107
893108
893109
893110
893111
893112
893113
893114
893115
893116
893117
893118
893119
893121
893122
893123
893124
893125
893126
893127
893129
893131
893132
893134
893135
893137
893138
893139
893141
893143
893144
893145
893146
893147
893149
893150
893152
893153
893155
893156
893158
893159
893160
893162
893164
106732
893165
893167
893168
106736
893169
893170
893171
893172
893173
893174
893175
893176
893178
106746
893179
893181
893182
893183
893184
893185
893186
893187
893188
893189
893190
893192
893193
893194
893195
893196
893198
893199
893200
893201
893203
893204
893205
893206
893207
893208
893209
893210
893211
893212
893213
893214
893215
893216
893217
893219
893220
893221
893222
893223
893224
893225
893226
893227
893228
893229
893230
893231
893232
893233
893235
893236
893237
893238
893239
893240
893241
893242
893243
893244
893245
893246
893248
893249
893250
893251
893252
893253
893254
893255
893256
893257
893258
893259
893260
893261
893262
893263
893264
893265
893266
893267
893268
893269
893270
893271
893272
893273
893275
893276
106844
893277
893278
893279
893280
893281
893282
893284
893285
893286
893287
893289
893290
893291
893292
893293
893295
893297
893298
893299
893300
106868
893301
893302
893303
893304
893305
893306
893307
893308
893309
893310
893311
893313
893314
106882
893315
893316
893317
893318
893320
893322
893323
893325
893326
893327
893328
893330
893331
893333
893334
893336
893337
893338
893339
893341
893342
893343
893344
893346
893347
893348
893349
893350
893352
893353
893354
893356
893357
893359
106927
893360
893361
893362
893363
893364
893366
893367
893369
893370
893371
893372
893373
893375
106943
893376
106944
893378
893379
893381
893382
893383
893384
893385
893386
106954
893387
893388
893389
893390
893391
893392
893393
893394
893395
893396
893397
893398
893400
893401
893403
893404
893405
893406
893407
893408
893409
893410
893411
893412
893413
893414
893415
893416
893417
893419
893420
893421
893422
893423
893424
893425
893427
893428
893429
893430
893431
893432
893433
893434
893435
893436
893437
893439
893440
893441
893442
893443
107011
893444
107013
893446
893447
893448
893449
893451
893452
893453
107021
893454
893455
893457
893458
893459
893460
893461
893462
893463
893464
893465
893466
893467
893468
893469
893470
893471
893472
893473
893474
893475
893476
893477
893478
893479
893480
893481
893482
893483
893484
893485
893486
893487
893488
893489
893490
893492
893493
893495
893496
893498
893500
893501
893502
893504
893505
893507
893508
893509
893510
893512
893513
893514
893515
893516
893518
893520
893521
893523
893524
893525
893527
107095
893528
107096
893530
893531
893532
893533
893535
893536
893537
893538
893539
893540
893542
893543
893544
893545
893546
893547
893548
893549
893550
107119
893552
893553
893554
107122
893555
893556
893557
893559
893560
893561
893562
893563
893564
107132
893565
893566
893567
893568
893569
893570
893571
893572
107140
893573
107141
893574
893575
107143
893576
893578
107146
893579
893580
893581
893582
893584
107152
893585
893586
893587
893588
893589
107157
893590
893591
893592
893593
893594
107162
893596
893597
893598
107166
893599
107167
893600
107168
893602
893603
107171
893604
893605
893607
893608
893609
893610
893611
893612
107180
893613
893614
893615
893617
893618
893619
893620
893621
893622
893623
107191
893624
893625
107193
893626
107194
893627
893628
107196
893629
893630
893631
893632
893633
107201
893634
893635
893636
893637
893638
893639
893640
107208
893641
893642
893643
893644
893645
893646
107214
893647
893648
893650
893651
893652
893653
107221
893654
893656
893658
107226
893659
107227
893660
893662
893664
893665
107234
893667
893668
893669
893670
893671
893672
893673
893674
893675
893677
107245
893678
107246
893679
893680
893681
893682
893684
893685
893686
893687
893688
893689
369401
893690
893691
893692
893693
107262
893695
107263
893696
893697
893698
107266
893699
893700
893702
893703
893704
893705
893706
893707
107275
893708
107276
893709
893710
893711
893712
893713
893714
893715
107283
893716
107284
893717
893718
107286
893719
107288
893721
893722
893723
893724
107292
893725
107293
107294
369439
893728
893730
893731
893732
893733
107301
893734
107302
893736
893737
107305
893739
893740
893741
893742
893743
107311
893744
893745
893746
893747
893748
893750
893752
107320
893753
893754
107322
893755
107323
893756
107324
893757
893758
893759
893760
893761
893762
893763
893765
107333
893766
893767
107335
893768
893769
893770
893771
893772
893773
893774
893775
893776
107344
893777
107345
893779
893780
893781
893782
893783
893784
893785
107354
893787
893788
893790
893791
893792
893793
893794
893795
893796
893797
893798
107366
893799
893800
107368
893801
893802
893803
893804
893805
893807
893809
893810
107378
893811
893812
893814
107383
893816
107384
893817
893818
893819
893821
893823
893824
893825
893826
893828
107396
893829
893830
107398
893831
893832
893833
893834
107402
893835
107403
893836
893837
893838
893839
893840
893841
893842
893843
893844
893845
893846
107414
893847
107415
893848
107416
893849
107417
893850
893851
893853
893854
107422
893855
893856
893857
893858
893859
893860
893861
893862
107430
893864
893866
893867
893869
893870
893871
893872
893873
893874
893876
893878
893879
893880
893881
107449
893882
107450
893883
893884
107452
893885
893886
893888
893889
893890
893891
107459
893892
893893
893894
893895
107463
893896
893897
893898
893899
893900
893901
893902
893903
893904
893905
893906
893907
893908
893909
893910
107478
893911
107479
893912
893913
107481
893915
893916
893918
893919
893920
893921
893922
893923
893925
107493
893926
893927
893929
893930
893931
107500
893933
107501
893934
107502
893935
893936
893937
893938
107506
893939
893940
893941
107509
893942
893943
893944
893945
893946
893947
893948
893949
107517
893950
893951
893952
107521
893954
893955
893956
893957
893959
893960
893961
893962
107530
893963
893964
893966
893967
107535
893968
893969
893970
107538
893971
893973
893974
107542
893975
893976
107544
893977
893979
893980
893981
893982
893984
107552
893985
107553
893986
893987
893988
893989
893990
893991
893992
893993
893995
107563
893996
893997
893998
893999
894001
894002
107570
894003
107571
894004
107572
894005
894006
894007
107575
894008
894009
107577
894010
894011
894012
894013
894014
894015
894016
894017
107586
894019
107587
894020
894021
894022
894023
107591
894024
107592
894025
894027
894028
894030
894031
894032
107600
894034
894035
894036
107605
894038
107606
894039
894040
894041
894042
107610
894043
107611
894044
894045
894046
107614
894047
894048
894049
107617
894050
107618
894051
107619
894052
894053
894054
107623
894056
107624
894057
107625
894059
894060
107628
894061
894063
894064
894065
894066
894067
894068
894069
894070
894071
894072
894073
894074
894075
107643
894076
107644
894077
894078
894079
894080
894081
107650
894083
894084
107652
894085
107653
894086
894087
894088
107656
894089
107657
894090
107658
894091
107659
894092
107660
894093
894094
894095
107663
894096
894097
894098
894099
894100
894101
894102
107670
894103
894104
894105
107673
894106
894107
107675
894108
894109
894110
107679
894112
894114
894115
107683
894116
894117
894118
894119
894120
107688
894122
894123
894124
107692
894125
107693
894126
894127
894128
107696
894130
894131
107699
894132
894133
894134
894135
107703
894136
894137
894138
894139
894140
107708
894141
894142
894143
107711
894144
894145
894146
894147
894148
894149
894150
894151
894152
894153
894154
894155
894156
894157
894158
894159
894160
107728
894161
894162
894164
894165
894166
894168
894169
894171
107739
894172
107740
894174
894175
894177
894178
894179
107747
894180
894181
107749
894182
894183
894184
894185
894186
894187
107755
894189
894190
894191
894192
894193
894194
894195
894196
894197
894198
894199
894200
894201
894202
894203
894204
894205
894206
894207
894208
894209
894210
894211
894212
894213
894214
894215
894217
894218
894219
894220
894221
107789
894222
107790
894223
107791
894224
894225
894226
107794
894227
894228
894229
894230
894231
107799
894233
894234
894236
894237
894238
894239
107807
894240
894241
894242
894244
894245
894246
894247
894248
894249
894250
894251
894252
894253
894254
894255
894256
107824
894257
107825
894258
894259
894260
894261
894262
894263
894264
894265
894266
107834
894267
894268
894269
894270
894271
894272
894273
894274
894275
894276
894277
894278
894279
894280
894281
894282
894283
894284
894285
894286
894287
894288
894289
894290
894291
894292
894293
894294
894295
894296
894297
894298
107866
894299
894300
894301
894302
894303
894304
894305
894306
894307
894308
894309
894310
894311
894312
894313
894315
894316
894317
894318
894319
894320
894321
894322
894323
894324
894325
894326
894327
894328
894329
894330
894331
107899
894332
107900
894333
894334
894335
894337
894338
894340
107908
894341
894342
107910
894343
894344
894345
894346
894348
894350
894351
894353
894354
894356
894357
894358
107926
894359
894360
894361
894362
894364
894366
107934
894367
107936
894369
894370
894372
894373
894375
894376
894377
894379
894380
894381
894382
894383
894385
894386
894387
894389
894390
894391
894392
894393
894394
894395
894396
894397
107965
894398
894399
894400
894401
894402
894403
894404
107972
894405
894406
107974
894407
894408
894409
894410
894411
894412
894413
894414
894416
107984
894417
894418
894419
894420
894421
894422
894423
894424
894425
894426
894427
894428
107996
894429
894430
894432
894433
894434
894435
894436
894437
894438
894439
894440
108008
894441
894442
894443
894444
108012
894445
894446
894447
894448
894449
894450
894451
894452
894453
894454
894455
894456
894457
894458
894459
894460
894461
108029
894462
894463
894464
894465
894466
894467
894468
894469
894470
894471
894472
894473
894474
894475
894476
894477
894478
894479
894480
894481
894482
894483
894484
108052
894485
108053
894486
894487
894488
894489
894490
894491
894492
894493
894494
894495
894496
108064
894497
894498
894499
894500
108068
894501
894502
894503
108071
894504
894505
894506
894507
894508
894509
894510
894511
894512
894513
894515
894516
894517
108085
894518
894519
894520
894521
894523
894524
894525
894526
894528
894529
108097
894530
894531
894532
894534
108102
894535
108103
894536
894537
894539
894540
894541
894542
108110
894543
894544
894545
894546
108115
894548
108116
894549
894551
894552
894553
894555
894556
894557
894558
894559
894560
894561
894563
894564
894565
894566
894567
894568
894569
894571
894572
894574
894575
108143
894576
894577
894578
894579
894580
894581
108149
894583
108151
894584
894586
894587
894588
894589
894590
108158
894591
894592
894593
894594
894595
894596
894597
894598
894599
894600
894601
894602
894603
894604
894605
894607
108175
894608
894609
894610
894611
894612
894613
894614
894615
894616
894617
894618
894619
894620
894622
894623
894624
370336
894625
894627
894628
894629
894630
894631
894632
894633
108201
894635
894636
894637
894638
894639
894640
894641
894642
894643
894644
894645
894646
894647
894648
894649
894650
894651
894652
894653
894654
894655
894656
894657
894658
894659
894660
894661
894662
894663
894664
894665
894666
894667
894668
894669
894670
894671
894672
894673
894674
894675
894676
894677
894678
108246
894679
894680
894681
894682
894683
108251
894684
894685
894686
108254
894687
894688
894689
894691
894692
894693
894694
894696
894697
108266
894699
894700
894702
894703
894705
894706
108274
894708
108276
894709
894710
894711
894712
894714
894715
894716
108284
894718
894719
894721
894722
894724
894725
894727
894728
108296
894729
108297
894730
894732
894733
894734
894735
894737
894738
894739
108307
894741
894742
894743
108311
894744
108312
894745
108313
894746
894747
108315
894748
894749
894750
894751
894752
894753
894754
894755
894756
108325
894758
894759
894760
894761
894762
894763
108331
894764
894765
894766
108334
894767
894768
894770
894771
894772
894773
894774
894775
894776
894777
894778
894780
894781
108350
894783
108351
894784
894785
894786
894787
894788
894789
894791
108359
894792
894793
894794
894795
108363
894796
108364
894797
894798
894799
894800
894801
894802
108370
894803
894804
108373
894806
894807
894808
108376
894810
108378
894811
894812
894813
894814
894815
894816
894817
894818
894819
108387
894820
108388
894822
894823
894824
894825
894826
894827
894828
894829
894830
894831
894832
894833
894835
894836
108404
894837
894838
894839
108407
108408
894841
894842
108410
894843
894844
894845
894846
894847
894848
894849
108417
894850
108418
894851
894852
894853
894854
108422
894855
108423
894856
108424
894857
894858
894859
108427
894860
108428
894861
894862
894863
894864
894865
108433
894866
108434
894867
894868
894869
894870
894872
894873
894874
108442
108443
894876
108444
894877
108445
108446
894879
108447
894880
108449
894882
108450
894883
894885
894886
894888
108456
894889
894891
108459
894892
894894
894895
894896
894897
894899
894900
108468
894902
108470
894903
894905
894906
108475
894908
894909
108478
894911
108479
894912
894914
894915
894917
894918
894919
894920
108489
894922
894923
894924
894925
894926
894927
894929
894930
894931
894932
894933
894934
108502
894935
894936
108504
894937
894938
894939
894940
894942
894943
894944
108512
894945
894947
108515
894948
894949
894950
108518
894951
894952
108520
894953
108521
894954
894955
108523
894956
894957
894959
108527
894960
108528
894962
894963
894964
108532
894965
894966
894967
108535
894968
894970
894971
108539
108540
894973
894974
894975
108543
894977
108545
894978
108546
894980
894981
894982
894983
894985
894986
108555
894988
894989
108557
894990
894991
894992
894993
894994
894996
894997
894998
894999
895000
895001
108569
895002
895003
895004
895005
108573
895006
895007
895008
108576
895009
895010
895011
895012
895013
895014
895015
895016
108584
895017
895018
895019
895020
895021
895022
895023
895024
895025
895026
895027
895028
895029
895030
895031
895032
895034
895035
108603
895036
108604
895037
895038
895039
108607
895040
895041
895042
895043
895044
895045
108614
895047
108615
895048
108616
895049
895050
895051
895052
895053
895054
895055
108623
895056
108624
895057
895058
895059
895060
895061
895062
108630
895063
895064
895065
895067
895068
895069
895070
895071
895072
895073
895074
895075
108643
895076
895077
108646
895079
895080
895082
895083
108651
895085
895086
895087
895089
108657
895090
895092
895093
895094
108662
895095
895096
895097
895099
895100
108668
108669
895102
895103
895105
895106
895108
895109
895110
895111
895113
108681
895114
895115
895116
895117
108685
895119
108687
895120
108689
895122
895123
895125
108693
895126
108695
895128
895129
895131
895132
895133
108701
895134
108703
895136
895137
895138
895139
108708
895141
895142
895143
895145
108713
895146
108714
895147
895148
895149
895150
895152
895153
108721
895154
895155
895156
895157
895158
895159
108727
895160
108728
895161
895162
895164
108732
895165
895166
895168
895169
108737
895170
895171
108739
895172
895173
895174
895175
895176
895177
895178
895179
108747
895181
108749
895182
895184
895185
108753
895187
895188
108756
895189
895191
108759
895192
108760
895193
895194
895195
108763
895196
108764
895197
895198
895199
895200
895201
895202
895203
108771
895204
108772
895205
895206
895208
895209
108777
895210
895211
895212
895213
895214
108782
895215
895217
895218
895219
895221
895222
895223
895224
895225
895226
895227
895228
895229
108797
895230
895231
895232
108800
895233
895234
895235
895236
895237
895238
895239
895240
895241
895242
895243
895244
895245
895246
895247
895248
895249
108817
895250
895251
895252
895253
895254
895255
895256
895257
895258
108826
895259
895260
108828
895262
895263
895265
895266
895267
895268
895269
895271
895272
108840
895273
895274
108842
895275
895276
895277
108845
895278
108846
895279
895280
895282
895283
895284
895285
895286
895287
895288
895289
895290
895291
895292
895293
108861
895294
895295
895296
108864
895297
895298
895299
895300
895301
108869
895302
108870
895303
895304
895305
895306
895307
895308
895309
895310
895311
895312
895313
895315
895316
895317
895318
895319
895320
108888
895321
895322
895323
108891
895324
895325
895326
895327
895328
895329
895330
895331
895333
895334
895335
895336
895338
895339
895340
108908
895341
895342
895343
108911
895345
895346
895348
895349
895350
108918
895351
895352
895353
895355
895356
108924
895358
108926
895359
895360
895361
895362
895363
895364
895365
108933
895367
895368
895370
895371
895373
895374
895375
895376
895377
895378
108946
895379
895381
895382
895384
895385
108953
895387
895388
895390
108958
895391
108959
895393
895394
895396
895397
895399
895400
895402
895403
895404
895405
895406
895407
895409
895410
895412
895413
895414
895415
895416
895418
895419
895420
108988
895422
108990
895423
108991
895425
895426
895427
895428
895429
895430
895431
895432
895434
895435
109003
895437
895438
895439
895440
895441
895442
895443
895444
109012
895445
109013
895447
895448
895449
895450
895451
109019
895452
895453
895454
109022
895455
895456
895457
895458
895459
895460
895461
895462
895463
895464
895465
895467
895468
895469
895471
895473
895474
895475
109043
895476
895477
109045
895478
895479
895480
109048
895481
895482
895483
895484
895485
895486
895487
895488
895489
895491
895492
895493
895494
109062
895495
109063
895496
895497
895498
895499
895501
895502
895503
895504
895506
895507
109075
895508
895509
895511
895512
109080
895513
895514
895515
109083
895516
895517
895518
895519
109087
895520
895521
895522
895523
895524
109092
895525
895527
895528
895529
895530
109098
895531
895532
895533
895534
895535
895536
895537
895538
895539
895540
109108
895541
895543
895544
895545
895546
895547
109116
895549
895550
895551
895552
895553
895554
895555
895556
895557
895559
895560
895561
109129
895562
895563
895564
895565
895566
895567
895568
895569
895570
895571
895572
895573
109141
895574
895575
109143
895576
895577
895578
895580
895581
895583
109151
895584
895586
895587
895588
109156
895589
109157
895590
895591
109159
895592
895593
109161
895594
895595
895596
895598
895599
895600
895601
895602
895603
895604
895606
895607
109176
895609
895610
895612
895613
895615
895616
109184
895617
895618
895619
895620
895621
895622
109191
895624
109192
895625
895627
895628
895629
895630
895631
895632
895634
895635
895636
895637
109205
895638
895639
895640
895641
895643
895644
895645
895646
109214
895648
895649
895650
895651
895652
895653
109221
895654
895655
109223
895656
895657
895658
895659
895660
895661
109230
895663
895664
109232
109233
895666
895667
895668
895669
895670
895671
895672
895673
895675
895676
895677
895678
895679
895680
895681
895683
895684
895685
895687
109255
895688
895690
895691
895692
895693
895694
109263
895696
895697
895698
895699
895700
895702
895703
895704
895705
895706
895707
895708
895709
895710
109278
895711
109279
895712
895713
109281
895714
895715
895716
895717
895718
895719
109287
895720
895721
895722
895723
895724
895725
109293
895727
895728
109296
895730
895731
895733
895734
895735
895737
895738
895739
895740
895741
895742
109310
895743
109311
895744
895745
895746
895747
895748
109317
895750
895751
895752
895753
895754
109323
895756
895757
895758
895759
895760
895761
895762
895763
895764
109332
895766
895767
895768
895769
895770
109338
895771
895772
109340
895773
895774
895775
895777
895778
895779
895780
895781
895782
895783
109351
895784
895785
895786
895787
895788
895789
895790
895791
109359
895792
109360
895793
895794
895795
895796
895797
895798
895799
109367
895800
895801
895802
895803
109371
895804
895805
895806
895807
895808
895810
895811
895812
895813
895814
109382
895815
895816
109384
895817
109385
895818
895819
109387
895820
895821
109389
895823
895824
895825
895826
895828
109396
895829
895831
895832
895834
895835
895836
109404
895837
895838
109406
895840
895841
895843
895844
895845
895846
895848
895849
895850
895851
895852
895853
895854
109422
895855
895856
895858
895860
895861
109429
895863
109431
895864
895865
895867
895868
895870
895871
895873
109441
895874
895875
895876
895877
109446
895879
895880
895881
895882
109450
895884
895885
895886
895887
895889
895890
895891
895892
895893
895894
895895
895896
895898
895899
895900
895902
109470
895903
895904
109472
895905
895906
895907
895908
895909
895910
895912
895913
895914
895915
895916
895917
109485
895918
895919
895920
895922
895923
895924
109492
895925
895926
895927
895928
895929
895930
895932
109501
895934
109502
895935
895936
895937
895939
895940
895941
895942
895943
895944
109512
895945
895946
895947
895948
895949
895950
109518
895951
895952
895953
895955
109523
895956
895958
895959
895960
895961
895962
895963
895964
895965
895966
895967
895968
895969
895970
895971
895972
895973
895974
895975
895976
895977
895978
895979
895980
895981
109549
895982
109550
895983
109552
895985
895986
895987
895988
895990
895991
895992
895993
895994
895995
895996
895997
895998
895999
896000
109568
896001
109569
896002
109570
896003
896005
896006
896007
896009
896010
896011
896012
896013
896014
896015
109583
896016
109584
896017
109585
896018
896019
896020
896021
896022
896023
896025
896026
896027
896028
896029
896030
896031
896032
896034
896035
896036
896038
896039
109607
109608
896041
896042
896044
896045
896046
109614
896047
896048
896049
109617
896050
896051
896052
896053
896054
896056
896057
896059
896060
896062
896064
896065
896066
896067
896068
896070
896071
896072
896073
896075
896076
896077
896078
896079
896080
896081
896083
896084
896085
896086
896087
109656
896089
896090
896091
109659
896092
109660
896093
896094
896095
896096
896097
896098
896099
896100
896101
896103
896104
896106
896107
896108
896109
896110
896111
896112
896113
896114
109682
896115
896116
896117
896118
896119
896120
896121
896122
109690
896123
896124
896125
896126
896128
896129
896130
896131
896132
896133
896134
896135
896136
896138
896139
896140
896141
896142
896143
896144
896145
896146
109714
896147
896148
109716
896149
896150
896151
896152
896153
896154
896155
896156
896157
896159
896160
896161
109730
896163
896164
109732
896165
896166
896167
896168
896169
896170
896171
896172
896173
896174
896175
896176
896177
896178
896179
896180
896182
896183
896185
896186
896187
896188
896189
896190
896191
896192
896193
896194
109762
896195
896196
896197
896198
896199
896200
896201
896202
896203
109771
896204
896205
896206
109774
896207
896208
896209
896210
896211
896212
896213
896214
896215
896216
109784
896217
896218
896219
896220
896222
109790
896223
896224
896226
896227
896228
896229
896230
896231
109800
896233
896234
896236
896237
896238
109806
896239
896240
896242
896243
896245
896246
896247
109816
896249
109817
896250
896251
896252
109820
896253
896255
896256
896258
896259
896260
896261
896262
896264
896265
896266
896268
896269
896270
896271
896272
109841
896274
896275
896277
896278
896279
896280
896281
896283
896285
896286
109854
896288
109856
896289
896290
109858
896291
896292
896293
109861
896294
896296
896297
896299
896300
896301
896302
896303
109871
896304
896305
896306
896307
896308
896309
896310
896311
896313
109881
896314
896316
896317
896319
896320
109888
896322
896323
109891
896324
896326
896327
896328
109896
896329
896330
109898
896331
896332
109900
896333
896334
896335
896336
896337
896338
896339
896340
109908
896341
896342
109910
896343
896344
896345
896346
896347
109915
896348
896349
896350
896351
896352
109920
896353
896354
896355
896356
896357
896359
896360
896361
896362
896364
896366
896367
896368
896369
896370
896371
109939
896372
896373
109941
896374
896375
896376
896377
896378
896379
896380
896381
896382
896383
896384
896385
896386
896387
896388
896389
896390
896391
896392
896393
896394
109962
896395
896397
896398
896399
896400
896401
896402
896403
109972
896405
896406
109974
896408
896409
896410
896411
896412
109980
896413
896414
896415
896417
109986
896419
896420
896421
896422
896423
109991
896425
896426
896428
896430
896431
109999
896432
896433
896434
896435
896436
896437
896438
896439
896440
110008
896441
110009
896442
896444
896445
896447
896448
896449
896450
896451
896452
896453
896455
896456
896457
110026
896459
896460
896461
896462
896464
110032
896465
896467
896468
110036
896469
896470
896472
896473
896474
896475
896476
896477
896478
110046
896480
896481
896482
896483
896484
110052
896485
896486
896487
896488
896489
896490
896491
896492
110060
896493
896494
896495
110063
896496
110064
896497
110065
896498
110066
896499
896500
110069
896502
896504
896505
896506
896507
896508
896509
896510
896511
110080
896513
896514
110082
896515
896516
110084
896518
896519
896520
896521
896522
896523
896524
896525
896526
110094
896528
896529
896530
896531
896532
110100
896533
896534
896535
896536
896537
896538
110106
896539
896540
896541
896542
896543
896544
896545
896546
896547
110115
896548
896549
896550
896551
896552
896553
896554
110122
896555
896556
896557
896558
896559
896560
896561
110129
896562
896563
110131
896564
896565
896566
110134
896567
896569
896570
896571
896572
896573
110141
896574
896575
110143
896576
896577
896578
110146
896579
896580
896581
896583
896584
896585
896586
896587
896588
896590
896591
896592
896593
110161
110162
896595
896596
896597
896598
896600
896602
896603
896604
896605
896606
896607
896609
896610
896611
896612
896613
896614
896615
110184
896617
896618
896619
110187
896620
896622
110190
110191
896624
896625
110193
896626
896628
896629
896630
896631
896632
896633
896634
896635
896637
896638
896639
896640
896641
896642
110211
896644
896645
896646
896647
110216
896649
896650
896651
896653
896654
896655
110223
896657
896658
110226
896660
896661
896662
896663
896664
896665
896666
896668
896669
896670
896671
896672
110240
896673
110241
896674
896675
896676
896677
896678
896679
896680
896682
896683
110251
896684
896685
896686
896687
896688
896689
896690
896691
896692
896693
896694
896695
896696
110264
896697
896698
896700
896701
896702
896703
896704
896705
110273
896706
896707
896708
896709
896710
896711
896712
896713
896715
896716
896717
896719
896720
896721
896722
896723
896724
110292
896725
896726
896727
896728
110296
896729
896730
896731
110299
896733
896734
896735
896736
896737
896738
896739
896740
896741
110309
896742
896743
896744
896745
896746
896747
896748
896749
896750
896752
896753
896754
110322
896755
896756
896757
896758
896760
896761
896762
896763
896764
896765
896766
896767
896769
896770
896771
896772
896774
896776
896777
896779
896780
896781
896783
110351
896784
896785
896787
896788
896789
110358
896791
896792
896793
896794
896795
896797
896798
896799
110367
896800
896801
896803
896804
896805
896806
896807
110375
896808
896809
896810
110378
896811
896812
110380
896813
896814
896816
896817
896818
896819
896820
896821
896822
896823
896824
896825
896827
110395
896828
896829
110397
896830
896831
896832
110400
896833
896834
896835
896836
110405
896838
896839
896840
896841
896842
896844
896845
896846
896847
896848
896849
896850
896851
896852
896853
896854
896855
896856
896857
896858
896859
896861
896862
896863
896864
896865
896866
896867
896869
896871
896872
896873
110441
896874
896875
110443
896876
896877
110446
896879
896880
896881
896882
896883
896884
896885
896886
110454
896887
896888
896889
896890
896891
896892
896893
110461
896895
110464
896897
896898
896899
896900
372612
896901
896902
896903
896904
896905
110473
896906
896908
896910
896911
896912
896913
896914
110482
896915
110483
896916
896917
896918
896919
896921
110489
896922
896923
110491
896924
896925
896926
896927
896928
896929
110497
896930
896931
896932
896934
896935
896936
896937
896938
896939
896940
896941
896942
896943
896944
896945
896946
896947
896948
896949
110517
896950
896951
896952
896953
110521
896954
896955
896956
896957
896958
896959
896960
110528
896961
896962
110530
896963
896964
110532
896965
896966
896968
896969
896970
110538
896971
110540
896973
896974
110542
896975
896976
110545
896978
896979
110547
896980
896981
110549
896982
896983
896985
896986
896987
110556
896989
896991
896993
896994
896995
896996
110564
896997
110565
896998
896999
897000
110568
110569
897002
897004
897005
897006
897007
897008
897009
897010
110578
897011
897012
110580
897013
897014
897015
110583
897016
897017
897018
897019
110588
897021
897022
897023
897024
897025
897026
897027
897028
110596
897029
110597
897030
897031
110599
897032
897033
897035
897036
110604
897038
897039
897040
897041
897042
897043
897044
897046
897047
897048
897049
897050
897052
897053
897054
897055
897056
897057
110625
897058
897059
897060
897061
897063
897064
110632
897065
897066
897067
897068
897069
897070
897071
897072
110640
897073
897074
897076
897077
897078
897079
897080
897081
897082
897084
110652
897085
897086
897087
897088
897089
897090
897091
897092
110660
897093
110661
897094
897095
897097
897098
897100
897101
897102
897103
897104
897105
897106
110674
897107
897108
897109
897110
110678
897111
897112
897113
897114
897115
897116
897117
110686
897119
897120
897121
110689
897122
897123
897124
897125
897126
897127
897128
897129
897130
897131
897132
897133
897134
897135
897136
897137
110705
897138
897139
897140
897141
110710
897143
897144
897145
897146
897147
897148
110716
897150
897151
110719
897152
897153
897154
110722
897155
897157
897158
897160
897161
897162
897163
897164
897165
897166
897167
897168
897169
897170
897171
897172
897173
897174
897175
897176
897177
897178
897179
897180
897182
897183
897185
897186
897187
897188
897189
897190
897191
897192
110760
897193
897194
897195
897196
897198
897200
897201
897202
897203
897204
897205
897206
897207
897208
897209
110777
897210
110778
897211
897212
897213
897214
110782
897215
110783
897216
897218
897219
897220
897221
897222
897223
897224
897225
897226
897227
897228
897229
897230
897231
897232
897233
897234
897235
897236
897237
897238
897239
897240
897241
897242
897243
897244
897245
897246
897247
897248
897249
897250
897251
897252
897253
897254
897255
897256
897257
897258
897259
897260
897261
897262
110830
897263
897264
897265
897266
897267
897268
897269
897270
897271
897272
897273
897274
110842
897275
897276
897277
110845
897278
110846
897280
897282
897283
897284
897285
897286
897287
897288
897289
897290
897292
897293
897294
897295
110863
897296
897297
110865
897298
897299
897300
897301
897302
897303
897304
897305
897306
897307
897308
897310
897311
897312
897313
897314
110882
897315
897316
897317
897318
897319
897321
897322
897324
110892
897325
110893
897326
110894
897327
897328
897329
897331
897333
110901
897334
897335
897336
897337
897338
897339
897340
897341
897342
897343
897344
897345
897346
897347
897348
897349
897350
897351
897352
897353
897354
110922
897355
897356
897357
897358
897359
897361
897362
897363
110931
897364
110932
897365
897366
897367
897368
897369
897370
897371
897372
110940
897373
897374
897375
897376
897377
897378
897379
897380
110948
897381
897382
897383
897384
897385
897386
897387
897389
897390
110958
897391
897392
897393
897394
897395
897396
897397
897398
110966
897399
897400
897401
897402
897403
897404
110972
897405
897406
897407
897408
897409
897410
897411
110979
897413
897414
897416
110984
897417
897418
897419
897420
897421
897422
897424
897426
897427
897428
897429
897430
897431
110999
897432
111000
897433
897434
897435
897437
897438
897439
111008
897441
897443
897444
897445
897447
897448
897449
111017
897450
897451
897452
897453
897454
897455
897456
897457
897458
897459
897460
897461
897462
111030
111031
897464
897465
897466
373178
897467
897468
897469
897470
897471
897472
897473
897474
897475
897476
897477
897478
897479
897480
897481
897482
111050
897483
897484
897485
897486
897487
897488
897489
897490
111058
897491
897492
897493
897494
897495
897496
897497
897498
897499
897500
897501
111069
897502
897503
111071
897504
897505
897506
897507
897508
897509
897510
897511
897512
897513
897514
897515
897516
897517
897518
897519
897520
897521
897522
897523
897524
897525
897526
111094
897527
897528
897529
897530
111098
897531
897532
111101
897534
897535
897536
897537
897538
897539
897540
897541
897542
897543
897544
897545
897546
111114
897547
897548
897549
897550
897551
897552
897553
897554
111122
897555
897556
897557
111125
897558
897559
111128
897561
897562
897564
897565
897566
897568
897569
897570
111139
897572
897573
897574
111142
897575
897576
897577
897578
897580
897581
897582
897583
111151
897584
897585
897586
897587
897588
897589
897590
897591
897592
897593
897595
897596
897598
897599
897600
897601
897602
897603
897604
897605
897606
897607
897608
897609
897610
897611
897612
897613
897614
897615
897616
897617
897618
897619
897620
897621
111189
897622
897623
897624
897625
111194
897627
897628
897630
897631
897632
111200
897633
897634
111202
897635
897637
897638
897639
897640
897641
111209
111210
897643
897644
111212
897645
111213
897646
111215
897648
897649
897650
897651
897652
897653
897654
897655
897656
897657
897658
897659
111227
897660
897661
897662
897663
897664
897666
897667
897668
897669
897670
897671
897672
897673
111241
897674
897675
897676
897677
897678
897679
897680
897681
897682
897683
897684
897685
897686
897687
897688
111256
897689
897690
111258
897691
897692
897693
897694
897695
111263
897696
897697
897699
897700
111268
897702
111270
897703
897704
897705
897706
897708
897709
897710
111279
897712
897713
897715
897716
897718
897719
111287
897721
897722
897723
897724
111292
897726
897728
897729
897730
897731
111299
897732
897733
897734
897735
111303
897736
897738
897739
897740
897742
111310
897743
111311
897745
897746
897748
897749
897750
111318
897751
897752
897753
897754
897755
897757
897758
897759
897760
111328
897761
897762
897763
897764
897765
897766
111334
897767
897768
897769
111337
897770
897771
897772
897773
897774
897775
897776
111344
897778
111346
897779
897780
897781
897782
111350
897783
897784
897785
897786
897787
897788
111356
897789
897790
897791
897793
111362
897795
897796
897797
111365
897798
897799
897800
897801
897802
897803
897804
897806
111374
897807
897808
897809
111377
897810
897811
897812
897813
897814
897815
897816
897817
897818
897819
897820
111388
897821
897823
111391
897824
897825
897826
897827
897828
897829
111397
897830
111398
897831
111399
897832
897833
897834
897835
897836
897837
897838
111406
897839
897840
897841
897842
897843
897844
897845
897846
111414
897847
897848
897849
897850
897851
897852
897853
897855
897856
897858
897859
897860
897861
897862
897863
897864
897865
897866
897867
897869
897870
897872
897873
897875
897876
897877
897879
897880
111449
897882
897883
897885
111453
897887
897889
111457
897890
897892
897893
897894
897895
897896
897897
897898
897900
897901
897902
111470
897903
897904
897905
897906
897907
111475
897908
897909
111477
897911
897912
897914
897915
897916
897918
897919
111487
897921
897922
897923
897924
897925
897926
897927
897929
897930
897931
897932
897933
897934
897935
897936
897938
897939
897940
111508
897941
897942
897944
897945
897946
897947
111515
897948
897949
897950
897951
111519
897952
897953
897954
897955
897956
897957
111525
897958
897959
897960
897961
897962
897963
897964
897965
897966
111534
897967
897968
111536
897969
897970
897971
897972
897973
897974
897976
111544
897977
897978
897980
897981
897982
897983
897984
897985
897986
897987
897988
897989
897990
897991
897992
111560
897993
111561
897994
897996
111564
897997
897998
897999
898000
898001
898002
898003
898004
111572
898005
898006
898007
898008
898009
898010
898011
898012
111580
898013
898014
898015
898016
898017
898018
898019
898020
898022
111590
898024
898025
111593
898027
898028
898030
898031
898033
898034
898035
898037
898038
898039
898041
898042
898044
111612
898045
898046
898047
898049
111617
898050
898052
898053
898055
898056
898058
898059
898060
898061
898062
898063
898064
898065
898066
111634
898067
898068
898070
898071
898072
898073
898075
898076
111644
898078
111647
898080
111648
898081
898082
898084
111652
898085
898086
898087
898088
898089
111657
898090
111658
898091
898093
898094
898096
111664
898097
898098
898099
898100
898101
898102
898103
111671
898104
898105
898106
898107
898108
898109
111677
898110
898111
111679
898113
898114
898115
898116
898117
898118
898119
111687
111688
898121
898122
898123
898124
898125
898126
898127
898128
111696
898129
898130
898131
898132
898133
898134
898135
898136
898137
898138
898139
898140
111708
898141
898142
898143
898144
111713
898146
898147
898148
898149
111717
898150
898151
898152
111720
898153
898154
898155
111724
898157
898158
898159
898160
898161
898162
898163
111731
898164
898165
111733
898166
898168
898169
898170
898171
111739
898172
898173
898174
898175
898176
898177
898178
898179
898180
898181
898182
898183
898184
898185
898186
898187
898188
898189
898190
898191
898192
898193
898194
898196
898197
898199
898200
898201
898203
898204
898205
898207
898208
898209
111777
898210
898211
111779
898212
898213
898214
898215
898216
111784
898217
898218
898220
898221
898223
898224
898225
111793
898226
898227
898229
898230
111799
898232
898233
111801
898235
898236
898238
898239
898240
111808
898241
898242
898243
898244
898245
898246
898247
898248
898249
898251
898252
898253
898254
111822
111823
898256
898257
898258
111826
898259
898260
898262
898263
111831
898265
111833
898267
898268
111836
898270
898271
898272
898273
898274
898275
898276
898277
898278
111846
898280
898281
898282
898283
898284
898285
898287
111855
898288
898290
898291
898292
898293
898294
898295
898296
898297
898298
898299
898300
111869
898302
898304
898305
898306
898307
111875
898308
898309
898310
898311
898312
898313
898314
898315
111883
898316
898318
898319
898320
898321
898322
898323
898324
898325
898326
898327
898328
111896
898329
898330
111898
898331
898333
898335
898336
898338
898339
898340
898341
898342
898343
898344
898345
898347
898348
111916
898349
898350
111918
898351
898352
898353
111921
898355
898356
898358
898359
898360
898361
898362
898363
898364
898365
111933
898366
898367
898368
898369
898370
898371
898372
111940
898374
898375
898376
898377
898378
898379
898380
898381
898382
898383
898384
898385
898386
111954
898387
898388
898389
898390
111958
898391
111959
898392
111960
898394
898395
898396
898397
898398
898399
898400
898401
898402
898403
898404
898406
898407
898409
898410
898411
898412
111980
898413
898414
898415
898416
898417
898419
898420
898422
898423
898424
111992
898425
898426
898427
898428
898429
898430
898431
898432
112000
898433
898434
898435
898436
898437
898438
112007
898440
898441
112010
898443
898444
898445
898446
898447
898448
898449
112017
898450
898451
898452
898453
898454
898455
112023
898456
898457
898459
112027
898460
898462
898463
898464
112032
898465
898467
112035
898468
898470
112038
898471
112039
898472
112040
898473
898474
898475
898476
898477
898478
898480
898482
898483
898484
112052
898485
112053
898486
112054
898487
898489
898490
112058
898491
112059
898492
898493
898494
898496
112064
898497
898498
898499
898500
112068
898502
898503
898505
898506
898507
898508
898509
898510
898511
898512
898513
898514
898515
898516
112084
898517
898518
898519
898520
898521
898522
898523
112091
898524
112092
898526
898527
898529
898530
898531
898532
898533
898534
898535
898536
898537
898538
898539
898540
898541
898542
898543
898544
112112
898545
898546
112114
898547
898548
898550
898551
898552
112120
898553
112121
898554
898555
898556
898557
898558
898559
898560
112129
898562
898563
898564
898565
898566
898567
898568
898569
112137
898570
898571
112139
898572
898573
898574
898575
898577
898578
898579
112147
898580
898581
898583
898584
898585
112153
898586
898587
898588
898589
898590
898591
898592
898593
898594
898595
898596
898597
898598
898599
898600
898601
898602
898603
898604
898605
898606
898607
898608
898609
898610
112178
898611
898613
898614
112182
898615
898616
898617
898618
898619
898620
898621
898622
898623
898624
898625
898627
898628
898630
898631
898633
112202
898635
898636
898637
898638
898639
898640
898641
898642
898644
112212
898645
898646
898647
112215
898648
898650
898652
898653
898655
898656
898657
898658
112226
898660
112229
898662
898663
112231
898664
112232
898666
898667
898668
898669
898671
898672
898673
898674
112242
898675
898676
898677
898678
898679
112247
898680
898682
898683
898684
898686
898687
898688
898689
112257
898691
898692
898693
898695
898696
898697
898698
898699
112267
898701
898702
898703
898704
112272
898705
898706
112274
898707
898708
898709
898710
112279
898712
898713
898714
898715
898716
898717
898718
898720
898721
898723
112291
898724
898725
112293
898726
112294
898727
112295
898728
898729
898730
112298
898732
898733
898734
898735
898736
898737
898739
112307
898740
898741
898742
898743
898744
898745
898746
898747
898748
112316
112317
898750
898751
898752
898753
112321
898754
898755
898757
898758
898759
898760
898761
898762
898763
112331
112332
898765
112333
898766
898767
112335
898768
898769
898770
898771
898772
898773
898774
898775
112343
898776
112344
898777
898778
898779
898780
898781
898782
898783
898784
898785
898786
898787
898789
898790
898791
898792
898793
898794
898795
898796
898797
898798
898799
898800
112368
898801
898802
898803
898804
112372
898805
898806
898807
898809
898810
898811
112379
898812
898813
898814
112382
898815
898817
898818
898819
898820
898821
898822
898823
898824
898825
898826
898827
898828
898829
112397
898830
898831
898832
898833
898834
898835
898836
112404
898837
112405
898838
898839
898840
898841
898842
898843
898844
898845
898847
898848
898849
112418
898851
898852
898853
112421
898855
898856
898858
898859
898860
898861
112429
898862
898863
898864
112432
898865
898867
898868
898869
112437
898870
898871
898872
898873
898874
898875
898876
112444
898877
898878
898880
898881
112449
898882
898883
898884
898885
898886
112454
898887
898888
898889
112458
898891
898892
112460
898893
898894
898895
898896
898897
898898
898899
898901
898902
898903
898904
112473
898906
898907
898908
898909
898910
898912
898913
898914
898915
898916
898917
898918
898919
898920
112488
898921
898922
898923
898924
898925
898927
898928
898929
112497
898930
898931
898932
898933
898934
898935
898936
898937
898939
112507
898940
898941
898942
898943
112512
898945
898946
898947
898948
898949
898950
898952
898953
898954
898955
898956
898957
898958
898959
898960
898961
898963
898964
898965
898966
898967
112536
898969
112537
898970
898971
898972
898973
898974
898975
112544
898977
898978
898979
898980
898981
898982
898983
898984
898985
898986
898987
898988
898989
898990
898991
112559
898992
898993
898994
898996
898997
112566
898999
899000
899001
899002
899004
899005
899006
899007
899008
899009
899010
899012
899013
899014
899015
899016
899017
899018
899020
899021
899022
899023
899025
899027
112595
899028
899029
899030
899031
899033
899034
899035
899036
899037
899039
899040
899041
899042
899044
899045
899046
112614
899047
899049
899050
112618
899051
899052
899053
899054
899055
112623
899056
899057
899058
112627
899060
899061
899062
899064
899065
899067
112635
899068
899069
899070
899072
899073
899075
899076
112644
899078
899079
112647
899080
112648
899081
899082
899083
899084
899086
899087
112655
899088
899089
899090
899091
899092
899093
899094
899095
899096
112664
899097
112665
899098
899099
112667
899100
899102
112670
899103
899104
899105
112673
899106
112675
899108
899109
112677
899110
112678
899111
112679
899112
112680
899114
899115
899116
112684
899117
899118
899119
899120
899121
899122
899123
112691
112692
899125
112694
899127
899129
899131
112699
899132
899133
899134
899135
899136
899137
899138
899139
899140
899142
899143
899144
899145
899146
899147
899148
899149
899150
112719
899152
112721
899154
899155
899156
899157
899158
112726
899159
112727
899160
112728
899161
899162
374874
899163
899164
899166
899167
112735
899168
899169
112737
899170
899171
899172
899173
899174
899175
899176
899177
899178
899179
899180
899181
899182
374894
899183
899184
899185
899186
899187
112755
899189
899190
899191
899192
112761
899194
899195
899196
112764
899197
899198
899199
112767
899200
112768
899201
899202
112770
899203
899204
899205
899206
899207
112775
899208
112776
899209
899210
899211
899212
899213
899214
899216
899217
899218
899219
899220
899221
899224
899225
112794
899227
112795
899228
899229
112798
899231
899232
899233
899234
899235
112803
899236
112804
899238
112806
899239
899240
899241
899242
899244
899245
899246
112814
899247
112816
899249
112817
899250
899252
112820
899253
899254
899255
899256
899258
899259
899260
899261
899262
899263
899264
899265
899266
899267
899268
112836
899269
899270
899271
899273
899274
899275
899277
899278
899279
899280
899281
899282
899283
899284
899285
899286
899287
112855
899288
112856
899289
899290
112859
899292
899293
899294
899296
899297
899298
112866
899299
112867
899300
899301
112869
899302
899303
899304
899306
899307
112875
899308
899309
899310
899311
899312
899313
899314
112882
899315
899316
899318
112886
899319
899320
112888
899321
899322
899323
899324
899326
899327
899328
899329
899330
899332
899333
899334
899335
899336
899337
899338
899339
899340
112908
899341
899342
112910
899343
899344
899345
112913
899346
899347
899349
899351
899352
899353
899354
899355
899356
899357
112925
899359
112927
899360
899361
899362
899363
899364
899366
899367
899368
899369
899370
899371
899372
899373
899375
899376
899377
899378
899379
899381
899382
899383
899385
899386
899387
899389
899390
899392
899393
899395
899396
899398
899399
899400
899401
899403
899405
899406
899407
899408
899409
899410
112979
899412
899413
899414
112982
899415
899416
899417
899418
899419
899421
899422
112990
899423
899424
112992
899425
899426
899427
899428
899429
112997
899430
899431
899432
113000
899434
113002
899435
899436
899437
899438
899439
899440
113008
113009
899442
899443
899444
899445
113013
899446
899447
899448
899449
899450
899451
899452
899453
899454
899456
899457
899458
899460
899462
899463
899464
113032
899465
899466
899468
899469
113037
899471
899472
113040
113041
899474
899476
899477
899478
899480
899481
899482
899483
899484
899485
113053
899486
899487
899489
899490
899491
899493
899494
899495
899496
899497
113065
899498
899500
899501
113069
899502
113070
899503
113071
899504
899505
899506
113074
899508
113077
899510
899511
899512
899513
899514
899515
899516
899517
899518
899519
899520
899521
899522
113090
899523
899524
113092
899525
899526
899527
899528
899529
899530
113098
899531
899533
113101
899534
899535
899536
899537
899538
899539
899540
899541
113109
899543
899544
899545
899546
113114
899548
899549
899551
899553
899554
899555
899556
899558
899559
899560
899561
899562
899563
899564
899565
899566
899567
899568
899570
899571
899572
899573
113142
899575
899576
899578
899579
899580
899581
899582
899584
899585
899586
113154
899588
899589
899590
899591
899592
113160
899594
113162
899595
899596
113164
899598
899599
899600
899602
899603
899604
899606
899607
899608
899609
899610
113178
899611
899612
899613
899614
899615
899616
899617
899618
899619
899620
113189
899622
899623
899625
899626
899627
899628
113196
899629
899630
899631
113199
899632
899633
899634
899635
899636
113204
899637
113205
899638
113206
899639
899640
899641
899642
899643
899644
899645
899646
899647
899648
899649
899650
113218
899651
899652
899653
899654
899655
899656
899657
899659
899661
899662
899663
113231
899664
899665
113233
899666
899667
899668
899669
113237
899670
899671
899672
899673
113241
899674
899675
113243
899677
899678
113246
899679
899680
899681
899682
113250
899683
899684
899685
899686
113254
899687
899688
899689
899690
899691
899693
899694
899696
899697
113265
899698
899699
113267
899700
899701
899703
899704
899705
899706
113274
899707
113275
899708
899709
899710
113279
899712
113280
899713
899714
899715
899716
899717
113286
899719
113287
899721
899723
113291
899724
899726
899727
899728
899729
899730
899731
899732
899733
113301
113302
899735
899736
899737
899738
899739
899740
899741
899742
899743
899744
113312
899745
113313
899746
899747
899748
899749
899750
899751
899752
899753
899754
899755
899757
899758
899760
113328
899761
899762
113330
899763
113331
899764
899765
899766
899767
113335
899768
899770
899771
899772
899773
899774
899775
899776
899777
113345
899778
899779
899780
899781
899782
113350
899783
899784
899785
113353
899786
899788
113356
899789
899791
899792
899793
113361
899794
899795
899796
899797
899798
899799
899800
899801
899802
899803
899804
899805
899806
899807
113375
899808
899809
899810
113378
899811
113379
899813
899814
899815
113383
899816
113384
899817
899818
899819
113387
899820
899821
899822
113390
899823
899825
899826
113394
899828
899829
899830
899831
899833
899834
899836
899837
899839
113407
899840
113408
899841
899842
899843
113411
899844
899845
113413
899846
899847
113415
899848
899849
899850
899851
899852
899853
899854
113422
899856
899857
899858
899859
113427
899860
899861
899862
113431
899864
899865
899866
899867
113435
899869
899870
899871
899872
899873
899874
899875
899876
113445
899878
899879
899880
899881
899882
899884
113452
899885
899886
113454
899887
899888
899889
113457
899891
899893
113462
899895
899896
899897
113465
899898
899899
899900
899901
899902
899904
113472
113473
899906
899907
899908
899909
113477
899910
899911
899912
899913
899914
899915
899916
113484
899917
899918
899919
899921
113489
899922
899923
113491
899924
113492
899925
113493
899926
899927
899928
899929
899930
899931
899932
899933
113501
899934
113502
899935
899936
113504
899937
899938
899939
899940
899941
113509
899942
899943
899944
113512
899945
899947
899948
899949
899950
899951
899952
899953
113521
899954
113522
899955
899956
113524
899957
899958
899959
899960
899961
113529
899963
899964
899965
899966
899967
899968
899969
899970
899971
899972
899973
899974
113542
899975
899976
899977
899978
113546
899979
899980
113548
899981
113549
899982
899983
899984
899985
899986
899988
113556
899989
899990
899991
113559
899992
113560
899993
899994
899995
899996
899997
899998
899999
900000
900001
113569
900002
900003
900004
900005
900007
900008
900010
900011
900012
900013
900015
900017
900018
900019
900020
900021
900022
113590
900023
113591
900024
900025
900026
900027
113595
900028
900029
900030
900031
113599
900032
900033
900034
900035
900036
900037
900038
113607
900040
900041
113609
900042
900043
900044
113612
900046
900047
113615
900048
113616
900049
900050
900051
113619
113620
900053
900054
900055
900056
113624
900057
900058
113626
900059
900060
900061
900062
900064
900065
113633
900066
113634
900067
900068
900069
900070
900071
900072
900073
900074
900076
900077
900078
113646
900079
900080
900081
900082
900083
900084
900085
113653
900086
900087
900088
900089
900090
113659
900092
900093
900094
900095
900096
900097
900098
900099
900100
900101
900102
900103
900104
375816
900105
900106
900107
113675
900108
900109
113677
900110
900111
900112
113680
900113
900114
900115
113683
900116
900117
900118
113686
900119
113687
900120
900121
900122
900123
113691
900124
113692
900125
900126
113694
900127
113695
900128
900129
900130
900131
900132
900134
113702
900135
900136
113704
900137
900138
900139
113707
900140
900141
113709
900142
900143
900144
900145
113713
900146
900147
900148
900149
900150
900151
900152
900153
900154
900155
900156
113724
900157
900158
900159
113727
900160
900161
900163
900164
113732
900166
113734
900167
900168
900169
900170
900171
900172
113740
900173
900174
900175
900176
900177
900178
113746
900179
900180
900181
113749
900182
900183
113751
900184
113752
900185
900187
900188
900189
900190
900191
113759
900192
900193
900194
900195
900197
900198
900199
900200
113768
900201
900202
113770
900203
113771
900204
900205
900206
900207
113775
900208
900209
900210
900211
113779
900212
900213
113781
900214
900215
113783
900216
113784
900217
900218
900219
900220
900221
900222
900223
900224
900225
900226
900227
900228
900229
900230
900231
900232
900233
900234
900235
113803
900236
900237
900238
900239
113807
900240
900241
900242
900243
113811
900244
900245
900246
900247
900248
900249
900251
113819
900252
900253
900255
900256
900257
900259
900260
900261
375973
900262
900263
900264
900265
900266
900267
900269
900270
113838
900271
900272
900273
900275
113843
900276
900277
113845
900279
900281
900282
113850
900283
900284
113852
900285
113853
900286
900287
900288
900289
900290
113858
900291
900292
900293
900294
113862
900295
113863
900296
900297
900299
900300
900301
900303
900304
113872
900305
900306
900307
113876
900309
900310
900312
900313
900314
900315
900316
900318
900319
900321
900322
900323
900324
113892
900325
113893
900326
113894
900327
900328
113896
900329
900331
900332
113900
900333
900334
900335
113903
900336
900337
900338
113906
900339
900340
900341
900342
900343
113911
900344
900345
900346
900348
900349
900350
900351
900352
900353
113921
900354
900355
900356
900357
900358
900359
900361
113929
900362
113930
900363
900364
900365
900366
900367
900368
900369
900370
900371
900372
900373
900374
900375
900376
900377
900378
900379
900380
900381
900382
900383
900384
900385
900386
900387
900388
900389
900390
113958
900391
900392
900393
900394
900395
900396
900397
900398
900399
900400
900401
900402
900403
900404
900405
900406
900407
900408
900409
900410
900411
900413
900414
900416
900417
900419
900420
113989
900422
900423
113991
900424
113993
900426
900427
900428
900429
900430
900431
113999
900432
900433
900434
900435
114004
900437
900438
900440
900441
900443
900444
900445
900446
114014
900447
900448
900449
900450
900451
900452
900454
900455
900456
900457
900458
900459
900460
900461
900462
900463
900464
900465
900466
900467
900468
900469
900470
900472
900473
900474
900476
900477
900478
900479
900481
900482
900483
900484
900486
900487
900488
900489
900490
114059
900492
114060
900493
900494
114062
900495
114063
900496
900497
900498
900499
900500
900501
900502
900503
900504
900505
900506
900507
900508
900509
900510
900511
900512
900514
900515
900516
114084
900517
900518
900519
114088
900521
900522
900523
900524
114092
900525
900526
114094
900527
900528
900529
900530
900531
900532
900533
114101
900534
900535
900536
900537
900538
900539
114107
900540
900542
900543
900544
900545
900546
900547
900548
900549
900550
900551
900552
900553
900554
900555
900556
114124
900557
900558
900559
114127
900560
900561
900562
900563
114131
900564
114132
900565
900566
900567
900568
900570
900571
900572
900573
900575
114143
900576
900578
900579
900580
114149
900582
900583
114152
900585
900586
900588
900589
114157
900590
114159
900592
114161
900594
900595
900596
900598
900599
900601
900602
900603
900604
900605
900607
900608
900610
900611
900612
900614
900615
900616
900618
114186
900619
114188
900621
900622
114190
900623
114191
900624
900625
900626
900627
900629
900631
900632
900633
900634
900635
114203
900636
900637
900638
900639
114207
114208
900641
900642
900643
900644
900645
900647
900649
900650
900652
900653
114222
900655
900656
900657
900659
900660
114228
900661
900662
900663
900664
900665
900666
114234
900667
900668
900670
900671
900673
900674
900675
900676
114244
376388
900677
900678
900679
900680
900681
900682
900683
900684
114252
900685
900686
114254
900687
900688
114256
900689
114257
900690
900691
114259
900692
900693
900695
900696
900697
900698
900699
900700
900701
900702
900704
900705
900706
900708
900709
900710
900711
900712
900713
900714
900715
900716
900717
900718
900719
900720
900721
900722
900723
900724
900725
900726
900727
114295
900728
114296
900729
900730
900731
900732
900733
900734
900735
900736
114304
900737
900738
900739
900740
900741
114309
900742
900743
900744
900745
900746
114314
900747
900748
900749
900750
900751
900752
900754
900755
900757
900758
114327
900760
900761
900763
900764
900766
900767
900768
900769
900770
900771
900772
114340
900773
900774
900775
900776
900777
900779
900780
900782
900783
900785
900786
900787
114355
900788
900789
900791
900793
114361
900794
900795
900796
900797
900798
900800
900801
900802
900804
900805
900806
900807
900808
900809
900810
900811
900812
900813
900814
900816
900817
900818
900820
114388
900821
900822
900824
900825
900826
900827
900828
900829
900830
114398
900831
900833
900834
114402
900836
900837
900838
900839
900840
900842
900843
900844
900845
114413
900846
114414
900847
114415
900848
900849
114417
900850
900851
114419
900852
900853
900854
114422
900855
900856
900857
900858
900859
900860
900861
900862
900863
900864
900865
900866
900867
900869
900870
900871
900872
114440
900873
900874
900875
900876
900877
114445
900878
900879
114447
900880
900881
114449
900882
114450
900883
900885
114453
900886
900887
900888
900889
900891
900892
900894
114462
900895
900896
114464
900897
900898
900899
900900
114468
900901
900902
900903
900904
114472
900906
114474
900907
900908
900909
900910
900911
114479
900912
900913
900914
900915
900916
900917
900918
900919
900920
114488
900921
900922
900923
900924
900925
900926
114494
900928
900929
900931
114499
900932
900934
900935
900936
114504
900937
114505
900938
900940
900941
900943
900945
114513
114514
900947
900948
114516
900949
900951
114519
900952
900953
114521
900954
900955
900956
114525
900958
114526
900959
900960
114528
900961
900962
114530
900964
900965
114534
900967
900968
900969
114537
900971
900972
114540
900974
900975
900976
900977
900978
900979
900980
900981
900984
900985
900987
114555
900988
114556
900989
900990
900991
900992
114561
900994
900995
114563
900996
900997
114565
900998
900999
114568
901001
901002
114570
901003
901004
901005
901006
901008
114576
901009
114577
901011
901012
901013
901014
114583
901016
114584
901017
114585
901018
901020
901021
901022
114590
901023
901024
901025
901026
114594
901028
901029
114598
901031
901032
901033
901034
114603
901036
901037
901039
901040
901041
114609
901042
901043
114611
901044
901045
901046
901047
901048
114616
901050
901051
114619
901052
901053
901054
901055
901056
114624
901057
901058
901059
114627
901060
901061
901062
901063
901064
901065
114633
901067
901068
901069
114637
901070
901072
901073
901074
114642
901075
901076
114644
901077
901078
901079
114647
114648
901081
114650
901083
901084
114652
901085
901086
114654
901087
901088
114656
901089
901091
114659
901092
901093
114661
901094
901095
901096
901098
114666
901099
901100
901101
901102
901103
901104
901105
114673
901106
114674
901107
901108
901109
901110
114678
901111
114679
901112
901113
901114
901115
114683
901116
901117
901118
901119
114687
901120
901122
901123
114691
901124
114692
901125
114693
901126
901127
901128
901129
901131
901132
114700
901133
901134
114703
901136
901137
114706
901139
901140
901141
901142
114710
114711
901144
901145
901146
901147
114715
901148
901149
901150
901152
901153
901155
901156
901158
901159
114727
114728
901161
901162
114731
901164
901165
114734
901167
901168
114736
901169
901170
901171
114739
901172
114740
901173
114741
901174
901175
901176
901177
114745
901179
114748
901181
114749
901182
901183
901184
901186
901187
901188
901189
901191
901192
901193
114761
901194
901196
901197
901198
114766
901199
114767
901200
901201
901202
901203
901204
901205
901206
901207
901208
901209
901210
901212
901213
901214
901215
901216
114784
901217
901218
114787
901220
901222
114790
901223
901224
114792
901225
901226
901227
901228
901230
114798
901231
901232
901233
901234
901235
901236
901237
901238
901239
901240
901241
114810
901243
901244
114812
901245
901246
901247
114815
901248
901249
901250
901251
114819
901252
901253
901254
901255
901256
901257
901258
901259
114827
901261
901262
901263
901264
114833
901266
114834
901267
114835
901268
901269
901270
114838
901271
901272
114840
901273
114841
901274
901275
901276
901277
901278
901279
901280
901281
114849
901282
114850
901283
114852
901285
901286
901287
901288
901289
901290
901291
901292
901293
901294
901295
901296
901297
901298
901299
901300
901301
114869
901302
901303
901304
901306
901307
901309
114877
901310
901311
114879
901312
901313
901314
901315
114883
901316
901317
901318
901319
901320
114888
114889
901322
114891
901324
901326
114894
901327
901328
901329
901330
901332
114900
901334
114902
901335
901336
901337
901339
901340
901341
901342
901343
901345
901346
901348
114916
901349
114918
901351
901352
901353
901354
114922
901355
114923
901356
114925
901358
114926
901359
901360
901361
901363
114931
901364
901366
114934
901367
901369
901370
901371
114939
901372
901373
114941
901374
901375
901376
114945
901378
901379
114947
901381
901382
901383
901384
901385
901386
901387
901388
114956
901389
901390
901391
114960
901393
901394
901396
901397
901398
901399
901400
901402
114970
901403
901404
901406
901407
901408
901409
901410
901411
901412
901413
901414
901416
114984
901417
901418
901419
901420
901421
901422
114990
901423
901424
901425
901426
901427
901428
901429
901431
901432
115000
115001
901434
901435
901436
115005
901438
901439
115007
901440
115008
901441
901442
901443
115012
901445
901446
901447
901448
115016
901449
901450
901451
901452
901453
901454
901455
901456
901457
901459
901461
901462
901464
901465
901466
901467
115035
901468
901469
901470
901471
901472
901473
901474
115043
901476
901477
115045
901478
901479
115047
901480
901481
901482
115050
901483
901484
901485
901487
901488
115056
901489
901490
901491
901492
901494
115062
901495
901496
901497
901498
901499
901500
901501
115069
901502
901503
901504
901505
901506
901507
901508
901509
901510
901512
901513
901514
901515
901516
115084
901517
901518
901519
901520
901521
115089
901522
901523
901525
901526
115094
901527
901528
901530
115098
901531
901532
901533
901534
901535
901536
901538
901539
901540
901541
901542
901543
901544
901545
901546
901547
901548
901549
901550
115118
901551
901553
901554
901555
901556
901557
901558
901559
115127
901560
901561
115130
901563
901564
901565
901566
901567
901569
901570
901571
115139
901572
901573
115141
901574
901576
901577
901578
901579
901580
901582
901583
115151
901585
901586
901588
901589
901590
115158
901591
115159
901592
901593
901594
901595
901596
901597
901598
901599
115167
901600
901602
115171
901604
901605
901606
901607
901608
901609
901610
901611
901612
901613
115181
901614
901615
901616
901617
115185
901619
901620
901621
901622
901623
901624
901625
901626
901628
901629
901630
901631
901632
901633
115202
901635
115204
901637
901638
901639
901640
901641
901642
115210
901643
901644
115212
901645
115213
901646
901647
115215
901648
901649
901650
901651
901652
115220
901653
901655
901656
901657
901658
901659
115227
901660
901662
901663
901665
901666
115234
901668
901669
901670
901671
901673
901674
901676
901677
901678
901679
901680
901681
901682
901684
901685
901686
901687
901689
901690
115259
901692
901693
901694
115262
901695
901696
115264
901697
901698
901699
901700
901701
115270
901703
901704
901705
115273
901706
901707
901708
901709
901710
901711
901712
901713
115282
901715
901716
901717
901718
901719
115288
901721
901722
901724
901725
901726
901727
901728
901729
901730
901731
901732
115300
901733
901734
901735
901736
115304
901737
901739
901740
115308
901741
901742
901743
115311
901744
901745
901747
115315
901748
901749
901750
901751
901753
901754
901755
115323
901756
901757
901758
901759
901760
115328
901761
115329
901763
901764
901765
901766
901767
115335
901768
901769
901770
901771
901772
901773
901775
901776
901777
115345
901778
901779
901780
901781
901782
115350
901783
901784
115352
901785
901786
901788
901789
901790
901791
901792
901793
901794
901795
115363
901797
901798
901799
901801
901802
901804
115372
901805
115373
115374
901807
901809
901810
901811
901813
115381
901814
901815
901816
901818
901819
901820
115389
901822
901823
901824
901825
115393
901827
115396
901829
901830
115398
901832
901833
901834
901835
115403
901837
901838
901839
901840
901841
115409
901842
115410
901843
115412
901845
901846
901847
901848
901850
901851
901853
901854
901855
901856
901857
901858
901860
901861
901862
115430
901863
901864
901865
901866
901867
901868
115436
901869
901870
901872
901873
901874
901875
901877
901878
901880
901881
901882
901883
901884
901885
901886
901887
901888
115456
901889
901890
901891
901892
901894
901895
901896
901897
901898
901899
901900
901901
901902
901903
901905
115473
901907
901908
901909
901910
901911
115479
901912
901913
901915
901916
901917
901918
901919
901920
901921
901923
901924
901925
901926
901927
901928
901929
901930
901931
901932
901933
901934
115502
901935
901936
901937
901938
901939
901940
901941
115509
901943
901944
901945
901946
901947
901948
901949
901950
115518
901951
901953
901954
901955
901956
901957
115525
901958
901959
901960
901961
901962
901963
901964
901965
115533
901966
901967
901969
901970
901971
901972
901973
901974
115542
901975
901976
901977
901978
901979
901980
901981
115549
901982
901983
115551
901984
901985
901986
901987
901988
901989
901990
901991
901992
901993
901994
901995
901996
901997
901998
901999
902000
115568
902001
115569
115570
902003
902004
115572
902006
902007
115575
902009
902010
115578
115579
902012
902013
115581
902015
115583
902016
115584
902017
115585
902019
902021
902022
902024
902025
902026
902028
902029
902030
902032
902033
902034
902035
115604
902037
902038
115606
902039
902040
902042
902043
902044
115613
902046
902048
902049
902051
115619
902052
902053
902054
115623
902056
902057
902058
902059
902060
902062
902063
902064
902065
902067
902068
115636
902069
902070
902071
902073
902074
902075
902076
902077
902078
115646
902079
902081
115649
902082
902083
115651
902084
902086
902087
902088
902089
902090
902092
902093
902094
902095
902096
902098
115666
902099
902101
902102
902103
902105
902106
902107
902108
902109
115677
902110
902111
115680
902113
115681
902114
902115
902116
902117
902119
902120
902121
115689
902122
902123
115691
902124
902125
902126
902127
115695
902128
902129
115697
902130
902131
902132
902134
902135
902136
902137
902138
902139
115707
902140
902141
902142
902143
902144
902145
902146
902147
902149
902150
902151
902152
902153
902154
902155
902156
902157
902158
902159
902160
902161
902162
902163
902164
902165
902166
902167
902168
902169
902171
902173
902174
902175
902176
902177
902178
902179
115747
902180
902181
902182
902183
902184
902186
902188
902189
902190
902191
115759
902192
902193
902194
902195
902197
902199
115767
902200
902201
902202
115770
902204
902205
902207
115775
902208
902209
115777
902210
902211
115779
902212
902213
902214
902215
902216
902217
902218
902219
902220
115789
902222
902223
902224
902225
902226
902227
902228
902230
902231
902233
902234
902236
902237
902238
902239
902240
902241
115809
902243
902244
902245
115814
902247
902248
902249
115817
902250
902251
902252
902253
115821
902254
902256
902257
115825
902258
902259
902260
902261
902262
902263
902265
115833
902266
902267
902268
115837
902270
115839
902272
902273
902274
902275
902276
902277
902278
902279
902280
902281
902283
902284
902285
902286
902287
902288
902289
902291
115859
902292
902294
902295
115863
902296
902297
902299
902300
902301
902303
902304
902305
902306
902307
902308
902309
902310
902311
115879
902312
115880
902313
902314
902315
902316
902318
902319
902320
902321
115889
902322
902323
902324
902325
902326
902327
902328
115896
902329
115897
902330
902331
902332
902333
902334
115902
902335
902336
902337
902338
902340
902341
902342
902343
902344
902346
115914
902347
902348
902349
902350
902351
902352
902353
115921
902354
902355
902356
115924
902357
902358
902359
115927
902360
902361
902362
902363
902364
902365
902366
115934
902367
902368
902369
902370
902371
902372
902373
902374
115942
902375
115943
902376
902377
115945
902378
115946
902379
902380
902381
115949
902383
115951
902384
902385
902386
902387
902388
902389
115957
902390
115958
902391
902393
902394
902395
902397
902398
902400
902401
902402
902403
902405
902406
902408
902409
902410
902411
902412
902413
902414
902415
902416
902418
115986
902419
902420
902421
902422
902423
902424
115993
902426
902427
902428
902429
902430
902431
902433
902434
902435
902436
902437
902439
902440
902441
902442
902444
902445
902447
116015
902449
902450
116018
902451
902452
902453
116021
902454
902455
902456
902458
902459
902460
902461
902462
902463
902464
116032
902465
116033
902466
902467
902468
902469
116037
902470
116038
902471
902472
902473
902474
902475
902476
902478
902479
902481
902482
902483
902484
902485
902486
116054
902487
902488
902489
116057
902490
902491
902492
902493
902494
902495
902496
902497
902498
902499
902500
902501
902503
116071
902504
902505
902506
902507
902508
902509
902510
116078
902511
902512
902513
902514
902515
902516
902517
902518
902519
116087
902520
902521
902522
902523
902524
902525
902526
116094
902527
902528
902530
902531
902532
902533
902534
902535
902536
116104
902537
902538
116106
902539
116107
902540
902541
902542
902543
902544
902545
902546
116114
902547
902548
116117
902550
116118
902551
902552
902554
902556
902557
902559
902560
902561
902563
902564
902565
902566
902567
902568
902569
902570
902571
902572
902573
902574
902575
902576
902578
902579
902580
902581
902582
116150
902583
902584
902585
902586
902587
902589
902590
902591
902592
902594
902595
902596
116164
902597
902598
902599
116167
902601
116169
902602
902604
902605
902606
902607
902608
116176
902610
902611
902613
902614
902615
116183
116184
902617
116185
902618
902619
902621
902622
902623
902624
116192
902625
902627
116195
902628
902629
902630
902631
902632
902633
902634
116202
902635
902637
116205
902638
902639
902641
116209
902642
902643
902644
902645
902647
116215
902648
902649
116217
902650
116218
902651
902652
902653
902654
902655
116223
902656
902657
116225
902658
902659
902660
902661
116229
902662
902663
902664
902665
902666
116234
902667
116235
902668
902669
902670
902671
116239
902672
902673
902674
902675
902676
902677
902678
902679
902680
902681
902682
902683
902684
902685
902687
902688
902689
902690
902691
902692
902693
902694
116262
902695
902696
116264
902697
902698
902699
902700
902701
902702
902704
902705
902706
902707
902708
902709
902710
902711
116280
902713
116281
902714
902715
902716
116284
902717
902719
902720
116288
902721
902722
902723
902725
116294
902727
902728
902729
902730
902731
116299
902732
902733
902734
902736
902737
116305
902738
116306
902739
902740
902741
902742
902743
902744
902745
902746
902747
902748
902749
902750
116318
902751
902752
902753
902754
902755
902756
116324
902757
116325
902758
902759
902760
902762
902763
902765
116333
902766
116334
902767
116335
902768
902769
116337
902771
116339
902773
902774
902776
902777
902778
116346
902779
902780
902781
902782
902783
902784
902785
902786
902787
902788
902789
902790
116358
902791
902792
902793
902794
902795
902796
902797
902798
902799
116367
902800
902801
116369
902802
116370
902803
902804
902805
902807
902808
902809
902810
902811
902812
902813
902814
116382
902815
116383
902816
902817
902818
902819
902820
902821
902822
902823
116391
902824
902826
902827
902829
116397
902830
902831
902832
902833
902834
902835
902836
902837
116405
902838
902839
902840
902841
116409
902842
116410
902843
902844
902845
902846
902847
902848
902849
116418
902851
902852
902853
902855
902856
902857
902858
902859
116427
902860
902861
902862
902863
902864
902865
902866
902867
902868
902869
902870
902871
902872
116440
902873
902874
902875
902876
116444
902878
902879
116447
902880
116448
902881
902882
902883
116451
902884
116452
902886
116454
902887
902889
902890
902891
116459
902892
902893
902894
902895
902896
902898
902899
902900
116468
902901
902902
116470
902904
902905
902906
902908
902909
902910
902911
902912
902913
902914
116482
902915
902917
902918
902919
902920
902921
902922
902923
902924
902925
902926
902927
902928
902929
902930
116498
902931
902932
902933
902934
902935
116503
902936
902937
902938
902939
902940
902941
902942
902943
116511
902944
902945
902946
902947
902948
902949
902950
902951
902952
902953
902954
902955
902957
116525
902958
902960
902961
902962
902963
902964
902965
902966
902968
902969
116538
902971
902972
902973
902974
902975
902976
902977
902978
116546
902979
902980
902981
902983
902985
902986
902987
902988
116556
902989
116557
902990
902991
902992
902993
902994
902995
902996
902997
902998
902999
903000
903002
903003
903004
903005
116573
903006
903007
116575
903008
903009
903010
116578
903011
903012
903013
903014
903015
116583
903016
903017
903018
903019
903020
116588
903021
903022
116590
903023
903024
903025
116593
903026
903027
903028
903029
903031
903032
903034
116602
903035
903036
903037
903038
903039
903040
903041
903042
903043
903044
903045
903046
116614
116615
903048
903049
903050
903051
903052
903053
903054
903055
903056
116624
903057
903058
116626
903059
903060
903061
116629
903062
903063
903064
903065
903066
903067
116635
903068
903069
116638
903071
903072
903073
903074
903075
903076
116644
903077
903078
116647
903080
116648
903081
903082
903083
903084
903085
903086
903087
116655
903088
903089
903090
903092
903093
903094
903095
903096
116664
903097
903098
903099
903100
116668
903101
903102
116670
903103
903104
903105
903106
903107
903108
903109
903110
903111
903112
903113
903114
116682
903115
116683
903116
116684
903117
903118
903119
903120
116688
903122
116691
903124
378836
116693
903126
903128
903130
116698
903132
903134
116702
903136
903138
903140
116709
903142
116710
903144
903146
903148
903150
903152
903154
903156
116724
903158
116726
116727
903160
116729
903162
116731
903164
903166
903168
116736
903169
903170
903171
903173
116741
116742
903175
116743
903177
903179
903180
903181
903182
116750
903184
903186
903188
903189
903190
116758
903192
903194
903196
903198
903199
903200
903202
903204
116772
903206
903208
116777
903210
116778
903212
903214
903216
116785
903218
903219
903220
116788
116789
903222
903224
903226
903227
903228
116797
903230
903231
903232
116801
903234
903235
116803
903236
903237
903238
903239
903240
903241
903242
903243
903244
116812
903245
903247
116816
903249
903251
903253
903255
903257
116825
903259
903261
903263
903265
903267
903269
903271
116839
903273
903275
903277
903279
116848
903281
903283
903285
903287
903289
116858
903291
116860
903293
116863
116870
116872
116874
116878
116881
116885
116893
116894
903327
903329
116898
903331
116899
903333
116902
903335
903337
903339
903341
903343
903345
116913
903347
903349
116918
903351
116919
903353
116921
903355
903357
116926
903359
903361
903363
903365
116933
903367
903369
903371
903372
903373
116942
903375
903376
116944
903377
903379
903381
903382
903383
116952
903385
903387
903388
903389
116957
903390
903391
116959
903393
903395
903397
116965
903399
903400
903401
903402
903404
903406
903408
116976
903410
903411
903412
903413
903415
903417
903418
903419
903420
903422
903424
903425
903427
903429
903431
903433
903435
903437
117006
903439
903441
903443
903445
117013
903447
117015
903449
117018
903451
903453
903455
903457
117025
903459
903461
903463
117032
903465
903467
903469
903471
903473
903475
903477
903479
903481
903483
903485
903487
903489
903491
903493
117061
903494
903495
903496
903498
903500
903502
117071
903504
903505
903506
903507
903509
903511
903513
117081
903515
117084
903517
117085
903519
117087
903521
903522
903523
117091
903524
117092
903526
903528
903530
903532
903534
903536
117104
903538
903539
903540
903541
117117
117120
117136
903570
903573
903574
903576
117144
903578
117147
903580
903582
903584
117152
903586
117154
903588
903590
903592
117160
117161
903594
903596
903598
903600
903602
903604
903606
117174
117175
903608
903610
903612
903614
903616
903618
903620
903622
903624
903626
903627
903630
903631
903632
903634
903636
903638
903640
903642
903644
117212
903645
903646
903647
903649
903651
903653
903655
903657
903659
903661
903662
903664
903666
903668
903669
903670
903671
903672
903673
117241
903675
903677
117246
903679
903680
903681
903682
903683
903684
117253
903686
903688
903689
903690
903691
903693
117262
903695
903697
903699
903701
903703
903705
903707
903709
903711
117279
903713
903715
903717
117285
117286
903719
903721
903723
117292
903725
903727
903729
117297
903731
117300
903733
117301
903735
903737
903738
903739
903741
903743
903745
903747
117315
903749
903751
117319
903753
117321
903755
903757
903759
117328
903761
903763
903765
903767
117335
903769
903771
117339
903773
903775
903777
117345
117346
903779
903781
903782
903783
903785
903787
903789
903791
903793
903795
903797
903799
903801
903802
117370
903803
903804
903806
903807
117375
903809
903810
903812
117380
117381
903814
903816
903818
903820
903822
903823
903824
903826
903827
903828
903829
903830
903831
903832
117401
903834
903835
903836
903837
903840
117408
903842
903843
903846
903848
117416
903850
903852
903854
903856
903858
117426
903860
903862
903864
903866
903868
903870
903872
117440
903874
903876
117445
903878
903880
903882
117450
903884
903886
903888
903890
903892
903894
117462
117463
903896
903898
903900
903902
117470
903904
903906
117474
117475
903908
117477
117478
117480
117482
117502
117503
903938
117506
117507
117518
117521
903968
903970
903971
903972
117540
903973
903974
117542
903975
903976
903977
903978
903979
903980
903981
903982
903983
903984
117552
903985
903986
903987
903988
117556
903989
903990
117558
903991
903992
903993
903994
117562
903995
903996
903997
903998
117566
903999
904000
904001
904002
904003
904004
904005
904006
904007
904008
904009
904010
117579
904012
904013
904014
117582
904015
904016
117584
904017
904018
117586
904019
117587
904020
904021
904022
117590
904023
904024
904025
904026
904027
904028
904029
904030
904031
904032
904033
904034
904035
904036
904037
904038
117606
904039
904040
904041
117609
904042
117611
904044
904045
904046
117614
904047
904048
117616
904049
904050
904051
904052
904053
117621
904054
117622
904055
904056
904057
904058
117626
904059
904060
904061
904062
904063
117631
904064
904065
904066
904067
904068
904069
904070
904071
904072
904073
904074
117642
904075
904076
904077
904078
904079
904080
904081
904082
904083
904084
904085
904086
904087
904088
904089
904090
904091
904092
904093
904094
904095
904096
904097
904098
904099
904100
904101
904102
904103
904104
117672
904105
904106
904107
904108
904109
904110
904111
904112
117680
904113
117681
904114
904115
904116
904117
904118
904119
904120
904121
117689
904123
904124
904125
117693
904127
904128
904129
117697
904130
904131
904132
904133
904135
904136
904137
904138
904139
904140
904142
904143
904144
904146
904148
904150
904151
904152
904153
904154
904155
904156
904157
904158
904159
904160
904161
904162
904163
904165
904166
117734
904167
904169
904170
904172
904173
904175
904176
904178
117746
904179
904180
904181
904182
904183
904184
904185
904186
904188
904189
904190
904191
904192
117760
904193
904194
904195
904196
904197
904198
904199
904200
904201
904202
904203
904204
904205
904206
904207
117775
904208
904209
904210
904211
117779
904212
904213
904214
904215
904216
904217
904219
904220
904221
904222
117790
904223
904224
904225
904226
904227
904228
117796
904229
904230
904231
904232
904233
904234
904235
904236
904237
904238
904239
904240
904241
904242
117810
904243
904244
904245
904246
904247
904248
904249
904250
904251
904252
904253
904254
904255
904256
117824
904257
904258
904259
904260
904261
904262
904263
904264
904265
117834
904267
904268
117837
904270
904271
904272
904273
904275
904276
904277
904278
904279
904280
904281
904282
904283
904284
117852
904286
904287
117855
117856
904289
904290
904292
904293
904294
904295
904296
904297
117865
904298
904299
904300
904301
904302
904304
904305
904306
904308
904309
904311
904312
904313
904314
904315
117883
904316
904317
904319
904320
904321
117889
904323
904324
904325
904326
904328
904329
904330
904332
117900
904333
904334
904335
904336
904337
904338
117906
904339
904340
904341
904342
904343
117911
904344
904345
904346
904347
904348
904349
117917
904350
904352
904353
904354
904355
904356
904357
904358
904359
904360
904361
904362
117930
904363
904364
904365
904366
904367
904368
904369
904370
117938
904371
904372
904373
904374
117943
904376
904377
904378
904379
904380
904381
904382
904383
117951
904384
904385
904386
904387
904388
117956
904389
904390
904391
904392
904393
904394
904395
904396
904397
904398
904399
904400
904401
904402
117971
904404
904405
904406
904408
904409
904410
904412
904413
904414
904415
904417
904418
904420
117988
904421
904423
117991
904424
904425
904426
117994
904428
117996
904429
904431
117999
904432
904433
904434
118002
904435
904437
904438
118007
904440
904441
904443
904444
904445
904446
904447
904448
118016
904450
904451
904452
904453
904455
904456
904458
118026
904459
904460
904461
118029
904462
904463
904464
904465
904466
904467
904469
118037
118038
904471
904473
118041
904474
904475
904476
904477
904478
904479
904480
904481
904482
904483
904485
118053
904486
118054
904487
904488
904490
904491
904492
904493
904494
904496
904497
904498
904499
904500
904502
904503
118071
904504
118072
904505
904506
118074
904507
118075
904508
118076
904509
904510
904512
904513
118081
904514
904515
118083
118084
904517
118085
904518
904519
118087
904520
904521
904523
118091
904524
904525
904526
118094
904527
904528
118096
904529
904530
904531
904532
904533
904534
904535
904536
118104
904537
904538
118106
904539
904540
904541
904542
904543
904544
904545
904546
904547
118115
904548
904549
904550
904551
904552
904553
904554
904555
904556
118124
904557
904558
118126
904559
904561
904562
904563
904564
904565
118134
904567
904568
904570
904571
904572
904574
904575
118143
904577
904578
904579
904581
904582
904584
904585
904587
904588
904589
904590
904591
904592
118160
904593
904595
904596
904598
904599
118168
904601
904602
904604
904605
904606
904607
904609
118177
904610
904611
904612
904613
904614
904615
904616
904617
904618
904619
904620
904621
904623
904624
118193
904626
904627
904628
904629
904630
904631
118199
904632
904633
118201
904634
904635
904636
904637
118205
904639
904640
904641
904642
904643
904644
904645
118213
904646
118214
904647
904648
904649
118217
904650
904651
904652
904653
904654
904655
904656
904657
904658
904659
904660
904662
904663
904664
904665
904666
904667
904668
904669
118237
904670
904671
904672
904674
904675
904676
904677
904678
904679
904680
904681
904682
904683
904684
904685
904686
904687
118255
904688
904689
904690
904692
904693
904694
904695
904696
904697
904698
904699
904700
904701
904702
904703
118271
904704
904705
904706
904707
904708
904709
904710
904711
904712
904713
904714
904715
904716
904717
904718
904720
904721
904723
904724
904725
118293
904726
118294
904728
904729
904730
904732
904733
904735
904736
904737
904738
904739
904741
904742
904743
904744
118313
904746
904747
904748
904749
904750
904751
904752
904754
904755
904756
904757
904759
904760
118329
904763
904764
118332
904766
904767
904769
904770
904772
904773
904774
904775
118343
904776
904778
904779
904780
904781
904782
904783
118352
904785
904786
118355
904788
118356
904789
904791
904792
904794
904796
904797
118365
904798
904800
904801
904802
904803
904804
118372
904805
904806
904807
904809
118377
904810
904811
904812
904814
904815
904816
904817
904819
904820
904821
904822
904823
118392
904825
118393
904826
904827
904829
904830
904831
904832
904833
904834
904836
904837
904838
904840
904841
904842
904843
118411
904844
904845
904846
904847
904848
904849
904850
118418
904851
904853
904854
904855
904857
904859
904860
118428
904861
904862
904863
904864
904865
904867
904868
904869
118437
904870
904871
904872
904873
904874
904875
904876
904877
904878
904879
904880
904881
904882
904883
904884
904885
904887
904888
904889
118457
904890
904891
904892
904893
904894
904895
904896
904898
904899
904900
904901
904902
904903
904904
904905
118473
904906
904907
904908
904909
904910
118478
904912
904913
904914
904915
118484
904917
118485
904918
118486
904919
904921
904922
904923
904924
904925
904926
118494
904927
904928
904929
904930
904931
904932
904934
904935
904936
904937
904938
904939
904940
904941
904942
904943
904944
904945
904946
904947
904948
904949
904950
904951
904952
118520
904953
904954
904955
904956
118524
904957
904958
904959
904960
904961
904962
904963
904964
904965
118533
904966
904968
904969
904970
904971
904972
904973
904974
904975
904976
904977
904978
904980
904981
904982
904983
904984
904985
118554
904987
904988
904989
904990
904991
904992
904994
904995
904996
904997
904998
904999
905000
905001
905003
905004
905005
118574
905007
905008
905009
905010
905012
905013
905014
118582
905015
905017
905018
905019
905020
905021
905023
905024
905025
118593
905027
118595
905029
905030
118598
905032
905033
905034
905035
905036
905037
905038
905039
905040
905042
905043
905045
905046
905048
905049
905051
905052
905053
905054
905055
905056
905057
905058
905059
905060
118629
905062
118630
905063
905064
905065
905066
905067
905068
905069
905070
905071
118639
905072
905073
905074
905075
905076
905077
118645
905079
905080
905082
905083
905085
118653
905086
905087
905088
118656
905089
905090
905091
905092
905093
905095
905096
118664
905097
905098
905099
905101
905102
118671
905104
905106
905107
905109
905110
905111
118679
905112
905113
905114
905115
905116
905117
905118
905119
905120
905121
905122
905123
905124
905125
905126
905127
905128
905129
118698
905131
118699
905132
905133
905134
118702
905135
118703
905137
905138
905139
905140
905141
118709
905142
118710
905143
118711
905144
905145
905146
905147
905148
905149
905150
118718
905151
905152
905153
905154
905155
905156
905157
118725
905158
905160
905161
905163
905164
905165
905166
118734
905167
118735
905168
905169
118737
905170
118738
905171
118740
905173
905174
905176
118744
905177
118745
905178
905179
905180
905181
905182
905183
118751
905185
905186
118754
905187
905188
905189
905190
905191
905192
905193
905194
905195
905196
905197
905198
905199
905201
905202
905203
118771
905204
118772
905205
905206
905207
905208
905209
905210
118778
905211
905212
905213
905214
118782
905215
905216
905217
118785
905218
118786
905219
905220
905221
905222
905223
118791
905224
905225
905226
905227
118796
905229
905230
118798
905231
905232
118801
905234
905235
118803
905236
118804
905238
905239
905240
905241
905242
905243
905244
905246
905247
905249
905250
118818
905252
118820
905253
905255
905256
118824
905258
905259
905260
905261
905262
905263
905265
905266
118834
905268
905269
118837
905271
118839
905272
118840
905274
905275
905276
905277
905278
905279
905280
905282
905283
905285
905286
905287
905288
905289
905291
905292
905294
905295
905296
905297
905298
905299
905301
905302
905304
905305
905307
118875
905308
905310
905311
905312
118881
905314
905315
905316
905317
905318
905319
118887
905321
905322
905323
118891
905325
905326
905327
905328
905330
118898
905331
905332
905333
118901
905334
118902
905335
905336
118904
905338
905339
905340
905341
118910
905343
905344
905346
905347
905348
905349
905351
905352
905354
118922
905355
905356
905357
905358
905359
905361
118929
905362
905363
905364
905365
118934
905367
905368
905369
118937
905370
905371
905372
118940
905373
905374
905375
905376
905377
905378
905379
118947
905380
905382
905383
905384
905385
905386
905387
905388
118956
905389
905390
905391
118959
905392
905393
905394
118962
905395
905396
905397
905398
905399
118967
905400
905401
905402
905403
905404
905405
118973
905406
905407
905408
905409
905410
905411
905412
905413
905414
905415
905416
905417
905418
905419
905420
905421
905422
118990
905424
905425
905426
118994
905427
905429
905430
905431
118999
905432
905434
905436
905437
905438
905439
905440
905442
905443
905444
905445
905446
905447
905448
905449
905450
905451
905452
905453
905454
905455
905456
905457
905458
905459
905460
905461
905462
905464
905465
905466
905468
119036
905469
905471
905472
119040
905474
905475
905476
905478
905479
905480
119048
905481
119049
905482
905484
905485
905486
905487
905488
905489
905490
905492
905493
905494
905495
905496
905498
905499
905500
905501
905503
905504
905505
905506
905507
905508
905509
119077
905510
905511
905512
905513
905514
905515
905516
905517
905518
905519
905520
905521
905523
905524
905525
905526
905527
905528
905529
905530
119098
905531
905533
905534
905535
905536
905537
119105
905539
905540
905542
905543
905544
905546
119114
905547
905549
905550
905551
905553
905554
905555
119123
905556
119124
905557
905558
905559
905560
905561
119129
905563
905564
905565
905566
119134
905567
905568
905569
905570
905571
905572
119140
905574
905575
905576
119144
905577
905578
905579
905581
905583
905584
905586
905587
905588
905589
905590
905591
905592
905593
905594
905595
905597
905598
905599
905600
119169
905602
905604
905605
905606
905608
905609
905610
905611
119179
905612
119180
905613
905615
905616
905617
119185
905618
905619
905620
905621
905622
119191
905624
905625
905626
119194
905627
905628
119196
905629
119197
905630
905631
905632
905633
119201
905634
905635
119203
905637
905638
905639
905640
905641
119209
905642
905643
905644
119212
905645
905646
905647
905649
905650
905651
905652
905653
119221
905654
905655
905656
119225
905658
905659
905660
905661
905663
119231
905664
905665
905666
119234
905667
119235
905668
119236
905669
119237
905670
905671
905672
905673
905674
905675
905676
905677
905678
119246
905679
905681
905682
905683
905684
905685
119254
905687
119255
905688
905689
905690
905691
905692
905693
119261
905694
905695
905696
119265
905698
905700
119268
905701
905703
119271
905704
905706
905707
905708
905710
119278
905712
905713
119281
905715
905716
905717
119285
905718
905719
905720
905721
905722
119290
905723
905724
119292
905725
119294
905727
905729
905730
905732
905733
905735
905736
119304
905738
905739
905741
905742
119310
905743
905744
905746
905747
905748
905749
905750
905751
905752
905753
905754
905756
905757
905758
905759
119327
905760
905761
905762
119331
905764
905765
905767
905768
119336
119337
905770
119338
905771
119339
905772
905773
905774
119342
905775
905776
905777
905778
905779
905780
905782
905783
905784
905785
905787
119355
905788
905789
905790
905791
119359
905792
905793
905794
905795
905796
905797
119365
905798
905799
905801
905803
905804
905806
905807
905808
905809
905810
905811
119379
905812
905813
119381
905814
905815
905816
119384
905818
905819
905820
905821
905822
905823
905824
119393
905826
905827
905828
905829
905830
905831
905833
905834
905835
905836
905837
905838
905840
905841
905842
905843
905844
905845
905846
905847
905848
905849
905850
119418
905851
905852
905853
905854
905856
905858
119426
905859
905860
905861
905862
905863
905864
905865
905866
905867
905868
905869
905870
905871
905873
905874
905875
119443
905876
905877
905878
905879
905880
119448
905881
905882
905883
905884
905885
119453
905886
905887
905888
905889
905890
905891
905892
905893
905894
119463
905896
905897
905899
905900
905901
905902
905903
905904
905905
905906
119474
905907
905908
119476
905909
119478
905911
119479
905913
905915
905916
905918
905919
905921
905922
905924
119492
905925
119493
905927
905928
119496
905929
905930
905931
905932
119501
905934
905935
905937
905938
905939
905941
905942
905943
905945
905946
905947
905948
905949
119517
905950
905951
905953
905954
119522
905955
905957
905958
905959
119527
905960
905961
905962
905963
905964
905965
905966
905967
905969
119537
119538
905971
905972
905973
119541
905974
905975
905976
905977
905979
905980
905981
905982
905983
905984
905985
905986
905987
905988
905989
905990
905991
905992
905993
905994
119562
905995
905996
119564
905997
905998
119566
905999
906000
906002
119570
906003
906004
906005
906006
906007
906008
906009
906010
119578
906011
906012
906013
119581
906014
906015
906017
906018
906019
906020
119589
906022
906023
906024
906025
906026
906027
119595
906028
906029
906030
906031
906032
119601
906034
119602
906035
119603
906036
906037
906038
906039
906040
906041
906042
906044
906045
906046
906047
906048
906049
906050
906051
906052
906053
906054
906055
906057
906058
906059
906060
906061
906063
906064
906065
906066
906067
906068
906069
906070
906071
906072
906073
119641
906074
906075
906076
119644
906077
119645
906078
906080
119648
906081
906082
119650
906083
906084
906085
906086
906088
119656
906090
906091
906093
906094
906096
906097
906098
906100
906102
906103
906104
119672
906105
906106
906108
906109
906111
906112
119681
906114
906115
906117
906118
119686
906119
906121
119689
906123
906124
906126
119694
906127
906128
119696
906129
906130
906131
906132
906133
906134
906135
906137
906138
119707
906140
906141
906142
906143
906144
119712
906145
906146
906147
906148
906149
906151
906152
906153
906154
119722
906155
119723
906157
906158
906159
906160
906162
906163
906164
906165
906166
119734
906167
119735
906168
906169
119737
906170
906171
119739
906172
906173
119741
906174
119742
906175
906176
906178
119746
906179
906180
906181
906182
906183
906184
906185
906186
906187
906188
906189
119757
906190
906191
906192
119761
906194
906195
119763
906196
119764
906197
119765
906198
119766
906199
906200
906201
119769
906202
906203
119771
906204
906205
906207
119775
906208
906209
906210
906211
906212
119780
906213
906214
119782
906215
906216
906217
119785
906218
906219
119787
906220
119788
906221
906222
119790
906223
906224
906225
906226
906227
906228
906229
906230
119798
906231
906232
906234
906235
906236
906237
906238
906239
906240
906241
119809
906243
119811
906244
119812
906245
119813
906246
119814
906248
906249
906250
906251
906252
906254
906256
906257
906258
906259
906260
906261
906262
906263
906264
906265
119833
906266
119834
906267
906268
906269
906270
119838
906272
906273
906274
906275
906276
906277
119846
906279
906281
906282
906284
906285
119853
906286
906287
906289
906290
906292
119860
906293
906295
906296
906297
906298
906300
906301
906302
906303
906305
906306
906307
906308
906309
906311
906312
906313
906315
906316
119884
906318
119886
906319
906320
906321
119889
906322
906323
906325
906326
906328
119896
906329
906330
906331
906332
906334
906335
906337
906338
119907
906340
906341
906342
906343
119911
906344
906345
906346
906347
906348
906349
906350
906351
119919
906352
906353
906354
906355
906356
906357
119925
906359
906360
906362
906363
119931
906364
119932
906365
906366
906367
906368
906369
906370
906371
906372
119940
906373
906374
906375
906376
906378
906379
906380
119948
906381
906382
119950
906383
906384
906386
906387
906388
906389
906390
906391
906392
119960
906393
906394
119962
906395
119963
906396
906398
906399
906400
906401
906402
906403
119972
906405
906406
906407
906408
119977
906410
906411
906412
906413
906414
906416
119984
906417
906418
906419
906420
119988
906421
119989
906422
906423
906424
906425
906426
906427
906428
906429
906430
906431
906432
906433
906434
120002
906435
906436
906437
906438
906439
906440
906441
906442
906443
906444
906445
906446
906447
906448
906449
906451
906452
120020
906454
120022
906455
906457
906459
120027
906460
906461
906463
906464
906466
906467
906468
120036
906469
906471
906472
906473
906474
906475
120043
906477
906479
906480
906482
906483
906484
906486
906487
906489
906490
906491
120059
906492
120060
120061
906494
906495
906496
120064
906497
120065
906498
906499
906501
906502
906503
120071
906504
906505
120073
906506
906507
906508
906509
120078
906511
906512
906513
906514
906515
906516
120085
906518
120086
906519
120087
906520
906521
906522
906523
906524
906525
906526
906527
906528
120096
906529
906530
906531
906532
906533
906534
906535
120103
906537
120105
906538
906539
120107
906540
906541
120109
906543
120111
906544
906545
120113
906546
906547
906548
120116
906549
906550
906551
906552
906553
906555
120123
906556
906557
120125
906558
906559
120127
120128
906561
906562
906563
906564
120132
120133
906566
906567
906568
906569
906570
906571
906572
906573
906574
906576
906577
906578
120146
906579
906580
906581
906582
906583
906584
906585
906586
906587
906588
906589
906590
906591
120159
906592
120160
906593
906594
120162
906595
906596
906597
120165
906598
906599
906600
120168
906601
906602
906603
120171
906604
906605
906606
906607
120175
906609
906610
906611
120179
906612
906613
120181
906615
120183
906617
906618
906619
906621
906623
906624
906626
906627
906628
906629
906630
906631
906632
906633
120201
906634
906636
120204
906637
120205
906638
906639
906640
906641
906643
906644
906645
120213
906646
906647
906648
906649
906650
906651
906652
906654
906655
906656
906657
906658
906659
906661
906662
906663
906664
906665
906666
906667
906668
906669
906670
906671
906672
906673
906674
906675
906676
906677
906678
906680
906681
906682
906683
906684
906687
906689
906690
906691
120259
906692
906693
906695
906696
906698
906699
906700
906701
906702
906703
906704
120272
906705
906706
906707
906709
906711
120279
906712
906713
120281
906714
906715
906716
906717
906718
906719
906720
906721
906722
906724
120292
906725
906726
906727
906728
906729
906730
906731
906732
906733
120301
906734
906735
906736
906738
906739
906740
906741
906742
906743
906744
906746
906747
906749
906750
906751
906752
906753
120321
906754
906755
906756
906757
906758
906759
906760
906761
120329
906762
906763
906764
906766
906768
906769
906770
906771
906773
906775
906776
906777
120345
906778
906780
906782
906783
906784
906785
906787
906788
906789
906790
906791
906792
906793
906794
906795
906796
906797
906798
120366
906799
906800
120368
906801
906802
906803
906804
906805
906806
906807
906808
906809
906810
906812
906813
906814
906815
906816
906817
906818
906819
906820
906821
906823
906825
906826
906828
906829
906830
906831
906832
906833
906835
906837
906838
906839
906840
906841
906842
906843
906844
906845
906847
906848
906849
906850
906851
906852
906853
906854
906855
906856
906857
906858
906859
906860
906861
906862
906863
906864
906865
906866
906867
906868
906869
906870
906871
120439
906872
120440
906874
906875
906877
906878
120446
906879
906880
906881
906882
906884
906885
906886
906888
906889
906890
906892
906893
906894
906895
906896
906897
906898
906899
906900
906901
906902
906903
906904
120472
906905
906906
906907
120475
906908
906909
906910
906911
906913
906914
906915
906916
906918
120486
906919
906920
906921
906922
906923
906925
906926
906927
906928
906929
906930
906932
906933
906934
906935
906936
906938
906939
906940
906941
906943
906944
120512
906945
120513
906946
906947
906948
120516
906949
906950
906951
906952
120520
906954
906955
906956
906957
906958
906960
906961
120529
906962
906963
906964
906965
906966
906967
906968
120536
906969
906970
906971
906972
906973
906974
120542
906975
906976
120544
906978
906979
906980
120548
906981
906982
906983
906984
120552
906986
120554
906987
906989
906990
906991
906993
120561
906994
906995
906997
906998
906999
907000
907001
907002
907003
907004
907005
907006
907007
120575
907008
907009
907010
907011
907012
907013
907015
907016
907018
907019
907020
907022
907023
907024
907025
907026
120594
907027
907028
120596
907029
907030
907031
907032
907033
907034
907035
907036
907037
907038
907039
120607
907040
907042
907043
120611
907044
907045
907046
907047
907048
907049
907050
907051
907052
907053
907054
907055
907056
120624
907057
907058
907059
907060
907061
907062
907063
907064
907065
907066
907067
907068
907069
907071
907073
907074
907075
907076
907077
907078
907079
907081
907082
907083
907084
907085
907086
907087
907089
907090
907091
907092
907093
907094
120662
907095
907096
907097
907098
907099
907100
907101
907102
907103
907104
907105
907106
907107
907108
907109
907110
907111
907112
907113
907114
907115
907116
907117
907118
907119
907120
907121
907123
907124
907125
907127
907128
907130
907131
907133
907134
907136
907137
907138
907139
907140
907141
907142
907143
907144
907145
907146
907148
907149
907150
907151
907152
120720
907153
907154
907155
907156
907157
907158
120726
907159
907160
907161
907162
907163
907164
907165
907166
120734
907167
907168
907169
907170
907171
907172
907173
907174
907176
907177
907178
907179
907180
907181
907182
907183
907184
907185
907186
907187
907188
907189
120757
907190
907192
907193
907195
907196
907197
907198
907199
907200
907201
907203
907204
907205
907206
907207
907208
907209
907210
907211
907212
907213
907214
907215
907216
907217
907218
120786
907219
907220
907221
907222
907223
907224
907225
907226
907227
907228
907229
907230
907231
907232
907233
907234
907235
907236
907237
907238
907239
907240
120808
907241
907242
907243
907244
907245
907246
120814
907247
907248
907249
907250
907251
907252
907253
907254
907255
907256
907257
907258
907259
907260
907261
907262
907263
907264
907265
907266
907267
907268
907269
907270
120838
907271
907272
907274
907275
907276
907277
907278
907279
907280
907281
907282
907283
907284
907285
907286
907287
907288
907289
907290
907291
907292
907293
907294
907296
907297
120865
907299
907300
907301
907302
907303
907304
907305
907307
120875
907309
907310
907312
907313
907315
907316
120884
907317
907318
907319
907320
120888
907321
907323
907325
907326
907328
907329
907331
120899
907332
907334
907335
907336
907338
907339
907340
907341
907342
120910
907344
907345
907346
907348
907349
907350
907351
907352
907353
907354
907355
907356
907357
907358
120926
907359
907360
907361
907362
907363
907364
120932
907365
907366
907367
907368
907369
907370
120938
907371
907372
907373
907375
907376
907377
907378
907379
907380
907381
907382
120950
907383
907384
907385
120953
907386
907387
907388
907389
907391
907392
120960
907393
907394
907395
907396
907397
907398
907399
907400
907401
120969
907402
907403
120971
907404
907405
907406
907407
120975
907408
120976
907409
907410
907411
907412
907413
907414
907415
907416
907417
907418
907419
907420
907421
120989
907422
120990
907423
907424
907425
907426
120994
907427
907428
907429
907430
907431
907432
907433
907434
121002
907435
907436
121004
907437
907438
907439
907440
907441
907442
907443
907444
907445
907446
907447
907448
907449
907450
907451
907452
907453
907454
907455
907456
907457
121025
907458
907459
907460
907461
121029
907462
907463
907464
907465
907466
907467
907468
907469
907470
907471
907472
121040
907474
121042
907475
907476
907477
907478
907479
907480
121048
907482
907483
121051
907484
907485
907487
907488
121056
907489
907490
907491
907493
907494
907495
907497
907498
907499
907500
907501
907502
121070
907503
907504
907506
907507
121076
907509
907510
907511
121080
907513
907514
907515
907516
907517
907518
907519
907521
121089
907522
121090
907523
907524
907525
907526
907527
121095
907529
907530
907532
907533
907534
907535
121103
907536
907537
907538
907539
907541
907542
907544
907545
907546
907547
907548
907549
907550
907551
907552
121120
907553
907554
907555
907556
907557
907558
121126
907559
907560
907561
907562
907563
907565
907566
907567
907568
907569
121137
907570
907571
121139
907572
907573
121141
907574
121142
907575
121143
907576
907577
907578
121147
907580
907581
907582
907583
121151
907585
907586
907587
907588
121156
907589
121157
907590
121158
907591
907593
907594
907595
907596
907597
907598
907599
121167
907600
907601
907602
121170
907603
907604
907605
907606
907607
907608
907609
907610
907611
907612
907613
907614
907615
907616
907617
907618
907619
907620
121188
907621
907622
121190
907623
907624
907625
121193
907626
121194
907627
907628
907629
907630
907631
907632
907633
907634
907635
907636
121204
907637
907638
907639
907640
907641
121209
907642
907643
907644
907645
907646
907647
121215
907649
907650
121218
907651
907652
907654
907655
907657
907658
121227
907660
907661
907663
907664
907666
907667
907668
907669
121237
907670
907672
907673
121241
907674
121243
907676
907677
121245
907679
907680
907682
907683
907685
907686
907687
907688
907690
907691
121259
907692
907693
907695
907696
907697
907699
907700
121268
907701
907702
383414
907703
907704
907705
121273
907706
907707
907708
907709
907710
907711
907712
907713
907714
907716
907717
907718
907719
907720
907721
907722
907723
907724
907725
907726
907728
907729
907730
907731
907732
907733
121301
907734
121302
907735
907736
907738
907739
907741
907742
907743
907744
907745
907746
907747
907749
121317
907750
907751
121319
907752
907753
907754
907755
907756
907757
907758
907759
907760
907761
907762
907764
907765
907766
907768
907769
907770
907771
907772
907773
907774
907775
121343
907776
907777
907778
121346
907780
121348
907781
907782
907783
907784
907785
907786
907787
121355
907788
907789
907790
907791
907793
907794
907795
907796
907797
907799
907800
907801
907802
907803
907804
907805
907806
907807
907808
907809
907810
907811
907812
907813
907814
907815
907816
907817
907818
907819
907820
907821
907822
907823
907824
907825
907826
907827
907828
907830
907831
907832
907834
907835
907837
907838
907840
907841
907843
907844
907846
907847
907849
121417
907850
907852
907853
907854
907855
907857
907858
907860
907861
907863
907864
907866
907867
907869
907870
907872
907873
907875
907876
907877
907878
907880
907881
907882
907883
907884
907885
907887
907888
907889
907890
907891
907892
907893
907894
907895
907896
907897
907898
121467
907900
907901
907902
907903
383615
907905
907906
907907
907908
907909
907910
907911
907912
907913
907914
907915
907917
907918
907920
907921
907922
907923
907924
907925
907926
907928
907929
907931
907932
907933
907935
907936
907938
907939
907940
907941
907943
907944
907946
907947
907948
907949
907950
907951
907952
907954
907955
907956
907957
907958
907959
907960
907961
907962
907963
907964
907965
907966
907967
907968
907969
907970
907971
907972
907973
907974
907975
907976
907977
121545
907978
907979
907980
907981
907982
907983
907984
121552
907985
907986
907987
907988
907989
907990
121559
907992
907993
907994
907995
121563
907996
121564
907997
907998
907999
121567
908000
121568
908001
908002
908003
908005
908006
121574
908007
908008
908009
908010
908011
908012
908013
908014
908015
908016
121584
908017
908018
908019
908020
908021
121589
908022
121590
908023
908025
908026
908027
908028
908029
908030
121598
908031
908032
908033
908034
908035
908037
908038
121606
908040
908041
908043
908044
908045
908047
908048
908050
908051
908052
908053
908054
908055
908057
908058
908060
908061
908063
908064
908066
908067
908068
908069
908071
908072
908073
908074
908075
908077
908078
908080
908081
121650
908083
908084
121653
908086
908087
908089
908090
908091
908092
908094
908095
908096
121664
908097
908099
908100
908101
908103
908104
908105
908106
121674
908107
908108
908110
908111
908112
908113
908114
908115
908116
908117
908118
121686
908119
908120
908122
908123
908124
908126
908127
908128
908129
908130
908131
908132
908133
908134
908135
908136
908137
908139
908140
908142
908143
908145
908146
908147
908149
908150
908151
908152
908153
908154
908155
908156
908157
121725
908158
908159
121727
908160
908161
908162
908163
121731
908164
908166
908167
908168
908169
908170
908171
908172
908173
908175
908176
908177
908179
908180
908181
908182
908183
908184
908185
908186
908187
908188
908189
908190
908191
908192
908193
908194
908195
121763
908196
908197
908198
908199
908200
121768
908201
121769
908202
908203
908204
908205
121773
908206
908207
908208
908209
121777
908210
908211
908212
908213
908214
121782
908215
908216
908217
908218
908220
908221
908223
908224
908225
908226
908227
908229
908230
908231
908232
908233
121801
908234
908235
908236
908237
908238
908240
908241
908242
908243
908244
908245
908246
908247
908248
908249
908250
908251
908252
908253
908254
908255
908256
908257
908258
908259
908260
908261
908262
908263
908264
908265
908266
908267
908268
908269
121837
908270
908271
908273
908274
908275
908276
908277
908278
908279
908280
908281
121849
908282
908283
908284
908285
908286
908287
121855
908288
121856
908289
121857
121858
908291
121859
908292
121860
908293
908294
121862
121863
908296
908297
908298
908299
908300
908301
908303
908304
908306
908307
908308
908309
908310
908311
121880
908313
908314
908316
908317
908318
908319
908320
908321
908322
908323
908325
908326
121895
908328
908329
908331
908332
121900
908333
908334
908335
121903
908336
908337
908339
908340
908342
908343
908345
908346
908348
908349
908351
908352
908354
908355
908357
908358
908360
908361
908362
908363
908364
908365
908367
908368
908370
908371
908372
908373
121941
908374
908376
908377
908378
908380
908381
908383
908384
908385
908386
908387
908388
908389
908390
908392
908393
908395
908396
908397
908398
908399
908400
908401
908402
908403
908405
908406
908407
908408
908409
908410
908411
908412
908413
908414
908415
908416
908417
908418
908419
908420
908421
908422
908423
121992
908425
908426
908427
908429
908431
121999
908432
908433
908434
908435
908436
908437
908438
908439
908440
908441
122009
908442
908443
908444
908445
908446
122014
908447
908449
908450
908451
908452
908453
908454
908455
908456
908457
908459
908460
908461
908462
908464
908465
908466
908467
908469
122037
908470
908471
908472
908473
122041
908474
908475
908476
908477
908478
908479
908480
908481
908482
908483
908485
908486
384198
908487
908488
908489
908490
908491
908492
908493
908494
908495
908496
908497
908498
908499
908501
908502
908503
908504
908505
908507
908508
908509
908510
908511
908512
122080
908513
908514
908515
122084
908517
908518
908519
908520
908521
908522
908523
908524
908525
908526
908527
908528
908529
908530
908531
908532
908533
908534
908535
908536
908538
908539
908541
908542
122110
908544
122112
908545
908546
908547
908548
908549
908550
908551
908552
908553
908554
122122
908556
908557
908558
908559
908560
908561
908562
122130
908564
908565
908567
908568
908570
908571
908573
908574
908575
908576
908577
908578
908579
908580
908582
908583
908585
908586
908587
908588
908589
908590
908592
908593
908594
908595
908596
908597
908598
908599
908601
908602
908603
908604
908606
908607
122175
908608
908609
908610
908611
908612
908613
908614
908615
908616
908617
908618
908619
122188
908621
908622
908624
908625
908626
908627
908628
908629
908630
908631
908633
908634
908635
908636
908637
908638
908639
908641
908642
908643
908645
908646
908648
908649
908650
908651
908652
908654
908655
908656
908657
908658
908660
908661
908662
908663
908664
908665
908666
908667
908668
908669
908670
908671
908672
908673
908674
908675
908676
908677
908678
908679
908680
908681
122249
908682
908683
908685
908686
908688
908689
908691
908692
908693
908695
908696
908697
908698
908699
908700
122268
908701
908702
908703
908704
908705
908706
908708
122276
908709
908710
908711
908712
908714
908715
908716
908717
908718
908719
908720
908721
908722
908724
908725
908726
908727
908728
908729
908730
908731
908732
908733
908735
908736
908737
908738
908739
908740
908741
908742
908743
908744
908745
908746
908747
908748
908749
908750
908751
908752
908753
908754
908755
908756
908757
908758
908759
908760
908761
908762
122330
908763
908764
908765
908766
908768
908769
908770
908771
908772
122340
908773
908774
908775
908776
908777
908778
908779
122347
908781
908782
908783
908784
122352
122353
908786
122354
908787
908789
908790
122359
908792
122360
908793
908794
908795
908796
122364
908798
908799
908801
908802
908803
908804
908806
908807
908808
908809
908810
908811
908812
908813
908814
908816
908818
908819
908821
908822
908823
122392
908825
908826
908828
908829
908831
908832
908833
908834
908835
908837
908838
908839
908840
908842
908843
908844
908845
908847
908848
908849
908850
908851
908852
908853
908854
908856
908857
908858
908860
908861
908862
908863
908864
122432
908865
908866
908867
908868
908870
908871
908872
122440
908873
908874
908875
908876
908877
908878
908880
908881
122449
908882
908883
908884
908885
908886
908887
908888
908890
908892
908893
122461
908894
908895
908897
908898
908899
908900
908901
122469
908902
908903
908904
908905
908906
908907
908908
908909
908910
908911
908913
908914
122483
908916
908917
908918
908919
908920
908921
908922
908923
908924
908925
908926
908927
908928
908929
908930
908931
908932
908933
908934
908935
908936
908937
908938
908939
908940
908941
908943
908944
908945
908946
908948
908949
908950
908951
908952
908953
908954
122522
908955
122523
908956
908957
908958
908959
122527
908960
908961
908963
908964
908965
908967
122535
908968
908969
122537
908970
908971
908972
908973
908974
908975
908976
908977
908978
908979
908980
908981
908983
908984
908985
908986
908987
908988
908989
908990
122559
908992
908993
908994
908996
908997
908999
909000
122568
909002
909003
909004
122572
909005
909006
122574
909007
909008
909009
909010
909011
909012
909014
909015
909017
909018
909020
122589
909022
122590
909023
909024
909025
909026
909028
909029
909030
909031
909033
909034
909035
909036
909037
909038
909039
909041
909042
909043
909044
909045
909047
909048
909049
909050
909051
909052
909053
909054
909055
909056
909057
909058
909059
909061
909062
909064
909065
909066
909067
909068
909069
909070
909071
909072
909073
909074
909075
909076
909077
909078
909079
909080
909081
909082
909083
909084
909086
909087
909088
909089
909090
909091
909092
909093
909094
909096
909097
909098
909099
909100
909101
909102
909103
909104
909105
909106
909107
909108
909109
909110
909111
909112
909113
909114
909115
909117
909118
909119
122688
909121
909122
909123
909124
909125
909126
909127
909128
909129
909130
909131
909132
909133
909134
909135
909136
909137
909138
909140
909141
909143
909144
909145
909146
909147
909148
909149
909150
909151
909152
909153
909154
909155
909156
909157
909158
909159
909160
909161
909162
909163
909164
909165
909166
909167
909168
909169
909170
909171
909172
909173
909174
909175
909176
909177
909178
909180
909181
909182
909184
909185
909186
909187
909188
909189
122758
909191
909192
909194
909195
909196
909197
909198
909200
909201
909203
909204
909205
909207
909208
909209
909210
909211
909213
909214
909216
909217
909218
909219
909220
909222
909223
909224
122793
909226
909227
909228
909229
909230
909232
909233
909235
909236
909237
909238
909239
909241
909243
909244
909246
909247
909248
909249
909250
909251
909252
909254
909255
909257
909258
909259
122827
909260
909261
909262
909263
909264
122832
909265
909266
909267
122835
909268
909269
909271
909272
909274
909275
909277
909278
909280
909281
909282
909284
909285
909286
909287
909288
909289
909290
909291
909292
909293
909294
909295
909296
909297
909298
909299
909300
909301
909302
909303
909304
909305
909306
909307
909308
909309
909310
909311
909312
909313
909314
909315
909317
909318
909319
122887
909320
909322
909324
909325
909326
909327
909328
909329
122897
909330
909331
909332
909333
909334
909335
909336
909337
909338
122906
909339
122907
909340
909341
909342
909343
909344
909345
909346
909347
909348
909349
909350
909351
122919
909352
909353
122921
122922
909355
909356
909357
122925
909358
909359
909360
909361
909363
909364
385077
909366
909367
122935
909368
909369
909370
909371
909372
909373
909375
122943
909377
909378
909379
909380
909381
909383
909384
909386
909388
909389
909390
122958
909391
909392
909393
909394
909395
909396
909397
909398
909399
909400
909402
909403
909405
909406
909407
909408
909409
909410
909411
909413
909414
909415
909417
909418
909419
909420
909422
909423
909425
909426
909427
909428
909430
122998
909431
909432
909433
909434
909435
909436
123004
909438
909439
909440
909441
123009
909442
909443
909444
123012
909445
909446
909447
909448
909449
909450
123018
909451
909452
909453
909454
909455
909456
909457
909458
123026
123027
909460
909462
909463
909464
909465
909466
909467
909468
909469
909471
909472
909473
909474
909476
909477
909478
909479
909480
909481
909482
909483
909484
909486
123054
909487
909488
909489
909490
909491
909492
909493
909494
909495
909496
909497
909498
909499
909500
909501
123069
909502
123070
909503
909504
909505
909506
909507
909508
909509
909510
909511
909512
909513
909514
909515
909516
909517
909518
909519
909520
909521
909522
909523
909524
909525
909527
909528
909529
909530
123098
909531
909532
909533
909534
909535
909536
909537
909538
123106
909539
909541
909542
909543
909544
123112
909545
123113
909546
123114
909548
909549
909550
909551
123120
909553
909554
123122
909555
909556
909558
123127
909560
909561
909562
909563
909564
909565
909567
909568
909569
909570
909571
909572
909573
909575
909576
909577
909578
909580
909582
909583
909584
123153
909586
909587
909588
909589
909590
909591
123159
909592
909593
909595
909596
909597
909598
909599
909600
909602
909603
909604
909605
909607
909608
909609
909611
909612
909613
909615
123183
909616
909618
909619
909620
909621
909622
909623
909624
909626
909627
909628
909629
909630
909631
909632
909633
909634
909635
123203
909636
123204
909637
909638
909640
909641
909642
909643
909644
909645
909646
909647
123215
909648
909649
909650
909651
909652
909653
909654
909655
123223
909656
123225
909658
123226
909659
909660
909661
909662
909663
909664
909665
909666
909667
909668
909669
909670
909671
909673
909674
909675
909677
909678
909679
909680
909681
909682
909683
909684
909685
909686
909687
909688
909689
909691
909692
909693
909694
909695
909696
909697
909698
909699
909700
909701
909702
909703
909704
909705
909706
909707
909708
909710
909711
909712
909713
909714
909715
909716
909718
909719
909720
909721
123289
909722
909723
909724
909725
909727
909728
909729
909730
909732
909734
909735
909737
123305
909738
123306
909739
909741
909742
909743
909745
909746
909747
909749
909750
909751
909752
909753
909755
909756
909757
909758
909759
909761
909762
909763
909764
909765
909766
909767
909768
909769
909770
909771
909772
909774
909775
909776
909777
909778
909779
909780
909781
909782
909783
909785
909786
909787
909788
909789
909790
909791
909792
909793
909794
909796
909797
909798
909799
123367
909800
909802
909803
909804
909805
909806
909807
909808
909809
909810
909811
909812
909813
909814
909815
123383
909816
909817
909819
909820
909821
909822
909823
909824
909825
909827
909829
909830
909831
909832
909833
909834
909835
909837
909838
909839
123407
909840
909841
909842
909843
909844
909845
909846
909847
909848
909849
909850
123418
909851
909853
909855
909856
909857
909858
123426
909859
909860
909861
909862
123430
909863
909864
123433
909866
909868
909869
909870
909871
909872
909873
123441
909874
909875
909876
909877
909879
909880
909881
909882
909883
909884
909885
909886
909887
909888
909889
909890
909892
909893
909894
909895
909896
909897
909898
909899
909900
909901
909902
909903
909904
909905
909906
123474
909907
123475
909908
909909
909910
909911
909912
909913
909914
909915
909916
909917
909918
909919
909920
909921
909922
909923
909924
909926
909927
909928
909929
909931
909932
909933
909934
909936
909937
909938
909939
909940
909941
909943
909944
909945
909947
909949
909951
909952
909953
909954
909955
909956
909957
909958
909960
909962
909963
909964
909965
909966
909967
909968
909969
909970
909971
909972
909973
909974
909975
909976
909977
909979
909980
909981
909982
123550
909983
909984
909985
909986
909987
909988
909989
123557
909990
123558
909991
123559
909993
909994
909996
123564
909997
909998
909999
910000
123568
910001
910002
910004
910005
910006
910007
910008
910010
910011
910012
910013
910014
910015
910016
910017
910018
910019
910021
910022
910023
910024
910025
910026
910027
910028
910029
910030
910031
910032
910034
910035
385747
910036
910037
910038
910039
910040
910042
910043
910044
123612
910045
910046
910047
910048
910049
910050
910051
910052
910053
910055
910056
910058
910059
910060
910061
910062
910063
910064
910065
910066
910067
910068
910069
910070
910071
910072
910073
910074
910075
910077
910078
910079
910080
910081
910082
910083
910084
910085
910086
910087
910088
910089
910090
910091
910092
910093
910094
910095
910096
910097
910098
910099
910101
910102
910103
123671
910104
910105
123673
910106
910108
910109
910110
910111
910112
910113
910115
910116
123685
910118
910119
910120
910121
123689
910122
910123
910124
910125
910126
910127
910128
910129
910130
910131
910132
910133
910134
910135
910136
910137
910138
910140
910141
910143
910144
910145
910146
910147
910148
910149
910150
123718
910151
123719
910152
910153
910154
910156
910158
910159
910160
910161
910162
910163
910164
910165
910166
910167
910168
910169
910170
910171
910172
910173
910174
910176
910177
910178
910179
123747
910180
910181
910182
910183
910184
910185
910186
123754
910187
910188
910189
910190
910191
123759
910192
910193
910194
910195
910196
910197
910198
910199
910200
910201
910202
910203
123771
910204
910205
910206
910207
910208
910209
910210
910211
910212
910213
910214
910215
910216
910217
910218
910219
910220
910221
910222
910223
910224
910225
910226
910227
123795
910228
910229
910230
910231
910232
910233
910234
910235
910236
910238
910240
910241
910242
910243
910244
910245
910246
910247
910248
910250
910251
123819
910252
910253
910254
910255
910256
910257
910258
910259
910260
910261
910262
910263
910264
910265
910266
910268
910269
910270
910271
910272
910273
910274
910275
910276
910277
910279
910280
910282
910283
910284
910285
910286
910287
123856
910289
910291
910292
910293
910294
910295
910296
910297
910298
910299
910300
910301
910302
910303
910304
910305
910306
910307
910308
910309
910310
910311
910312
910313
910314
910315
910316
910317
910319
910320
910321
910322
910323
910324
910325
910326
910327
910328
910329
910330
910331
910332
910333
910334
910335
910336
910337
910338
910339
910340
910341
910342
910343
910344
910345
910347
910348
910349
910350
910351
910352
910353
910354
910355
910356
910357
910358
910359
910360
910361
910362
910363
910364
910365
910366
910367
910368
910369
910371
910372
123941
910374
910375
910376
910377
910378
910379
910380
910382
910384
910385
910386
123954
910387
910388
910389
910390
123958
910391
910392
910393
910395
910396
910397
910399
123967
123968
910401
910402
910403
910405
910406
910407
910408
910409
910410
910411
910412
910413
910414
910415
910416
910417
910418
910419
910420
910422
910423
910424
910425
910426
910427
910428
910429
910430
910431
910432
910433
910434
910435
910436
910437
910438
910439
910440
910441
910442
910443
910444
910445
910446
910447
910448
910449
910450
910451
910452
910453
910454
910455
910456
910457
910458
910459
910460
910461
910462
910463
910464
124032
910465
910466
124034
910467
910468
910469
124037
910470
910471
910472
910473
910474
910475
910476
124044
910477
910478
910479
910480
910481
910482
910483
124051
910484
124052
910485
910486
910487
124055
910488
910489
910490
124058
910492
910493
910494
910495
910496
910497
910498
910499
910500
910501
910502
910503
910504
910505
910506
910507
910508
910509
910510
910511
910512
910513
910514
910515
910516
910517
910519
910520
910522
910523
910524
910526
910527
910528
910530
910531
910532
910533
910534
910535
910536
910538
910539
910540
910541
910542
910543
910544
910545
910546
910547
910548
910549
910550
910551
910553
910554
910556
910557
910558
910559
910560
910561
910562
910563
910564
910565
910566
910567
910568
910569
910570
910571
910572
910573
910574
910575
910576
910577
910578
910579
910580
910581
910582
910583
910585
910586
910588
910589
910590
910591
910592
386304
910593
910595
910596
910597
910598
910599
124167
910601
910602
910603
910604
910606
910607
910608
910609
910610
910611
910612
910613
910614
910615
910616
910617
910618
910619
910620
910621
910622
910624
124192
910625
124193
910626
124194
910627
910628
910629
910630
910631
124199
910632
910633
910634
910635
124203
910636
910637
910638
910639
124207
910640
910641
910642
124210
910643
910644
910645
910646
910647
910648
124216
910649
910650
910651
910652
910653
910654
910655
910657
910658
910660
124228
910661
910662
910663
910664
910666
910667
910668
910670
910671
910673
910674
910676
910677
910679
910680
910681
910682
910684
124253
910686
124254
910687
910688
910689
910690
910691
910692
910693
910694
910696
910697
910698
124267
910700
910701
910703
910704
910706
910707
910708
910709
910710
910711
910712
910713
124281
910715
910716
910717
910718
910719
910720
910721
910722
910723
910724
910725
910726
910727
910728
124296
910729
910730
910731
910732
910733
910734
910736
910737
910738
910739
910740
910741
910742
910743
910744
910745
910746
124314
910747
910748
124316
910749
124317
124318
910751
910753
910754
910755
910756
910757
910758
910759
910760
910761
910762
124331
910764
910765
910766
910767
910768
910769
910770
910771
910772
910773
910774
910775
910776
910777
910778
910779
910781
910782
910783
124351
910784
910785
910786
910787
910788
910789
910790
910791
910792
910793
910794
910795
910796
910797
910798
910799
910800
910801
124369
910802
910803
910804
910805
910806
910807
124375
910808
910809
910810
910811
910813
910814
910816
910817
910818
910819
910820
910821
124389
910822
910823
910824
910825
124393
910827
910828
910830
910831
910833
910834
910835
910837
910839
910840
910842
910844
910846
910847
124416
910849
910850
910851
910852
910853
910854
910855
910857
910858
910859
910860
910861
910862
910863
910864
910865
910866
910868
910869
910871
910872
910873
124442
910875
910876
910878
910879
910880
910881
910882
910883
910885
910886
910887
910888
910889
910890
910891
910892
910894
910895
910896
910897
124465
910898
910900
910901
910902
910903
910904
124472
910905
910906
910907
910908
910909
910910
910911
910912
910913
910914
910915
910916
910917
910918
910919
910920
910921
910922
910923
910924
910925
910926
910927
910928
910929
910930
910932
910933
910934
910936
910937
910938
910939
910940
910941
910942
910943
910944
910945
910946
910947
910948
910949
910950
910952
910953
910954
910955
910956
910957
910958
910959
910960
910961
910962
910963
910964
910965
910966
910967
910968
124536
910969
910970
910971
910972
910973
910974
910975
910976
910978
910980
910981
910983
910984
910986
910987
910989
910990
910991
910993
910994
910995
910997
910998
911000
911001
911002
911003
124572
911005
911006
911008
911009
911011
911012
911014
911015
911016
911017
911018
911019
124587
911020
911021
124589
911022
911023
911024
911026
911027
911028
911029
911031
911032
911034
911036
911037
911038
911040
911041
911042
911043
911044
911045
911046
911047
911049
124617
911050
911052
911053
911054
911055
911056
911057
911058
911059
911060
911061
911062
911063
911064
911065
911066
911067
124636
911069
911070
911071
911072
124640
911073
911074
911075
911077
911078
911079
124647
911080
911081
911082
911083
124651
911084
911085
911086
911087
911088
911089
911090
911091
911092
911093
911094
911095
911096
911097
911098
911099
911100
911102
911103
911104
911105
911106
124674
911107
911108
911109
911110
911111
911113
911114
911115
911116
911117
911118
124686
911119
911120
911121
911122
911124
911125
911126
911127
911128
911129
911130
911131
911132
911133
911134
911135
911136
911137
911138
911139
911140
911141
911142
911143
911144
911145
911146
124714
911147
911148
911149
124717
911150
911152
911153
911155
911156
911157
911159
911160
911161
911163
911164
911165
911166
124734
911167
911168
124736
911169
911170
911171
911172
911173
911174
911176
911177
911179
911180
911181
911182
911183
911185
911186
911188
911189
911191
911192
911194
911195
124763
911196
124764
911197
911198
911199
911200
911201
911202
911203
911204
911205
911207
911208
911209
911210
911212
911213
911214
911215
911216
911218
911219
911221
911223
124791
911224
911226
911227
911228
911229
911230
911231
911232
911233
911234
124802
911236
911237
911238
911239
911240
911241
911243
911244
911246
911247
911248
911249
911250
911251
124819
911252
911253
124821
911254
911255
124823
911256
911258
911260
911261
911262
124830
911263
911264
911265
911266
911267
911268
911269
911270
911271
911272
911274
911275
911276
911277
911278
911279
911280
911281
911282
911283
911284
911285
911286
911287
911289
911291
911292
911294
911295
911296
911297
911298
911299
911300
911301
911303
911304
911305
911306
911307
911308
911309
911311
911312
911314
911315
911316
911317
911318
911319
911320
911321
911322
911323
911324
911325
911326
124894
911327
911328
911330
911331
911332
124900
911333
911334
911335
911336
911337
911338
911339
911340
911341
911342
911343
911344
911345
911346
911347
911348
911350
911351
911352
124920
911353
911354
911355
124923
911356
911357
911358
911359
911360
124929
911362
911363
911365
911366
911367
911368
911369
911370
911371
911372
911373
911375
911376
911378
911379
911380
911381
911382
911383
911384
911385
911386
911387
911388
911389
911390
911391
911392
911393
911394
911396
911397
911399
911400
911401
911402
911403
911404
911405
911406
911407
911408
911409
911410
911411
911412
911413
911415
911416
911418
911419
911420
911421
911423
911424
911426
911427
911428
911429
911430
911431
911432
911433
911434
911436
911438
911439
911440
911441
911442
911443
911445
911446
911447
911448
911449
911450
911452
911453
911454
911455
911456
911458
911459
911461
911462
911463
911464
911465
125033
911466
911467
911468
911469
911470
911471
911472
911473
911474
911475
911476
911477
911478
911479
911480
911482
911483
911485
911486
911487
911488
911489
911490
911491
911492
911493
911494
911495
911496
911497
911498
911499
911500
911501
125069
911502
911503
911504
911506
911507
911508
911509
125077
911510
911511
911512
911513
911514
911515
911516
911518
911519
911520
911521
911522
911523
911524
911525
911526
911527
911528
125096
911529
911530
125098
911531
911533
911534
911535
911536
125104
911537
911539
911540
125108
911541
911542
911543
911544
911545
911546
911547
911548
911549
911550
911551
911552
911553
911554
911555
911556
911557
911558
911559
911560
911561
911562
911563
911564
911565
911566
911567
911569
911570
911571
911572
911573
911574
911575
911576
911577
911578
911579
125147
911580
911581
911583
911584
911586
911587
911589
911591
911592
911593
911594
911595
911596
911597
911598
911600
911601
911602
911603
911604
911606
911608
911609
911611
911612
911613
911614
911616
911618
125186
911619
911620
911622
125190
911623
911624
911625
911627
911628
911629
911630
911631
911632
911633
911634
387346
911635
911636
911638
911639
911640
911642
911643
911644
911645
911647
911648
911649
911651
911652
911653
911654
911655
911657
911658
911659
911660
911661
911662
911663
911664
911665
911666
911668
911669
911670
911671
911672
911673
911674
911676
911677
125245
911679
911680
911681
911682
911683
911684
911685
125253
911686
911688
911689
911690
125258
911691
911692
911693
911695
911696
911697
911698
911699
911700
911701
911702
911703
911704
911706
911707
911708
911709
911710
911711
911713
911714
911715
911716
911717
911718
911719
911721
125289
911722
911723
911724
911725
911726
911727
911728
911729
911730
911731
911732
911733
911734
911735
911736
911737
911738
911739
911740
911741
911742
125310
911743
911745
911746
911747
911748
911749
911750
911751
911752
125320
911753
911754
911755
911756
911757
911758
125326
911759
911760
911761
911762
911763
125332
911765
125333
911766
911767
911768
911769
125337
911770
125338
911771
125339
911773
125341
911774
911775
911776
911777
125345
911778
911779
911780
125348
911781
911782
911783
911784
125352
911785
911786
911787
911788
911789
911790
125358
911791
911792
911793
125361
911794
911795
911796
911797
125365
911798
911799
911800
911801
125370
911803
125371
911804
125372
911805
125374
911807
911808
911809
911811
911812
911814
911815
125383
911816
911817
911818
125386
911819
125387
911820
911821
911823
911824
911825
911826
911827
911828
911829
911830
911831
911832
911833
911834
911836
911837
911838
911839
911840
911841
911842
911843
911844
911845
125414
911847
911848
911849
125417
911850
125418
911851
911852
911853
125421
911854
911855
911857
911858
911859
911860
125429
911862
125430
911863
911864
911865
911866
911868
911869
911870
911871
911872
911873
125441
911874
911875
911876
911877
911878
911879
911880
911881
911883
911884
911885
911886
911887
911888
911889
911890
911891
911892
911893
911895
911896
911897
911898
911899
911901
911902
911903
911904
911905
911906
911908
911909
911910
911911
911912
911913
125481
911914
911915
911916
911917
911919
911920
911921
911922
911923
911925
911926
911927
911928
911929
911930
911931
911933
911934
911935
911936
911937
911938
911939
911940
911941
911942
911943
911944
125512
911945
911946
911947
911948
911949
911950
911952
911953
911955
911956
911957
911958
125527
911960
911961
911962
911963
911964
911965
911966
125535
911968
911969
911970
911971
911972
911973
911974
911976
911977
911978
911979
911981
911983
911984
911985
911986
911987
911989
911990
911991
911992
911993
911995
911996
911997
911998
912000
912001
912002
912003
912005
912006
912007
912008
912009
912010
912011
912012
912013
912014
912016
912017
912018
912020
912021
912023
912024
912025
912026
912028
912029
912031
912032
912034
912035
912036
912037
912038
912039
912040
912042
912043
912044
912045
912046
912047
912048
912049
912050
912051
912052
912053
912054
125622
912055
912056
912058
912059
912060
912061
912062
912064
912065
912066
912067
912068
912070
912071
912072
912073
912074
912075
912076
912077
912078
912079
912081
912083
912085
912087
912088
912089
912090
912091
912092
912093
912094
912095
912096
125665
912098
912099
912100
912101
912102
912103
912104
912105
125673
912106
912108
912110
912111
912112
912113
912114
912115
912116
912117
912118
912119
912120
912122
125690
912123
912124
912125
912126
912127
912128
912129
912130
912131
912132
912133
912134
912135
912136
912137
912138
912139
912140
912141
912142
912143
912145
912146
912147
912148
912150
912151
912152
912153
912154
912155
912156
912157
912158
912159
912160
912161
912162
912163
912164
912165
912166
912167
912168
912169
912170
912172
912173
125741
912174
912175
912176
125744
912177
912180
912181
912183
912184
912185
912187
912188
125756
912189
912190
912191
912192
912194
912195
912196
912197
912198
912200
912201
912202
912203
912205
912206
912208
912209
912210
912211
912212
912214
912215
912216
912217
125785
912218
912219
912220
912221
912222
912223
912224
912225
912226
912227
912229
912230
912231
912233
912234
912235
912236
912237
912238
912239
912240
912241
912242
912243
912244
912245
912246
912248
912249
912250
125818
912252
912253
912254
912255
912256
125824
912257
912258
912259
912260
912262
912263
912264
912265
912266
912267
912268
912269
912270
912271
912272
125840
912274
125842
912275
912276
912277
912278
912279
912280
912282
125850
912283
912284
912285
912286
912288
912289
912290
912291
912292
912293
912294
912295
912296
912297
912298
912299
912300
912301
912302
912303
912305
912307
912308
912309
912310
912311
912312
912313
912315
912316
912317
912318
912319
912320
912322
912323
912324
912325
912326
912327
912328
125896
388040
912329
912331
912332
125900
912333
912334
125902
912335
912337
912338
912339
912341
912342
125910
912343
125911
125912
912345
912346
125914
912348
912349
912351
912352
125921
912354
912355
912356
912357
912359
912361
912362
912363
912364
912365
912366
912368
912369
912370
912371
912372
912373
912374
912375
912377
912378
912379
912380
912381
125949
912382
912383
912384
912385
912386
912387
912388
912390
912391
912392
912393
125961
912394
912395
912396
125964
912398
912399
912400
912401
912402
912403
912404
912405
912406
912407
912408
912409
912410
912412
125980
912413
912414
912416
125985
912418
912419
125987
912420
912421
912422
912424
912425
125994
912427
912428
912430
912432
912433
912434
126003
912436
912437
912438
912439
912440
912441
912442
126010
912443
912445
912446
126014
912447
912449
126017
912450
126018
912451
912452
912453
912454
126022
126023
912456
912457
912458
126026
912459
912460
912461
912462
912464
912466
912467
912468
912469
912470
912471
912472
912473
912474
912475
912476
912477
912478
912479
912480
912481
912482
912483
912484
126052
912485
912486
912487
912489
912490
912491
912492
912493
912494
912495
912496
912497
912499
912500
912501
912502
912504
912505
912507
912509
912510
912511
912512
912514
912515
912516
912517
912518
912519
912520
912521
912522
912523
912524
912526
912527
912528
912529
912531
912532
912534
912535
912536
912537
912538
912540
126108
912541
912542
912544
912545
912546
912547
912548
912550
912551
126119
912552
912554
912555
912556
912558
912559
912560
912562
912563
912564
912565
912566
912567
912568
912569
912570
912571
912572
912573
912574
126142
912575
912576
912578
912579
912581
912582
912583
912584
912585
912586
912587
912588
912589
912590
912591
912592
912593
912594
912595
912596
912597
912598
912599
912600
912601
912602
912603
126171
912604
912605
912606
912607
912608
912609
912610
912611
912612
912613
912615
912617
912618
912619
912620
912621
912622
912623
912624
912625
912626
912627
912628
912629
912630
912631
912633
912634
912635
912636
912637
912638
912639
912640
912641
912642
912643
912644
912645
912646
912647
912649
912650
912652
912653
912654
912655
912656
912657
912659
912660
912661
912662
912663
912664
912665
126233
912666
126234
912668
912669
912670
912671
912672
912673
912675
126244
912677
912679
912680
912682
126250
912683
912684
912685
912686
126254
912687
912688
912689
912691
912692
126260
912693
912694
126262
912695
126263
912696
912697
126265
912698
126266
912699
912700
912701
912702
912703
912704
912705
912706
912707
912708
912709
912710
912711
912713
912714
912716
126284
912717
912718
912719
912720
912721
912722
912723
912724
912726
912727
912728
912729
912730
912731
912732
912733
912734
912735
912736
912737
912738
912739
912740
912741
912742
912744
912745
126313
912747
912748
912749
912750
912751
912752
912753
912754
912755
912756
912757
912758
912759
912760
912761
912762
912763
912764
912765
912766
912767
912769
912770
912771
912772
912773
912774
912775
912776
912777
126345
912778
912779
912781
912782
912784
912785
912786
912787
912789
912790
912792
912793
912795
912796
912797
912798
912799
912800
912801
912802
912803
912804
912805
912806
912807
912808
912809
912810
912812
912813
388525
912814
912815
912816
912817
912818
912820
912821
912822
912823
126392
912825
126393
912826
912827
126395
912828
912829
912830
912831
912832
388545
912834
912835
912836
912837
912838
912840
912841
388553
912842
912843
912844
388556
912845
912847
912849
126418
912851
912852
912853
126421
912854
912855
912856
912857
912858
912860
126428
912862
912863
912864
912865
912866
912867
912868
126436
912869
912870
912871
388583
912872
912873
912874
126442
912875
912877
912878
912879
912880
912881
912882
912883
912884
912885
912886
912887
126455
912888
912889
126457
912890
912891
912892
912893
912894
912895
912896
126464
912897
126465
388609
912898
126466
912899
912900
126468
912901
912903
912904
912905
126473
912906
912907
912908
126476
912909
912910
912911
126479
912912
912913
912914
912915
126483
912916
912917
126486
912919
912920
912921
912922
912923
126491
912924
912925
912926
912927
912928
912929
126497
912930
126498
912931
912932
912933
912934
912935
912936
912937
912938
912939
912940
912941
126509
912942
912944
912945
912946
912947
912948
912949
912950
126518
912951
912952
912953
126521
912954
912955
912956
912957
126525
912958
912959
912960
912961
912963
912964
912966
912967
912968
388680
912969
126537
388682
912971
912973
912974
912975
912976
912977
912978
912979
912980
912981
912982
912983
912984
912985
912986
912987
912988
912989
912990
912991
912992
912993
912994
912996
912997
912998
912999
913000
913002
913003
913004
913005
913006
913007
913009
913010
913011
913012
913013
913014
913015
913016
913017
913018
913020
913021
913022
913023
913024
913025
913026
913027
126595
913028
913029
913030
913032
913033
913034
126602
913035
913036
913037
913038
126606
913039
913040
913041
913042
913043
913044
913045
913046
913048
913049
913050
913051
126619
913052
913053
913054
913055
913056
913057
913058
913059
913060
913061
388773
913062
913063
913064
913065
913066
913067
913068
913069
913070
913071
913072
913073
913074
388786
913075
913076
913077
913078
913079
913080
126648
913081
913082
126650
913083
913084
913085
913086
913087
913088
913090
913091
913092
913093
913094
126662
913095
913096
913097
913098
913099
388811
913100
913101
126669
913102
913103
913104
913105
913106
913107
126675
913108
913109
913110
913111
126679
913112
913113
913114
913115
913116
913117
913119
913120
913122
126690
913123
913124
913125
913126
913127
913128
913129
913130
913131
913132
913133
913134
913135
913136
913137
913138
913139
913140
913141
913143
913144
126712
913145
913146
913147
913148
913149
126717
913150
913151
913153
913154
913155
913156
913157
913158
913159
913160
913161
913162
913163
913164
913165
913166
126734
913167
913168
913169
913170
913171
913172
913173
913174
126742
913175
913176
913177
913178
913179
913180
913181
913182
913183
913184
913185
913186
913187
913188
913189
126757
913190
913191
913192
913193
913194
126762
913195
913196
388908
913197
913198
913199
126767
913200
913201
913202
913203
913204
913205
913207
913208
913209
913211
913212
913213
913215
913216
913217
913218
913219
913220
913221
913222
913223
913225
913226
913227
913228
913229
913231
913232
913233
913235
913237
913238
913239
913240
913241
913242
913243
913244
913245
913246
913247
388959
913248
913249
913250
388962
913251
913252
913253
126822
913255
126823
913256
913257
913259
913260
913261
913262
913263
913265
913266
913268
913269
913270
913271
126839
913272
913274
913275
913277
913278
913279
913280
913281
913282
913283
913284
913285
126853
913287
913288
913289
126857
913290
913291
913292
913293
913294
913295
913296
913297
913298
913299
913300
913301
913302
913304
913305
913306
913307
913308
913309
913310
913311
913312
913313
913314
389026
913315
913317
913318
913319
913320
913321
913322
913323
913324
913325
913326
913327
913328
913329
913330
913331
913332
913333
913334
913335
913336
913337
913338
913339
913340
913341
913342
913343
913344
913345
913346
913347
913348
913349
913350
913351
126919
913352
913353
913354
389066
913355
913356
913357
913358
913359
913360
913361
389073
913362
913363
913364
913365
913366
913367
913369
913370
913372
913373
913375
913376
913378
913379
913380
913382
126950
913383
389095
913384
913385
913386
913387
913388
913389
913390
913391
913393
913394
913396
913397
913399
913400
913401
913402
913403
913404
913405
913406
913407
913408
913410
913411
913412
913413
913414
913415
913416
913417
913418
913419
913420
913421
913422
913423
913424
913425
913426
913428
913429
913430
913432
913433
127001
913434
913435
913437
913438
913439
913440
913442
913443
913444
913445
913446
913448
913449
913450
913451
913452
913453
913454
913455
913456
913457
913458
913459
913460
913461
913462
913463
913464
913465
913466
913467
913468
913470
913471
913472
913473
913474
913475
913477
913478
913479
127047
913480
913481
913482
913483
913484
913485
127053
913486
913487
913488
913489
913490
913491
913492
913493
913494
913495
913496
913498
913499
913500
913501
913502
913503
913504
913505
913506
913507
389219
913508
913509
127077
913510
913511
913512
913513
913514
913515
913516
913517
913518
913519
913520
913521
913522
913523
913524
913526
913527
913528
913529
913531
913532
127100
913534
913535
913536
913538
913539
127107
913541
913542
913544
913545
127113
913546
389259
913548
913550
913551
913552
913554
913555
913557
913558
913559
913560
913561
389273
913563
913564
127133
913566
389278
913567
913568
913570
913571
913572
913574
913575
913577
913578
913579
913580
913581
913582
913583
913585
389298
913587
913588
913589
389301
913590
913591
913592
913593
913594
913595
913597
913598
913599
913600
913601
913603
913605
913606
913608
913609
127177
913611
913612
913613
913615
127183
913616
913617
913618
913619
913620
913621
913622
913623
913624
913626
913627
913629
913630
913631
913632
127200
913633
913634
913635
127203
913636
913637
913638
913639
913640
913641
913642
913643
913644
913645
389357
913646
913647
913648
913649
913651
913652
127220
913653
913654
913655
913656
913657
913658
913660
913661
913662
913664
913665
913666
913667
913668
913669
913670
913671
913672
913673
913674
913675
913676
913677
913678
913679
127247
913680
913681
913682
913683
913684
913685
913686
913687
913688
913689
913690
913691
913692
913693
913694
913695
913696
913697
913698
913699
913700
913701
913702
913703
913704
913705
913706
913707
913709
913710
913712
913713
127281
913715
913716
913718
913719
913721
913722
913723
913724
913725
913726
913727
913728
127296
913729
913730
913731
913732
913734
913735
913737
913738
913740
913741
913742
913743
913744
913746
913748
913749
913750
913751
913752
913753
127322
913755
913756
913757
913759
913760
913761
913762
913763
913764
913765
913766
913767
913768
913769
913771
913772
913773
127341
913775
913776
913777
913779
127347
913780
913781
913782
913783
913784
913785
913786
913788
913789
913791
913792
913793
913794
913795
913797
913798
913799
913800
913801
913802
913803
913804
913805
913806
913807
913808
913809
913810
913811
913812
913813
913814
913815
913816
913817
913818
913819
913820
127388
913821
913822
913824
127392
913825
913826
913827
389539
913828
913829
389541
913830
913831
913832
913833
913834
127402
913835
913836
913837
913838
913840
913841
913842
913843
913844
913846
913847
913849
913850
913851
913852
913853
913854
913855
913856
913857
913858
913859
913861
913862
913863
913864
913865
913866
913867
913868
913869
913870
913871
127439
913872
389584
913873
913874
913875
913876
913877
913878
913879
913880
913881
913883
913884
913886
913887
913889
913890
127458
913891
913892
913893
913895
913896
127464
913898
913900
913902
913903
913904
913906
913907
127475
913908
913909
913910
913911
913913
913914
913915
913916
913917
913919
913920
389633
913922
913923
913924
913926
913927
127495
389640
913929
913930
913931
913932
913933
913934
913935
913936
127504
913939
913940
913942
913943
913944
913945
913946
913947
913949
913950
913951
913952
913953
913954
913956
913957
913958
913959
913960
913961
913963
913964
913966
913967
913968
913969
913971
913972
913973
913975
913976
913977
913978
913979
913980
913981
913983
913984
913986
913987
913988
913989
913991
913992
913994
913995
913996
913997
127565
913998
913999
914000
914001
914002
914003
914005
127573
914006
914007
914008
914009
914010
914011
914012
914013
914014
914015
914016
914017
914018
914019
914020
914022
914023
127591
914024
914025
914027
127595
914028
914029
914030
914031
914032
914033
914034
914036
127604
914038
914039
914040
914041
914042
914043
914044
914046
914047
914048
914049
914050
914051
914053
914054
127622
914055
914056
914057
914058
914059
914060
914061
914062
914063
914064
914065
914066
914067
914068
914069
914070
914071
914072
914073
914074
914075
914077
914078
127646
914079
914080
127648
914081
914082
914083
914084
914086
914087
914088
914089
914091
914092
914094
914095
914096
914097
914099
914100
914101
914102
914103
914104
914105
914107
914108
914110
914111
914113
127681
914114
914116
914117
914119
914120
914122
914123
914124
914125
914126
914127
914128
914129
914130
127698
914131
914132
914134
914136
914137
914138
914139
914141
914142
914143
914144
914146
914147
914148
127716
914149
914151
914152
914153
914154
914155
914156
914157
914158
914159
914160
914161
914162
914163
914164
914165
914167
914168
914169
914170
914171
914172
914173
914175
914177
914178
914179
914180
914181
914182
914183
914185
914186
127754
914187
914188
914189
914190
914191
914192
914193
914194
914195
914196
914198
914199
914200
914201
914202
914203
914204
914205
914206
914207
914208
914209
914210
914211
914212
389924
914213
914214
914216
914217
914218
914219
914221
914222
914223
914224
914225
914226
914227
914228
914229
914230
914231
914232
127800
914233
914234
914235
914236
914237
914238
127807
914240
914241
914242
914243
914244
914245
914246
914247
914248
914249
914250
914251
914252
914253
914254
914255
914256
914257
914258
914259
127828
914261
914262
914264
914265
914266
914267
914268
914269
914270
914271
914272
914273
914274
914275
914277
914279
914281
914282
914283
914284
914285
127854
914287
914289
914290
127858
914291
914292
390004
914294
914295
914296
914297
914298
914300
914301
914303
914304
914306
914307
914308
914309
914310
914311
914313
914314
914315
127883
914316
914318
914319
127888
914321
914322
914324
914325
914326
914327
914328
914329
914330
914331
914333
914334
914336
914337
914338
914339
914340
914341
914342
914343
914344
914345
914346
914348
914349
914351
914352
914353
914354
914355
914357
914358
914359
914361
914362
914363
914364
914365
127933
914366
914367
914368
914369
914371
914372
914373
914374
914375
127943
914376
914377
914378
914379
914380
914381
914382
914383
914384
914386
914387
914389
914390
127958
914391
914393
914394
914395
914396
914397
914398
914400
914401
914402
914403
914404
914405
914406
127974
914407
914408
914409
914410
127978
914411
914412
914414
914416
914417
914419
914420
914421
914422
914423
914424
914425
914426
914427
914428
914429
914431
914432
914433
914434
914435
914436
914437
914438
128006
914439
914440
914442
914443
128011
914444
914445
914446
914447
914449
914450
914451
914452
914453
914454
914455
914456
914457
914458
914459
914460
914461
914462
914463
914464
914465
128033
914467
128035
914468
128036
914469
914470
914471
914472
914473
914474
914475
914476
128044
914477
914478
128047
914480
914481
914482
914483
914485
914486
914487
914488
914489
914490
914491
914493
914494
914495
914496
914497
914498
914499
914500
914501
914502
914503
914504
128072
914505
914506
914508
914509
914510
914511
914512
914513
914514
914515
914516
914518
914519
914520
914521
914522
914524
914525
914526
914527
914528
914529
914531
914532
914533
914534
914535
914537
914538
914540
128108
914541
914543
914544
914545
914546
914547
914548
914549
914550
914551
914552
914553
914554
914555
914557
914559
128127
914560
914561
914562
914563
914564
914565
914566
914567
914568
914569
914570
128138
914571
914572
914574
914575
914576
914577
914578
914579
914580
914581
914583
914584
914585
914586
914587
914588
914590
914592
914593
914594
914595
914596
914597
914598
914599
914600
914601
914602
128170
914603
914604
914605
914606
914607
914608
128176
914610
914611
128179
914612
914613
914614
914615
914617
914618
914620
914621
914623
914624
914625
914626
914628
914629
914631
914632
128200
914633
914634
914635
914636
914637
128205
914639
914640
128208
914641
914642
128210
914644
914645
914647
914648
914649
914650
914651
914652
914653
914654
914655
914656
914658
914659
914660
914661
914662
914663
914664
914665
128233
914666
914667
914668
914670
914671
914672
914673
914674
914676
914677
914679
914680
914681
914682
914683
128251
914684
914685
914686
914687
914688
914689
914690
390402
914691
914692
914694
914695
914696
914697
914698
914699
914700
914702
914703
914704
914705
914706
914708
914709
914710
914711
914712
914713
914714
914715
914716
914718
128286
914719
914720
914721
914722
914723
914724
914725
914726
914727
914728
914730
914731
914732
128300
914733
914734
914735
914736
914737
390449
914738
914739
914740
914741
914743
914744
390456
914745
914746
914747
914748
914749
914750
914752
914753
914754
914756
914757
914759
390471
914760
914762
914764
914765
128333
914766
914768
914769
914770
914771
914773
914774
390486
914775
914777
914778
914779
914780
128349
914782
390494
914784
914785
128353
914787
914788
914789
914790
128359
914792
914793
914794
914795
914796
914797
914798
914800
914801
914802
914803
914805
914806
914808
914809
914810
914811
914812
914813
914815
914816
914817
914818
914819
914820
914821
914822
914823
914824
914825
914827
914828
914829
914830
914832
914833
914835
914836
914837
914838
914839
914840
914841
914842
914843
914844
914845
914846
914847
914849
914850
914851
914852
914853
914854
914855
914856
914857
914858
914860
914862
914863
914864
914865
914866
914867
128435
914868
914870
914871
914872
914873
914874
914875
914876
914878
914879
914880
914881
914882
914883
914884
914885
914886
914887
914888
128456
914889
914890
914891
914892
914893
914894
914895
914896
914898
914899
914900
914901
128469
914902
914903
914904
128472
914905
914906
914908
914909
914910
914911
914912
914913
914914
914915
914916
914917
914918
914919
914920
914921
914922
914924
914925
914926
914927
914928
914929
914930
914931
914932
914933
914934
914935
914936
914937
914938
914939
914940
914941
914942
914943
914944
914945
128513
914946
914947
914948
914949
914950
914951
914952
914953
914954
914955
128523
914956
914958
914959
128528
914961
914962
128530
914964
914965
914967
914968
914970
914971
914972
914974
914976
914977
914979
914980
914981
914983
914984
914985
914987
914988
128556
914989
914990
914992
914993
914994
914995
914997
914998
914999
390712
915001
915003
915004
915006
915007
915008
915009
915011
915012
915013
915014
915015
915017
915018
915019
915020
915022
915023
915024
915025
915026
915028
915029
915030
390742
915031
915032
915033
915034
915036
915037
915038
915039
915041
915042
915043
915044
915045
915047
915048
128616
915049
915050
915051
915053
915054
915056
915057
915058
915060
915061
390773
915062
915063
915064
915065
915066
915068
915069
915070
915071
915072
915074
915075
128643
915076
915077
915078
915079
915080
915081
915082
915083
915084
915085
915086
915087
915089
915090
915091
915092
915093
915094
915095
915096
915097
915098
915099
915100
915101
915102
915104
128672
915105
915106
915107
915108
915109
915110
915111
915112
128680
915113
915114
915115
915116
915117
915118
915119
915120
915121
915122
915123
128691
915124
915126
915128
915129
915130
915131
915132
915133
915134
915135
915136
915137
915138
915139
915141
915143
915144
915145
915146
915147
915148
915149
915150
915152
915154
915155
915156
915157
915159
915160
915162
915163
915164
915165
915166
915167
128735
915168
915169
915170
915171
915172
915173
915174
915175
915177
915178
915179
915180
915181
915182
915183
128751
915185
915186
915188
915189
915191
915192
915193
915194
915195
915196
915198
915199
128767
915200
915202
915203
915204
915205
915206
915207
915208
915209
915211
915212
128780
915213
915214
915215
915216
915217
915218
915220
915221
128789
915222
915223
915225
915227
915228
128796
915229
915230
915231
915232
915233
915234
915235
915236
915238
915239
915240
915241
915242
915243
915244
915246
915247
915249
915250
915251
915252
915254
915255
915256
128825
915258
915259
915260
915261
915262
915263
915264
915265
915266
915267
915268
915269
915270
915271
128840
915273
915274
915275
915276
128844
915277
915278
915279
915280
915281
128849
915282
915283
915284
915285
915286
915287
915288
128856
915289
915290
915291
915292
915293
915295
128863
915296
915297
915298
915299
915301
915302
915303
915304
915305
915306
915307
915308
915309
915310
915311
915312
915313
915314
915315
915316
915317
915318
915319
915320
915321
915322
128890
915323
915324
915325
915326
915327
915328
915329
915330
915331
915332
915333
915334
915335
915336
915338
915339
915340
915341
915342
915343
915344
915345
915346
915348
128916
915349
915350
915352
915353
915355
128923
915356
915357
915358
915360
915361
915363
915364
915365
915366
915367
915368
915369
915370
915371
915373
915374
128942
915375
915376
915377
915378
915379
915381
915382
915383
915384
915385
915386
915388
915389
915390
915391
915392
915394
915395
915396
915397
915399
915400
915402
915404
915405
915406
915407
915408
915409
915410
128978
915411
915413
915414
915415
915416
915417
915418
915419
915420
915421
915422
915423
915424
915425
915426
915427
915428
915429
915430
915431
915433
915434
915436
129004
915437
915438
915439
915440
915441
915442
915443
129011
915444
915445
915446
915447
915448
915449
915450
915451
915452
915453
915454
915455
915456
915458
915459
915460
915461
915462
915463
915464
915465
915466
915467
915468
915469
915470
129038
915471
915472
129040
915473
915474
915475
915476
915477
129045
915478
915479
915480
915481
915482
915483
915485
915486
915487
915488
915489
915490
915491
915492
915493
915494
915495
915496
915497
129065
915498
915499
915500
915501
915502
915503
915505
915506
915507
915509
915511
915512
915514
915515
915516
915518
915519
915520
915521
915522
915523
915524
915525
915526
915527
129095
915528
915529
915530
915531
915533
915534
915535
129103
915536
915537
915538
915539
915540
915541
391253
915542
915544
915545
915546
915547
915549
915550
915551
915552
915553
915554
915556
915557
915559
915560
915561
915562
915563
915565
915566
915568
915569
915570
915572
129140
915573
915574
915576
915577
129145
915578
915579
915580
915582
915583
129151
915584
915585
915586
915587
915588
915589
915590
915592
915593
915594
915596
915597
915598
915599
915600
915602
129170
915603
915604
915605
915606
915607
915608
915609
915610
915611
915612
915613
915614
915615
915616
915617
129185
915618
915619
915620
915621
915622
915623
915624
915625
915626
915627
915628
915629
915630
915631
915632
915633
915634
915635
915636
915637
915638
915639
915640
915642
915643
915644
915645
915646
129214
915647
915648
915649
915650
915651
915652
915653
915654
915655
915656
915657
915659
915660
915661
915662
129230
915663
915664
915665
915666
915668
915669
915670
915671
915672
915674
915675
915676
915677
915678
129246
915680
915682
915683
915684
915685
915686
915687
915688
915689
915691
915692
915693
915694
915695
915696
129264
915697
915698
915699
915700
915701
915702
915703
915704
915705
915706
915707
915708
915709
915710
915711
915712
915713
391425
915714
915715
915717
129285
915718
915720
915721
915722
915723
915724
915726
915728
915729
915731
915732
129300
915733
915734
915735
915736
915737
915738
915739
915740
915741
915742
915743
915744
391456
915745
915746
915747
915748
915749
915750
915751
915752
915753
915754
915755
915756
915757
915758
915759
915760
915762
915763
915764
915765
915766
915767
915768
915769
915770
915771
915772
915773
915774
915775
129343
915776
915777
915778
915779
915781
915782
915784
915785
915786
915787
129355
915788
915789
915790
915791
915792
915793
915794
915795
915796
915797
915798
915799
915800
915801
915802
915803
915804
915806
915807
915808
915810
915811
915812
915813
915814
915815
915816
915817
915818
915819
915820
915821
915822
915823
915824
915825
915826
915827
915828
915829
915830
915831
129399
915833
915834
915835
129403
915836
915837
915838
915839
129408
915841
915842
915844
915845
915846
915847
915848
915849
915850
129418
915851
129420
915853
915854
915855
915856
915857
129426
915859
915860
915861
915863
915864
915865
915866
915867
915868
915869
915870
915872
915873
915874
915875
915876
915877
915878
915879
915880
915881
915882
915883
915884
915885
915886
129454
915887
129455
915888
915889
129457
915890
915891
915892
915893
129461
915894
915895
915896
915897
129465
915898
915899
915900
915901
915902
915903
915904
915905
915906
915907
915908
915909
915910
915912
915913
915915
915916
915917
129485
915918
915919
915920
915921
915923
915924
915926
915927
915928
915929
915930
915931
129499
915932
915933
915934
915935
915936
129505
915938
915940
915941
915942
915943
915944
915945
915946
915947
915948
915949
915950
915951
915952
915953
915954
915955
129523
915957
915958
915959
915960
915961
129529
915962
915963
915964
915965
915966
915967
915968
915969
915970
915971
915972
915973
915974
915975
915976
915977
915978
915979
915980
129548
915981
915982
915983
915984
915986
129554
915987
915989
915990
915991
915992
915993
915994
915995
915996
915997
915998
915999
129567
916000
916001
916003
916004
916005
916006
916007
916008
916009
916010
916011
916012
916013
916014
129582
916015
916016
916017
916018
916019
916020
916021
916022
916023
916024
916026
916027
916028
916029
916030
916031
916032
916033
916035
916036
916037
916038
916039
916040
916041
916042
916043
916044
916045
916047
916048
916049
916050
916051
916052
916053
916054
916055
916056
916057
916058
916059
916060
129628
916061
916062
916063
916064
916065
129633
916066
916067
916068
916069
916070
916071
916072
916073
916074
129642
916075
916079
916081
916083
916085
916087
916089
129658
916091
916093
129661
916095
916097
916099
916101
916103
916105
916107
129676
916109
916111
916113
916115
916117
916119
916121
129690
916123
916124
916125
916126
916128
916130
916132
916134
916135
916136
916137
916139
916141
916143
916144
916145
916147
129715
916149
916151
916153
916154
916155
916157
916159
916161
916163
129732
916165
916167
916169
916171
916173
916174
916175
916177
916179
916181
916182
916183
916185
916186
916187
916189
916190
129758
916191
916192
916193
916194
916195
916196
916197
916198
916199
916200
916202
129771
916204
916206
916208
916210
916212
916214
916216
916218
916220
916222
916224
916226
916228
916230
916232
916234
916236
916238
916240
916242
916244
916246
916248
129820
129834
916282
916284
916286
916288
916290
916292
916294
916296
916298
916300
916302
916304
916306
916308
916310
916312
916314
916316
129885
916318
916320
916322
916324
916326
916327
916328
129897
916330
916331
916332
916334
916336
916337
916338
916340
916342
916343
129911
916344
916345
916346
916348
129916
916350
916352
916354
916355
916356
916357
916359
916361
916363
916365
916366
916367
916368
916370
916372
916373
916374
916375
916377
916379
916380
916382
916384
916386
916388
916390
916392
916394
916396
916398
916400
916402
129971
916404
916406
916408
916410
916412
916414
916416
916418
916420
916422
916424
916426
916428
916430
916432
916434
916436
916438
916440
916442
916444
916446
916448
916450
916451
916452
916453
916455
916457
916459
916461
916462
916463
916464
916466
916468
916470
916472
130041
916474
916476
916478
916479
916480
916481
916483
916485
916487
916489
916491
130059
130060
916493
916495
916496
130089
916525
916527
916528
916529
916531
130100
916533
916535
130104
916537
916539
916541
916543
916545
916547
916549
130117
916551
130119
916553
916555
916557
916559
916561
916563
916565
916567
916569
916571
916573
916574
916575
916577
916578
916579
916581
916582
916583
130151
916585
916586
916587
916589
916591
916593
916595
916597
916599
916600
916601
916602
916603
916604
916606
916608
916610
916612
916614
916616
916617
916618
916619
916621
130190
916623
916624
916625
916626
916627
916628
916630
916632
916634
916635
916636
916637
916638
916639
130207
916641
916643
916644
916645
916646
916647
916648
916650
916652
916654
916656
916658
916660
916662
916664
916666
916668
130236
916670
916672
916674
916676
916678
916680
916682
916684
916686
916688
916690
916692
916694
916696
916697
916698
916699
916700
916701
916702
916703
916704
916705
916706
916707
916708
916709
916710
916711
916712
916713
916714
916715
916716
916717
916718
916719
916720
916721
916722
916723
916724
916725
916726
916727
916728
916729
916730
916731
916732
916733
916734
916735
916736
916737
916738
916739
916740
916741
916742
916743
916744
916745
916746
916747
916748
916749
916750
916751
916752
916753
916754
916755
916756
916757
916758
916759
916760
916761
916762
916763
916764
916765
916766
130334
916767
916768
916769
130337
916770
916771
916772
916773
916774
916775
916776
916777
916778
916779
916780
916781
916782
916783
916784
916785
916786
916787
916788
916789
916790
916791
916792
916793
916794
130362
916795
916796
916797
916798
916799
916800
916801
916802
916803
916804
916805
916806
916807
916808
916809
916810
916811
916812
916813
130381
916814
916815
916816
916817
916818
916819
916820
916821
916822
916823
916824
916825
916826
916827
916828
916829
130397
916830
916831
916832
916833
916834
916835
916836
916837
916838
916839
916840
916841
916842
916843
916844
916845
916846
916847
916848
916849
916850
916851
916852
916853
916854
916855
916856
916857
130425
916858
916859
916860
916861
916862
916863
916864
916865
916866
916867
916868
916869
916870
916871
916872
130440
916873
916874
916875
916876
916877
916878
916879
916880
916881
916882
916883
916884
916885
916886
916887
916888
916889
916890
916891
916892
130460
916893
916894
916895
916896
916897
916898
916899
916900
916901
916902
916903
916904
916905
916906
916907
130475
916908
916909
916910
916911
916912
916913
916914
916915
916916
916917
916918
916919
130487
916920
916921
916922
916923
916925
916926
916927
916928
916929
916930
130498
916931
916932
916933
916934
916935
916936
916937
916938
916939
916940
916941
916942
916943
916944
916945
916946
916947
916948
916949
130517
916950
916951
916952
916953
916954
916955
916956
916957
916958
916959
916960
916961
916962
916963
916964
916965
130533
916967
916968
916969
916970
916971
916972
916973
916974
916975
916976
916977
916978
916979
916980
916981
916982
916983
916984
916985
916986
916987
916988
916989
916990
916991
916992
916993
916994
916995
916996
916997
916999
917000
917001
917002
917003
917004
917005
917006
917007
917008
917009
917010
917011
917012
917013
917014
917015
917016
917017
917018
917019
130587
917020
917021
917022
917023
917024
917025
917026
917027
917028
917029
917030
917031
917032
917033
917034
917035
917036
917037
917038
917039
917040
917041
917042
917043
917044
917045
917046
130614
917047
917048
917049
917050
917051
917052
917053
917054
917055
917056
917057
917058
917059
917060
917061
917062
917063
917064
917065
917066
917067
917068
917069
917070
917071
917072
917073
917074
917075
917076
917078
917079
917080
917082
130650
917083
917084
130652
917085
917086
917087
917088
917090
917091
917092
917093
917094
917095
917097
917098
917099
917101
917103
917105
917106
130674
917107
917108
917109
917110
917111
917112
917113
917114
917115
917116
917117
917118
917120
917121
917122
130690
917124
917125
917127
917128
917130
917131
917133
130701
917134
917135
917136
917137
130705
917138
917139
917140
917141
917143
917144
917145
130713
917146
917147
130715
917148
917149
130717
917150
917151
917152
917153
130721
917154
917155
917156
917157
917158
917159
917160
917161
917162
917163
917164
917165
917166
917167
917168
917169
130737
917170
917171
917172
917174
917175
917176
917177
917178
917179
917180
917181
917182
917183
917184
130752
917185
917186
917187
917188
917189
130757
917190
917191
917192
917193
917194
917195
917196
917197
917198
917199
917200
917201
917202
917203
917204
917205
917206
917207
917208
917209
917210
917211
917212
917213
917214
917215
917216
917217
917218
917220
917222
917223
917225
917226
917227
917228
917230
917231
917232
917233
917234
917235
917236
917237
917238
917239
917241
917242
917244
917245
917247
917248
917249
917250
917251
917252
917253
917254
917255
917256
917257
917259
917260
917261
917263
917264
917266
917267
917268
917269
917270
130838
917271
917272
917274
917275
917276
917278
917279
917280
917281
917283
130851
917284
917285
917287
917288
917289
917290
917291
917292
917293
917294
917295
917296
917297
917298
917299
917300
917301
917302
917303
917304
917305
917307
917308
917309
917310
130878
917311
917312
917313
917314
917315
917316
917317
917318
917319
130887
917320
917321
917322
917323
917324
917325
917326
917327
917328
917329
917331
917332
917333
917334
917335
917336
917337
917338
917339
917340
917341
917342
917343
917344
130912
917345
917346
917347
917348
917349
917350
917351
917352
917353
917354
917355
917356
917357
917359
917360
917361
917363
917364
917365
917367
917368
917369
917372
917373
917375
917376
917378
917379
917380
917381
917383
917384
917386
917387
917388
917389
917390
917392
917393
917395
917396
917398
917399
130967
917400
917401
917402
917403
917405
917406
917407
917408
130976
917410
917411
130979
917413
917414
917415
917416
917417
917418
917419
917420
917421
917422
917424
917426
917428
917429
917430
917431
917432
917433
917434
917435
917436
917437
917438
917440
917441
917442
917443
917445
917446
131014
917447
917448
917449
917451
917452
131020
917453
917454
917455
917457
917458
917459
131027
917460
917461
917462
917463
917464
917465
917467
917468
917469
917471
917472
917473
917474
917475
917477
917478
917479
917480
917481
917482
917483
917484
917485
917486
917487
917488
917489
917490
917491
917492
917493
131061
917494
917495
917496
917497
917498
917499
917500
917501
917502
917503
917504
917505
917506
917507
917508
917509
917510
917511
917512
917513
917515
917516
917518
917521
917522
917524
917525
917526
917528
917529
393241
917531
917532
917533
131101
917535
917536
917538
917539
917541
917542
917543
917544
917545
917546
917547
917549
917550
917552
917553
917555
917556
917558
917559
917560
917561
917563
917564
917565
917566
917567
917568
917569
917570
131138
917571
917572
917573
917574
917575
917577
917578
917580
917581
917582
917583
917584
917585
917586
917587
917588
917589
917590
917591
917593
917594
917595
917596
917597
917598
917599
917600
917601
917602
131170
917603
917604
917605
917606
917607
917608
917609
917610
917611
917612
917613
917614
131182
917616
917617
917618
917619
917620
917621
917623
131191
917624
917625
917626
917628
917629
917630
917631
917633
917634
917635
917636
917637
917638
917639
917640
917641
917642
917643
917644
917646
917647
917648
917649
917650
917651
917652
917653
917654
131222
917655
917656
917657
917658
917659
917660
917661
917662
917663
917664
917665
917666
917667
917668
917669
917670
917671
917672
917678
917679
131250
917683
917687
917689
917690
917691
917693
917695
917696
393409
917698
917701
917703
917704
917705
917706
131275
917708
917709
917710
917711
917713
917714
917717
917718
131286
131287
917727
917728
917730
917732
917734
917735
917736
917737
917739
917740
917742
917743
917745
131313
917746
917751
917752
917754
917755
917756
917757
917758
917759
917760
917761
917763
917764
917765
917766
917768
917769
917770
917771
917774
131342
917775
917776
917777
917779
917780
917786
917787
917788
917790
917791
917796
917797
917798
917799
131367
917800
917801
917804
917805
917807
917808
917809
917811
917813
917814
917815
917816
917817
917818
917819
131388
917821
131389
917822
917823
131391
917824
917825
917826
917828
917829
917831
917832
917833
917834
917835
917836
131404
917839
917841
917842
917844
917845
917846
917847
917848
131417
917850
917852
131420
917853
917854
917855
917856
917857
917858
917859
917860
917862
917864
917866
917867
917869
917871
917873
917875
917876
917877
917878
917879
917880
917881
131449
917882
917884
917885
917888
917892
917894
917895
917896
917897
917899
917900
917901
917902
917903
917904
917905
131473
917906
917907
917908
917909
917910
917911
131479
917912
917913
917915
917916
917917
917918
917919
917920
917922
917923
917924
917925
917926
917927
917928
917929
917930
917931
917932
917934
917935
917936
917937
917938
917939
917941
917942
917943
917944
917945
131513
917946
917948
917949
917950
917951
917952
917953
917954
917955
917957
917958
917959
917961
917962
917963
917964
917966
917967
917968
917969
917971
917972
917973
917974
917975
917977
917978
917979
917981
917983
917984
917986
917987
917988
917989
917990
917991
917992
917993
917994
917996
917997
917999
918000
131568
918002
918003
918005
918006
918007
918008
131576
918009
918010
918011
918012
918013
918014
131583
918016
918017
918018
918019
918020
918021
918022
918023
918024
918025
918026
918027
918028
918029
918030
918031
918033
918034
918036
918037
918039
918040
918041
918042
918043
918044
918045
918046
918047
131615
918049
918050
918051
918052
131620
918053
131622
918055
918056
918058
918060
131628
918061
918063
918064
918065
131633
918066
131634
918067
918068
918069
918070
918071
918072
918073
918074
918075
918076
918077
918078
918079
918080
918081
918082
918083
918085
918086
918087
918088
918089
918091
918092
918093
918094
918095
918096
918097
918098
131666
918099
918100
918101
918102
918103
918104
918105
918106
918107
918108
918109
918110
131678
918111
918112
918114
918115
918117
918118
918119
918120
918121
918122
918123
918124
918125
918127
918128
918130
918131
918132
918133
918134
918135
918136
918137
918139
918140
918141
918142
918143
918144
131712
918145
918146
918147
918148
918149
918150
918151
918152
918153
918155
918156
918157
918158
918159
918160
918161
918162
918163
918164
918165
918166
918167
918168
918169
918170
918171
918172
918173
918174
918175
918176
918177
918178
918179
918180
918181
918183
918184
918185
918186
918188
918189
918190
918192
918193
918194
918195
918196
918197
918198
918200
918201
918203
131771
918204
918206
918207
918209
918210
131779
918212
918213
918214
918215
918216
918217
918219
918220
918222
918223
918225
918226
918228
131796
918229
918230
918231
918232
918233
918234
131802
918236
918237
918239
918240
918241
918242
918243
131811
918245
918246
918248
918249
918250
918251
918252
131820
918253
918255
918256
918258
918259
918261
918262
131831
918264
918265
918266
918268
918269
131837
918270
918271
918272
918273
918275
918276
918277
918279
918280
918281
918282
918284
918285
918286
918287
918288
918289
918290
918292
918293
918294
918295
918297
131865
918298
918300
918301
918302
918303
131872
918305
918306
918308
918309
918310
131878
918311
918312
131880
918313
918315
918316
918317
918318
918319
918321
918322
918323
918324
918325
918326
918327
918328
918329
918330
918331
918332
918333
918334
918336
918337
918338
918339
918340
918341
918342
918343
918344
918345
918346
918347
918348
131916
918349
131917
918350
918351
918352
918353
918354
918355
918356
918357
918358
918359
918360
918361
918362
918363
918364
918365
918366
131934
918367
918368
918369
918370
918371
918372
918373
918374
918375
131943
918376
918378
131946
918379
918380
918381
131950
918383
918384
918385
918386
131955
918388
918390
918391
918392
918393
131961
918394
131962
918396
918397
918398
918399
918400
131968
918401
918402
918403
918404
918405
918406
918407
918408
918409
918410
918411
918412
131980
918413
131981
918414
918415
918416
918418
918419
918420
131989
918422
918423
918425
918426
918428
918429
918430
131998
918432
918433
918434
918435
918436
918438
918439
132007
918440
918441
918442
918443
918444
132013
918446
918447
918448
918449
132017
918450
918452
918453
918454
918455
918457
918458
918459
918460
132028
918461
918462
918463
918464
918465
918466
918467
918468
918469
918470
918471
132039
918472
918473
918474
918475
918477
918478
918479
918480
918481
918482
918483
918484
918485
918487
918488
918489
918490
918491
918493
918494
918496
918497
918498
918500
918501
918503
918504
918505
918507
918508
918509
918510
918511
918512
918513
918514
918515
918517
918518
918519
918520
918521
918522
918523
918524
918525
918526
918528
918529
918530
918531
918532
918533
918535
918537
918538
918540
918541
918542
918543
918544
918545
918546
918547
918548
918549
918551
918552
918553
918554
918556
918558
918559
918560
918562
918563
918564
918565
918566
918567
918569
918570
918571
918572
918573
918574
918575
918576
918578
918579
132147
918580
918581
918582
918583
918584
132152
918585
132153
918586
918587
918588
918589
918591
918592
918593
918594
918595
918596
918597
918598
918599
918600
918601
918603
918604
918605
918606
132174
918607
918608
918609
918610
918612
918613
918614
918615
918617
918618
918619
918620
918621
918622
918623
918624
918625
918626
918627
918628
918629
918630
918631
918632
918633
918635
918636
918637
918638
918639
918641
918642
918643
918644
918645
918646
918647
918648
918649
918650
918652
132221
918654
918655
918657
918658
918660
918661
918662
918664
918666
918667
132235
918669
918670
918671
918672
918673
918674
918675
918676
918677
918678
918679
918681
918683
132251
918684
918686
918687
918689
918690
918692
918693
918695
918696
918697
918698
918700
918701
918702
918703
918704
918705
918706
918707
918708
918710
918711
918712
918713
918714
918715
918716
918718
918719
918721
918722
918724
918725
918726
918727
918728
918729
918730
918731
918732
918733
918734
918736
918737
918738
918739
132307
918741
918742
918743
918744
918745
918746
918747
918748
918749
918750
918751
918752
918753
918755
132324
918757
918758
918760
918761
918762
918763
918764
918765
918766
918767
918768
918769
918770
918772
132340
918773
918774
918775
918776
918777
918778
394490
918780
918781
918782
132350
918783
918784
918785
918787
918788
918789
918790
132358
918791
918792
918794
918795
918796
132364
918797
918798
918799
918800
918801
918802
918803
918804
132372
918805
918806
918807
918808
918810
918812
918813
918814
918815
918816
918817
918818
918819
918820
918821
918822
918823
918824
918825
132394
918827
918828
918829
918830
918831
918832
918833
918834
918835
918836
918837
918838
918839
918840
918841
918842
918843
918844
918845
918846
918847
918848
918850
918851
132420
918853
918854
918855
918856
918857
918858
918859
918860
918861
918862
918863
918865
918867
918869
918870
132438
918872
918873
918875
918876
918878
132446
918879
918881
918882
918883
918884
918885
918886
132454
918888
918889
918891
918892
918893
918895
918896
918897
918899
132467
918900
918901
132469
918902
918903
918904
918905
918907
918908
918909
918911
918912
918913
918914
918915
918916
918917
918918
918919
918920
918921
918923
918925
918926
918927
918928
132496
918929
918930
918931
918933
918934
918935
132503
918936
918937
918938
918939
918940
918941
918942
132510
918943
918944
132512
918945
918946
918947
918948
918949
918950
918951
918952
918953
918954
132522
918956
918957
918958
918959
918960
918961
918962
918963
918964
918965
918966
918967
918968
918969
918971
918972
918973
918974
918976
918977
918978
918979
918980
918981
918982
918983
918984
918985
918986
918988
918989
918990
918991
918992
918993
132561
918994
918995
918996
918998
918999
919000
919001
919002
919003
919004
919005
919006
919007
919008
919009
919011
919012
919013
919014
919015
919017
919018
919019
919020
919021
919022
132590
919023
919024
919025
919026
919027
919028
919029
919030
919031
919032
919034
919035
919036
919037
919038
919039
919040
919042
919044
919045
919047
919048
919050
919051
919052
919054
919056
919057
919058
919059
919060
919062
919063
919065
919066
919068
919069
132637
919071
919072
919073
132642
919075
919077
919078
132647
919080
132648
919081
919082
919083
919084
919085
919086
919087
919088
919089
919091
919092
919094
919095
919096
919097
919098
919099
919100
919101
132669
919102
919103
919105
919106
919107
919108
919109
132678
919111
919112
919113
132681
919114
919116
919117
919118
919119
919120
919121
919122
919123
919124
919125
919126
919127
919128
919129
919130
919132
919133
919134
919135
919136
919137
919138
919139
919140
919141
919142
919143
919144
919145
919146
919148
919149
919150
132718
919151
919152
919153
919154
919155
919156
919157
919158
919159
919161
919162
919163
919164
132732
919165
919166
919167
919168
919169
919170
919171
919172
919173
919174
919175
919176
919177
919178
919179
919180
919181
919182
919183
919184
919185
919186
132754
919188
919189
919190
919191
919192
919193
919194
919195
132764
919197
919198
919199
919200
132769
919202
919203
919204
919205
919206
919208
919210
919211
919212
919213
919214
919215
919216
919217
919218
919219
919220
919221
919222
919223
919224
919226
919227
919228
919229
919230
919231
919233
919235
919236
919238
919239
919240
919241
919243
919244
132812
919246
919247
919249
919250
919251
919252
919254
919255
919256
919257
919259
919260
919261
919262
919263
919265
919266
919267
919269
132837
919270
919272
919273
919274
919275
132843
919276
919277
919279
919280
919282
919283
919284
919285
919286
132854
919288
919289
919291
919292
919294
919295
132863
919296
919297
919298
132866
919299
919300
919301
919302
919303
919304
919305
919306
919307
919308
919309
919310
919311
919313
919314
919316
919317
919318
919319
919320
919321
919322
132890
919323
132891
919324
919325
919326
919327
919328
919329
132897
919330
919332
919333
919334
919335
919336
919337
919338
132906
919340
919341
919342
919343
919344
919345
919346
919347
132915
919348
919349
919350
919352
919353
919354
919355
919356
919357
132926
919359
919360
919361
919362
919364
919365
919366
919367
919368
919370
132938
919371
919372
919373
919374
919375
919376
919377
132945
919378
919379
919380
919381
919382
919383
919384
919385
919386
919387
919388
919389
919390
919391
919392
919393
919394
919395
919396
919397
919398
919399
132967
919400
919401
919402
919403
132971
919405
919406
919408
919409
132978
919411
132979
919413
919414
919415
919417
919418
919420
132988
919421
919422
919423
919425
919426
919427
919428
919429
919431
919433
919434
133003
919436
919437
919438
919440
919441
919443
919444
919445
919446
919448
919449
919450
919451
919452
919453
919455
919456
919457
919458
919459
919460
919461
919462
919463
919465
919466
919467
133035
919468
919469
919470
919472
919473
919474
919475
919476
919477
919478
919479
919480
919481
919482
919483
919484
919485
133053
919486
919487
133055
919488
919489
919491
919492
919493
919494
919495
133064
919497
919498
919499
919500
919501
919502
919503
919504
919505
919506
133074
919507
919509
919510
919511
133079
919512
919513
919515
919516
919517
919518
919520
919521
133089
919522
919523
919524
919525
919526
919527
919528
919530
919531
919532
919533
919534
919535
919536
919537
919538
919539
133107
919540
919541
919542
919543
919544
919545
919546
919547
919548
919549
919550
919551
919552
919553
919554
919555
919556
919557
919558
919559
133127
919560
919561
133129
919563
919564
919565
919566
919567
133135
919569
919571
919572
919573
919575
919577
919578
133147
919580
919581
919582
919583
133151
919584
133152
919585
919586
919587
919588
919590
919591
919592
919593
919594
919595
133164
919597
919598
919599
919600
919601
919602
919603
919604
919605
919606
919608
919609
919610
919611
919612
919613
919615
919616
919617
919618
919619
133187
919620
133188
919621
919622
919623
133191
919624
919625
919626
919627
919628
919629
919630
919631
919632
919634
133202
919635
919636
919637
919638
919641
919643
919644
919645
919646
919647
919649
919650
919652
919653
919654
919655
919656
919657
919658
919659
133227
919660
919661
919663
919665
919666
919667
919668
919669
919670
919671
919672
919673
919674
919675
919676
919678
919679
919680
919681
919682
919683
919684
919685
919686
919687
919688
919689
133257
919690
133259
919692
919693
919694
919695
919696
919697
919698
919700
133268
919701
919703
919704
919705
919706
919707
919708
919709
919710
919711
919712
919713
919714
919715
919716
133284
919717
919718
919720
919722
919723
919724
919725
919727
919729
133297
919730
919731
919732
919734
919736
919737
919738
919739
919741
919742
919743
919744
919745
919746
919747
919748
919749
919750
919751
919752
919753
919754
919755
919756
919757
919758
919759
919760
919761
919762
919763
919764
919766
919767
919768
919769
919770
919771
919772
919773
919774
919775
919777
919779
919780
919782
919783
919784
919785
919786
919787
919789
919791
133359
919792
919793
919794
919795
919796
919797
919798
919799
919801
919802
919803
919804
919805
919806
919807
919808
919809
919810
919811
919812
919813
919814
919815
919816
133384
919817
919818
919819
919820
919821
919822
919823
919824
919825
395537
919826
919828
919829
919831
919832
919833
919834
919835
133403
919836
919838
919839
919840
919842
919843
133411
919844
133413
919846
919847
919848
919849
919850
133418
919851
919852
919853
919854
919855
919856
919857
919858
919859
919860
919861
919862
919863
919864
919865
919867
919868
919869
919870
919872
919873
919874
919875
919876
919877
919879
919880
919881
919882
919883
919884
919886
919887
919888
919889
919890
919892
919893
919894
919895
133463
919897
919898
133466
919899
133467
919900
919901
919902
919903
919904
919905
919906
919908
919909
919910
919911
919912
919914
919915
919916
919917
919918
919919
919920
919921
919922
919923
919924
919925
919926
919927
133495
919928
919929
919930
919932
919933
919934
919935
919936
919937
919938
919940
919941
919943
919944
919945
919947
919948
919949
919951
133519
919952
919953
919954
919955
919956
919957
919958
919959
919960
919961
919962
919963
919964
919965
919966
919967
919969
919970
919972
133540
919973
919974
919976
919977
919978
133546
919979
919980
919981
919982
919983
919984
133552
919985
919986
919987
919988
919989
919990
919991
919992
133560
919993
919994
133563
919996
919997
919998
919999
133567
920000
133568
920001
920002
920003
920004
920005
920006
920007
920008
920009
920010
920011
920012
920013
920014
920015
920016
920017
920018
920019
920020
920021
920022
920023
920025
920027
920028
920029
920030
920031
920032
920033
920035
920036
920037
920038
920039
920040
920041
920043
920044
920045
920046
920047
920048
920049
920050
920051
920052
920053
920054
920055
920056
133624
920057
920058
920059
920060
920061
920062
920063
920064
920065
920066
920067
920068
920069
920070
920071
920072
920073
920074
920075
920077
920078
920079
920081
920082
920084
920085
920087
920088
920090
920091
920093
920094
920095
920096
920097
920098
920099
133667
920100
920102
920103
920104
920105
920106
920107
920108
920109
920110
133678
920111
920112
920113
133681
920114
920115
920116
920117
920118
920119
920120
920121
920122
920123
920124
920125
920126
920127
920128
920130
920131
920132
920133
920134
920135
133703
920136
920137
920138
920139
920140
920141
920142
920143
920144
920146
920147
920149
920150
395862
920151
920152
920153
920154
920155
920157
920158
920159
920160
920161
920162
133730
920163
920164
920165
920166
920167
920168
920169
920170
133738
920171
920172
920173
920174
133742
920175
920176
920177
920178
920179
133747
920180
920181
920182
920183
920184
133752
920185
920186
920187
133755
920188
920189
920190
920191
920192
920193
920194
920195
920196
920197
920198
133766
920199
920200
133768
920201
920202
920203
920204
920205
920206
920207
920208
920209
920210
920211
920212
920213
133781
920214
920215
920216
920217
920218
920219
920220
920221
920222
920223
920224
920225
920226
920228
920229
920230
920231
920232
920233
920234
920235
920236
920237
920238
920239
920240
920241
920242
133810
920243
920244
920245
920246
920247
920248
920250
920251
920253
920254
133822
920255
920256
920257
920258
920259
920261
920263
920264
920266
920267
920269
920270
920271
920272
920273
920274
920275
920277
920279
920280
133849
920282
920283
920285
920286
920288
920289
920290
920292
133860
920293
920294
920295
920296
920298
920299
920300
920302
920303
920304
920305
920306
133874
920307
133875
920308
920309
920310
920311
920312
920313
920314
920315
920316
133884
920317
920318
920319
920320
920321
920322
920323
920324
920325
920326
920327
920329
920330
920331
920332
920333
133901
920334
920335
920336
920337
920338
920339
920340
133908
920341
133909
920342
920343
920345
920346
920347
133915
920348
920349
920350
920351
920352
920353
920354
920355
920356
920357
920358
920359
920360
920361
920362
920363
920364
920365
920366
920367
920368
920369
920370
920371
920372
920373
920374
920375
920376
920377
920378
920379
920380
920381
920382
920383
920384
133952
920385
920386
920387
920388
920389
920390
920391
920392
920393
920394
920395
920396
920397
920398
920399
920400
920401
920402
920403
133971
920404
133972
920405
920406
920407
920408
920409
920410
920411
920412
133980
920413
920414
920415
920416
920417
133985
920418
920419
920420
920421
920422
920423
920424
920425
920426
920428
920429
920430
920431
920432
920433
920434
920436
920437
920438
920439
920441
920442
920443
920444
920445
920447
920448
920449
920451
920452
920453
920454
920455
920456
920457
920458
920460
920461
920463
920464
920465
920467
920468
920470
920471
920472
134040
920473
920475
920476
920477
134045
920478
920479
920480
920481
920483
920484
134052
920486
920487
920488
920489
920490
134058
920491
920492
134060
920493
920495
920496
134064
920498
920499
920500
134068
920501
920502
920503
920504
134072
920505
920506
920507
134075
920508
920509
920510
920511
920512
920513
920514
920515
920516
134084
920517
920519
920520
920521
920522
920523
920524
920525
920526
920527
920528
920529
134097
920530
920531
920532
920534
920535
920536
920537
920539
920540
920541
920542
920543
920544
920545
920547
920548
920549
920550
920551
920552
134120
920553
920554
920555
920556
920557
920558
920559
920560
920561
920562
920563
920564
920565
920566
920567
920568
920570
920571
920572
920573
134141
920574
920575
920576
920577
920578
920579
920580
920581
920582
920583
920584
920585
920586
920587
920588
920589
920590
920591
920592
920593
920594
920595
920596
920597
920598
920599
134167
920600
920601
920603
920604
920606
920608
920609
920611
920612
920614
920615
920617
920618
920620
920621
920622
920623
920624
920626
920627
920630
920631
920633
920634
920636
920637
920639
920640
920641
920642
920644
920645
920646
920647
920649
920650
920651
920653
920654
920655
920656
920657
920658
920659
920660
134228
920661
920662
920663
920664
920665
920666
920667
920668
920670
920671
920672
920673
920674
920675
920676
134244
920677
920678
920679
920680
920682
920683
920684
920685
920686
920687
920688
920689
920690
920692
920693
920695
920696
920697
920698
920699
920700
920701
920703
920704
920705
920706
920707
920708
920709
920710
920711
920712
920713
920714
920715
134283
920716
920718
920719
920720
920722
920723
920724
920725
920726
920727
920728
920729
920730
920731
920732
920734
920735
920736
920737
920738
920739
920740
920741
920742
920743
920744
920745
920747
920748
920749
920750
920752
920753
134321
920754
920755
920756
920757
920758
920759
920760
920761
920762
920763
920764
920765
920766
920767
920768
920769
920770
920771
134339
920772
920773
920774
920775
920776
920777
920778
920779
920780
920781
920783
920784
920785
920787
920788
920790
920791
920793
920794
920796
920797
920799
920800
920802
920803
920805
920806
920807
920808
920810
920811
134380
920813
920814
920816
920817
134386
920819
920820
920822
920823
920825
920826
920828
920829
920831
134399
920833
920834
920838
920840
920841
920842
134410
920843
920844
920845
920846
920847
920848
920849
920850
920851
920853
920854
920855
920856
920858
920859
920860
920861
920862
920863
920864
920865
920866
920867
920868
920870
920871
920873
920874
920875
920876
920877
920878
920881
920882
920884
920885
920886
920888
920889
920891
920892
920893
920894
920896
920897
920899
920900
920901
920902
920903
920904
920905
920907
920908
920909
920910
920911
920912
920913
920914
134482
920915
920916
920918
920919
920920
920921
920922
920923
134491
920924
920925
920926
920928
920929
920930
920931
920932
920933
920934
920935
920936
920938
920939
920940
920941
920942
920943
920945
134513
920946
920947
920948
920949
920950
920951
920952
920953
920954
134522
920955
920956
920958
920959
920960
920961
920962
920963
920964
920965
920966
920967
920968
134536
920969
920970
920971
920972
920973
134541
920974
920975
920976
920978
920979
920980
920981
920982
920983
920984
920985
920986
920987
920988
920990
920991
134560
920993
920994
920996
920997
920998
921000
134571
134576
921010
134578
921011
921013
921014
134582
921017
921021
134590
921026
921027
921028
921030
921031
921033
921034
921036
921037
921042
921043
921044
921045
921052
921054
921057
921058
921059
921060
921061
921063
921064
921065
921066
921067
921068
134636
921069
921070
921071
921075
921076
134644
921079
134647
921080
921081
921082
921083
921084
921085
921086
921087
134655
921088
921089
921090
921092
921095
134663
921098
921099
921102
921103
921104
921105
921106
921107
921109
921110
921111
921112
134680
921113
921114
921115
921116
921117
921119
921120
921121
921122
921123
921124
921125
921126
921128
921130
921132
921133
921134
921135
921136
921137
921138
921139
921140
921141
921142
921143
921144
921145
921146
921147
921148
921149
921152
921153
921154
921155
921156
921157
921158
921159
921160
921161
134729
921162
921163
134731
921164
921165
921166
921167
921168
921169
921170
134739
921173
921174
921176
134744
921177
921178
921179
921180
921182
921184
921185
921186
921187
921189
921190
921191
921193
921194
921195
921196
921199
921200
921201
921202
921203
921204
921205
921207
921208
921209
134777
921210
921211
921212
921213
921214
921215
921216
921217
921218
921219
921220
921221
921222
921223
921224
921226
921227
921228
921229
921230
921231
921232
921233
921234
921235
921236
921237
921238
134806
921239
921240
921241
921242
134811
921244
921245
921246
921247
921249
134817
921250
921251
921252
921253
921254
921256
921257
921259
921260
921261
921262
921263
921264
921266
921267
921269
921270
921271
921272
921273
921274
921275
921276
921278
921279
921281
921282
921284
921285
921286
921287
921288
921289
921290
921292
921293
921295
921296
921298
921299
921301
921302
921304
921305
921307
921308
921310
921311
921313
921314
921315
921316
921317
921318
921320
921321
921323
921324
921325
921326
921327
921329
921330
921331
921333
134901
921334
921336
921337
921338
921339
921340
921341
921342
921343
921345
134913
921346
921348
921349
921350
921351
921352
921353
921354
921355
134923
921356
921358
921359
921360
921361
921362
921363
921364
921365
921366
921367
921368
921369
921370
921371
921372
134940
921373
921374
921375
921376
921378
921379
921380
921382
921384
921385
921386
921387
921388
921389
921390
921391
921392
921393
921394
921395
921396
921397
921398
921399
921400
921402
921403
134971
921404
921405
134973
921406
921407
921408
921409
921410
921412
921413
921414
921415
921417
921418
921419
921420
921422
921423
921424
921425
921426
921427
921428
134996
921429
921430
134998
921431
921432
921433
921434
921435
921436
135004
921438
921439
135007
921440
921441
135009
921442
921443
921444
921445
135013
921446
921447
921448
921449
921450
921451
921452
921454
921455
921456
921457
921458
921460
921461
921462
921463
921464
921465
921466
921467
921468
921470
921471
921472
921473
921474
921475
921476
921477
921478
921479
921480
135048
921481
921482
921483
921484
921485
921486
921487
135055
921488
921489
921491
921492
921494
921495
921497
921498
921499
921500
921501
921502
921503
921504
921505
921506
921507
921509
135077
921510
921511
921512
921513
921514
921515
921517
921518
135087
921520
921521
921523
921524
921526
921527
921528
921529
921530
921531
921532
921533
921535
921536
921538
921539
921540
921541
921542
921543
921545
921546
921547
921548
921549
921550
921551
921552
921554
921555
921556
921557
921559
921560
921561
921562
921563
921564
921565
921566
921567
921568
921569
921570
921571
921572
921574
921575
921577
921578
135146
921579
921580
921581
921582
921583
921584
921586
921587
921588
921589
921590
921591
921592
921594
921595
921596
921598
921599
921601
921602
921603
921604
921605
921607
921608
921609
921610
921611
921613
921614
921615
921616
921617
921618
921619
921620
921621
921622
921623
921624
921625
921626
921627
921628
921629
921630
921631
921632
135200
921633
921634
921635
921636
135205
921638
135206
921639
921641
921642
921644
921645
921646
921648
921649
921650
921651
921652
921653
921654
921655
921656
921657
921658
921659
921661
921662
135230
921663
921664
921665
135233
921667
921668
135236
921669
135237
921670
921671
921672
135240
921673
921674
921675
921677
921678
135246
921679
135247
921680
921681
921682
921683
921684
921685
921686
921688
921689
921690
921691
921692
921693
921694
921695
921696
397408
921697
921698
921699
135267
921700
921701
921702
921703
921704
921705
921706
921707
921708
921709
921710
921711
921712
921713
921714
921715
921716
921717
921718
921719
921721
397433
921722
921723
921724
921725
921726
921727
921728
921729
921730
921731
135299
921732
921734
921735
921736
921737
921739
921740
921742
921743
921745
921746
921747
921748
921749
921751
921752
921754
921755
921756
921757
921759
921760
921761
921762
921763
921764
135332
921765
921766
921767
921769
921771
921772
921774
135342
921775
921776
921778
921779
921781
921782
921784
921785
921786
921787
921788
921790
921791
921792
921793
921795
921796
921797
921798
135367
921800
921801
921802
921803
921804
921805
921806
921807
921809
921810
921811
921813
921814
921815
921816
921817
921818
921819
921820
921821
921823
921824
921825
921826
921827
921828
921829
921830
921831
921833
921834
921835
921836
921837
921838
921839
921840
921841
921843
921845
921846
921847
921848
921850
921851
921852
921853
921854
921855
921856
921857
921858
921859
921860
921861
921862
921863
921864
135432
921866
921867
921869
921870
921871
921872
921873
921874
921875
921876
921877
921878
921879
921880
135448
921881
921882
921883
921884
921885
921886
921887
921888
921889
921890
921891
921892
135460
921893
921894
921896
921897
921898
921899
921901
921902
921903
921904
921905
135473
921906
921907
921908
921909
921910
921911
921912
921913
921914
921916
921917
921918
921920
921921
921922
921923
921924
135492
921925
921926
921927
921928
921929
921930
921931
921932
921933
921934
921936
921937
921938
921939
921940
921941
921942
921943
921945
921946
921947
921949
921950
921952
921953
921955
921956
921957
921958
921959
921960
921961
135529
921962
921963
921964
921965
135533
921967
921968
921970
921971
921973
921975
921976
135544
921977
921978
921979
921981
921982
921983
135551
921984
135552
921986
921987
921988
921989
921990
135558
921991
921992
135561
921994
921995
921996
921997
921998
922000
135568
922001
922002
922003
922004
922005
922006
922007
135575
922008
922009
922010
922011
135579
922012
135580
922014
922015
922017
922018
922019
922020
922021
922022
135590
922023
922024
922025
922026
922027
922028
922029
922030
922031
922032
922033
922034
922035
135603
922036
922037
922039
922040
922041
922042
922043
922044
922045
922046
135614
922047
135616
922049
922050
922051
922052
922053
922054
922055
922056
922057
922058
922059
135627
922060
922061
922062
922063
922064
922065
922066
922067
922068
922070
135638
922071
922072
922074
922075
922076
922077
922078
922079
922080
922081
135649
922082
922083
922084
922085
922086
922087
922088
922089
922090
922091
922093
922094
135662
922096
922097
135665
922098
922099
922100
922101
922102
922103
922104
922105
922106
922107
922108
922109
922110
922111
922112
922113
922114
922115
922116
922117
922118
922119
922120
922121
922122
922123
922124
922125
922126
922127
922128
922129
922130
922131
922133
922134
922135
922137
922138
922139
135707
922140
922141
922142
922144
922145
135714
922147
922148
922149
922150
922151
922153
922154
135722
922156
922157
922158
922160
922161
922162
922163
922164
922166
922167
922169
922170
922171
135739
922172
922173
922175
922176
922177
922179
922180
922181
922182
922183
922185
922186
922188
922189
922190
922191
922192
922194
922196
922197
922199
922200
922201
922202
922203
922204
135772
922205
922207
922208
922210
922211
922212
922213
922214
922215
922216
922217
922218
922219
922220
922221
922222
922224
922225
922227
922228
922230
922231
922233
922234
922235
922237
922238
922239
922240
135808
922241
922242
922243
922244
922245
922246
922247
922248
922249
922250
922251
922252
135820
922253
922254
922255
922256
922257
922258
922259
922260
922261
922262
922263
922264
922265
922266
922267
922268
922270
922271
922272
922273
922275
922277
922278
922279
922280
922281
922282
922283
922284
922285
922286
922287
922288
922289
922290
922291
922292
922293
135861
922294
922295
922296
922297
922298
922299
922300
922301
922302
922303
922304
922305
922306
922308
135876
922309
922310
922311
922312
922313
922314
922316
922317
922319
135887
922320
922321
922322
922323
922324
922325
135893
922326
922328
922330
922331
922332
922333
922334
922336
922337
922339
922341
922342
922343
922344
922345
922346
922347
922348
922349
922350
922351
922352
922353
922355
922356
922358
135926
922359
922360
922361
922362
922363
922364
922366
922367
922368
922370
922371
922372
922373
922375
922376
922378
922379
922380
135948
922381
922383
922384
922385
922386
922387
922388
135956
922389
922391
922392
922393
135961
922394
922395
922396
922397
922398
922399
922400
922401
922402
922403
922404
922405
922406
922407
922408
922409
135977
922410
135978
922411
922413
922415
922416
922417
922418
922419
922420
922421
922422
922424
922425
922426
922427
922429
135997
922430
922431
922432
922433
922434
922435
922436
922437
922439
922440
922441
922442
922443
922444
922445
922446
136014
922447
922448
922449
922450
922451
922452
922453
922454
922455
922456
922457
922458
922459
922460
922461
922462
922463
922464
922465
922466
922467
922468
922469
136037
922470
136038
922471
922472
922473
922474
922475
922476
922477
922478
922480
922481
922482
922483
922484
136052
922485
922486
922487
922488
922489
922490
922491
922492
922494
922495
922496
922497
922498
922499
922501
922502
922503
922504
922506
922507
136075
922508
922509
922511
922513
922514
922515
922516
922517
922518
922520
922521
922522
922523
922524
922525
922526
922528
922529
922530
922531
922533
922535
922536
922537
922539
922540
136108
922541
922542
136110
922543
922544
922545
922546
922548
922549
922550
922551
922552
922553
922555
922556
922557
922558
922560
922561
922562
922564
922565
922566
922568
136136
922569
922571
922572
922573
922574
922575
922576
922577
922579
922580
922581
922582
922583
922584
922585
922586
922587
922588
922589
922590
922591
922593
922594
922595
922596
922597
922598
922599
922600
922601
922602
922603
922604
922605
922606
922607
922608
922609
922611
922612
922613
922614
922615
922616
922617
922618
922619
922620
922621
922622
922623
922624
922626
136194
922627
922628
922630
922631
922632
922633
922634
136202
922635
922636
922637
922638
922639
922640
922641
922642
922644
922645
922646
922647
922648
922649
922650
922651
922652
922653
922654
922655
136223
922656
922657
922658
922659
922660
922661
922663
922664
922665
922666
922667
922668
922669
136238
922671
922672
922673
922674
922675
922676
922677
922678
922680
922681
922682
922683
922685
922687
922688
922690
136258
922691
922692
922694
922695
922696
922698
922699
922700
922702
136270
922703
922704
922705
922706
922708
922709
922710
922711
922712
922714
922715
136283
922716
922717
922718
922719
922720
922721
922722
922723
922724
922725
922727
922728
922729
922730
922731
922732
922733
922734
922735
136303
922736
136304
922738
922739
922740
922741
922742
922743
922744
922745
922746
922747
922749
922750
922751
922752
922753
922755
922756
922757
922758
922759
922760
922761
922762
922763
922764
922765
136333
922766
922767
922768
922769
922770
136338
922772
922773
922774
922775
922776
922777
922778
922780
922782
922783
922784
922785
922786
922787
922788
136356
922790
922791
922792
922793
136361
922794
922795
922796
922797
922798
922799
922800
922801
922802
922803
922804
922806
922808
922809
922810
922811
136379
922812
922813
922814
136382
922815
922816
922817
922819
922821
922822
922823
922824
922825
136393
922826
922827
922828
922829
922830
136399
922832
922833
922834
922835
922836
922837
922838
922839
136407
922840
922841
922842
136410
922843
922845
922846
922847
136415
922848
922849
922850
922851
922852
922853
922854
922855
922856
922857
136425
922858
922859
922860
922861
922862
922863
922864
922865
922866
922867
922868
136436
922869
922870
922871
922872
922873
922874
922875
922876
922877
922879
922880
922881
922882
922884
922885
922886
922887
922889
922890
922891
922892
922893
922894
922896
922897
922898
136467
922900
922902
922904
922905
922906
922907
922908
922909
922910
922911
922913
922915
922916
922917
922918
922919
922920
922921
922922
922923
922924
922925
922926
922927
922928
922929
922930
922932
922933
922934
922935
922936
922937
136505
922938
922939
922940
922941
922942
922943
922944
922946
922947
922949
922950
922951
922952
922953
136521
922954
922955
922957
922958
922959
922960
922961
136529
922963
922964
922965
922966
922967
922968
922969
136537
922970
922971
136539
922972
136540
922974
922975
922976
922977
922978
922979
922980
922981
922982
922983
922984
922985
922987
922988
922989
922990
922991
922992
922993
136562
922995
922996
922997
922998
922999
923000
923001
923002
923003
923004
923005
923006
923008
923009
923011
923012
923013
923014
923015
923016
923017
923018
923019
923020
923021
923022
923023
923024
923025
923026
923027
923028
923030
923031
923032
923033
923034
923035
923036
136604
923037
923038
136606
923039
923040
923041
136609
923042
923043
923044
136612
923045
923046
923047
136615
923048
923049
923050
923051
923052
923054
923055
923056
923057
136625
923058
923059
923061
923062
923063
923064
923065
923066
923068
923069
923071
923072
923073
923074
923075
136643
923076
923077
923078
923079
923080
136648
923081
923082
923083
923084
923085
923086
923087
136655
923088
136656
923089
923090
923091
923093
923094
923096
923097
923098
923099
923100
923101
923102
923103
923104
923105
923106
923107
923109
923111
923112
923113
923114
923115
923116
923117
923118
923119
923120
923121
923122
923123
923124
923125
923126
923127
923129
136697
923130
923131
923132
923133
923134
923135
923136
923137
923138
923139
923140
923141
923142
923143
923144
923145
923146
923147
923148
923149
923150
923151
923152
923153
923154
923155
923156
923157
923158
923159
923160
923161
923162
923163
923164
136732
923165
923166
136734
923167
923168
923169
136737
923170
923171
923172
923173
923174
136742
923175
923176
923177
136745
923178
923179
923180
923181
923182
923183
923184
923185
136753
923186
923187
923188
923189
923190
136758
923191
923192
136760
923193
923194
923195
923196
923197
923198
923199
923200
136768
923201
923202
136770
923203
923204
923205
136773
923206
923207
923208
923209
923210
923211
923212
923213
923214
923215
923216
923217
923218
923219
923220
923221
923222
136790
923223
923224
923225
923226
923227
923228
923229
923230
923231
923232
923233
923234
923235
923236
923237
923238
923239
923240
923241
923242
136810
923243
923244
923245
923246
923247
923248
923249
923250
923251
923252
923253
923254
923255
923256
923257
923258
398970
923259
923260
923261
923262
136830
923263
923264
923265
923266
923267
923268
136836
923269
923270
923271
923272
923273
923274
923275
923276
923277
923278
923279
923280
923281
923282
923283
923284
923285
923286
923287
136855
923288
923289
923290
923291
923292
923293
923294
923295
923296
923297
923298
923299
923300
923301
923302
923303
923304
923305
923306
923307
923308
923309
923310
923311
923312
923313
923314
923315
923316
923317
923318
136886
923319
923320
923321
923322
923323
923324
923325
136893
923326
923327
923328
923329
136897
923330
923331
923332
923333
923334
923335
923336
923337
923338
923339
923340
923341
923342
923343
923344
923345
923346
923347
923348
923349
923350
923351
923352
923353
923354
923355
923356
923357
923358
923359
923360
923361
923362
923363
923364
923365
923366
923367
923368
923369
923370
923371
923372
923373
923374
923375
136943
923376
923377
923378
923379
923380
923381
923382
923383
923384
923385
923386
923387
923388
923389
923390
923391
923392
923393
923394
136962
923395
923396
923397
923398
923399
923400
923401
923402
923403
923404
923405
923406
923407
923408
923409
923410
923411
923412
923413
923414
923415
923416
923417
923418
923419
923420
136988
923421
923422
136990
923423
923424
923425
923426
923427
923428
136996
923429
923430
923431
923432
923433
137001
923434
923435
923436
923437
923438
923439
923440
923441
137009
923442
923443
923444
923445
923446
923447
923448
923449
923450
923451
923452
923453
923454
137022
923455
923456
923457
923458
923459
923460
923461
923462
923463
923464
137032
923465
923466
923467
923468
923469
923470
923471
923472
923473
923474
923475
923476
923477
923478
923479
923480
923481
923482
399194
923483
923484
923485
923486
923487
923488
923489
923490
923491
137059
923492
923493
923494
923495
923496
923497
923498
923499
923500
923501
923502
923503
923504
923505
923506
923507
923508
137076
923509
923510
923511
923512
923513
923514
923515
137083
923516
923517
137085
923518
923519
923520
923521
923522
923523
923524
137092
923525
137093
923526
923527
923528
923529
137097
923530
137098
923531
923532
923533
923534
923535
923536
923537
923538
923539
923540
923541
923542
923543
923544
923545
923546
923547
923548
923549
923550
923551
923552
923553
923554
923555
923556
923557
923558
923559
923560
923561
923562
923563
923564
137132
923565
923566
923567
923568
923569
923570
923571
923572
923573
923574
923575
923576
137144
923577
923578
923579
923580
923581
923582
923583
137151
923584
137152
923585
923586
923587
923588
923589
923590
923591
923592
923593
923594
923595
923596
137164
923597
923598
923599
923600
923601
923602
923603
923604
923605
923606
137174
923607
923608
923609
923610
923611
923612
137180
923613
923614
923615
923616
923617
923618
923619
923620
137188
923621
923622
923623
923624
923625
923626
923627
923628
923629
923630
923631
923632
923633
923634
923635
923636
923637
923638
923639
923640
923641
923642
923643
923644
923645
923646
923647
923648
923649
923650
923651
923652
923653
923654
923655
923656
923657
923658
923659
923660
923661
923662
923663
923664
923665
923666
923667
923668
923669
923670
923671
923672
923673
923674
923675
923676
923677
923678
923679
923680
923681
923682
923683
137251
923684
923685
923686
923687
923688
923689
923690
923691
923692
923693
923694
923695
923696
923697
923698
923699
137267
923700
923701
923702
137270
923703
923704
923705
923706
923707
923708
923709
923710
923711
923712
923713
923714
923715
923716
923717
923718
923719
923720
923721
923722
137290
923723
137291
923724
923725
923726
923727
923728
923729
923730
923731
923732
923733
923734
923735
923736
923737
923738
923739
923740
923741
923742
923743
923744
923745
923746
923747
923748
923749
923750
923751
923752
923753
137321
923754
137322
923755
923756
923757
923758
923759
137327
923760
923761
923762
923763
923764
923765
923766
923767
923768
923769
923770
923771
923772
923773
923774
923775
923776
923777
923778
923779
923780
923781
923782
923783
923784
923785
923786
923787
923788
923789
923790
923791
923792
923793
923794
923795
923796
923797
923798
923799
137367
923800
923801
923802
923803
923804
923805
923806
923807
923808
923809
137377
923810
923811
923812
923813
923814
923815
923816
923817
923818
923819
923820
923821
923822
923823
923824
923825
923826
923827
923828
923829
923830
923831
923832
137400
923833
923834
923835
923836
923837
923838
923839
923840
923841
923842
923843
923844
923845
137413
923846
923847
923848
923849
923850
923851
923852
923853
137421
923854
923855
923856
923857
923858
923859
923860
923861
923862
923863
923864
923865
923866
923867
923868
923869
923870
923871
923872
923873
923874
923875
923876
923877
923878
923879
923880
923881
923882
923883
923884
923885
137453
923886
923887
923888
137456
923889
923890
923891
923892
923893
923894
923895
137463
923896
923897
923898
923899
923900
923901
923902
137470
923903
923904
923905
923906
923907
923908
923909
923910
923911
923912
923913
923914
923915
923916
923917
923918
923919
923920
923921
923922
923923
923924
923925
923926
923927
923928
923929
923930
923931
923932
923933
923934
923935
923936
923937
923938
137506
923939
923940
137508
923941
923942
923943
923944
923945
923946
923947
923948
923949
923950
923951
923952
923953
923954
923955
923956
923957
923958
923959
923960
923961
923962
923963
923964
923965
923966
923967
923968
923969
923970
137538
923971
923972
137540
923973
923974
923975
923976
923977
923978
923979
923980
137548
923981
923982
923983
923984
923985
923986
923987
923988
923989
923990
923991
923992
923993
923994
923995
923996
923997
923998
923999
924000
924001
924002
924003
137571
924004
924005
924006
137574
924007
924008
924009
924010
924011
924012
924013
137581
924014
137582
924015
137583
924016
924017
924018
137586
924019
924020
924021
924022
924023
137591
924024
924025
137593
924026
924027
924028
924029
137597
924030
924031
924032
924033
924034
924035
924036
924037
924038
924039
924040
924041
924042
924043
924044
924045
924046
924047
924048
924049
924050
924051
924052
924053
924054
924055
924056
924057
924058
924059
137627
924060
924061
924062
924063
924064
924065
924066
137634
924067
924068
924069
924070
924071
924072
924073
924074
924075
924076
924077
924078
924079
924080
924081
924082
137650
924083
924084
924085
924086
924087
924088
924089
924090
924091
924092
924093
924094
924095
924096
137664
924097
924098
924099
137667
924100
924101
924102
924103
924104
924105
924106
924107
924108
924109
924110
924111
924112
924114
924115
924116
924117
924118
924119
924120
924121
924122
924123
924124
924125
137693
924126
924127
924128
924129
924130
924131
924132
924133
924134
924135
924136
924137
924138
137706
924139
924140
924141
924142
924143
924144
924145
924146
924147
924148
924149
924150
924151
924152
924153
924154
924155
924156
924157
924158
924159
924160
924161
924162
924163
924164
924165
924166
924167
924168
924169
924170
924171
924172
924173
924174
924175
924176
137744
924177
924178
924179
924180
924181
924182
137750
924183
137751
924184
924185
924186
924187
924188
924189
924190
924191
924192
924193
137761
924194
924195
924196
924197
924198
924199
924200
924201
924202
924203
924204
924205
924206
924207
924208
924209
924210
924211
924212
924213
924214
924215
924216
924217
924218
924219
924220
924221
924222
924223
137791
924224
924225
924226
924227
924228
924229
924230
924231
924232
924233
924234
924235
924236
924237
924238
924239
924240
924242
137810
924243
924244
924245
924246
924247
924248
924249
924250
924251
924252
924253
924254
924255
924256
137824
924257
924258
924259
137827
924260
924261
924262
924263
924264
924265
924266
924267
924268
137836
924269
924270
924271
924272
924273
924274
924275
924276
924277
137845
924278
924279
137847
924280
924281
924282
137850
924283
924284
137852
924285
924286
924287
924288
924289
924290
924291
924292
924293
924294
924295
924296
924297
924298
924299
924300
924301
924302
924303
924304
924305
924306
924307
924308
924309
924310
924311
924313
924314
924315
924316
924317
924318
137886
924319
924320
924321
924322
924323
924324
924325
924326
924327
924328
924329
924330
924331
137899
924332
924333
924334
924335
924336
924337
924338
924339
924340
924341
924342
924343
924344
924345
924346
924347
924348
137916
924350
924351
924352
924353
924354
137922
924355
924356
924357
924358
924359
924360
924361
924362
924363
924364
924365
924366
924367
924368
924369
924370
137938
924371
924372
924374
924375
924376
924377
924378
924379
924380
924381
924382
924383
924384
924385
924386
924387
137955
924388
924389
924390
924391
924392
924393
924394
924395
924396
924397
924398
924399
924400
924401
924402
924403
924404
924405
924406
924407
924408
137976
924409
924410
924411
924412
924413
924414
924415
924416
924417
924418
924419
924420
924421
924422
924423
924424
924425
924426
924427
924428
924429
924430
924431
924432
924433
924434
924436
924437
924438
924439
924440
924441
924442
924443
924444
924445
924446
924447
924448
924449
924450
924451
924452
924453
924454
924455
924457
924458
924459
924460
924461
924462
924463
924464
924465
924466
924467
924468
924469
924470
924471
924472
924473
924474
924475
924476
924477
924478
924479
924480
924481
924482
924483
924484
924485
924486
924487
924488
924489
924490
924491
924492
924493
924494
924495
924496
924497
924498
924499
924500
924501
924502
924503
924504
924505
924506
924507
138075
924508
924509
924510
924511
924512
924513
924514
924515
924516
138084
924517
924518
924519
924520
924521
924522
924523
924524
924525
924526
924527
924528
924529
924530
924531
924532
924533
924534
924535
924536
924537
924538
924539
924540
924541
924542
924543
924544
924545
924546
924547
924548
924549
924550
924551
924552
924553
924554
924555
138123
924556
924557
924558
924559
924560
924561
924562
924563
924564
924565
924566
924567
924568
924569
924570
138138
924571
924572
924573
924574
924575
138143
924576
138144
924577
924578
924579
924580
138148
924581
924582
924583
924584
924585
924586
924587
924588
924589
924590
924591
138159
924592
924593
924594
924595
924596
924597
924598
924599
924600
924601
924602
138170
924603
924604
138172
924605
924606
924607
924608
924609
924610
924611
924612
924613
924614
924615
924616
138184
924617
924618
924619
138187
924620
924621
924622
138190
924623
924624
924625
924626
924627
924628
924629
924630
924631
924632
924633
924634
924635
924636
924637
924638
924639
924640
924641
924642
924643
924644
924645
924646
924647
924648
924649
924650
924651
924652
924653
924654
924655
924656
924657
138225
924658
924659
924660
924661
924662
924663
924664
924665
138233
924666
924667
924668
924669
924670
924671
138239
924672
924673
924674
924675
924676
924677
924678
924679
924680
924681
924682
138250
924683
924684
924685
924686
924687
924688
924689
924690
924691
924692
924693
924694
924695
924696
924697
924698
924699
924700
138268
924701
924702
924703
924704
924705
924706
924707
138275
924708
924709
924710
924711
924712
924713
924714
924715
924716
924717
924718
924719
924720
924721
924722
924723
924724
924725
924726
924727
924728
924729
924730
924731
924732
924733
924734
924735
924736
138304
924737
924738
924739
138307
924740
138308
924741
924742
924743
924744
924745
924746
924747
924748
924749
924750
924751
924752
924753
924754
924755
924756
924757
924758
924759
924760
924761
138329
924762
924763
924764
924765
924766
924767
924768
924769
924770
924771
924772
924773
924774
924775
924776
924777
924778
924779
924780
924781
924782
924783
924784
924785
924786
924787
924788
924789
138357
924790
924791
924792
924793
924794
924795
924796
924797
924798
924799
924800
924801
924802
924803
924804
924805
924806
924807
924808
924809
924810
924811
924812
924813
138381
924814
138382
924815
924816
924817
924818
924819
924820
924821
924822
924823
138391
924824
924825
924826
924827
924828
924829
924830
924831
138399
924832
924833
924834
924835
924836
924837
924838
924839
924840
138408
924841
924842
924843
924844
924845
924846
924847
924848
924849
924850
924851
924852
924853
924854
924855
924856
138424
924857
138425
924858
924859
924860
924861
924862
924863
924864
924865
138433
924866
924867
924868
924869
924870
924871
924872
138440
924873
924874
924875
924876
924877
924878
924879
138447
924880
924881
138449
924882
924883
924884
924885
924886
924887
924888
924889
924890
924891
924892
924893
924894
924895
924896
924897
924898
924899
138467
924900
924901
924902
924903
924904
924905
924906
924907
924908
924909
924910
924911
924912
924913
924914
138482
924915
924916
924917
924918
924919
924920
924921
924922
924923
924924
924925
924926
924927
924928
924929
924930
924931
924932
924933
924934
924935
924936
924937
924938
138506
924939
138507
924940
924941
924942
924943
924944
924945
138513
924946
924947
924948
924949
924950
138518
924951
924952
924953
138521
924954
924955
924956
924957
924958
924959
924960
924961
924962
924963
924964
924965
924966
924967
138535
924968
924969
924971
924972
924973
924974
138542
924975
924976
924977
924978
924979
924980
924981
924982
924983
924984
924985
924986
924987
924988
924989
924990
924991
924992
924993
924994
924995
924996
924997
924998
924999
925000
925001
925002
925003
925004
925005
925006
138574
925007
925008
925009
925010
925011
925012
925013
138581
925014
138582
925015
925016
925017
925018
925019
925020
925021
925022
925023
925024
925025
925026
138594
925027
925028
925029
138597
925030
925031
925032
925033
925034
925035
925036
925037
925038
925039
925040
925041
925042
925043
925044
925045
925046
925047
925048
925049
925050
925051
925052
925053
925054
925055
925056
925057
925058
925059
925060
925061
925062
925063
925064
925065
925066
138634
925067
925068
925069
925070
925071
925072
925073
925074
925075
925076
925077
925078
925079
925080
925081
925082
925083
925084
925085
925086
925087
925088
925089
925090
138658
925091
925092
925093
925094
925095
925096
925097
925098
925099
925100
925101
925102
925103
925104
925105
925106
925107
925108
925109
925110
925111
925112
925113
925114
925115
925116
138684
925117
925118
925119
925120
925121
925122
925123
925124
925125
138693
925126
925127
925128
925129
925130
138698
925131
925132
925133
925134
925135
925136
925137
925138
925139
925140
925141
925142
925143
925144
925145
925146
925147
925148
925149
925150
925151
925152
925153
925154
925155
925156
925157
925158
925159
925160
925161
925162
925163
925164
925165
925166
925167
925168
925169
925170
925171
925172
925173
925174
925175
925176
925177
925178
925179
925180
925181
925182
925184
925185
925186
925187
925188
925189
925190
925191
925192
925193
138761
925194
925195
925196
925197
925198
138766
925199
925200
925201
925202
925203
925204
138772
925205
925206
925207
138775
925208
925209
925210
925211
925212
138780
925213
925214
925215
925216
925217
925218
925219
925220
925221
925222
925223
925224
925225
925226
925227
925228
925229
925230
925231
925232
925233
925234
925235
925236
925237
138805
925238
925239
138807
925240
925241
925242
925243
925244
925245
925246
925247
925248
925249
925250
925251
925252
925253
925254
925255
925256
925257
925258
925259
925260
925261
925262
925263
925264
925265
925266
925267
925268
925269
925270
925271
925272
925273
925274
925275
925276
925277
925278
925279
925280
925281
925282
925283
925284
925285
925286
925287
925288
925289
925290
925291
138859
925292
925293
925294
925295
925296
925297
138865
925298
925299
925300
925301
925302
925303
925304
138872
925305
925306
925307
138875
925308
925309
925310
925311
925312
925313
925314
925315
925316
925317
925318
925319
925320
925321
925322
925323
925324
925325
925326
925327
925328
925329
925330
925331
138899
925332
925333
925334
925335
925336
925337
925338
925339
925340
925341
925342
925343
925344
925345
925346
138914
925347
925348
925349
925350
925351
925352
925353
925354
925355
925356
925357
925358
138926
925359
925360
138928
925361
925362
925363
925364
925365
138933
925366
925367
925368
925369
925370
925371
925372
925373
925374
925375
925376
925377
925378
925379
925380
925381
925382
925383
925384
925385
925386
925387
925388
925389
925390
925391
138959
925392
138960
925393
925394
925395
925396
925397
925398
925399
925400
925401
138969
925402
925403
925404
925405
925406
925407
925408
925409
925410
925411
925412
925413
925414
925415
925416
925417
138985
925418
925419
925420
925421
925422
925423
925424
925425
925426
925427
925428
925429
925430
925431
925432
925433
925434
925435
925436
925437
925438
925439
925440
139008
925441
925442
925443
925444
925445
925446
925447
925448
925449
925450
925451
925452
139020
925453
925454
925455
925456
925457
925458
925459
925460
925461
925462
925463
925464
925465
925466
925467
925468
925469
925470
925471
925472
139040
925473
925474
925475
925476
925477
925478
925479
925480
925481
139049
925482
925483
925484
925485
925486
925487
925488
925489
925490
925491
925492
925493
139061
925494
925495
925496
139064
925497
925498
925499
925500
925501
925502
925503
925504
925505
925506
925507
925508
925509
925510
925511
139079
925512
925513
925514
925515
925516
925517
925518
925519
925520
925521
925522
925523
925524
925525
925526
925527
925528
139096
925529
925530
925531
925532
925533
925534
925535
925536
925537
925538
925539
925540
925541
925542
925543
925544
925545
925546
925547
925548
925549
925550
139118
925551
925552
925553
925554
925555
925556
925557
925558
925559
925560
925561
925562
139130
925563
925564
925565
925566
925567
925568
925569
925570
925571
925572
925573
139141
925574
925575
925576
925577
925578
925579
925580
139148
925581
925582
925583
925584
925585
925586
925587
925588
925589
925590
925591
925592
925593
925594
925595
925596
925597
925598
925599
925600
925601
925602
925603
139171
925604
925605
925606
925607
925608
925609
925610
925611
925612
925613
925614
925615
925616
925617
925618
925619
925620
925621
925622
925623
925624
139192
925625
925626
925627
925628
925629
139197
925630
925631
925632
139200
925633
925634
925635
139203
925636
925637
139205
925638
925639
925640
925641
925642
925643
925644
925645
925646
925647
925648
925649
925650
925651
925652
925653
925654
925655
925656
925657
925658
925659
925660
925661
925662
925663
925664
925665
925666
925667
925668
925669
925670
925671
925672
925673
925674
925675
925676
925677
925678
925679
925680
139248
925681
925682
925683
925684
139252
925685
925686
925687
925688
925689
925690
925691
925692
925693
925694
139262
925695
925696
925697
925698
925699
925700
925701
925702
925703
139271
925704
925705
925706
925707
925708
925709
139277
925710
925711
925712
925713
925714
925715
925716
925717
925718
925719
925720
925721
925722
925723
925724
925725
925726
925727
925728
925729
925730
925731
925732
925733
925734
139302
925735
925736
925737
925738
925739
925740
925741
925742
925743
925744
925745
925746
925747
925748
925749
925750
925751
925752
925753
925754
139322
925755
925756
925757
925758
925759
139327
925760
925761
925762
139330
925763
925764
925765
139333
925766
925767
925768
925769
925770
925771
925772
925773
925774
925775
925776
925777
925778
925779
925780
925781
925782
139350
925783
925784
925785
925786
925787
925788
925789
139357
925790
925791
925792
925793
139361
925794
925795
925796
925797
925798
925799
925800
925801
925802
925803
925804
925805
139373
925806
925807
925808
925809
925810
925811
925812
925813
925814
925815
925816
925817
925818
925819
139387
925820
925821
925822
925823
925824
925825
925826
925827
925828
925829
925830
925831
925832
925833
925834
925835
925836
925837
925838
925839
925840
925841
925842
925843
925844
925845
925846
925847
925848
925849
925850
925851
925852
139420
925853
925854
925855
925856
925857
925858
925859
925860
925861
925862
925863
925864
925865
925866
139434
925867
925868
925869
925870
925871
925872
925873
925874
925875
925876
925877
925878
925879
925880
139448
925881
925882
925883
925884
925885
925886
139454
925887
925888
925889
925890
925891
925892
925893
925894
925895
925896
925897
925898
925899
925900
925901
925902
925903
925904
925905
925906
925907
925908
925909
925910
925911
925912
925913
925914
925915
139483
925916
925917
925918
925919
925920
925921
925922
925923
925924
925925
925926
139494
925927
925928
925929
925930
925931
925932
925933
925934
925935
925936
925937
925938
925939
925940
925941
925942
925943
925944
925945
925946
925947
925948
925949
139517
925950
925951
925952
925953
925954
925955
925956
925957
925958
925959
925960
925961
925962
925963
925964
925965
925966
925967
925968
925969
925970
925971
925972
925973
925974
925975
925976
925977
925978
139546
925979
925980
139548
925981
139549
925982
925983
139551
925984
925985
925986
925987
925988
925989
925990
925991
925992
925993
139561
925994
925995
925996
925997
925998
925999
926000
926001
926002
926003
926004
926005
926006
926007
926008
926009
926010
926011
926012
926013
926014
926015
926016
926017
926018
926019
926020
926021
926022
926023
139591
926024
926025
926026
926027
926028
926029
926030
139598
926031
926032
926033
926034
926035
926036
926037
926038
926039
926040
926041
926042
926043
926044
926045
139613
926046
926047
926048
926049
926050
926051
926052
926053
926054
926055
139623
926056
926057
926058
926059
401771
926060
926061
926062
926063
926064
926065
926066
926067
926068
926069
926070
926071
926072
926073
926074
926075
926076
926077
926078
926079
926080
926081
926082
926083
926084
926085
926086
926087
926088
139656
926089
926090
926091
926092
926093
926094
926095
926096
139664
926097
926098
926099
926100
926101
926102
926103
926104
926105
926106
926107
926108
926109
926110
926111
926112
926113
926114
926115
926116
926117
926118
926119
926120
926121
926122
926123
926124
926125
926126
926127
139695
926128
926129
926130
926131
926132
926133
926134
926135
926136
926137
926138
926139
926140
139708
926141
926142
926143
926144
926145
926146
139714
926147
926148
926149
926150
926151
926152
926153
926154
926155
926156
926157
926158
926159
926160
926161
926162
926163
926164
926165
926166
926167
926168
926169
926170
926171
926172
926173
926174
926175
926176
926177
926178
926179
926180
926181
926182
926183
926184
926185
926186
926188
926189
926190
926191
926192
926193
926194
926195
926196
926197
926198
926199
926200
926201
926202
926203
926204
926205
926206
926207
926208
926209
926210
926211
926212
926213
926214
926215
926216
926217
926218
926219
926220
926221
139789
926222
926223
926224
926225
926226
926227
926228
926229
139797
926230
926231
926232
926233
926234
926235
926236
926237
926238
926239
926240
926241
926242
926243
926244
926245
926246
139814
926247
926248
926249
926250
926251
926252
926253
926254
926255
926256
926257
926258
926259
926260
926261
926262
401974
926263
926264
926265
926266
926267
139835
926268
926269
139837
926270
926271
926272
926273
926274
926275
926276
926277
926278
926279
926280
926281
926282
926283
926284
926285
139853
926286
926287
926288
926289
926290
926291
926292
926293
926294
139862
926295
926296
926297
926298
926299
926300
139868
926301
926302
926303
926304
926305
926306
926307
926308
926309
926310
926311
926312
139880
926313
926314
926315
926316
926317
926318
926319
926320
926321
926322
926323
926324
926325
926326
926327
926328
926329
139897
926330
926331
926332
926333
926334
926335
926336
926337
139905
926338
926339
926340
926341
926342
926343
926344
926345
926346
926347
926348
926349
926350
926351
926352
926353
926354
926355
926356
926357
926358
926359
926360
926361
926362
926363
926364
926365
926366
926367
926368
139936
926369
926370
926371
926372
926373
926374
926375
926376
926377
926378
926379
926380
926381
926382
926383
926384
926385
926386
926387
926388
926389
926390
926391
926392
926393
926394
926395
926396
926397
926398
139966
926399
139967
926400
926401
926402
926403
926404
926405
926406
926407
926408
926409
926410
139978
926411
926412
926413
926414
926415
139983
926416
926417
139985
926418
926419
926420
926421
926422
926423
926424
926425
926426
926427
926428
139996
926429
926430
926431
926432
926433
926434
926435
926436
926437
926438
926439
926440
926441
926442
926443
926444
926445
926446
926447
926448
926449
140017
926450
926451
926452
926453
926454
926455
926456
926457
926458
926459
926460
926461
926462
926463
926464
926465
926466
926467
926468
926469
926470
926471
926472
926473
926474
926475
926476
926477
926478
926479
926480
926481
926482
926483
926484
926485
926486
926487
926488
926489
926490
926491
140059
926492
926493
926494
926495
926496
926497
926498
926499
926500
926501
926502
926503
926504
926505
926506
926507
926508
926509
926510
926511
926512
926513
926514
926515
926516
926517
926518
926519
926520
926521
926522
926523
926524
926525
926526
926527
926528
926529
926530
926531
926532
140100
926533
926534
926535
926536
926537
926538
926539
926540
926541
926542
926543
926544
926545
926546
926547
926548
926549
926550
926551
926552
926553
926554
926555
926556
926557
926558
926559
926560
926561
926562
926563
926564
926565
926566
926567
140135
926568
926569
926570
926571
926572
926573
926574
926575
140143
926576
926577
926578
926579
926580
926581
926582
926583
926584
926585
926586
926587
926588
926589
926590
926591
926592
926593
926594
926595
926596
926597
926598
926599
926600
926601
140169
926602
926603
926604
926605
140173
926606
926607
926608
926609
926610
926611
926612
926613
926614
926615
926616
926617
926618
926619
926620
926621
926622
926623
926624
926625
926626
926627
926628
926629
926630
926631
926632
926633
926634
926635
926636
926637
926638
926639
926640
926641
926642
926643
926644
926645
140213
926646
926647
926648
926649
926650
926651
926652
926653
926654
926655
926656
926657
926658
926659
926660
926661
926662
926663
926664
926665
926666
926667
926668
926669
140237
926670
926671
926672
926673
140241
926674
926675
926676
926677
926678
926679
926680
926681
926682
926683
926684
926685
926686
140254
926687
926688
926689
926690
926691
926692
926693
926694
926695
140263
926696
926697
926698
926699
926700
926701
926702
926703
926704
926705
926706
926707
926708
926709
926710
926711
926712
926713
926714
926715
926716
926717
926718
926719
926720
926721
926722
926723
926724
926725
926726
926727
926728
926729
926730
140298
926731
926732
926733
926734
926735
926736
926737
926738
926739
926740
926741
926742
926743
926744
926745
926746
926747
926748
926749
926750
926751
926752
926753
926754
926755
140323
926756
926757
926758
926759
926760
926761
926762
926763
926764
140332
926765
926766
926767
140335
926768
926769
926770
926771
926772
926773
926774
926775
926776
926777
926778
926779
926780
926781
926782
926783
926784
926785
926786
926787
926788
926789
926790
926791
926792
140360
926793
926794
926795
926796
926797
926798
926799
926800
926801
926802
926803
140371
926804
926805
926806
926807
926808
926809
926810
140378
926811
926812
926813
926814
140382
926815
926816
926817
926818
926819
926820
926821
926822
926823
926824
926825
926826
926827
926828
926829
926830
926831
926832
926833
926834
926835
926836
926837
926838
926839
926840
926841
926842
926843
926844
926845
926846
926847
926848
140416
926849
926850
926851
140419
926852
926853
140421
926854
926855
926856
926857
926858
926859
926860
926861
926862
926863
926864
926865
926866
926867
926868
140436
926869
926870
926871
926872
926873
926874
926875
926876
926877
926878
926879
926880
926881
140449
926882
926883
926884
926885
926886
926887
926888
926889
926890
926891
926892
926893
926894
926895
926896
926897
926898
140466
926899
926900
140468
926901
926902
926903
140471
926904
926905
926906
926907
926908
926909
926910
926911
926912
926913
926914
926915
926916
926917
926918
926919
926920
926921
926922
926923
926924
926925
926926
926927
926928
926929
926930
926931
926932
926933
926934
926935
926936
926937
926938
140506
926939
140507
926940
926941
926942
926943
926944
926945
926946
140514
926947
926948
926949
926950
926951
140519
926952
926953
926954
926955
140523
926956
926957
926958
140526
926959
926960
926961
926962
926963
926964
926965
926966
926967
926968
926969
926970
926971
926972
926973
926974
140542
926975
926976
926977
926978
926979
926980
926981
926982
926983
926984
926985
926986
926987
926988
926989
926990
926991
926992
926993
926994
140562
926995
926996
926997
926998
926999
927000
927001
927002
927003
927004
927005
927006
927007
927008
927009
927010
927011
927012
927013
927014
927015
927016
927017
927018
927019
927020
927021
927022
927023
927024
927025
927026
927027
927028
927029
927030
927031
927032
927033
927034
927035
927036
927037
927038
927039
927040
927041
927042
927043
927044
927045
927046
927047
927048
927049
927050
927052
927053
927054
927055
927056
927057
927058
927059
927060
927061
927062
927063
927064
927065
927066
927067
927068
927069
927070
927071
927072
927073
927074
927075
927076
927077
927078
927079
927080
140648
927081
927082
927084
927085
927086
927087
927088
927089
927090
927091
927092
927093
927094
927095
927096
927097
927098
927099
927100
927101
927102
140670
927103
927104
927105
927106
927107
927108
927109
927110
927111
927112
927113
927114
927115
927116
927117
927118
927119
927120
927121
927122
927123
140691
927124
927125
927126
927127
927128
927129
927130
140698
927131
927132
927133
927134
927135
927136
927137
927138
927139
927140
927141
927142
927143
927144
927145
927146
927147
927148
927149
927150
927151
927152
927153
927154
927155
927156
927157
927158
927159
927160
927161
927162
927163
927164
927165
927166
927167
927168
927169
927170
927171
927172
927173
927174
927175
927176
927177
927178
927179
927180
927181
927182
927183
927184
927185
927186
927187
927188
927189
927190
927191
927192
927193
140761
927194
927195
927196
927197
140765
927198
927199
927200
927201
927202
927203
927204
927205
927206
927207
927208
927209
927210
927211
927212
927213
927214
927215
927216
927217
927218
927219
927220
927221
927222
927223
927224
927225
927226
927227
927228
927229
927230
927231
927232
927233
140801
927234
927235
927236
927237
927238
927239
927240
927241
927242
927243
927244
927245
927246
927247
927248
927249
927250
927251
927252
927253
927254
927255
927256
927257
927258
927259
927260
927261
927262
927263
927264
927265
927266
927268
927269
927270
927271
927272
927274
927275
927276
927277
927278
927279
927280
927281
927282
927283
927284
927285
927286
927287
140855
927288
140856
927289
927290
927291
927292
927293
927294
927295
927296
927298
927299
927300
927301
927302
927303
927304
927305
927306
927307
927308
927309
927310
927311
927312
927313
927314
927315
927316
927317
927318
927319
927321
927322
927323
927324
927325
927326
927327
927328
927329
927330
927331
927332
927333
927334
927335
927336
927337
927338
927339
927340
927341
927342
927343
927344
927345
927346
927347
927348
927349
927350
927351
927352
927353
927354
927355
927356
927357
927358
927359
927360
927361
927362
927364
927365
927366
927367
927368
927369
927370
140938
927371
927372
927373
927374
927375
140943
927376
927377
927378
927379
927380
927381
927382
927383
927384
927385
927386
927387
927388
927389
140957
927390
140958
927391
927392
927393
927394
927395
927396
927397
927398
927399
927400
927401
927402
927403
927404
927405
927406
927407
140975
927408
927409
140977
927410
927411
927412
927413
927414
927415
927416
927417
927418
927419
927420
927421
927422
927423
927424
927425
927426
927427
927428
927429
927430
927431
927432
927433
927434
927435
927436
927437
927438
927439
927440
141008
927441
927443
927444
927445
927446
927447
141015
927448
927449
927450
927451
927452
927453
927454
927455
927456
927458
927459
927460
927461
141029
927462
927463
927464
927465
927466
927467
927468
927469
141037
927470
927471
927472
927473
927474
927475
927476
927477
927478
927479
927480
927481
927482
927483
927484
927485
927486
927487
927488
141056
927489
927490
927491
927492
927493
927494
927495
927496
927497
927498
927499
927500
927501
927502
927503
927504
927505
927506
927507
927509
927510
927511
927512
927513
927514
927515
927516
927517
141085
927518
927519
927520
141088
927521
927522
141090
927523
927524
927525
927526
927527
927528
927529
927530
927531
927532
927533
927534
927535
927536
927537
927538
927539
927540
927541
927542
927543
927544
927545
927546
927547
927548
927549
927550
927551
927552
927553
927554
927555
927556
927557
927558
927559
927560
927561
927562
927563
927564
927565
927566
927567
927568
927569
927570
927571
927572
927573
927574
141142
927575
927576
927577
927578
927579
927580
927581
927582
141150
927583
141151
927584
927585
927586
927587
927588
141156
927589
927590
927591
927592
927593
141161
927594
927595
927596
927597
927598
927599
927600
927601
927602
927603
927604
927605
927606
927607
927608
927609
927610
927611
141179
927612
927613
927614
927615
927616
927617
927618
927619
927620
927621
927622
141190
927623
927624
927625
927626
927627
927628
927629
927630
927631
927632
927633
141201
927634
927635
927636
927637
927638
927639
927640
927641
927642
927643
927644
927645
927646
927647
927648
927649
927650
927651
927652
927653
927654
927655
927656
141224
927657
927658
927659
927660
927661
141229
927662
927663
927664
141232
927665
927666
927667
141235
927668
927669
927670
927671
927672
927673
927674
927675
927676
927677
927678
927679
927680
927681
927682
927683
927684
927685
927686
927687
141255
927688
927689
927690
927691
927692
927693
927694
927695
927696
927697
927698
927699
927700
927701
927702
927703
927704
927705
927706
927707
927708
927709
927710
141278
927711
927712
927713
927714
927715
927716
927717
927718
927719
927720
927721
927722
927723
927724
927725
927726
927727
927728
927729
927730
927731
927732
927733
927734
927735
927736
927737
927738
927739
927740
927741
927742
927743
927744
927745
141313
927746
927747
927748
927749
927750
927751
927752
927753
927754
927755
141323
927756
927757
927758
927759
927760
927761
927762
927763
927764
927765
927766
141334
927767
927768
927769
927770
927771
927772
141340
927773
927774
927775
141343
927776
927777
927778
927779
927780
927782
927783
927784
927785
927786
927787
141355
927788
927789
927790
927791
927792
927793
927794
927795
141363
927796
927797
927798
927799
927800
927801
927802
927803
141371
927804
927805
927806
927807
927808
927809
927810
927811
141379
927812
927813
927814
927815
141383
927816
927817
927818
927819
927820
927821
927822
927823
927824
927825
927826
927827
927828
927829
927830
927831
927832
927833
927834
927835
141403
927836
927837
927838
927839
927840
927841
927842
927843
927844
927845
927846
927847
927848
927849
927850
927851
927852
927853
927854
927855
927856
927857
927858
141426
927859
927860
927861
927862
927863
927864
927865
927866
927867
141435
927868
927869
927870
927871
927872
927873
141441
927874
927875
927876
927877
927878
927879
927880
927881
927882
927883
927884
927885
927886
927887
927888
927889
927890
927891
927892
927893
927894
927895
927896
927897
927898
927899
927900
927901
927902
927903
927904
927905
927906
927907
927908
927909
927910
927911
927912
141480
927913
927914
927915
927916
927917
927918
927919
927920
927921
927922
927923
927924
927925
927926
927927
927928
927929
927930
927931
927932
927933
927934
927935
927936
927937
927938
927939
927940
927941
927942
927943
927944
927945
927946
927947
927948
927949
927950
141518
927951
927952
141520
927953
927954
927955
927956
927957
927958
927959
927960
927961
927962
927963
927964
927965
927966
927967
927968
927969
927970
927971
927972
927973
927974
927975
141543
927976
927977
927978
927979
141547
927980
927981
927982
927983
141551
927984
927985
927986
927987
927988
927989
927990
927991
927992
141560
927993
927994
927995
927996
927997
927998
927999
928000
928001
928002
928003
928004
928005
928006
928007
928008
928009
928010
928011
928012
928013
928014
928015
141583
928016
928017
928018
928019
928020
928021
141589
928022
928023
928024
928025
928026
928027
928028
928029
928030
928031
928032
928033
928034
928035
928036
928037
141605
928038
928039
928040
928041
928042
928043
928044
928045
928046
928047
928048
928049
928050
928051
928052
928053
928054
928055
928056
928057
928058
928059
928060
141628
928061
928062
928063
928064
928065
928066
928067
928068
928069
928070
928071
928072
928073
141641
928074
928075
928076
928077
928078
928079
928080
928081
928082
928083
928084
928085
928086
928087
928088
141656
928089
928090
141658
928091
928092
928093
928094
141662
928095
928096
928097
928098
928099
928100
928101
928102
928103
928104
928105
928106
928107
928108
928109
928110
928111
928112
928113
928114
928115
928116
928117
928118
928119
928120
141688
928121
141689
928122
928123
928124
928125
928126
928127
928128
928129
928130
928131
928132
141700
928133
928134
928135
928136
928137
928138
928139
928140
928141
928142
141710
928143
928144
928145
928146
928147
928148
928149
928150
928152
928153
928154
928155
141723
928156
928157
928158
928159
928160
928161
928162
928163
928164
928165
928166
928167
928168
928169
928170
928171
928172
928173
928174
928175
928176
928177
928178
141746
928179
928180
928181
928182
928183
928184
928185
928186
928187
928188
928189
928190
928191
928192
928193
928194
928195
928196
928197
928198
928199
928200
928201
928202
928203
928204
928205
928206
928207
141775
928208
928209
928210
928211
928212
928213
928214
928215
928216
928217
928218
928219
928220
928221
928222
141790
928223
928224
141792
928225
928226
928227
928228
928229
928230
928231
928232
928233
928234
928235
928236
928237
928238
928239
928240
928241
928242
928243
928244
141812
928245
928246
928247
928248
928249
928250
928251
928252
928253
141821
928254
928255
928256
928257
928258
928259
928260
928261
928262
928263
928264
928265
928266
928267
141835
928268
928269
928270
928271
141839
928272
928273
928274
928275
928276
141844
928277
928278
928279
928280
928281
928282
928283
928284
928285
928286
928287
928288
928289
928290
928291
928292
928293
928294
928295
928296
928297
928298
928299
928300
928301
928302
141870
928303
928304
928305
928306
928307
141875
928308
928309
928310
928311
928312
928313
928314
141882
928315
928316
141884
928317
928318
928319
928320
928321
928322
928323
928324
928325
928326
928327
928328
928329
928330
928331
928332
928333
928334
928335
928336
928337
928338
928339
928340
928341
928342
928343
928344
928345
928346
928347
928348
928349
928350
928351
928352
928353
928354
928355
928356
928357
928358
928359
928360
928361
928362
928363
928364
928365
928366
928367
928368
928369
928370
928371
928372
928373
141941
928374
928375
928376
928377
928378
928379
928380
928381
928382
928383
928384
928385
928386
928387
928388
928389
928390
928391
141959
928392
928393
928394
928395
928396
928397
928398
928399
928400
928401
928402
928403
928404
928405
928406
928407
928408
928409
928410
928411
928412
928413
141981
928414
928415
928416
928417
928418
928419
928420
928421
928422
928423
928424
928425
928426
928427
141995
928428
928429
928430
928431
928432
928433
928434
928435
928436
928437
928438
928439
928440
928441
928442
928443
928444
928445
928446
928447
928448
928449
928450
928451
928452
928453
928454
928455
928456
928457
928458
928459
928460
928461
928462
928463
928464
928465
928466
928467
928468
928469
928470
928471
928472
928473
928474
928475
928476
928477
928478
928479
928480
928481
928482
928483
928484
928485
928486
928487
928488
928489
928490
928491
928492
928493
142061
928494
928495
928496
928497
928498
928499
928500
928501
928502
928503
928504
928505
928506
928507
928508
928509
928510
928511
928512
928513
928514
928515
928516
928517
928518
928519
928520
928521
928522
928523
928524
928525
928526
928527
928528
928529
928530
928531
928532
928533
928534
142102
928535
928536
928537
928538
928539
928540
928541
928542
928543
928544
928545
928546
928547
142115
928548
928549
928550
928551
928552
928553
928554
928555
928556
928557
928558
928559
928560
928561
928562
928563
928564
928565
928566
928567
928568
928569
928570
928571
928572
142140
928573
928574
928575
928576
928577
928578
928579
928580
142148
928581
928582
928583
928584
928585
928586
928587
928588
928589
928590
928591
928592
928593
928594
928595
928596
928597
928598
928599
142167
928600
928601
928602
928603
928604
142172
928605
928606
928607
928608
928609
928610
928611
928612
928613
928614
928615
928616
928617
928618
928619
928620
928621
928622
928623
928624
928625
928626
928627
928628
928629
928630
928631
928632
928633
928634
928635
928636
928637
928638
928639
928640
928641
928642
928643
928644
928645
928646
928647
928648
928649
928650
928651
928652
928653
928654
928655
928656
928657
928658
928659
928660
928661
928662
142230
928663
928664
928665
928666
928667
928668
928669
928670
928671
928672
928673
928674
928675
928676
928677
928678
928679
928680
928681
928682
142250
928683
928684
928685
928686
142254
928687
928688
928689
928690
928691
928692
928693
928694
928695
928696
928697
928698
142266
928699
928700
928701
142269
928702
928703
142271
928704
928705
142273
928706
928707
928708
928709
928710
928711
928712
928713
928714
928715
928716
928717
928718
928719
928720
928721
928722
142290
928723
928724
928725
928726
928727
928728
928729
928730
928731
928732
928733
928734
928735
928736
928737
928738
928739
928740
928741
928742
928743
928744
928745
142313
928746
928747
928748
928749
928750
928751
928752
928753
928754
928755
928756
928757
928758
928759
928760
928761
928762
928763
928764
928765
928766
928767
928768
928769
928770
928771
928772
142340
928773
928774
928775
928776
928777
928778
928779
928780
928781
928782
928783
928784
928785
928786
928787
928788
928789
928790
928791
928792
928793
142361
928794
928795
928796
928797
928798
928799
928800
928801
928802
928803
928804
928805
928806
928807
928809
928810
928811
928812
928813
928814
928815
928816
928817
142385
928818
928819
928820
928821
928822
142390
928823
928824
928825
928826
928827
928828
928829
928830
928831
142399
928832
928833
928834
928835
928836
928837
928838
928839
928840
928841
928842
928843
928844
928845
928846
142414
928847
142415
928848
928849
928850
928851
928852
928853
142421
928854
928855
928856
928857
928858
928859
928860
928861
928862
928863
928864
928865
928866
928867
928868
928869
928870
928871
928872
928873
928874
928875
928876
142444
928877
928878
928879
928880
928881
928882
928883
928884
928885
928886
928887
928888
928889
928890
928891
928892
928893
928894
928895
928896
928897
928898
928899
928900
928901
928902
928903
928904
928905
928906
142474
928907
928908
928909
928910
928911
928912
928913
928914
928915
928916
142484
928917
928918
928919
928920
928921
928922
928923
928924
928925
928926
928927
928928
928929
928930
928931
928932
928933
928934
928935
928936
928937
928939
928940
928941
928942
928943
928944
928945
142513
928946
928947
928948
928949
928950
928951
928952
928953
928954
928955
928956
928957
928958
928959
928960
928961
928962
928963
928964
928965
142533
928966
928967
928968
928969
928970
928971
928972
928973
928974
928975
928976
928977
928978
928979
928980
142548
928981
928982
928983
928984
928985
928986
928987
928988
928989
928990
928991
928992
928993
928994
142562
928995
928996
928997
928998
928999
929000
929001
929002
929003
929004
929005
142573
929006
929007
929008
929009
929010
929011
929012
929013
929014
929015
929016
929017
929018
142586
929019
929020
142588
929021
929022
929023
929024
142631
142645
142668
142709
142712
142738
142790
142800
142803
142890
142892
142903
142919
142924
142952
142964
142982
143091
143105
143110
143111
143114
143123
143142
143146
143148
143155
143160
143168
143169
143186
143193
143220
143235
143243
143261
143266
143269
143310
143323
143327
143336
143371
143377
143387
143388
143408
143426
143449
143465
143475
143481
143489
143519
143558
143564
143584
143585
143601
143615
143618
143622
143638
143647
143668
143687
143712
143714
143725
143727
143741
143757
143758
143811
143823
143828
143842
143850
143867
143873
143886
143916
143920
143926
143943
143958
143972
143996
144001
144027
144061
144064
144075
144078
144097
144099
144113
406259
144154
144176
144178
144188
144231
144241
144242
144256
144270
144298
144306
144321
144326
144334
144335
144346
144350
144365
144382
144390
144391
144403
144462
144480
144508
144555
144570
144606
144642
144649
144660
144705
144711
144717
144723
144727
144741
144742
144758
144768
144779
144780
144790
144831
144847
144853
144902
144940
144947
144950
144952
144971
144985
144991
145024
145041
145043
145062
145075
145077
145123
145134
145146
145170
145186
145215
145221
145234
145241
145248
145358
145361
145367
145386
145388
145399
145416
145427
145430
145433
145443
145461
145468
145479
145518
145524
145525
145579
145601
145605
145620
145647
145666
145677
145708
145712
145715
145717
145732
145766
145793
145797
145879
145918
145933
145936
145943
145953
145957
145977
145988
145994
146016
146028
408173
146034
146037
146065
146071
146093
146115
146162
146163
146173
146174
146196
146206
146254
146258
146305
146307
146317
146319
146350
146372
146382
146401
146419
146428
146434
146442
146482
146484
146485
146525
146547
146554
146562
146599
146627
146643
146649
146650
146678
146701
146707
146708
146709
146722
146723
146741
146745
146750
146762
146765
146771
146793
146801
146803
146806
146848
146852
146855
146857
146886
146899
146910
146914
146921
146933
146944
146959
146962
146965
146997
147005
147027
147029
147033
147037
147039
147041
147051
147070
147115
147138
147156
147165
147197
147208
147211
147219
147238
147281
147302
147303
147304
147312
147339
147411
147424
147428
147438
147457
147458
147462
147467
147493
147506
147513
147522
147523
147560
147569
147596
147614
147617
147618
147634
147647
147657
147661
147679
147687
147710
147714
147717
147740
147768
147849
147862
147883
147911
147947
147976
147985
148026
148031
148082
148088
148138
148147
148172
148176
148205
148208
148210
148230
148234
148238
148275
148285
148286
148302
148332
148346
148377
148385
148396
148397
148414
148421
148423
148429
148449
148450
148451
148508
148524
148529
148535
148536
148585
148589
148590
148594
148595
148604
148636
148637
148673
148682
148688
148694
148703
148707
148756
148782
148795
148797
148801
148810
148820
148836
148838
148860
148867
148919
148929
148942
148951
148982
149014
149034
149047
149060
149076
149103
149109
149111
149121
149126
149134
149143
149151
149153
149165
149171
149182
149185
149186
149202
149204
149208
149211
149240
149244
149253
149257
149258
149259
149261
149274
149275
149295
149323
149338
149341
149342
149355
149395
149405
149436
149519
149550
149558
149563
149579
149587
149589
149594
149603
149624
149638
149661
149688
149690
149701
149709
149725
149741
149763
149777
149788
149798
149802
149812
149844
149894
149905
149920
149929
149949
149981
150028
150057
150088
150119
150177
150178
150234
150289
150290
150292
150294
150302
150319
150331
150351
150365
150367
150382
150387
150388
150411
150428
150429
150438
150463
150473
150488
150493
150514
150524
150539
150558
150567
150596
150613
150614
150620
150625
150629
150640
150652
150653
150674
150714
150758
150773
150774
150776
150785
150798
150807
150826
150844
150847
150853
150856
150870
150889
150898
150903
150907
150908
150917
413065
150934
150952
150955
150956
150958
150979
150991
150995
151006
151008
151028
151036
151037
151041
151043
151045
151047
151089
151090
151094
151102
151127
413271
151133
151151
151159
151169
151187
151208
151209
151226
151259
151285
151288
151304
151321
151323
151338
151339
151348
151351
151356
151399
151404
151410
151413
151415
151416
151458
151461
151484
151494
151513
151543
151555
151566
151585
151672
151684
151701
151730
151752
151771
151790
151807
151849
151855
151856
151860
151866
151875
151877
151911
151928
151929
151931
151947
151955
151959
151963
151969
151972
151996
151997
152019
152023
152047
152048
152060
152081
152082
152091
152097
152154
152183
152186
152290
152296
152297
152300
152305
152313
152319
152340
152342
152347
152349
152362
152380
152392
152401
152405
414564
152454
152460
152472
152483
152490
152497
152503
152516
152526
152531
152533
152536
152543
152544
152550
152551
152607
152656
152665
152672
152684
152685
152690
152731
152733
152741
152744
152760
152770
152772
152778
152782
152788
152805
152815
152834
152850
152876
152877
152880
152881
152884
152889
152900
152920
152933
152934
152941
152963
152969
152973
152982
153002
153011
153065
153092
153094
153111
153113
153119
153123
153141
153143
153146
153177
153179
153180
153181
153186
153217
153218
153225
153244
153255
153319
153367
153376
153379
153401
153405
153419
153449
153456
153465
153467
153472
153481
153502
153508
153510
153543
153564
153567
153600
153617
153655
153677
153698
153700
153738
153742
153746
153759
153765
153770
153845
153855
153861
153874
153895
153899
153902
153915
153933
153937
153953
153959
153970
154009
154020
154026
154054
154056
154057
154093
154118
154173
154192
154225
154229
154237
154279
154282
154300
154324
154339
154360
154370
154371
154374
154382
154383
154412
154416
154487
154488
154542
154543
154544
154575
154616
154636
154640
154654
154668
154700
154725
154731
154732
154746
154755
154776
154779
154803
154811
154849
154853
154860
154870
154912
154916
154939
154944
154981
155027
155033
155065
155073
155099
155104
155143
155145
155198
155201
155205
155261
155271
155305
155312
155323
155339
155370
155374
155378
155390
155391
155437
155439
155441
155477
155485
155489
155511
155525
155534
155541
155564
155589
155615
155654
155670
155682
155698
155714
155724
155728
155736
155738
155750
155768
155785
155786
155831
155838
155840
155856
155858
155861
155866
155881
155889
155911
155913
155926
155949
155956
155959
155966
155990
155993
155998
156002
156006
156017
156021
156049
156062
156064
156065
156066
156073
156075
156091
156101
156114
156122
156130
156140
156142
156145
156171
156180
156199
156209
156270
156329
156354
156366
156376
156381
156423
156438
156468
156477
156509
156514
156520
156527
156530
156537
156551
156592
156612
156631
156660
156695
156711
156721
156722
156752
156756
156816
156820
156833
156836
156851
156853
156861
156864
156866
156868
156878
156882
156889
156892
156894
156932
156940
156943
156956
156982
157018
157033
157039
157068
157102
157110
157122
157127
157130
157156
157157
157162
157188
157190
157204
157221
157230
157241
157293
157296
157302
157318
157321
157383
157384
157388
157427
157447
157449
157467
157549
157557
157570
157586
157598
157625
157652
157658
157670
157679
157693
157695
157698
157742
157786
157787
157793
157817
157827
157840
157842
157851
157853
157865
157902
157903
157955
157956
157963
157969
157970
157989
158007
158014
158028
158055
158058
158126
158141
158148
158150
158152
158165
158174
158188
158191
158227
158241
158261
158294
158298
158381
158385
158416
158441
158447
158448
158465
158477
158481
158493
158496
158509
158532
158548
158552
158570
158573
158590
158593
158599
158649
158665
158676
158686
158689
158707
158709
158754
158777
158781
158790
158830
158853
158906
158909
158923
158927
158956
158960
158966
158972
158975
158994
159000
159014
159017
159029
159035
159087
159100
159106
159110
159167
159178
159208
159222
159224
159240
159261
159267
159277
159289
159300
159324
159338
159341
159365
159374
159397
159399
159416
159462
159475
159495
159498
159542
159570
159579
159587
159590
159633
159666
159670
159673
159682
159688
159692
159722
159730
159753
159756
159771
159777
159780
159800
159803
159804
159818
159826
159864
159865
159879
159913
159945
159950
159962
159970
159978
159995
159997
160044
160049
160078
160079
160089
160095
160097
160099
160121
160130
160141
160151
160186
160204
160236
160245
160246
160251
160265
160273
160283
160284
160342
160354
160365
160405
160407
160409
160430
160454
160463
160503
160507
160544
160550
160555
160563
160580
160591
160604
160655
160720
160762
160765
160776
160789
160858
160864
160871
160877
160882
160893
160930
160964
160973
160983
161038
161056
161067
161102
161111
161143
161170
161181
161184
161206
161220
161228
161233
161247
161288
161299
161309
161316
161358
161360
161369
161371
161389
161401
161421
161424
161432
161437
161438
161452
161467
161481
161483
161509
161554
161559
161582
161590
161611
161621
161626
161627
161635
161651
161657
161667
161676
161681
161692
161696
161722
161735
161751
161762
161771
161775
161785
161824
161851
161853
161857
161860
161875
161879
161919
161922
161948
161954
162022
162024
162034
162089
162090
162095
162111
162170
162172
162180
162207
162211
162235
162271
162276
162294
162305
162310
162347
162351
162396
162397
162399
162416
162448
162453
162498
162510
162521
162539
162543
162558
162615
162619
162629
162634
162638
162640
162641
162648
162663
162678
162682
162692
162708
162723
162733
162739
162756
162770
162784
162794
162818
162824
162878
162886
162887
162907
162947
162950
162955
162961
162971
162974
162995
162997
163061
163093
163099
163103
163105
163107
163154
163164
163174
163181
163187
163190
163210
163216
163220
163228
163232
163235
163249
163251
163257
163283
163286
163293
163295
163319
163320
163322
163329
163340
163351
163352
163358
163388
163403
163407
163411
163413
163415
163417
163438
163445
163447
163477
163497
163520
163527
163537
163541
163549
163553
163556
163562
163568
163604
163612
163618
163628
163637
163638
163655
163662
163665
163672
163682
163700
163747
163752
163756
163757
163758
163761
163766
163780
163787
163791
163808
163816
163822
163824
163852
163874
163881
163905
163940
163949
163950
163960
163988
164009
164010
164011
164033
164044
164054
164055
164067
164097
164115
164119
164128
164129
164143
164166
164177
164208
164210
164212
164234
164245
164265
164267
164290
164299
164301
164341
164407
164428
164445
164449
164458
164469
164480
164496
164542
164543
164583
164599
164601
164619
164682
164683
164691
164715
164735
164757
164815
164818
164824
164843
164847
164850
164853
164857
164893
164902
164910
164911
164915
164938
164985
164988
164992
165002
165035
165075
165086
165096
165100
165141
165152
165158
165165
165166
165175
165185
165191
165204
165210
165216
165226
165255
165257
165260
165262
165285
165304
165306
165323
165330
165331
165343
165360
165372
165382
165384
165385
165394
165403
165431
165445
165492
165504
165524
165530
165556
165565
165578
165580
165590
165617
165640
165649
165662
165678
165696
165711
165726
165740
165773
165774
165800
165813
165820
165822
165830
165867
165883
165894
165901
165918
165927
165929
165942
165966
165972
165981
165988
166002
166016
166036
166042
166051
166053
166073
166089
166090
166127
166150
166151
166156
166185
166186
166201
166208
166213
166214
166235
166254
166256
166262
166291
166292
166373
166407
166427
166449
166469
166480
166486
166520
166546
166597
166602
166626
166633
166649
166713
166714
166723
166744
166752
166758
166763
166787
166810
166818
166842
166850
166851
166864
166878
166881
166890
166900
166959
166966
166988
166993
166994
167015
167020
167036
167052
167082
167104
167105
167118
167138
167166
167183
167198
167216
167232
167249
167260
167264
167265
167292
167303
167315
167322
167339
167346
167349
167352
167363
167364
167381
167401
167413
167430
167435
167440
167471
167479
167487
167511
167524
167538
167551
167559
167561
167583
167697
167699
167709
167735
167736
167764
167779
167786
167798
167819
167821
167832
167839
167840
167843
167849
167853
167866
167904
167908
167948
167950
167992
167996
168006
168013
168030
168032
168036
168042
168088
168108
168114
168143
168167
168170
168194
168200
168201
168208
168228
168229
168282
168286
168338
168357
168374
168388
168404
168416
168419
168429
168448
168451
168456
168467
168474
168477
168479
168481
168485
168499
168506
168546
168550
168569
168600
168647
168653
168700
168736
168761
168789
168811
168818
168835
168846
168861
168878
168904
168913
168953
168956
168971
168977
168978
168987
168999
169038
169067
169106
169115
169164
169242
169259
169264
169275
169305
169313
169351
169391
169395
169396
169405
169408
169484
169485
169494
169503
169540
169543
169572
169598
169629
169638
169678
169685
169710
169715
169750
169836
169848
169859
169876
169889
169908
169913
169921
169927
169942
169968
169976
169984
170005
170060
432226
170113
170128
170139
170156
170178
170181
170182
170184
170187
170256
170261
170271
170278
170283
170288
170292
170304
170306
170351
170354
170360
170390
170392
170393
170413
170453
170473
170489
170508
170545
170556
170576
170589
170600
170601
170610
170616
170617
170620
170625
170630
170638
170646
170662
170677
170685
170710
170712
170715
170721
170800
170817
170887
170892
170900
170908
170913
170960
170978
171048
171050
171054
171059
171114
171129
171136
171172
171176
171184
171189
171193
171201
171202
171204
171209
171237
171243
171252
171257
171262
171263
171276
171303
171304
171305
171323
171327
171365
171383
171384
171385
171400
171407
171438
171453
171454
171463
171469
171476
171477
171499
171504
171520
171530
171539
171549
171591
171631
171649
171650
171658
171664
171666
171689
171693
171704
171705
171725
171730
171733
171740
171744
171751
171759
171766
171768
171794
171801
171805
171811
171829
171864
171887
171915
171925
171938
171939
171942
171947
171952
171960
171961
171973
171974
171990
171993
172019
172026
172042
172047
172059
172074
172127
172129
172133
172149
172171
172174
172196
172211
172255
172259
172277
172291
172298
172307
172315
172320
172341
172363
172374
172394
172398
172407
172414
172445
172446
172453
172458
172483
172498
172518
172551
172568
172593
172621
172623
172629
172633
172635
172636
172643
172646
172648
172675
172681
172715
172720
172724
172727
172734
172748
172763
172775
172786
172808
172835
172844
172878
172972
172979
172983
172992
173027
173040
173041
173044
173046
173054
173056
173070
173075
173079
173115
173125
173132
173133
173136
173174
173179
173183
173192
173193
173195
173224
173228
173245
173252
173294
173296
173302
173311
173328
173334
173347
173349
173357
173359
173381
173389
173393
173404
173415
173451
173477
173478
173514
173515
173517
173523
173541
173544
173545
173558
173565
173570
173627
173636
173646
173664
173667
173686
173714
173723
173735
173741
173784
173819
173825
173832
173868
173925
173954
173983
173988
174014
174018
174057
174104
174112
174167
174185
174187
174196
174209
174211
174237
174246
174259
174271
174278
174316
174323
174332
174347
174361
174362
174379
174394
174404
174407
174419
174457
174473
174474
174499
174506
174509
174514
174524
174528
174539
174546
174547
174550
698842
174589
174591
174625
174626
174636
174647
174658
174659
174666
174674
174681
174685
174692
174736
174741
174748
174757
174768
174769
174772
174777
174788
174796
174825
174832
174861
174879
174888
174896
174917
174944
174945
174975
174979
174991
174995
175010
175045
175048
175082
175083
175086
175104
175107
175153
175170
175177
175188
175192
175215
175229
175237
175249
175269
175278
175280
175309
175333
175337
175362
175394
175395
175448
175451
175473
175475
175513
175515
175576
175577
175584
175605
175646
175653
175657
175678
175679
175689
175704
175706
175709
175712
175717
175728
175738
175739
175748
175749
175750
175755
175757
175772
175780
175786
175799
175802
175810
175811
175830
175841
175843
175855
175862
175881
175899
175904
175907
175918
175929
175931
175941
175943
175951
175955
175956
175962
175971
175978
175984
175988
176052
176060
176068
176096
176100
176103
176111
176112
176114
176117
176131
176141
176147
176149
176159
176180
176189
176223
176252
176265
176273
176284
176297
176306
176311
176312
176326
176329
176340
176355
176387
176390
176393
176398
176418
176427
176432
176457
176460
176471
176484
176494
176506
176515
176564
176566
176570
176584
176599
176602
176605
176611
176616
176623
176627
176643
176658
176689
176701
176702
176705
176724
176766
176772
176782
176784
176799
176822
176827
176830
176837
176855
176859
176876
176880
176881
176901
176902
176907
176919
176920
176932
176934
176936
176941
176968
176981
176992
176996
177005
177009
177013
177016
177021
177025
177028
177036
177085
177087
177089
177112
177122
177125
177129
177151
177164
177176
177194
177211
177216
177217
177227
177256
177273
177285
177288
177289
177295
177305
177322
177323
177328
177339
177346
177348
177349
177365
177366
177379
177380
177396
177401
177403
177410
177425
177429
177437
177453
177454
177489
177499
177511
177535
177590
177591
177594
177597
177598
177608
177611
177626
177636
177637
177644
177649
177657
177660
177661
177670
177680
177713
177715
177752
177772
177818
177826
177837
177853
177870
177891
177892
177896
177900
177920
177945
177951
177956
177962
177965
177979
177980
177997
178003
178039
178041
178076
178084
178093
178100
178108
178170
178178
178180
178195
178202
178211
178223
178232
178237
178245
178259
178290
178308
178310
178350
178362
178382
178393
178397
178409
178411
178418
178432
178442
178508
178528
178535
178541
178553
178577
178588
178610
178613
178629
178641
178666
178695
178701
178702
178707
178708
178722
178745
178762
178770
178777
178783
178784
178790
178798
178813
178820
178846
178871
178885
178894
178903
178905
178908
178915
178924
178944
178951
178957
178969
178970
178984
179009
179045
179068
179075
179080
179081
179084
179133
179138
179146
179148
179163
179187
179188
179193
179194
179195
179196
179254
179272
179279
179293
179323
179325
179330
179335
179359
179361
179364
179366
179374
179386
179426
179434
179436
179438
179457
179479
179483
179491
179497
179510
179511
179515
179541
179550
179564
441710
179585
179593
179610
179615
179619
179639
179645
179671
179675
179682
179715
179721
179739
179746
179755
179756
179760
179763
179810
179848
179850
179866
179869
179895
179902
179906
179908
179917
179921
179923
179926
179928
179937
179939
179966
179968
179977
180003
180020
180021
180049
180053
180055
180064
180065
180067
180084
180088
180093
180109
180119
180121
180134
180139
180147
180150
180176
180177
180184
180196
180216
180221
180223
180224
180229
180235
180247
180250
180252
180258
180286
180295
180303
180326
180343
180345
180351
180357
180381
180389
180391
180413
180431
180453
180463
180478
180485
180509
180515
180517
180536
180537
180570
180576
180578
180589
180591
180592
180598
180603
180616
180619
180632
180637
180679
180682
180703
180716
180734
180738
180740
180750
180751
180756
180762
180835
180898
180900
180904
180907
180911
180920
180947
180957
180959
181000
181012
181053
181076
181078
181088
181092
181107
181109
181111
181131
181144
181150
181152
181169
181182
181184
181192
181195
181199
181202
181222
181239
181244
181256
181263
181270
181289
181306
181326
181333
181368
181371
181395
181435
181464
181479
181485
181511
181520
181523
181531
181532
181548
181574
181586
181599
181602
181607
181618
181620
181635
181652
181660
181663
181665
181669
181670
181671
181674
181684
181698
181710
181719
443885
181759
181763
181766
181771
181788
181790
181798
181804
181806
181819
181833
181836
181840
181857
181859
181869
181897
181912
181913
181965
181987
181991
181996
182009
182014
182027
182034
182044
182076
182079
182105
182109
182117
182171
182190
182202
182212
182216
182223
182240
182249
182259
182273
182275
182290
182292
182321
182326
182358
182378
182381
182403
182405
182442
182447
182457
182468
182493
182495
182506
182510
706803
182520
182540
182587
182588
182591
182599
182617
182627
182631
182647
182649
182658
182664
182674
182698
182741
182743
182752
707055
182784
707093
182821
182843
182847
182859
182867
182914
182918
182923
182932
182936
182948
182951
707242
182958
182964
182979
182982
182984
182989
183030
183034
183039
183048
183058
183085
183091
183098
183100
183103
183106
183121
183135
183138
183144
183151
183154
183156
183160
183163
183171
183176
183181
183182
183186
183191
183192
183195
183223
707531
183245
183250
707538
183276
183279
183286
183295
707610
183329
183365
183370
183383
183406
707696
183434
183436
183450
183458
183472
707778
183491
183492
183497
183503
183505
183514
183543
183547
183554
183567
183569
183571
183574
183575
183582
183583
445745
183603
183611
183616
183646
183647
707940
183653
183658
183676
183678
183682
183689
183693
183754
183821
183830
183832
183848
183851
183861
708163
183885
183886
183893
183916
183936
183938
183943
183944
183994
184001
184054
184055
184058
184067
184076
184078
184089
184099
184106
184148
184151
184156
184157
184165
708465
184178
184179
184181
184188
184193
184200
184208
184214
184226
184228
708527
184245
184250
184255
184261
184274
184275
708565
184282
184283
184299
184317
184325
184327
184334
184345
184349
184357
184372
184373
184380
184396
184408
184411
184428
184443
184449
184465
184467
184487
184533
184554
184560
184570
184573
184578
184583
184587
184594
184602
184612
184614
184621
184623
184641
184651
184658
184674
184676
184686
184699
184702
184707
184709
184710
184723
184726
184792
184799
184816
184832
184850
184871
184884
184896
184900
184901
184938
184940
184945
184947
184965
184968
184985
184996
185009
185018
709327
185113
185124
185127
185133
185146
185170
185183
185198
185200
185219
185250
185272
185281
185292
185293
185327
185342
185364
709666
185388
185391
185401
185409
185416
709704
185440
709731
185447
185448
185454
185465
185468
185479
185491
185495
185500
185505
185512
185519
709813
185527
185535
447702
185567
185571
185586
185600
185601
709905
185629
185651
185659
185681
185685
185698
185713
710001
185714
185718
185730
185754
185757
185767
185769
185792
185794
185841
185860
185880
185892
710182
185952
185962
185993
710287
186026
710352
186081
186093
186095
186100
186105
186108
186124
186127
186134
186176
186201
710491
186225
186228
186237
186279
186280
186287
186294
186298
186307
186315
710606
186319
186325
186329
186334
186369
186374
186394
186399
186400
186402
186410
186412
186416
186420
186426
186440
186442
186444
186446
186458
186461
186466
186486
186521
186526
186533
186534
186535
186546
186550
186579
186585
186594
186604
186623
186626
186627
186632
186645
186691
710980
186695
186712
186713
186753
711044
186763
186767
186782
186789
186792
186798
186804
186806
186810
186839
186859
186883
186884
186896
186909
186916
186917
186922
186925
186931
186933
186942
186957
186961
186972
711288
187004
187005
711298
187012
187019
187029
187046
711339
187066
187068
187076
187104
187137
187141
187163
187165
187179
187225
187235
187255
187278
187293
187300
187317
187323
187349
187382
711670
187399
187413
187418
187427
187431
187432
187436
711740
187464
187473
187477
187488
187489
187491
187532
187550
187559
187560
711861
187586
187588
187613
187637
187645
711954
187697
187700
187717
187732
187748
187754
187767
187779
187786
187787
187795
712094
187811
187813
187835
187848
187870
187881
187896
187920
187923
187931
187935
187954
187956
187969
187979
187980
187990
188022
188084
188089
188096
712390
188109
188113
188115
188119
188120
188133
188140
188144
188171
188183
188207
188220
188231
188233
188235
188236
188265
188276
188290
188318
188324
188335
188353
188369
188372
188376
712674
188389
188391
188396
188400
188417
188436
188452
188455
188468
188471
188478
188483
188503
712795
188509
188514
188521
188530
712846
188582
188583
188584
188688
188689
188691
188692
188721
188762
188765
188778
188795
188804
188842
188876
188878
188889
188908
188912
188919
188928
188937
188996
188999
189009
189019
189034
189082
189098
189111
189114
189118
189147
189150
189190
189191
189194
189201
189202
189223
189225
189233
189263
189274
189279
189294
189328
189334
189352
189363
189369
189373
189378
189382
189383
713703
189418
189423
189430
189437
189442
189456
189473
189475
189495
189496
189507
189509
189525
189535
189561
189577
189579
189583
713882
189629
189644
189670
189725
189727
189732
189734
189760
189763
714053
189772
189798
189833
189850
189853
189857
189875
189896
189898
189901
189911
189914
189917
189953
189954
189962
189966
189968
189989
189992
190007
190009
190011
190014
190019
714312
190028
190034
190080
190082
190091
190097
190098
190104
190137
190150
190155
190160
190164
190169
190177
190182
190184
190185
190199
190200
190201
190204
190221
190234
190243
190254
190260
190279
190293
190298
190313
190330
190331
190334
190345
714634
190347
190352
190355
190356
190357
190360
714651
190367
714663
190394
190403
190406
190410
190419
190430
190435
190453
190468
190469
190480
190490
190519
190521
190534
714836
190559
190565
190568
190575
190587
190598
190610
190614
190616
714910
190626
190631
190639
190641
190643
190675
190680
190705
190715
190716
190722
190748
190758
190764
190767
190768
190785
190786
190806
190819
190825
190840
190843
715138
190857
190858
190861
190862
190871
190883
190885
190901
190910
190943
190954
190963
190970
190974
190977
191001
191022
191031
191043
715350
191067
191071
191072
715431
191153
191161
191172
191176
191191
191203
191205
191220
191223
191237
191246
191250
191261
191268
191272
191277
191280
191283
191305
191325
191335
191338
191345
191346
191353
191371
191381
191401
191409
191414
191417
191427
191433
191447
191453
191458
191466
191467
191488
191536
191537
191538
191558
191571
191582
191583
191594
191600
191614
191619
191651
191660
191661
191693
191713
191717
191718
191733
191737
191743
191748
191754
191762
191770
191772
191773
191777
191790
191793
191799
191808
191810
191824
191848
191854
191859
191878
191882
191890
191896
191901
191918
191920
191923
191935
191937
191957
191975
191977
191978
191987
191990
191995
192005
192012
716314
192048
192067
192085
192112
192114
192129
192141
192152
192161
192173
192176
192184
192192
192212
192215
192236
192240
192247
192254
192265
192287
192290
192315
192330
192334
192365
192366
192369
192373
192379
192392
192426
192437
716770
192483
192510
192512
192514
192536
192566
192570
192578
192580
192590
192618
192637
192640
192642
192694
716987
192713
192724
192741
192747
192752
192763
717056
192770
192775
717068
192783
192789
192790
192794
192807
192817
192820
192824
192826
192834
192837
192839
192850
192856
192863
192883
192926
192928
192949
192958
192960
192961
192965
192968
192974
192982
193011
193019
193035
717324
193046
193050
193058
193084
193085
193092
193105
193117
193121
193125
193139
193155
193165
193167
193184
193200
193202
193236
193237
193257
193271
193284
193306
193307
193311
193315
193352
193353
193364
193367
193371
193383
193396
193397
193405
193412
193418
193419
193421
193442
193464
193474
193476
193477
193512
193515
193516
193551
193561
193562
193568
193573
193575
193584
193601
193618
193619
193620
193625
717918
193666
193669
193677
193678
193684
193694
193701
193703
193726
193785
193795
193802
193808
193816
193820
193833
193834
193856
193859
193861
193871
193879
193883
193884
193900
193901
193904
193905
193918
193921
193926
193929
193936
193943
193955
193958
718260
193977
193979
193983
194002
194019
194045
194063
194078
194081
194094
194106
194109
194112
194118
194119
194131
194138
194147
194151
194162
194169
194188
718499
194214
194216
194220
194222
194233
718533
194250
194251
194252
194286
194316
194325
194328
194329
194348
194368
194385
194402
194403
194416
194421
194427
194428
194431
194437
194442
194448
194450
194456
194495
194507
194509
194519
194542
194551
194554
194563
194584
194587
194601
194606
194617
194645
194656
194663
194669
194687
194689
194694
194702
194703
194715
194717
194719
194727
194760
194763
194781
194782
719079
194800
194805
194819
194820
194837
194860
194865
194874
194879
194884
194887
194912
194935
194944
194952
194957
194961
194968
194977
194981
194983
194988
195010
195020
195021
195022
195029
195037
195039
195049
195053
195058
195062
195079
195083
195089
195091
195098
195102
195108
195111
195138
195143
195148
195149
195151
195152
195178
719467
195181
195196
195201
195202
195216
195240
195242
195256
195262
195275
195291
195295
195303
195306
195307
195324
195333
195345
195348
195384
195390
195411
195432
195447
195459
195467
195496
195511
195515
719811
195572
195575
195594
195636
195640
195662
719953
195666
195668
195673
195675
195681
195682
195689
195705
195737
195769
195772
195797
195799
195822
195826
195855
195881
195897
195931
195950
195970
195974
195978
196026
196032
196044
196056
196058
196065
196078
196095
196097
196106
196110
196118
196146
196150
196151
196155
196157
196179
196182
196202
196229
196230
196248
196264
196267
196284
196295
196309
196321
196325
196328
196331
196341
196345
196353
196361
196370
196381
196382
196388
196399
196400
196428
196438
196439
196440
196450
720741
196455
196481
196518
196531
196538
196565
196588
196602
196622
196625
196632
196649
196650
196653
196661
720967
196688
196697
196713
196731
196733
196734
196765
196774
196783
196786
196801
196815
196823
196836
196838
196880
196888
196913
721228
196945
196947
196952
196954
196958
196966
196970
196973
196994
197015
197033
197044
197046
197067
197071
197074
197077
197084
197100
197101
197104
197135
197169
197171
197190
197191
197205
721493
197207
197218
197228
197232
197233
197234
197256
197257
197258
197259
197269
721557
721564
197279
197324
197335
197345
197360
197369
197410
197468
197469
197472
197473
197484
197489
197513
197532
197533
197543
197554
197557
197567
197568
721860
197575
197599
197613
197617
197630
197636
197643
197644
197661
197681
197696
197717
197722
197738
197748
197788
197790
197807
197856
197858
197868
197881
197894
197913
197925
197948
197952
197962
197980
197998
197999
198000
198033
198036
722330
198043
198046
198058
198098
198101
198105
198119
198129
722421
198139
198141
198144
198151
722445
198160
198165
198170
198175
198184
198193
198207
198216
198228
198233
198238
198244
198257
198264
198272
198276
198290
198302
198317
198318
198331
198335
198369
198385
198400
198406
198426
198448
198449
198455
198476
198501
722793
198510
198523
198526
198532
198534
198542
198551
198554
198559
198565
198595
198601
198607
198619
198659
198660
198667
198675
198683
198684
198700
198709
198713
198714
198728
198746
198747
198769
198774
198797
198808
198812
198819
198823
198833
198838
198853
198899
723216
198946
198949
198952
198958
198961
198967
198971
198974
198975
198982
198990
199004
199018
199021
199066
199078
199090
199092
199106
199133
199135
199153
199160
199162
199163
199167
199176
199193
723482
199220
199227
199240
199243
199246
199255
199270
199273
199279
199283
199287
199288
199292
199340
199352
199358
199379
199384
199387
199401
199415
199416
199419
199428
723724
199454
199462
199466
199475
199477
199478
199482
199483
199502
199517
199518
199519
199521
199525
199533
199537
199547
199558
199565
199569
199598
199645
199652
199656
199660
199661
199673
199684
199689
199700
199709
199722
199727
199742
199745
199756
199761
199775
199777
199779
199783
199801
724089
199823
724124
199837
199842
199843
199890
199896
199898
199901
199911
199919
199922
199928
199931
199960
199964
199980
724293
724322
200050
200054
200063
200068
200075
200077
200080
200088
200094
200124
200145
200146
200155
200170
200183
200192
200194
200215
200226
200229
200235
200236
200237
200249
200251
200265
200268
200291
200296
200333
200343
200351
200362
200363
200391
200395
200399
200444
200458
200469
200496
200502
200516
200517
724806
200520
200525
200549
200558
200572
200578
200586
200588
200590
200596
200614
200624
200629
724932
200657
200658
200667
200671
200700
200704
200711
200716
200723
200731
200742
200749
200756
200773
200777
200779
200815
200828
200833
200839
200842
200853
200864
200865
200886
200887
200891
200908
200915
200926
200930
200932
200933
200935
200946
200960
200972
200975
200980
201005
201052
201057
201062
201070
201100
201103
201135
201136
201143
201155
201158
201182
201184
201193
201197
201198
201201
201222
201223
201239
201244
201263
201274
201276
201283
201288
201296
201298
201301
201306
201307
201318
201321
201345
201350
201354
725646
201373
201382
201386
201393
201396
201400
201411
201425
201432
201436
201440
201441
201454
201503
201534
201548
725841
201556
201560
201565
201589
201601
201609
201620
201621
201625
201634
201668
201669
201676
201698
201701
201715
201721
201729
201762
201766
201789
201791
201800
201804
201805
201816
201830
201837
726128
201846
201867
201875
201885
201891
201899
201912
201915
201937
201946
201956
201979
201980
201988
202001
202007
202010
202039
202046
202072
202081
202115
202122
726428
202144
202151
202164
202165
202180
202181
202186
202188
202200
202227
202237
202243
202244
202246
202264
202269
202298
202301
202313
202333
202336
202340
202360
202366
202371
726675
202389
202414
202416
202451
202469
202473
202483
202487
202515
202516
202531
202535
202545
202555
202568
202583
202596
202600
202603
202616
202625
202630
202679
202706
202744
202754
202784
202790
202813
202817
202835
202841
202851
202859
202860
202866
202868
202876
727172
202916
202941
202954
202959
202969
203007
203009
203016
203017
203034
203042
203056
203059
203069
203082
203085
203089
203106
203113
203122
203132
203136
203140
203164
203169
203181
203184
203224
203242
203247
203266
203267
203273
203310
203321
203328
203330
203334
203360
203369
727662
203377
203385
203387
727683
203401
203404
203457
203466
203473
203480
203490
203514
203518
203524
203543
203546
203552
203561
203576
203585
203594
203597
203598
727903
203627
203631
203635
203637
203639
203665
203688
203691
203711
203714
203722
203728
203766
203774
203782
203802
203808
203869
203901
203903
728191
203919
203926
203929
203936
203938
203942
203946
203950
203965
203966
203973
728261
203985
203988
203998
203999
204012
204015
204020
204083
204087
204095
204106
204124
204126
204130
204138
204140
204141
204142
204155
204161
204169
728468
204185
204195
204200
204224
204228
204231
204235
728524
204241
204243
204255
204261
204290
204326
204343
204358
204368
204387
204390
204391
204438
204441
204445
204448
204450
204456
728755
204478
204511
204512
204528
204541
204544
204556
204561
204565
204567
204578
204583
204586
204622
204656
204658
204659
204660
204661
204675
204712
204724
204728
204736
729026
204746
204766
204827
729119
204837
204843
204860
204872
204878
204882
204885
204886
204921
204930
204958
204968
204976
204991
205002
205004
205013
205039
729337
205090
205094
205107
205110
205121
205126
205130
205141
205172
205199
205212
205239
205241
205242
205244
205251
205255
205262
205274
205278
205325
205350
205357
205369
205402
205411
205414
205415
205420
205422
205434
205445
205449
205454
205457
205461
467605
205465
205470
205478
205503
729793
205515
205528
205529
205530
205538
729828
205564
205578
205584
205588
729885
205601
205602
205604
205606
205608
205610
729899
205640
205643
205644
205650
205658
205666
205670
205677
205684
205689
205704
205708
205727
205735
205741
205746
205749
205763
205766
205767
205790
205799
205800
205817
205823
205835
205839
205840
205873
205877
205885
205903
205916
205918
205919
205922
205947
205955
205960
205971
205986
205989
206019
206038
206040
206060
206078
206085
206108
206135
730434
206171
206173
206194
206197
206221
206242
206259
206261
206275
730574
206298
206318
206323
206325
206326
206328
206367
206373
206378
206389
206390
206393
206397
206400
206403
206428
206431
206435
206442
206468
206473
206485
730782
206496
206512
206513
206515
206564
206577
206598
730887
206608
206612
206658
206679
206684
206701
206703
206706
206717
206732
206737
206738
206751
206758
206769
206809
206817
731105
206836
206844
206846
206848
206852
206855
206869
206883
206889
206896
206903
206913
206919
206940
206941
206954
206960
206968
206993
207015
207020
207026
207047
207053
207074
207092
207096
207100
207104
207111
207133
207138
207162
207163
207166
207176
207202
207204
207221
207226
207265
207275
207279
731589
207326
207339
207368
207371
207374
207389
207395
207402
207403
207408
207414
207423
207443
207449
207462
207465
207467
207474
207480
207491
207493
207495
207518
207520
207521
207527
207536
207538
207544
207549
207557
207570
207581
207607
207643
207660
207682
207690
207698
207714
207719
207723
207730
207735
207739
207742
207755
207766
732060
732068
207786
207791
207797
207802
207806
207842
207851
207852
207857
207871
207889
207900
207915
207918
207925
207927
207946
207949
207950
207967
207981
207982
207993
207998
208007
208009
208024
208028
208033
208034
208048
208084
208088
208089
208115
208121
208136
208170
208171
208176
208178
208180
208183
208191
208197
208227
208233
208246
208252
208347
208361
208376
208381
208388
208408
208443
208475
208483
208505
208512
208516
208546
208555
208566
208568
208570
208577
208594
208596
208605
732900
208619
208631
208636
732931
208651
208664
208672
208711
208720
208741
208754
208760
208774
208776
208795
208797
208800
208816
208819
733134
208852
208886
208901
208915
208922
208931
208944
208963
208986
208993
209011
209023
209025
209037
209052
733361
209077
209078
209091
209097
209120
209126
209135
209153
209172
209179
209186
209188
209204
209210
209227
209233
209273
733581
209301
209302
209303
209313
209322
209331
209339
209340
209342
209343
209348
209351
209384
209400
209409
209411
209430
209463
209479
209487
209498
209502
209505
209516
209531
209533
209558
209562
209574
209605
209615
209617
733908
209630
209635
209639
209642
209653
209654
209656
209658
209664
209670
209673
209676
209688
209693
209704
733999
209720
209727
209731
209744
209746
209763
209785
209788
209796
209798
209804
209821
209832
209851
734142
209855
209862
209866
209879
209887
209889
209899
209916
209922
209927
209933
209942
209953
209969
209977
209986
209992
209997
209998
210033
210037
210053
210065
210068
210077
210092
210100
210110
210113
210114
210118
210119
210124
210137
210148
210162
210168
210177
210178
210179
210191
210197
210200
210205
210219
210221
210224
210227
734525
210241
210247
734548
210262
210297
210312
210314
210316
210322
210326
210343
210344
734633
210346
210351
210370
210383
210385
210399
210423
210440
210451
210458
210459
210492
210506
210510
210519
210531
210540
210545
210553
210555
210561
210567
210590
210633
210655
210667
210669
210698
210701
210717
210744
735050
210765
210782
735071
210784
210804
210807
210821
210836
210843
210852
210862
210865
210879
210881
735173
210888
210913
210920
210924
210925
210940
210943
210953
210956
210957
210974
210997
211010
211026
211033
211037
211038
211046
211058
211077
211089
211131
735434
211156
735462
211206
211221
211237
211244
211254
735548
211270
211271
211276
211280
211283
211299
211325
211333
211347
211365
211382
211387
211390
211393
211411
211417
211445
211478
211496
211504
211513
211514
211515
211518
211525
211544
211547
211552
211559
211567
211586
211591
211593
211608
211622
211628
211640
211653
211654
211659
211660
211674
211675
211698
211721
736029
211753
211788
211814
211822
211839
211843
211851
211863
211876
211884
211889
211908
211926
211927
211932
211934
211942
211943
736248
211966
211967
211995
212015
212037
212039
212042
212046
212048
212058
212067
212072
212076
212079
212080
212103
212121
212169
212174
212212
212217
212219
212233
736530
212246
212252
212288
212292
212306
212323
212327
212330
212332
212335
212377
212382
212392
212399
212406
212407
212413
212414
212425
212434
212435
212439
212450
212456
212459
212467
212468
212470
212475
212488
212501
212536
212548
212551
212553
212562
736861
212580
212588
212615
212617
212626
212648
212672
212688
212689
212700
212709
212712
212733
212751
212761
212766
212767
212783
212787
737086
212809
212821
212830
212832
212870
212883
212917
212930
212963
212971
212972
212984
212998
213004
213017
213029
213043
213062
213070
213077
213079
213119
737414
213161
213205
213208
213227
213228
213253
213275
213282
213302
213311
213318
213320
213355
213359
213360
213368
213381
213385
213417
213420
213435
213455
213459
213475
213486
213505
213540
213555
213571
213596
213603
213617
213621
213623
213629
213634
213640
213647
213649
213670
213672
213697
737988
213706
213711
213712
213728
213732
213742
213758
213767
213768
213784
213785
738088
213813
213837
213849
213856
213868
213870
213874
213909
213910
213917
213924
213929
738235
213963
213977
213986
214005
214006
214042
214060
214078
214085
214093
214096
214100
214112
214123
214125
738414
214146
214154
214156
214182
214207
214210
214211
214216
214219
214223
214230
214245
214250
214251
214281
738572
214324
214329
214337
214339
214345
214360
214362
214387
214397
214399
214401
214418
214419
214424
214438
214445
214458
214462
214466
214498
214521
214523
214530
214542
738832
214547
738851
214568
214577
738888
214602
214619
214623
214629
214641
214671
214684
214687
214689
214690
738992
214712
214723
214757
214761
214762
214763
214768
214780
214782
214801
214814
214830
214835
214840
214843
214853
214864
214887
214914
214917
214918
214920
214921
214922
214931
214932
214954
214979
214986
214987
739286
215014
215016
215017
215043
215052
215068
739366
215120
215249
215292
739593
739712
215493
215512
215534
739901
215614
739961
739966
215701
215728
215814
215826
740171
740314
216046
740351
216103
216145
216164
740556
216361
216505
216543
216565
216685
216728
216762
216805
216819
216837
216841
216879
216939
741227
216944
216962
216994
217030
217045
217059
217077
217261
217294
217323
217330
217370
217448
217500
217549
217581
217598
217739
217746
217753
217761
217766
217789
217826
217921
217953
218071
218087
218102
742407
218180
218188
742483
742664
742684
218412
218469
218489
218497
742795
218538
218582
742883
742924
218640
742950
742962
742986
218739
218807
218843
218899
743189
743190
743191
743195
743200
218913
743205
218931
743236
743257
743265
743266
743269
743281
743285
743294
743299
743302
743306
743315
743318
219043
743356
743361
743364
743371
743372
743378
219091
743391
219129
219139
743438
219154
219156
219182
219190
743483
743493
743509
743513
219235
743523
743543
219274
743565
743572
743603
743605
743609
219323
743615
743640
743652
743671
743680
743688
743692
743711
743722
743735
743749
743751
743787
743809
743810
743832
743835
743843
219562
743856
219575
743864
743869
743875
743876
743879
219606
743897
743912
743934
219677
743968
743974
743975
744004
744018
744019
744029
744040
219754
219777
744067
744080
744100
219819
219843
744158
744189
219909
744218
219980
744307
220030
220048
744365
744422
220138
220278
220282
220548
220603
220687
220773
220884
745266
221049
221054
745369
221107
221135
221239
221307
221319
745658
221385
483550
221439
221525
221551
221578
221592
745890
745902
745920
221695
746019
221735
221736
746024
746060
746070
746079
746090
746110
746112
746121
746137
746142
746150
746154
746155
746160
746162
746164
221889
746184
746185
746190
746258
746278
746279
746286
746289
746292
746295
746297
222036
222043
746334
746352
746368
746371
746378
746384
746391
746392
746397
746406
746418
222131
746443
746456
222202
746672
746684
222408
746714
746756
746757
222476
222508
746848
222583
746890
746891
746907
746914
746920
746958
746994
747002
747031
747043
747049
747050
747063
747069
747082
747083
747086
747098
222821
222824
747128
747137
222861
747227
747230
747249
747254
747258
747285
747289
747305
747332
747360
747361
747370
747373
747379
223092
747449
747470
747475
747485
747505
223224
223236
747539
223264
747556
223270
747569
747585
223299
223318
747621
747623
747635
747653
747757
223475
223496
747803
747806
223571
747860
223582
747903
223622
223635
747932
747943
223696
748043
748087
748092
748125
748127
748129
748177
748181
748220
223935
748234
748267
223993
748295
748313
748348
748350
224063
748360
748392
224143
748456
748483
748494
748502
748592
224327
224331
748651
748657
224395
748686
748693
224435
748723
748735
748738
748740
224461
748771
224514
224562
748902
224622
748913
748933
224689
224692
224699
748998
749003
224740
224752
749043
224772
749061
749078
749082
749149
749171
749175
749183
224920
224922
749239
749244
749247
749248
749252
749257
224973
749264
749269
749270
749278
749291
749296
225018
749311
225038
225058
749358
749359
225073
749367
749374
225088
749385
749396
749397
749399
749416
749421
225135
225240
225335
225362
225369
225376
225397
225403
225490
225519
225547
225587
225640
225648
225714
225782
225799
225847
225871
225884
225914
225920
225930
226071
226093
226168
226235
226238
226257
226322
226356
226519
226696
226725
226814
226819
226929
227004
227073
227123
227143
227238
227387
227588
227645
227657
227659
227701
227779
227822
227827
227844
227846
227894
227941
228143
228164
228281
228322
228328
228563
228567
228883
229083
229090
229231
229275
229335
229419
229485
229506
229510
229529
229532
229575
229744
229757
229883
230027
230046
230086
230095
230204
230206
230222
230229
230245
230306
230490
230529
230556
230560
230641
230683
230701
230768
230787
230902
230931
231009
231167
231207
231271
231285
231326
231523
231578
231588
231825
231832
231905
231910
231960
231986
232073
232127
232164
232264
232439
232468
232482
232489
232494
232495
232547
232654
232799
232879
232922
232962
233163
233266
233335
233425
233453
233474
233488
233533
233562
233595
233665
233682
233793
233846
234057
234150
234211
234512
234592
234603
234811
234897
234902
234936
235036
235127
235130
235196
235279
235290
235294
235321
235377
235383
235404
235426
235453
235535
235774
235826
235868
235918
236000
236101
236350
236361
236362
236462
236576
236636
236775
236881
237001
237066
237124
237202
237312
237336
237386
237422
237426
237533
237535
237536
237591
237764
237768
237871
237933
238044
238332
238344
238472
238665
238687
238714
238748
238762
238781
238798
238822
238867
238930
238967
239036
239213
239220
239269
239285
239352
239394
239553
239569
239624
239798
239851
239886
239937
239947
240004
240059
240095
240118
240185
240191
240281
240497
240633
240635
240644
240750
240770
240772
240826
240841
240959
240990
241024
241037
241074
241189
241227
241280
241353
241366
241392
241407
241498
241780
241971
241998
242056
242090
242178
242232
242270
242346
242613
242632
242696
242853
242878
242940
242999
243010
243037
243064
243105
243248
767557
767561
767565
767588
767592
767596
767606
767608
767610
767612
767614
767616
243330
767618
767620
767622
243335
243336
767624
767626
243340
767628
767630
243344
767632
767634
767636
767638
767640
767642
767644
767646
767648
767650
767658
767672
767676
767680
767684
767688
767690
767698
767702
767706
767710
767714
767717
767719
767721
767727
767731
767735
767738
767740
243453
767742
767744
767746
767748
767750
767752
767754
767756
767758
767760
767762
767764
767766
767768
767770
767772
767774
767776
767778
767780
767782
767784
767786
767788
767790
767792
767795
767797
767799
767801
767803
767805
767807
767809
767811
767813
767815
767817
767819
767822
767824
767826
243540
767828
767842
767844
767848
767852
767855
767857
767859
767861
767863
767865
767867
767875
767884
767886
767888
767890
767898
767902
767906
767910
243625
767914
243627
767916
767924
767928
767932
767936
767940
767943
767945
767951
767955
243669
243671
767959
767962
767964
767966
767968
767970
767972
767982
243696
767986
767990
767994
767998
768000
768008
768012
768016
768020
768024
768027
768029
768031
768033
768035
243749
768037
768039
768041
768043
768045
768047
768049
768051
768053
768055
768057
768066
768068
768070
768090
768094
768100
768104
768108
768121
768123
768125
768127
768128
768130
768133
768135
768137
768139
768142
768145
768146
768148
768150
768152
768154
768156
768158
768160
768162
768164
768166
768168
768170
768172
768174
768176
768178
768180
768182
243896
768184
768186
768188
768190
768192
768194
768196
768198
768200
243913
768203
768206
768208
768210
768212
768214
768216
768218
768220
768222
768224
768226
768230
768232
768234
768236
768238
768240
768242
768244
768246
768248
768250
768252
768254
768256
768258
768262
768264
243978
768266
768268
768270
768272
768274
768276
768278
243992
768280
768282
768284
768286
768288
768290
768292
244005
768294
768296
768298
768300
768302
768304
768306
768308
768310
244024
768312
768314
768316
768318
768320
768322
768324
768326
768328
768330
768332
768334
768336
768338
768340
768342
768344
768346
768348
768350
768353
768355
768356
768358
768361
768363
768364
768366
768368
768370
768373
244087
768375
768380
768382
768384
768386
768388
768390
768392
768394
768396
768398
768400
768402
768405
768409
768410
244125
768414
768418
768420
768423
768424
768425
244140
768433
768435
768438
768443
768445
768447
768450
768452
768454
768457
768459
768461
768463
768465
768467
768469
768471
768473
244186
768475
768477
768479
768481
768483
768485
768487
768489
768494
768496
768497
768499
768501
768503
768505
768507
768509
768511
768513
768515
768519
768521
768523
768525
768527
768529
768531
768533
768536
768538
768540
768542
768545
768547
768549
768551
768554
768556
768558
768560
768562
768564
768566
768568
768570
768573
768575
768577
244291
768579
768582
768584
244298
768586
768589
768591
768593
768595
768598
768600
768602
768604
768607
768609
768611
768613
768616
768618
768619
768621
768624
768626
768628
768630
768632
768635
768637
768639
768641
768643
244356
768646
768649
768651
768654
768656
768658
768659
768661
768662
768663
768666
768667
768669
768672
768673
768674
768675
768676
768678
768679
768680
768681
768682
768683
768684
768685
768687
768688
768689
768692
768694
768695
768697
768698
244411
768699
768700
768703
768704
768706
768708
768710
768712
768715
768717
768718
768720
768724
768726
768728
768729
768730
768734
768736
768738
768741
768743
768744
768746
768749
768751
768756
768759
768762
768764
768767
768768
768771
768774
768776
768779
768780
768782
768784
768785
768787
768790
244504
768792
768795
768796
768799
768801
768804
244517
768806
768809
768811
768813
768815
768818
768820
768823
244537
768825
768827
768830
768832
768835
768836
768839
768841
768844
768845
768847
768849
768852
768854
244569
768857
768858
768861
768862
768864
768867
768869
768871
768874
768876
768879
768881
768884
768885
768886
768888
768890
768892
768893
768896
768898
768900
768901
768904
768906
768908
768911
768913
768916
768918
768919
768921
768923
768924
768927
768929
768930
768932
768934
768936
768941
768943
768945
768946
768949
768950
768951
768952
768955
768957
768960
768961
768968
768969
768971
768972
768974
768976
768977
768979
768981
768983
768985
768987
768989
768991
768993
768994
768996
244709
768997
244710
768999
769000
769002
769005
769007
769008
769009
769011
769012
769013
769015
769016
769018
769019
769022
769024
769025
769026
769029
769031
769034
769036
769039
769042
769044
769047
769049
769052
769054
769055
769058
769061
769063
769065
769067
769068
769069
769072
769075
769076
769079
769081
769085
769087
769089
769091
769095
769096
769097
769099
769100
769102
769105
769108
769110
769112
769114
769116
769118
769121
769123
244836
769126
769128
769131
769133
769136
769138
769141
769143
244856
769146
769148
769151
769153
769155
769157
769158
769160
769161
769163
769165
769167
769170
769171
769173
769175
769178
769180
769183
769184
769187
769189
769190
769193
769195
769198
769200
769201
769203
244916
769206
769208
769211
769214
244928
769216
244930
769218
769219
769220
769222
244935
769226
769227
769231
769232
769235
769236
769238
769239
769241
769242
769244
769246
769247
769248
769250
769251
769253
769255
769256
769258
769259
769261
769262
769264
769265
769267
769269
769270
769271
769272
769273
769276
769277
769278
769279
769281
769283
769285
769286
769293
769296
769298
769299
769301
769303
769304
769308
769310
769313
769315
769318
769320
769323
769325
769328
769329
769332
769334
769337
769339
769341
769342
769343
769346
769349
769351
769355
769357
769359
769361
769362
769363
769366
769368
769369
769371
769373
769375
769378
769380
769383
769384
769387
769388
245101
769391
769392
769396
769400
769403
769404
769407
769409
769412
769414
769417
769419
769420
769422
769423
769426
769428
769429
769432
769434
769436
769438
769440
769442
769444
769446
769447
769448
769450
769454
769455
769457
769459
769461
769463
769467
769468
769470
769473
769475
769476
769478
769480
769481
769483
769484
769487
769489
769492
769493
769495
769496
245209
769498
769499
769501
245215
769503
769506
245219
769507
769509
245223
769511
769512
769517
769519
769521
769522
769523
769524
769526
769527
769529
769531
769532
769533
769534
769536
769538
769539
769541
769542
769543
769545
769548
769549
769568
769570
769573
245356
769657
769706
245513
245536
245592
769906
769909
769912
769914
769915
769919
769922
769924
769927
769930
769932
769934
769936
769942
245656
769944
769945
769948
769950
769951
769953
769956
769957
769959
769960
769962
769964
769966
769968
769970
769972
769976
769978
769980
769982
769984
769986
769988
769990
769992
769994
769996
769998
770000
770002
770004
770006
770010
770012
770014
770016
770018
245732
770020
770022
770024
770026
770028
770030
770032
770034
770036
770040
770042
770044
770046
770048
770050
770052
770054
770056
245770
770059
770061
770063
770065
245782
770071
770073
770075
770077
770079
770081
770083
770085
770087
770089
770092
770094
770096
770098
770100
770102
770105
770107
770110
770112
770115
770117
770119
770121
770124
770126
770128
770133
770135
770137
770139
770142
770143
770146
770147
245861
770149
770150
770152
770155
770156
770159
770161
770163
770166
770169
770171
770173
770174
770175
770176
770178
770179
770180
770181
770185
770187
770190
770192
770195
770197
770200
770202
770204
770207
770209
245923
770211
770213
770215
245928
770217
770221
770223
770226
770228
770231
770233
770236
770238
770241
770243
770245
245958
770247
770250
770252
770254
770255
770258
770259
770261
770263
770264
770266
770270
770271
770273
770275
770278
770280
770282
770284
770285
770287
770288
770291
770292
770294
770297
770299
770300
770301
770304
770306
770308
770312
770313
770315
770317
770319
770320
770322
770324
770326
770328
770332
770334
770336
770338
770340
770342
770344
770346
770348
770350
770352
770354
770356
770358
770360
770362
770364
770366
770368
770370
770372
770374
770376
770377
770379
770381
770383
770385
770387
770389
770391
770393
770395
770399
770401
770403
770405
770407
770410
770412
770414
770417
770419
770421
770422
770424
770425
770427
770428
770430
770431
770433
770435
770437
770439
770441
770444
770446
770448
770449
770451
770453
770454
770455
770456
770465
770466
770468
770471
770472
770475
770477
770480
770482
770485
770486
770489
770491
770494
770496
770499
770501
770504
770506
770509
770511
770514
770518
770520
770522
246236
770525
770527
770529
770532
770534
246248
770536
246249
770542
770545
770547
770550
770553
770554
246267
770556
770558
770561
770562
770564
770566
770568
770570
770577
770579
246292
770581
770582
770583
770584
770585
770587
770589
770590
770594
770596
770598
770600
770601
770603
770606
770607
770608
246322
770611
770613
770615
770617
770620
770622
770624
770626
770628
770630
770632
770633
246346
770636
770638
770640
770641
770642
770643
770645
770646
770648
770650
770652
770654
770656
770658
770660
770661
770662
770663
770665
770667
770669
770671
770673
770675
770679
770682
770684
770686
770687
770689
770691
770693
770695
770696
246409
770699
770701
770702
770705
770707
770709
770710
770712
770713
770715
770716
770717
770718
770720
770721
246434
770727
770729
770732
770734
770737
770739
770741
770744
770746
770750
770751
770754
770756
770759
770760
770762
770765
770767
770770
770772
770775
770777
770779
770783
770784
770785
770786
770791
770793
770795
770797
770799
770802
770806
770808
770810
770812
770815
770816
770818
770820
770822
770824
770827
770828
770831
770833
770834
770841
770842
770843
770844
770847
770849
770850
770852
770854
770855
770858
770859
770860
770863
770865
770866
770868
770869
770870
770872
770874
770875
770876
770877
770878
770881
770883
770885
770888
770889
770890
770892
770893
246606
770895
770897
770898
770901
770902
770904
770907
770910
770911
770913
770916
770919
770920
770922
770923
770924
770925
770927
770930
770931
770933
770935
770936
770937
770939
770941
770942
770945
770947
770949
770950
770952
770953
770955
770957
770959
770961
770963
770964
770969
770971
770974
770977
770979
770981
770982
770985
770987
246702
770990
246703
770991
770994
770996
771000
771002
771005
771008
771010
771013
771016
771018
771020
771023
771025
771028
771030
771032
246746
771034
771036
771037
771039
771040
771042
771047
771049
771051
771053
771056
246769
771058
771061
771063
771066
771068
771070
771073
771075
771078
771079
771082
771083
771086
771088
771090
771092
771094
771097
771098
771099
771100
771102
771103
771104
771105
771107
771109
771111
771113
771114
771115
771117
771118
771120
771122
771124
771127
771130
771132
771134
771135
771138
771140
771141
771144
771145
771146
771147
771150
771151
771153
771155
771156
771157
771158
246907
771199
246954
246998
771318
771499
771501
771503
771513
771515
771517
771519
771521
771525
771527
771529
771531
771533
771543
771545
771552
771554
771557
771559
771561
771567
771569
771573
771575
771580
771582
771585
771587
771590
771592
771594
771600
771601
771603
247317
771606
771608
771610
771614
771616
771618
771620
771621
771623
771625
771630
771632
771634
247347
771636
771638
771640
771642
771644
771646
771648
771650
771652
771654
771656
247369
771658
771660
771662
771664
771666
771668
247382
771670
771672
771674
771676
771678
771680
771682
771687
771691
247405
771695
771697
771699
771701
771703
771707
771709
771711
771713
771715
771720
771724
771729
771730
771733
771735
771737
771738
771740
771741
771743
771744
771746
771747
771749
771751
771755
771758
771759
771761
771763
771772
771774
771777
771779
771781
771783
771785
771790
771792
771795
771797
771799
771801
771803
771805
771807
771809
771811
771813
771815
771817
771820
771823
771825
771828
771830
771833
771835
771838
771840
771843
771845
771847
771849
771851
771853
771856
771859
771862
771864
771866
771870
771873
771874
771877
771879
771882
771884
771885
771887
771889
771891
771893
771902
771904
771906
771907
771909
771911
771912
771916
771918
771920
771922
771925
771928
771929
771933
771935
771937
771939
771942
771944
771946
771948
771950
771952
247666
771954
771955
771957
771959
771962
771963
771966
771969
771971
771973
771975
771978
771980
771982
771984
771985
771986
771987
771991
771993
771995
771997
771999
772001
772004
772005
772007
772009
772011
772013
772015
772017
247730
772019
772022
772024
772026
772027
772030
772032
772034
772035
772037
772039
772041
772043
772044
772047
772049
772050
772053
772055
772057
772059
772061
772062
772064
772065
772066
772069
772070
772074
772076
772079
772081
772085
772086
772089
772091
772094
772096
772099
772100
772103
772105
772108
772110
772113
772115
772117
772120
772122
772125
772127
772129
772132
772133
772134
772135
772139
772141
772147
772149
772151
772153
772156
772158
772160
772163
772164
772166
772168
772171
772173
772175
772177
772180
772184
772185
772188
772189
772191
772196
772197
772199
772200
772201
772202
247916
772205
772206
772208
772210
772212
772213
772214
772217
772222
772224
772226
772228
772230
772233
772235
772237
772239
772241
772242
772244
772246
772247
772249
772250
772253
772255
772257
772258
772261
772262
772263
772264
772265
772267
772268
772270
772272
772273
772274
772275
772278
772279
772281
772284
772286
772288
772290
772292
772294
772296
248010
772299
772300
772302
772303
772304
772305
772307
772310
772312
772314
772315
772316
772318
772320
772321
772323
248036
772324
772326
772328
772329
772331
772333
772334
772336
772338
772340
772341
772343
772344
772346
772348
772350
248064
772354
772355
772360
772362
772364
772370
772373
772375
772377
772378
772381
772383
772385
772388
772390
772392
772394
772397
772399
772402
772404
772407
772410
772412
772414
772416
772417
772420
772422
772424
772427
248140
772429
772432
772434
772437
772439
772441
772443
772444
772445
772447
772449
772450
772453
772455
772457
772459
772461
772464
772465
772466
772469
772473
772475
772479
772480
772484
772486
772490
772492
772494
772497
772499
772501
772503
772506
772507
772509
772510
772511
772513
772515
772517
772519
772520
772521
772522
772524
772525
772526
772527
772528
772529
772531
772533
772535
772538
772540
772541
772544
772547
772548
772549
772553
772554
772555
772557
248272
772560
772562
772564
772565
772567
772569
772571
772573
772574
772575
772577
772578
772579
772582
772584
772585
772586
772589
772593
772594
772596
772598
772599
772600
772601
248314
772602
772603
772604
772605
772609
772610
772615
772618
772620
772625
772627
772630
772632
772635
772637
772639
772640
772642
772645
772647
772650
772652
772655
772657
772660
772662
772663
772666
772668
772670
772672
772674
772679
772681
772684
772686
772687
772689
248402
772691
772692
772694
772695
772699
772703
772708
772709
772711
772714
772716
248429
772718
772721
772723
772726
772729
772731
772735
772738
772739
772741
772742
772744
772746
772752
772754
772755
772756
772758
772759
772762
772763
772765
772768
772770
248484
772772
772773
772774
248487
772777
772778
772779
772782
772784
772785
772787
772788
772789
772791
772795
772797
772799
772800
772803
772804
772805
772807
772809
772810
772814
772815
772816
772817
772818
772819
772821
772822
772825
772826
772830
772831
772834
772836
772839
772841
772842
772844
772846
772849
772852
772854
772855
772859
772863
772864
772867
772869
772872
772874
772877
772880
772882
772883
772886
772889
772891
772894
772895
772897
772901
772902
772903
772906
772909
772910
772912
772914
772916
772919
772920
772924
772927
772929
772933
772935
772936
772938
772940
772943
772944
772946
772948
772950
772953
772955
772960
772962
772963
772966
772967
772969
772970
773067
248811
248914
248939
773232
248966
773255
248969
773287
773295
773306
773308
773310
773312
773316
773318
773321
773323
773325
773329
773331
773333
773335
773337
773348
773350
773352
773354
773356
773360
773362
773364
773366
773368
249088
773378
773380
773382
249096
773387
773389
249107
773410
773413
773415
773417
773419
773421
773423
249137
773425
773427
773429
773431
773433
773435
773437
773442
773445
773447
773448
773450
249163
773454
249168
773456
773458
773460
773462
773469
773471
773473
773475
773479
773483
773488
773492
773494
773496
773498
773503
773505
773507
773510
249225
773514
773516
773519
773523
773527
773531
773533
773535
773539
773542
773544
773548
773550
773553
773556
773559
773562
773564
773567
773568
773573
773575
773577
773579
773581
773588
773590
773594
773596
773601
773604
773606
773609
773613
773616
773618
773621
773626
773629
773632
773633
773636
773639
773642
773645
773647
773648
773650
249364
773653
773655
773658
249372
773660
773663
773664
773667
773669
773671
773673
773676
773678
773681
773683
773686
773688
773690
773693
773695
773698
773699
773701
773703
773706
773709
773712
773714
773716
773719
773721
773725
773727
773729
773731
773732
773734
773738
773741
773743
249458
773746
773748
773749
773752
773754
773757
773759
773760
773762
773764
773767
773772
773774
249488
773776
773777
773780
773781
773786
773788
773791
773793
773795
773797
773803
773804
773806
773808
773810
773812
773814
773815
773817
773819
773821
773823
773825
773827
773829
773831
773832
773834
773835
773837
773838
773840
773841
773844
773845
773847
773849
773851
773852
773853
773855
773856
773862
773863
773864
773866
773867
773868
773873
773876
773878
773881
773883
773886
773888
249603
773891
773893
773895
773898
773900
773903
773905
773907
773912
773913
773914
773917
773920
773921
773924
773926
773932
773934
773936
773940
773941
773943
773945
773946
773948
773951
773954
773956
773964
773966
773969
773971
773974
773976
773979
773981
773984
773986
773988
773990
773992
773994
773996
773998
773999
774001
774004
774006
774008
774011
774013
774016
774017
774018
774021
774022
774025
774027
774030
774032
249746
774035
774036
774037
774040
774042
774044
774047
774049
774050
774052
774054
774056
774059
774061
774062
774063
774064
774065
774067
774071
774072
774075
774077
774078
774080
774083
774085
774086
249799
774088
774089
774090
774091
249805
774093
774095
774096
774098
249811
774099
774100
774101
774104
774105
774106
774109
774111
774113
774114
774116
774117
774118
774119
774122
774123
774124
774126
774129
774131
774132
774134
774136
774137
774138
774144
774147
774149
774152
774154
774157
774158
774161
774163
774165
774166
774167
774170
774172
774174
774178
774180
774185
249898
774188
774190
774193
774195
774196
774197
774199
774201
774203
774204
774206
774208
774211
774213
774217
774218
774220
774222
774225
774227
774234
774239
774240
774241
774244
774246
774247
774250
774252
774255
774256
774259
774261
774264
774266
774269
774272
774274
774276
774278
774279
774280
774282
774284
774287
774289
774290
774292
774294
774295
774297
774299
774300
774302
774304
774306
774308
774310
774312
774313
774315
774317
774318
774320
774321
774323
774324
774326
774328
774330
774331
774333
774334
774335
774337
774338
774342
774343
774345
774347
774348
774350
774353
774355
774357
774358
774359
774361
774363
774364
774366
774368
774369
774372
774374
774375
774376
774378
774379
250095
774383
774385
774387
774390
774392
774395
774397
774400
774402
774404
774406
774408
774409
774411
774415
774416
774421
774423
250137
774426
774428
774429
774434
774437
774439
774444
250158
774446
774448
774451
774455
774457
774459
774462
774463
250176
774466
774469
774470
774471
774472
774473
774479
774482
774485
774487
774489
774491
774493
774496
774498
774500
774501
774503
774505
774507
774508
774511
774513
774515
774517
774519
774520
774521
774523
774525
774527
774528
774530
774533
774535
774538
774541
774542
774545
774547
774550
774551
774553
774555
774557
774558
774561
774562
774564
774565
774566
774567
774568
774570
250283
774572
774573
774574
774577
774578
774580
774581
774582
774583
774585
774590
774594
774596
774599
774601
774603
774605
774608
774610
774612
774614
774617
774620
774622
774623
774630
774632
774634
774643
774645
774647
774648
774650
774652
774654
774655
774658
774660
774662
774664
774667
774669
774671
774674
774678
774679
774682
774684
774687
774689
774691
774693
774695
774697
774699
774701
774704
774706
774709
774712
774714
774715
774717
774720
774721
774723
774724
774726
774727
774728
774729
774731
774736
250456
250458
774757
774869
774920
250738
775049
775050
775051
775052
775053
775054
775055
775056
775057
775058
775059
775060
775061
775062
775063
775064
775071
775073
775079
775080
775081
775082
775083
775084
775085
775086
775087
775088
775089
775090
775091
775092
775093
775095
775096
775097
775098
775099
775101
775102
775103
775104
775105
775106
775107
775108
775109
775110
775111
775112
775113
775115
775116
775117
775118
775119
775120
775121
775122
775123
775124
775125
775126
775127
775128
775129
775130
775131
775132
775133
775134
775135
775136
775138
775139
250852
775141
775142
775143
775144
775145
775146
775147
775148
775149
775150
775151
775152
775153
775154
775155
775156
775157
775158
775159
775160
775161
775162
775163
775165
775166
775168
775169
775171
775172
775173
775174
775175
775176
775177
775179
775181
775182
775183
775185
775186
775187
775188
775189
775190
775192
775193
775195
775196
775197
775198
775199
775200
775201
775203
775204
775205
775206
775207
775208
775209
775210
775211
775212
775213
775214
775215
775217
775218
775219
775220
775221
775222
775223
250936
775224
775225
775226
775227
775228
775229
775230
775231
775232
775233
775234
775235
775236
775237
775238
775240
775241
775243
775244
775245
775246
775247
775248
775249
775250
775251
775252
775253
775254
775255
775256
775257
775258
775259
775260
775261
775262
775263
775264
775265
775267
775268
775270
775271
775273
775274
775275
775276
775277
775278
775279
775283
775284
775285
775286
775287
775288
775289
775290
775291
775292
775293
775294
775295
775296
775297
775298
775299
775300
775301
775302
775303
775304
775306
775307
775309
775310
775311
775312
775313
775314
775315
251028
775316
775317
775318
775319
775320
775321
775322
775323
775324
775325
775326
775327
775328
775329
775330
775331
775333
775334
775335
775336
251049
775337
251053
775350
775351
775352
775353
775354
775355
775356
775357
775358
775359
775360
775362
775363
775364
775365
775366
775367
775368
775369
775370
775371
775372
775373
251086
775374
775375
775376
775381
775384
775387
775388
775389
775390
775391
775392
775393
775394
775396
775398
775399
775400
775401
775402
251115
775403
775404
775405
775406
775408
775410
775411
775412
775414
251128
775416
775418
775420
775422
775424
775426
775428
775430
775432
775434
775436
775438
775440
775442
775444
775446
775448
775450
775452
775454
775456
251170
775458
775460
775462
775463
775464
775465
775466
775467
775468
775469
775470
775472
775474
775476
775478
775480
775481
775482
775483
775484
775485
775486
775487
775488
775489
775490
775491
775492
775493
775494
775495
775496
775497
775498
775499
775500
775501
775502
775503
775504
775506
775508
775510
775512
775514
775516
775518
775520
775521
775522
775523
775524
775525
775526
775527
775528
775529
775530
775532
775534
775536
775538
775540
251253
775542
775544
775546
775548
775550
775552
775554
775556
775558
775560
775562
775564
775566
775568
775570
775572
775574
775576
775578
775580
775582
251295
775584
775586
775588
775590
775592
775594
775596
775598
775600
775602
775604
775606
775608
775610
775612
775614
775616
775619
775621
775622
775624
775627
775629
775630
251343
775632
775634
775636
775638
775639
775641
775642
775644
775646
775647
775648
775650
775652
775654
775656
775658
775659
775660
775662
775664
775666
775668
775670
775671
775672
775673
775675
775676
775677
775678
775679
775680
775681
775682
775684
775685
775686
775688
775689
775690
775691
775693
775694
775698
775699
775700
775701
775702
775703
775704
775707
775708
775709
775710
775711
775712
775713
775714
775715
775716
775717
775718
775719
775720
775721
775722
775723
775724
775725
775726
775727
775728
775729
775730
775731
775732
775733
775734
775735
775736
775737
775738
775739
775740
775741
775742
775743
775744
775745
775746
775747
775748
775749
775750
775751
775752
775753
775754
775755
775756
775757
775758
775759
775760
775761
775762
775763
775764
775765
775766
775767
775768
775769
775770
775771
775772
775773
775774
775775
775776
775777
775778
775779
775780
775781
775782
775783
775784
775785
775786
775787
775788
775789
775790
775791
775792
775793
775794
775795
775796
775797
251510
775798
775799
775800
775801
775802
775803
775804
775805
775806
775807
775808
775809
775810
775811
775812
775813
775814
775815
775816
775817
775818
775819
775820
775821
775822
775823
775824
775825
775826
775827
775828
775829
775830
775831
775832
775833
775834
775835
775836
775837
775838
775839
775840
775841
775842
775843
775844
775845
775846
775847
775848
775849
775850
775851
775852
775853
775854
775855
775856
775857
775858
775859
775860
775861
775862
775863
775864
775865
775866
775867
775868
775869
775870
775871
775872
775873
775874
775875
775876
775877
775878
775879
775880
775881
775882
775883
775884
775885
775886
251599
775887
775888
775889
775890
775891
775892
775893
775894
775895
775896
775897
775898
775899
775900
775901
775902
775903
775904
775905
775906
775907
775908
775909
775910
775911
775912
775913
775914
775915
775916
775917
775918
775919
775920
775921
775922
775924
775925
775926
775927
775928
775929
775930
775931
775932
775933
775934
775935
775936
775937
775938
775939
775940
775941
775942
775943
775944
775945
775946
775947
775948
775949
775950
775951
775952
775953
775954
775955
775956
775957
775958
775959
775960
775961
775962
775963
775964
775965
775966
775967
775968
775969
775970
775971
775972
775973
775974
775975
775976
775977
775978
775979
775980
775981
775982
775983
775984
775985
775986
775987
775988
775989
775990
775991
775992
775993
775994
775995
775996
775997
775998
775999
776000
776001
776002
776004
776005
776006
776007
776008
776009
776010
776011
776012
776013
776014
776015
776016
776017
776020
776021
776022
776023
776024
776025
776026
776027
776028
776029
776030
776031
776032
776033
776034
776035
776036
776037
776038
776039
776040
776041
776042
776043
776044
776045
776046
776047
776048
776049
776050
776051
776052
776053
251766
776054
776055
776056
776057
776058
776059
776060
776061
776062
776063
776064
776065
776066
776067
776068
776069
776070
776071
776072
776073
776074
776075
776076
776077
776078
776079
776080
776081
776082
776083
776084
776085
776086
776087
776088
776089
776090
776091
776092
776093
776094
776095
776096
776097
776098
776099
776100
776101
776102
776103
776104
776105
776106
776107
776108
776109
776110
776111
776112
776113
776114
776115
776116
776117
776118
776119
776120
776121
776122
776123
776124
776125
776126
776127
776128
776129
776130
776131
776132
776133
776134
776135
776136
776137
776138
776139
776140
776141
776142
776143
776144
776145
776146
776147
776148
776149
776150
776151
776152
776153
776154
776155
776156
776157
776158
776159
776160
776161
776162
776163
776164
776165
776166
776167
776168
776169
776170
776171
776172
776173
776174
776175
776176
776177
776178
776179
776180
776181
776182
776183
776184
776185
776186
776187
776188
776189
776190
776191
776192
776193
776194
776195
776196
776197
776198
776199
776200
776201
776202
776203
776204
776205
776206
776207
776208
776209
776210
776211
776212
776213
776214
776215
776216
776217
776218
776219
776220
776221
776222
776223
776224
776225
776226
776227
776229
776230
776231
776233
776234
776235
776236
776237
776238
776239
776240
776241
776242
776243
776244
776245
776246
776247
251960
776248
776249
776250
776251
776252
776253
776254
776255
776256
776257
776258
776259
776260
776261
776262
776263
776264
776265
776266
776267
776268
776269
776270
776271
776272
776273
776274
776275
776276
776277
776278
776279
776280
776281
776282
776283
776284
776285
776287
776288
776289
776290
776291
776292
776293
776294
776295
776296
776297
776298
776299
776300
776301
776302
776303
776304
776305
776306
776307
776308
776309
776310
776311
776312
776313
776314
776315
776316
776317
776318
776319
776320
776321
776322
776323
776324
776325
776326
776327
776328
776329
776330
776331
776332
776333
776334
776335
776336
776337
776338
776339
776340
776341
776342
776343
776344
776345
776346
776347
776349
776350
776351
776352
776353
776354
776355
776356
776357
776358
776359
776360
776361
776362
776363
776364
776365
776366
776367
776368
776369
776370
776371
776372
776373
776374
776375
776376
776377
776378
776379
776380
776381
776382
776383
776384
776385
776386
776387
776388
776389
776390
776391
776392
776393
776394
776395
776396
776397
776398
776399
776400
776401
776402
776403
776404
776405
776406
776407
776408
776409
776410
776411
776412
776413
776414
776415
776416
776417
776418
776419
776420
776421
776422
776423
776424
776425
776426
776427
776428
776429
776430
776431
776432
776433
776434
776435
776436
776437
776438
776439
776440
776441
776442
776443
776444
776445
776446
776447
776448
776449
776450
776451
776452
776453
776454
776455
776456
776457
776458
776459
776460
776461
776462
776463
776464
776465
776466
776467
776468
776469
776470
776471
776472
776473
776474
776476
776477
776478
776479
776480
776481
776482
776483
776484
252197
776485
776486
776487
776488
776489
776490
776491
776492
776493
776494
776495
776496
776497
776498
776499
776500
776501
776502
776503
776504
776505
776506
776507
776508
776509
776510
776511
776512
776513
776514
776515
776516
776517
776518
776519
776520
776521
776522
776523
776524
776525
776526
776527
776528
776529
776530
776531
776532
776533
776534
776535
776536
776537
776538
776539
776540
776541
776542
776543
776544
776545
776546
776547
776548
776549
776550
776551
776552
776555
776556
776557
776558
776559
252272
776560
776561
776562
776563
776564
776565
776566
776567
776568
776569
776570
776571
776572
776573
776574
776575
776576
776577
776578
776579
776580
776581
776582
776583
776584
776585
776586
776587
776588
776589
776590
776591
776592
776593
776594
776595
776596
776597
776598
776599
776600
776601
776602
776603
776604
776605
776606
776607
776608
776609
776610
776611
776612
776613
776614
776615
776616
776617
776618
776619
776620
776621
776622
776623
776624
776625
776626
776627
776628
776629
776630
776631
776632
776633
776634
776635
776636
776637
776638
776639
776640
776641
776642
776643
776644
776645
776646
776647
776648
776649
776650
776651
776652
776653
776654
776655
776656
776657
776658
776660
776661
776662
776663
776664
776665
776666
776667
252380
776668
776669
252382
776670
776671
776672
776673
776674
776675
776676
776677
776678
776679
776680
252393
776681
776682
776683
776684
776685
776686
776687
776688
776689
776690
776691
776692
776693
776694
776695
776696
776697
776698
776699
776700
776701
776702
776703
776704
776705
776706
776707
776708
776709
776710
776711
776712
776713
776714
776715
776716
776719
776720
776721
776722
776723
776724
776725
776726
776727
776728
776729
776730
776731
776732
252445
776733
776734
776735
776736
776737
776738
776739
776740
776741
776742
776743
776744
776745
776746
776747
776748
776749
776750
776751
776752
776753
776754
252467
776755
776756
776757
776758
776759
776760
776761
776762
776763
776764
776765
776766
776767
776768
776769
776770
776771
776772
776773
776774
776775
776777
776778
776779
776780
776781
776782
776783
776784
776785
776786
776787
776788
776789
776790
776791
776792
776793
776794
776795
776796
776797
776798
776799
776800
776801
776802
776803
776804
776805
776806
776807
776808
776809
776810
776811
776812
776813
776814
776815
776816
776817
776818
776819
776820
776827
776831
776834
776835
776836
776837
776839
776840
776842
776843
776848
776853
252566
776859
776863
776864
776866
776893
776898
776899
776907
776923
252654
776944
776947
252663
776959
776972
776979
776992
776998
777000
777003
777017
777034
777040
777045
777049
777052
777059
777081
777083
777097
777101
777112
777113
777114
777116
777117
777124
777126
777129
777132
777135
777137
777138
777140
777145
777146
777153
777159
777163
777165
777170
777171
777172
777173
777174
777175
777177
777178
777179
777180
777181
777182
777183
777184
777185
777186
777188
777190
252904
777192
777193
777195
777196
777198
777199
777200
777201
777202
777203
777204
777205
777206
777207
777208
777210
777211
777214
777216
777217
777219
777221
777222
777223
777225
777226
777228
252942
777230
777232
777234
777235
777236
777237
777238
777239
777240
777241
777242
777244
777246
777248
252962
777250
777252
777254
777256
777258
777260
777261
777262
777263
777264
777265
777266
777267
777268
777269
777270
777271
777272
777273
777274
777275
777276
777277
777278
777279
777280
777281
252994
777282
777283
777284
777286
777288
777290
777292
777294
777296
777298
777299
777300
777301
777302
777303
777304
777305
253018
777306
777307
777308
777310
777312
777314
777316
777318
777320
777322
777325
777327
777329
777330
777331
777332
777333
777334
777335
777337
777339
777341
777342
777343
777344
777345
777346
777347
777348
777349
777350
777351
777352
777353
777354
777355
777356
777357
777358
777359
777360
777361
777362
777363
777364
777365
777366
777368
777371
777373
777376
777378
777381
777383
777385
777387
777390
777392
777394
777395
777396
777398
777399
777401
777403
777405
777406
777407
777408
777409
777411
777412
777413
777415
777416
777418
777421
777422
777423
777425
777427
777429
777430
777431
777432
777435
777437
777439
777440
777441
777442
777444
777445
777446
777447
777450
777451
777452
777453
777454
777455
777456
777457
777458
777459
777460
777461
777462
777463
777464
777465
777466
777467
777468
777469
777470
777471
777472
777473
777474
777475
777476
777477
777478
777479
777480
777481
777482
777483
777485
777486
777487
777488
777489
777490
777491
777492
777493
777494
777496
777497
777498
777499
777500
777501
777502
777503
777504
777505
777506
777507
777508
777509
777510
777511
777512
777513
777516
777517
777518
777519
777520
777521
777523
777524
777525
253238
777526
777527
777528
777529
777530
777531
777532
777533
777534
777535
777536
777537
777538
777539
777540
777541
777542
777543
777544
777545
777546
777547
777548
777549
777550
777551
777552
777553
777554
777555
777556
777557
777558
777559
777560
777561
777562
777563
777564
777565
777566
777567
777568
777569
777570
777571
777572
777573
777574
777575
777576
777577
777578
777579
777580
777581
777582
777583
777584
777585
777586
777587
777588
777589
777590
777591
777592
777593
777594
777595
777596
777597
777598
777599
777600
777601
777602
777603
777604
777605
777606
777607
777608
777609
777610
777611
777612
777613
777614
777615
777616
777617
777618
777619
777620
777621
777622
777623
777624
777625
777626
777627
777628
777629
777630
777631
777632
777633
777634
777635
777636
777637
777638
777639
777640
777641
777642
777643
777644
777645
777646
777647
777648
777649
777650
777651
777652
777653
777654
777655
777656
777657
777658
777659
777660
777661
777662
777663
777664
777665
777666
777667
777668
777669
777670
777671
777672
777673
777674
777675
777676
777677
777678
777679
777680
777681
777682
777683
777684
777685
777686
777687
777688
777689
777690
777691
777692
777693
777694
777695
777696
777697
777698
777699
777700
777701
777702
777703
777704
777705
777706
777707
777708
777709
777710
777711
777712
777713
777714
777715
777716
777717
777718
777719
777720
777721
777722
253436
777726
777727
777728
777729
777730
777731
777732
777733
777734
777735
777736
777737
777738
777739
777740
777741
777742
777743
777744
777745
777746
777747
777748
777749
777750
777751
777752
777753
777754
777755
777756
777757
777758
777759
777760
777761
777762
777763
777764
777765
777766
777767
777768
777769
777770
777771
777772
777773
777774
777775
777776
777777
777778
777779
777780
777781
777782
777783
777784
777785
777786
253499
777787
777788
777789
777790
777791
777792
777793
777794
777795
777796
777797
777798
777799
777800
777801
777802
777803
777804
777805
777806
777807
777808
777809
777810
777811
777812
777813
777814
777815
777816
777817
777818
777819
777820
777821
777822
777823
777824
777825
777826
777827
777828
777829
777830
777831
777832
777834
777835
777836
777837
777838
777840
777842
253555
777843
777844
777845
777846
777847
777848
777849
777850
777851
777852
777853
777854
777855
777856
777858
777859
777860
777861
777862
777863
777864
777865
777866
777867
777868
777869
777870
777871
777872
777873
777874
777875
777876
777877
777878
777879
777880
777881
777882
777883
777884
777885
777886
777887
777888
777889
777890
777891
777892
777893
777894
777895
777896
777897
777898
777899
777900
777901
777902
777903
777904
777905
777906
777907
777908
777909
777910
777911
777912
777913
777914
777915
777916
777917
777918
777919
777920
777921
777922
777923
777924
777925
777926
253639
777927
777928
777929
777930
777931
777932
777933
777934
777935
777936
777937
777938
777939
777940
777941
777942
777943
777944
777945
777946
777947
777948
777949
777950
777951
777952
777953
777954
777955
777956
777957
777958
777959
777960
777961
777962
777963
777964
777965
777966
777967
777968
777969
777970
777971
777972
777973
777974
777975
777976
777977
777978
777979
777980
777981
777982
777983
777984
777985
777986
777987
777990
777991
777992
777993
777994
777995
253708
777996
777997
777998
777999
778000
778001
778002
778003
778004
778005
778006
778007
778008
778009
778010
778011
778012
778013
778014
778015
778016
778017
778018
778019
778020
778021
778022
778023
778024
778025
778026
778027
778028
778029
778030
778031
778032
778033
778034
778035
778036
778037
778038
778039
778040
778041
778042
778043
253756
778044
778045
778046
253759
778047
778049
778050
778051
778052
778054
778055
778056
778057
778058
778059
778060
778061
778062
778063
778064
778065
778066
778067
778068
778069
778070
778071
778072
778073
778074
778075
778076
778077
778078
778079
778080
778081
778082
778083
778084
778085
778086
778087
778088
778089
778090
778091
778092
778093
778094
778095
778096
778097
778098
778099
778100
778102
778104
778105
778106
778107
778108
778109
778110
778111
778112
253825
778113
778114
778115
778116
778117
778118
778119
778120
778121
778122
778123
778124
778125
778126
778127
778128
778129
778130
778131
778132
778133
778134
778135
778136
778137
778138
778139
778140
778141
778142
778143
778144
778145
778146
778147
778148
778149
778150
778151
778152
778153
778154
778155
778156
778158
778159
778160
778161
778162
778163
778164
778165
778166
778167
778168
778169
778170
778171
778172
778173
778174
778175
778176
778177
778178
778179
778180
778181
778182
778183
778184
778185
778186
778187
778188
778189
778190
778191
778192
778193
778194
778195
778196
778197
778198
778199
778200
778201
778202
778203
778204
778205
778206
778207
778208
778209
778210
778211
778212
778213
778214
778215
778216
778217
778218
778219
778220
778221
778222
778223
253936
778224
778225
778226
778227
778228
778229
778230
778231
778233
778234
778235
778236
778237
778238
778239
778240
778241
778242
778243
778244
778245
778246
778247
778248
778249
778250
778251
778252
778253
778254
778255
778256
778257
253970
778258
778259
778260
778261
778262
778263
778264
778265
778266
778267
778268
778269
778270
778271
778272
778273
778274
778275
778276
778277
778278
778279
778280
778281
778282
778283
778284
778285
778286
778287
778288
778289
778290
778291
778292
778293
778294
778295
778296
778297
778298
778299
778300
778301
778302
778303
778304
778305
778306
778307
778308
254021
778309
778310
778311
778312
778313
778314
254027
778315
778316
778317
778318
778319
778320
778321
778322
778323
778324
778325
778326
778327
778328
778329
778330
778331
778332
778333
778334
778335
778336
778337
778338
778339
778340
778341
778343
778344
778345
778346
778347
778348
778349
778350
778351
778352
778353
778354
778355
778356
778357
778358
778359
778360
778363
778364
778365
778366
778367
778368
778369
778370
778371
778372
778373
778374
778375
778376
778377
778378
778379
778380
778381
778382
778383
778384
778385
778386
778387
778388
778389
778390
778391
778392
778393
778394
778395
778396
778397
778398
254111
778399
778400
778401
778402
778403
778404
778405
778406
778407
778408
778409
778410
778411
778412
778413
778414
778415
778416
778417
778418
778419
778420
778421
778422
778423
778424
778425
778426
778427
778428
778429
778437
254156
778444
778445
778447
778452
778463
778465
778466
778475
778484
778491
778495
778498
778500
778503
778505
778511
778513
778518
778534
778537
778538
778543
778544
778547
254272
254274
778567
778571
778572
778575
778576
778578
778579
778584
778586
254307
778597
778602
778603
778608
778609
778617
778618
778622
778628
254342
778632
778635
778639
778640
778643
254360
778649
778651
778654
778666
778672
778678
778681
778684
778705
778715
778716
778717
778718
778719
778725
778727
778730
778732
778733
778735
778736
778742
778744
778746
778747
254462
778752
778753
778761
778763
778764
778765
778766
778767
778769
778770
778771
778772
778773
778774
778775
778776
778777
778778
778779
778780
778781
778782
778783
778784
778785
778786
778787
778788
778789
778790
778791
778792
778793
778794
778795
778796
778797
778798
778799
778800
778801
778802
778803
778804
778805
778806
778807
778808
778809
254522
778810
778811
254526
778814
778815
778816
778817
778820
778823
778824
778825
778826
778827
778828
778829
778830
778831
778832
778833
778834
778835
778836
778837
778838
778839
778840
778841
778842
778843
778844
778845
778846
778847
778848
778849
778850
778851
778852
778853
778854
778855
778856
778857
778858
778859
778860
778861
778862
778863
778864
778865
778866
778867
778868
778869
778870
778872
778873
778874
778875
778876
778877
778878
778880
254593
778883
778884
778886
778887
778889
778890
778891
778894
778896
778898
778899
778900
778901
778902
778903
778904
778907
778909
778910
778911
778912
778913
778914
778915
778916
778917
778918
778919
778920
778922
778924
778926
778928
778930
778931
778932
778933
778934
778935
778936
778937
778940
778942
778945
778947
778950
778952
778955
778957
778960
778962
778964
778966
778968
778970
778973
778975
778976
778979
778981
778983
778984
778985
778986
778987
778988
778989
778990
778991
254704
778992
778993
778994
778995
778996
778999
779001
779002
779004
779006
779008
779010
779012
779014
779017
779019
779021
779022
779023
779024
779026
779028
779029
779033
779035
779037
779039
779040
779042
779045
779046
779047
779050
779052
779054
779056
779059
779061
779063
779065
254778
779067
779069
779071
779072
779074
779076
779077
779079
779080
779082
779083
779085
779086
779088
779090
779091
779092
779093
779095
779097
779099
779101
779102
779103
779104
779106
779108
779110
779111
779112
779114
779116
779118
779120
779121
779122
779124
779126
779128
779130
779132
779134
779136
779139
779141
779143
779144
779147
779149
779151
779152
779154
779156
779158
779160
779161
779164
779165
779166
779167
779168
779169
779170
779172
779173
779174
779175
779176
779177
779178
779179
779181
779182
779183
779184
779185
779186
779187
779188
779189
779190
779191
779192
779193
779194
779195
779196
779197
779198
779199
779200
779201
779202
779203
779204
779205
779206
779207
779208
779209
779210
779211
779212
779213
779214
779215
779216
779217
779218
779219
779220
779221
779222
779223
779224
779225
779226
779227
779228
779229
779230
779231
779232
779233
779234
779235
779236
779237
779238
779239
779240
779241
779242
779243
779244
779245
779246
779247
779248
779249
779250
779251
779252
779254
779255
779256
779257
779258
779261
779262
779263
779264
779265
779266
779267
779268
779269
779270
779271
779272
779273
779274
779275
779276
779277
779278
779279
779280
779281
779282
779283
779284
779285
779286
779287
779288
779289
779290
779291
779292
779293
779294
779295
779296
255009
779297
779298
779299
779300
779301
779302
779303
779304
779305
779306
779307
779308
779312
779313
779314
779315
779316
779317
779318
779319
779320
779321
779322
779323
779324
779325
779326
779327
779328
779329
779330
779331
779332
779333
779334
779335
779336
779337
779338
779339
779340
779341
779342
779343
779344
779345
779346
779347
779348
779349
779350
779351
779352
779353
779354
779355
779356
779357
779358
779359
779360
779361
779362
779363
779364
779365
779366
779367
779368
779369
779370
779371
779372
779373
779374
779375
779376
779377
779378
779379
779380
779381
779382
779384
779385
779386
779387
779389
779390
779391
779392
779393
779394
779395
779396
779397
779398
779399
779400
779401
779402
779403
779404
779405
779406
779407
779408
779409
779410
779411
779412
779413
779414
779415
779416
779417
779418
779419
779420
779421
779422
779423
779424
255137
779425
779426
779427
779428
779429
779430
779431
779432
779433
779434
779435
779436
779437
779438
779439
779440
779441
779442
779443
779444
779445
779446
779447
779448
779449
779450
779451
779452
779453
779454
779455
779456
779457
779458
779459
779460
779461
779462
779463
779464
779465
779466
779467
779468
779469
779470
779471
779472
779475
779476
779477
779478
779479
779480
779481
779483
779485
779486
779487
779488
779489
779490
779491
779492
779493
779494
779495
779496
779497
779498
779499
779500
779501
779502
779503
779504
779505
779506
779507
779508
779509
779510
779511
779512
779513
779514
779515
779516
779517
779518
779519
779520
779521
779522
779523
779524
779525
779526
779527
779528
779529
779530
255243
779531
779533
779534
779535
779536
779537
779538
779539
779540
779541
779542
779543
779544
779545
779546
779547
779548
779549
779550
779551
779553
779554
779555
779556
779557
779558
779559
779560
779561
779562
779563
779564
779565
779566
779567
779568
779569
779570
779571
779572
779573
779574
779575
779576
779577
779578
779580
779581
779582
779583
779584
779585
779586
779587
779588
779589
779590
779591
779592
779594
779595
779596
779597
779599
779600
779601
779602
779603
779605
779606
779607
779608
779609
779610
779611
779612
779613
779614
779615
779616
779617
779618
779619
779620
779621
779622
779623
779624
779626
779627
779628
779629
779630
779631
779632
779633
779634
779635
779636
779637
779638
779639
779640
779641
779642
779643
779644
779645
779646
779647
779648
779649
779650
779651
255364
779652
779653
779654
779655
779656
779657
779658
779659
779660
779661
779662
779663
779664
779665
779666
779667
779668
779669
779670
779671
779672
779673
779674
779675
779676
779677
779678
779679
255392
779680
779681
779682
779683
779684
779685
779686
779687
779688
779690
779691
779692
779693
779694
779695
779696
779697
779698
779699
779700
779701
779702
779703
779705
779706
779708
779709
779710
779711
779712
779713
779714
779715
779716
779717
779718
779719
779720
779721
779722
779724
779725
779726
779727
779728
779729
779730
779731
779732
779733
779734
779735
779736
255449
779737
779740
779741
255454
779742
779743
779744
779745
779746
779747
779748
779749
779750
779751
779752
779753
779754
779755
779756
779757
779758
779759
779760
779761
779762
779763
779764
779765
779766
779767
779768
779769
779770
779771
779772
779773
779774
779776
779777
779778
779779
779780
779781
779782
779783
779784
255497
779785
779786
779787
779788
779789
779790
779791
779794
779795
779796
779797
779798
779799
779800
779801
779802
779803
779804
779805
779806
779807
779808
779809
779810
779811
779812
779815
779816
779819
779820
779823
779824
779825
779826
779827
779828
779829
779830
779831
779832
779833
255546
779834
779835
779836
779837
779838
779839
779840
779841
779842
779843
779844
779845
779846
779847
779848
779850
779852
779853
779854
779855
779856
779857
779858
779859
779860
779861
779862
779863
779864
779865
779867
779868
779869
779870
779871
779872
779873
779874
779875
779876
779877
779878
779879
779880
779881
779882
779884
779885
779886
779887
779888
779889
779890
779891
779893
779894
779895
779896
779897
779898
779899
779900
779901
779902
779903
779904
779905
779906
779907
779908
779909
779910
779911
779912
779913
779914
779915
779916
779917
779918
779919
779920
779921
779922
779923
779924
779925
779926
779927
779928
779929
779930
779931
779932
779933
779934
779935
779936
779937
779938
779939
779940
779941
779942
779943
779944
779945
779946
779947
779948
779949
779950
779951
779952
779953
779954
779955
779956
779957
779958
779959
779960
779961
779963
779964
779965
779966
779967
779968
779969
779970
779971
779972
779975
779976
779977
779978
779979
779980
779981
779982
779983
779984
779985
779986
779987
779988
779989
779990
779991
779992
779993
779994
779995
779996
779997
779998
779999
780000
780002
780003
780004
780005
780006
780007
780008
780010
780011
780012
780013
780014
780017
780018
780019
780020
780021
780022
780023
780024
780025
780026
780027
780028
780029
780030
780031
780032
780033
780034
780035
780036
780037
780038
780039
780040
780041
780043
780044
780045
780046
780048
780049
780050
780051
780052
780053
780054
780055
780057
780058
780059
780060
780061
780062
780063
780064
780065
780066
780067
780068
780070
780071
780072
780073
780075
780076
780077
780078
780079
780080
780081
780082
780083
780084
780085
780086
780087
780094
780095
780099
780105
780107
780109
780110
780111
780112
780113
780115
780120
780122
780125
780128
780130
780131
780134
780135
780136
780137
780147
780155
780156
780161
780164
780172
780180
780184
780196
780199
780200
780202
780205
780206
780207
780212
780213
780216
780227
780228
780230
255946
780246
780247
780249
255964
780260
780261
780267
780271
780276
780279
780280
780285
780292
780299
780302
780311
780317
780323
780334
780339
780343
780345
780349
780351
780361
780369
780370
780372
780376
780378
780379
780380
780388
780391
780401
780403
780404
780407
780410
780412
780413
256133
780423
780424
780425
780426
780427
780428
780429
780431
780432
780433
780434
780435
780436
780437
780438
780439
780440
780441
780442
780443
780444
780445
780446
780447
780448
780449
780450
780451
780452
780453
780454
780455
780457
780458
780459
780460
780461
780462
780463
780464
780465
780466
780467
780468
780469
780470
780471
780472
780473
780474
780475
780476
780477
780478
780479
780480
780481
780482
780483
780484
780485
780486
780487
780488
780489
780490
780491
780492
780493
780494
780495
780496
780497
780498
780499
780500
780501
780502
780503
780504
780505
780506
780513
780514
780515
780517
780518
780519
780520
780522
780523
780524
780525
780526
780527
780528
780529
780530
780531
780532
780533
780534
780535
780536
780537
780538
780539
780540
780541
780542
780543
780544
780545
780546
780547
780548
780550
780551
780552
780553
780554
780555
780556
780557
780558
780559
780560
780561
780562
780563
780564
780565
780566
780567
780568
780569
780570
780571
780572
780573
780574
780575
780576
780577
780578
780579
780580
780581
780582
780583
780584
780585
780586
780587
780588
780589
780590
780591
780592
780593
780594
780595
780596
780597
780601
780602
780603
780604
780605
780606
780607
780608
780609
780610
780611
780612
780613
780614
780615
780617
780618
780619
780620
780621
780622
780623
780624
780626
780627
780628
780629
780630
780631
780634
780636
780637
780638
780639
780640
780641
780642
780643
780644
780645
780646
780648
780649
780651
780652
780653
780656
780658
780659
780662
780663
780664
780665
780666
780667
780668
780669
780670
780671
780672
780673
780674
780675
780677
780678
780679
780680
780683
780685
780688
780690
780692
780693
780694
780695
780696
780697
780698
780699
780701
780703
780706
780708
256422
256423
780711
780713
780716
780718
780719
780720
780721
780722
780723
780724
780725
780726
780727
780728
780729
780731
780732
780733
780734
256447
780735
780736
780737
780738
780739
780740
780742
780743
780744
780746
780749
780751
780752
780753
780754
780755
780757
780759
780760
780761
780762
780763
780764
780765
780766
780767
780768
780769
780770
780771
780772
780773
780776
780778
780779
780782
780784
780787
780789
780790
780792
780794
780795
780796
256509
780797
780799
780802
780804
256517
780805
780806
780807
780809
780810
780811
780812
780814
780815
780816
780817
256530
780818
780819
780821
780823
780824
780825
780826
780827
780828
780830
780832
780833
780834
780835
780836
780838
780840
780842
780844
780845
780847
780849
780851
780853
780855
780857
780859
780861
780862
780863
780864
780865
780866
780867
780868
780870
780871
780872
780873
780874
780875
780876
780877
780879
780881
780882
780883
780884
780885
780886
780887
780889
780891
780892
780893
780894
256607
256608
780896
780897
780898
780899
780900
780901
780902
780903
780904
780905
780906
780907
780908
780909
780910
780911
780912
780913
780914
780915
780916
780917
780918
780919
780920
780921
780922
780923
780924
780925
780926
780927
780928
780929
780930
780931
780932
780933
780934
780935
780936
780937
780939
780941
780942
780943
780944
780945
780946
780947
780948
780949
780950
780951
780952
780953
780954
780955
780956
780958
780959
780960
780961
780962
780963
780964
780965
780966
780967
780968
780969
780970
780971
780973
780974
780975
780976
780977
780978
780979
780980
780981
780982
780983
780984
780985
780986
256700
780988
780991
256704
780993
780994
780995
780996
780997
780998
780999
781000
781001
781002
781003
781004
781005
781006
781007
781008
781009
781010
781011
781012
781013
781014
781015
781016
781017
781018
781019
781020
781021
781022
781023
781024
781025
781026
781027
781028
781029
781030
781031
781032
256745
781033
781034
781035
781036
781037
781038
781039
781040
781041
781042
781043
781044
781045
781046
781047
781048
781049
781050
781051
781052
781053
781054
781055
781056
781057
781058
781059
781060
781061
781062
781063
781064
781065
781066
781067
781068
781069
781070
781071
781072
781073
781074
781075
781076
781077
781078
781079
781080
781081
781082
781084
781085
781086
781087
781088
781089
781090
781091
781092
781093
781094
781095
781096
781097
781098
781099
781100
781101
781102
781103
781104
781105
781107
781108
781109
781110
781111
781112
781113
781114
781115
781116
781117
781118
781119
781120
781121
781122
781123
781124
781125
781126
781127
781128
781129
781130
781131
781132
781133
781134
781135
781136
781137
781138
781139
781140
781141
781142
781143
781144
781145
781146
781147
781148
781149
781150
781151
781152
781153
781154
781155
781156
781157
781158
781159
781160
781161
781162
781163
781164
781165
781166
781167
781168
781169
781170
781171
781172
781173
781174
256887
781175
781176
781177
781178
781179
781180
781181
781182
781183
781184
781185
781186
781187
781188
781189
781190
781191
781192
781193
781194
781195
781196
781197
781198
781199
781200
781201
781202
781203
781204
781208
781209
781210
781212
781213
781214
781215
781216
781217
781218
781219
781220
256933
781222
781223
781224
781225
781226
781227
781228
781229
781230
781231
781232
781233
781234
781235
781236
781237
781238
781239
781240
781241
781242
781243
781244
781245
781246
781247
781248
781249
781250
781251
781252
781253
781254
781255
781256
781257
781258
781262
781263
781264
781265
781266
781267
781268
781269
781270
781271
781273
781274
781275
781276
781277
781278
781279
781280
781281
781282
781284
781285
781286
781287
257000
781288
781289
781290
781291
781292
781293
781294
781295
781296
781297
781298
781299
781300
781301
781302
781303
781304
781305
781306
781307
781308
781309
781310
781311
781312
781313
257026
781314
781315
781316
781317
781318
781319
781320
781321
781322
781324
781325
781326
781327
781328
781329
781330
781331
781332
781333
781334
781335
781336
781337
781338
781339
781340
781341
781342
781343
781344
781345
781346
781347
257060
781348
781349
781350
781351
781352
781353
781354
781355
781356
781357
781358
781359
781360
781361
781362
781363
781364
781365
781366
781367
781368
781369
781370
781371
781372
781373
781374
781375
781377
781378
781379
781380
781381
781382
781383
781384
781385
781386
781387
781388
781389
781390
781391
781392
781393
781394
781395
781396
781397
781398
781399
781400
781401
781402
781403
781404
781405
781406
781407
781408
781409
781412
781413
781414
781415
781416
781417
781418
781419
781420
781421
781422
781423
781424
781425
257138
781426
781427
781428
781429
781430
781431
781432
781433
781434
781435
781436
781438
781439
781440
257153
781441
781442
781443
781444
781445
781446
781449
781450
781451
781452
781453
781454
781455
781456
781457
781458
781459
781460
781463
781464
781465
781466
781467
781469
781472
781473
781474
781475
781476
781477
781478
781479
781480
781481
781484
781485
781486
781487
781488
781489
781491
781492
781493
781494
781495
781496
781497
781498
781499
781500
781501
781502
781503
781504
781505
781506
781509
781510
781511
781512
781513
781514
781515
781516
781517
781518
781519
781520
257233
781521
781522
781523
781525
781526
781527
781528
781529
781530
781531
781532
781533
781534
781535
781536
781537
781538
781539
781540
781541
781542
781543
781544
781545
781546
781547
781548
781549
781550
781551
781552
781553
781554
781555
781557
781558
781559
781560
781561
781562
781563
781564
781565
781566
781567
781568
781569
781570
781571
781572
781573
781574
781575
781576
781577
781578
781579
781580
781581
781582
781583
781584
781585
781586
781587
781588
781589
781590
781591
781592
781593
781594
781595
781596
781597
781598
781599
781600
781601
781602
781603
781604
781605
781606
781607
781608
781609
781610
781611
781612
781613
781614
781615
781616
781617
781618
781620
781622
781623
781624
781625
781626
781627
781628
781629
781630
781631
781632
781633
781634
781635
781636
781637
781638
781639
781640
781641
781642
781643
781644
781646
257359
781647
781648
781649
781650
781651
257364
781652
781653
781655
781656
781657
781659
781660
781661
781662
781663
781664
781666
257379
781669
781671
781672
781673
781674
781675
781676
781677
781678
781679
781680
781681
781682
781683
781684
781685
781686
781687
781688
781689
781690
781691
781692
781694
781695
781696
781697
781698
781699
781700
781701
781702
781703
781704
781705
781706
781707
781708
781709
781712
781713
781714
781715
781716
781717
781718
781719
781720
781721
781722
781723
781724
781725
781726
781727
781728
781729
781730
781731
781732
781733
781734
781735
781736
781738
781739
781740
781741
781742
781743
781744
781745
781746
781747
781748
781749
781750
781751
781752
781753
781754
781755
781756
781757
781758
781759
781761
781762
781766
781768
781772
781774
781780
781781
781783
781787
781789
781792
781794
781811
781822
781829
257549
781837
781846
781851
257569
781858
781883
781889
781894
257607
781897
781899
781905
781907
781908
781913
781924
781930
781933
781938
781940
781942
781950
781954
781957
781958
781975
781977
781979
257695
781985
781986
781988
781994
781999
782003
782004
782006
782016
782024
782025
782027
782035
782045
782046
782047
782054
782056
782059
782060
782062
782064
782070
782073
782079
782080
782081
782082
782083
782084
782085
782086
782087
782088
782089
782096
782098
782104
782105
782106
782107
782108
782109
782110
782111
782112
782113
782114
782116
782117
782118
782119
782120
782122
782123
782124
782125
782126
782127
782128
782129
782130
782131
782132
782133
782134
782135
782136
782137
782138
782139
782141
782142
782144
782145
782146
782147
782148
782149
782150
782151
782152
782153
782154
782155
782156
782157
782158
782159
782160
782161
782162
782166
782167
782168
782170
782171
782173
782174
782176
782177
782178
782180
782181
782182
782183
782184
782186
782187
782188
782189
782190
782191
782192
782193
782194
782195
782196
782197
782198
782199
782200
782201
782202
782203
782205
782206
782208
782209
782210
782211
782212
782213
782214
782215
782216
782217
782218
782219
782220
782221
782222
782223
782224
782225
782226
782230
782231
782232
782234
782235
782236
782237
782238
257951
782239
782240
782241
782242
782243
782244
782245
782246
782247
257960
782248
782249
782250
782251
782253
782254
782256
782257
782258
782259
782260
782261
782262
782263
782264
782265
782266
782267
782268
782269
782270
782271
782272
782273
782274
257996
782286
782287
782288
782289
782290
782291
782292
782294
782295
782296
782297
782298
782299
782300
782301
782302
782303
782304
782309
782312
782315
782316
782317
782318
782319
782321
782322
782324
782326
258039
782328
782330
782332
782334
782336
782338
782340
782342
782344
782346
782348
782350
782352
782354
782356
782358
782360
782362
782364
782366
782367
782368
782369
782370
782371
782372
782373
782374
782375
782376
782377
782378
782379
782380
782381
782382
782383
782384
782385
782386
782387
782388
782389
782390
782391
782392
782393
782395
782397
782398
782399
782400
782401
782402
782403
782404
782405
782407
782409
782411
782413
782415
782417
782419
782421
782423
782425
782427
782429
782431
782433
782435
782437
782439
782441
782443
782445
782447
782449
782451
782453
782455
782457
782459
782460
782462
782464
782466
782468
782470
782472
782475
782477
782478
782480
782483
782484
258197
782485
782487
782489
782490
782491
782492
258205
782493
782494
782495
782496
782497
782499
782500
782505
782507
782509
782510
782513
782514
782515
782516
782517
782518
782519
782520
782521
782522
258235
782523
782524
782525
782526
782527
782528
782529
782530
782531
782532
782533
782534
782535
782536
782537
782538
782539
782540
782541
782542
782543
782544
782545
782546
782547
782548
782549
782550
782551
782553
782555
782557
782558
782559
782560
782561
782562
782563
782565
782566
782568
782569
782571
782573
782575
782577
782578
782579
782580
782581
782582
782583
782584
782585
782586
782587
782588
782589
782590
782591
782592
782593
782594
258307
782595
782596
782597
782599
782601
782603
782604
782605
782606
782607
782608
782610
782612
782614
782615
782616
782617
782618
258331
782619
782620
782621
782623
782626
782627
782628
782629
782630
782631
782632
782633
782634
782635
782636
782637
782638
782639
782640
782641
782642
782643
782644
782645
782646
258359
782647
782648
782649
258362
782650
782651
782652
258365
782653
782654
782655
258368
782656
782657
782658
782659
782660
782661
782662
782663
782664
782665
782666
782667
782668
782669
782670
782671
782672
782673
782674
782675
782676
782678
782679
782681
782683
782685
782688
782689
782690
782691
782692
782693
782694
782695
782696
782697
782698
782699
782700
782701
782702
782703
782704
782705
782706
782707
782708
782709
782710
782711
782713
782715
782717
782718
782721
782723
782724
782725
782726
782727
782728
782730
782731
782732
782733
782734
782735
782736
782738
782739
782741
782742
782743
782744
782745
782746
782747
782748
782749
782750
782751
782752
782753
782754
782755
782756
782757
782758
782759
782760
782761
782764
782766
782767
782768
782769
782770
782771
782772
782773
782774
782775
782776
782778
782780
782782
782784
782786
782787
782789
782790
782792
782793
782794
782795
782796
782798
782800
782801
782802
782803
782804
782805
782806
782807
782808
782810
782811
782812
782813
782814
782815
782816
782817
782818
782819
782820
782821
782822
782823
782826
782827
782828
782829
782830
782831
782832
782833
782834
782835
782836
782837
782838
782839
782840
782841
782842
782843
782844
782845
782846
782847
782848
782849
782850
782851
782852
782853
782854
782855
782856
782857
782858
782859
782860
782861
782862
782863
782864
782865
782866
782867
782868
782869
782870
782871
782872
782873
782874
782875
782876
782877
782878
782879
782880
782881
782882
782883
782884
782885
782886
782887
782888
782889
782890
782891
782892
782893
782894
782895
782896
782897
782898
782899
782900
782901
782902
782903
782904
782905
782906
782907
782908
782909
782910
782911
782912
782913
782914
782915
782916
782917
782918
782919
782920
782921
782922
782923
782924
782925
782926
782927
782928
782929
782930
782931
782932
782933
782934
782935
782936
782937
782938
782939
782940
782941
782942
782943
782944
782945
782946
782947
782948
782949
782950
782951
782952
782953
782954
782955
782956
782957
782958
782959
782960
782961
782962
782963
782964
782965
782966
782967
782968
782969
782970
782971
782972
782973
782974
782975
782976
782977
782978
782979
782980
782981
782982
782983
782984
782985
782986
782987
782988
782989
258702
782990
782991
782992
782993
782994
782995
782996
782997
782998
782999
783000
783001
783002
783003
783004
783005
783006
783007
783008
783009
783010
783011
783012
783013
783014
783015
783016
783017
783018
783019
783020
258733
783021
783022
783023
783024
783025
783026
783027
783028
783029
783030
783031
783032
783033
783035
783036
783037
783039
783040
783041
783042
783043
783044
783045
783046
783047
783048
783049
783050
783051
783052
783053
783054
783055
783056
783057
783058
783059
783060
783061
783062
783063
783064
783065
783066
783067
783068
783069
783070
783071
783072
783073
783074
783075
783076
783077
783078
783079
783080
783081
783082
783083
783084
258797
783085
783086
783087
783088
783089
783090
258803
783091
783093
783094
783095
783096
783097
783098
783099
783100
783101
783102
783103
783104
783105
783106
783107
783108
783109
783110
783111
783112
783113
783114
783115
783116
783117
783118
783119
783120
783121
783122
783123
783124
783125
783126
783127
783128
783129
258842
783130
783131
783132
783133
783134
783135
783136
783137
783138
783139
783140
783141
783142
783143
783144
783145
783146
783147
783148
783149
783150
783151
783152
783153
783155
783156
783157
783158
783159
783160
783161
783162
783163
783164
783165
783166
783167
783168
783169
783170
783171
783172
783173
783174
783175
783176
783177
783178
783179
783180
783181
783182
783183
783184
783185
783186
783187
783188
783189
783190
783191
258904
783192
783193
783194
783195
783196
783197
783198
783199
783200
783201
783202
783203
783204
783205
783206
783207
783208
783209
783210
783211
783212
783213
783214
783215
783216
783217
783218
783219
783220
783221
783222
783223
783224
783225
783226
783227
783228
783229
783230
783231
783232
783233
783234
783235
783236
783237
783238
783239
783240
783241
783242
783243
783244
783245
783246
783247
783248
783249
783250
783251
783252
783253
783254
783255
783256
783257
783258
783259
783260
783261
258974
783262
258975
783263
783264
783265
783266
783267
783268
783269
783270
783271
783272
783273
783274
783275
783276
783277
783278
783279
783280
783282
783283
783284
783285
783286
783287
783288
783289
783290
783291
259004
783292
783293
783294
783295
783296
783297
783298
783299
783300
783301
783302
783303
783304
783305
783306
783307
783308
783309
783310
783311
783312
783313
783314
783315
783316
783317
783318
783319
783320
783321
783322
783323
783324
783325
783326
783327
783328
783329
783330
783331
783332
783333
783334
783335
783336
783337
783338
783339
783340
783341
783342
783343
783344
783345
783346
783347
783348
783349
783350
783351
783352
783353
783354
783355
783356
783357
783358
783361
783362
783363
783364
783365
783366
783367
783368
783369
783370
783371
783372
783373
783374
783375
783376
783377
783378
783379
783380
783381
783382
783383
259096
783384
783385
783386
783387
783388
783389
783390
783391
783392
783393
783394
783395
783396
783397
783398
783399
783400
783401
783402
783403
783404
783405
783406
783407
783408
783409
783410
783411
783412
783413
783414
783415
783416
783417
783418
783419
783420
783421
783422
783423
783424
783425
783426
783427
783428
783429
783430
783431
783432
783433
783434
783435
783436
783437
783438
783439
783440
783441
783442
783443
783444
783445
783446
783447
783448
783449
783450
783451
783452
783453
783454
783455
783456
783457
783458
783459
783460
783461
783462
783463
783464
783466
783467
783468
783469
783470
783471
783472
783473
783474
783475
783476
783477
783478
783479
783480
783481
783482
783483
783484
783485
783486
783487
783488
783489
783490
783491
783492
783493
783494
783495
783496
783497
783498
783499
783500
783501
783502
783503
783504
783505
783506
783507
783508
259221
783509
783510
783511
783512
783513
783514
783515
783516
783517
783518
783519
259232
783520
783521
783522
783525
783526
783527
783528
783529
783530
783531
783532
783533
783534
783535
783536
783537
783538
783539
783540
783541
783542
783543
783544
783545
783546
783547
783548
783549
783550
783551
783552
783553
783554
783555
783556
783557
783558
783559
783560
783561
783562
783563
783564
783565
783566
783567
783568
783569
783570
783571
783572
783573
783574
783575
783576
783577
783578
783579
783580
783581
783583
783584
783585
783586
783587
783588
783589
783590
259303
783591
783592
783593
783594
783595
783596
783597
783598
783599
783600
783601
783602
783603
783604
783605
783606
783607
783608
783609
783610
783611
783612
783613
783614
783615
783616
783617
783618
783619
783620
783621
783622
783623
783624
783625
783626
783633
783637
783640
783641
783642
783643
783645
783646
783648
783649
783654
783659
783665
783669
259382
783670
783672
783699
783704
783705
783713
783729
783750
783753
783765
783778
783785
783798
783804
783806
259521
783809
783823
783840
783846
783851
783855
783858
783865
783887
783889
783903
783907
783918
783919
783920
783922
783923
783930
783932
783935
783938
783941
783943
783944
783946
783951
783952
783959
783965
783969
783971
783976
783977
783978
783979
783980
783981
783983
783984
783985
783986
783987
783988
783989
783990
783991
783993
783994
783996
783998
783999
784000
784002
784004
784005
784006
784007
784008
784009
784010
784012
784014
784016
784017
784018
784019
784020
784021
784022
784023
784024
784025
784026
784027
784028
784029
784030
784031
784032
784033
784034
784035
784036
784037
784038
784040
784041
784042
784043
784044
784045
784046
784047
784048
784050
784052
784054
784056
784058
784059
784060
784061
784062
784063
784064
259777
784065
784066
784067
784068
784069
784070
784071
784072
784073
784074
784075
784076
784077
784078
784079
784080
784082
784085
784087
784090
784092
784094
784096
784099
784101
784103
784105
259818
784106
784107
784108
784109
784112
784113
784114
784115
784117
784118
784119
784120
259834
784122
784123
784127
784129
784130
784131
784132
784133
784134
784135
784137
784138
784139
784141
784142
784144
784146
784148
784149
784151
784153
784155
784157
784158
784159
784161
784162
784163
784164
784165
784166
784167
784168
784170
784172
784173
784175
784176
784177
784178
784179
784180
784183
784185
784186
784187
784188
784189
784192
784194
784195
784196
784197
784199
784200
784201
784203
784205
784206
784208
784209
784211
784212
784213
784214
784215
784216
784217
784219
784220
784222
784223
784224
784225
784226
784227
784229
784230
784231
784232
784233
784234
784235
784236
784238
784239
784241
784242
784243
784244
784245
784246
784247
784248
784249
784250
784253
784254
784255
784256
784257
784258
259970
784259
784261
784262
784263
784264
784265
784266
784267
784268
784269
784270
784271
784272
784273
259985
784274
784275
784276
784277
784278
784279
784280
784282
784284
784286
784287
784288
784289
784290
784292
784294
784296
784297
784298
784299
784300
784301
784302
784303
784304
784306
784308
784310
784311
784312
784313
784314
784315
784316
784317
784318
784319
784321
784323
784325
784327
784328
784329
784330
784331
784332
784333
784334
784335
784336
784337
784338
784339
784340
784341
784342
784343
784344
784345
784346
784347
784349
784352
784353
784354
784355
784356
784357
784358
784359
784360
784361
784362
784363
784364
784365
784366
784367
784368
784369
784370
784371
784372
784373
784375
784377
784379
784381
784383
784385
784386
784388
784389
784390
784391
784392
784393
784394
784395
784396
784397
784398
784402
784403
260115
784404
784405
784406
784407
784408
784409
784410
784411
260123
784412
784413
784414
784415
784416
784417
784418
784419
784420
784421
784422
784423
784424
784425
784426
784427
784428
784429
784430
784431
784432
784433
784434
784435
784436
784437
784438
784439
784440
784441
784442
784443
784444
784445
784446
784447
784448
784449
784450
784451
784452
784453
784454
784455
784456
784457
784458
784459
784460
784461
784462
784463
784464
260176
784465
784466
784467
784468
784469
784470
784471
784472
784473
784474
784475
784476
784477
784478
784479
260191
784480
784481
784482
784483
784484
784485
784486
784487
784488
784489
784490
784491
784492
784493
784494
784495
784496
784497
784498
784499
784500
784501
784502
784503
784504
784505
784506
784507
784508
784510
784511
784512
784513
784514
784516
784518
784519
784520
784521
784522
784523
784524
784525
784526
784527
784528
784529
784530
784531
260243
784532
784534
784535
784536
784537
784538
784539
784540
784541
784542
784543
784544
784545
784546
784547
784548
784549
784550
784551
784552
784553
784554
784555
784556
784557
784558
784559
784560
784561
784562
784563
784564
260276
784565
784566
784567
784568
784569
784570
784571
784572
784573
784574
784575
784576
784577
784578
784579
784580
784581
784582
784583
784584
784585
784586
784587
784588
784589
784590
784591
784592
784593
784594
784595
784596
784597
784598
784599
784600
784601
784602
784603
784604
784605
784606
784607
784608
784609
784610
784611
784612
784613
784614
784615
784616
784617
784618
784619
784620
784621
784622
784623
784624
784625
784626
784627
784628
784629
784630
784631
784632
784633
784634
784635
784636
784637
784638
784639
784640
784641
784642
784643
784644
784645
784646
784647
784648
784649
784650
784651
784652
784653
784654
784655
784656
784657
784658
784659
784660
784661
784662
784663
784666
784667
784668
784669
784670
784671
784672
784673
784674
784675
784676
784677
784678
784679
784680
784681
784682
784683
784684
784685
784686
784687
784688
784689
784690
784691
784692
784693
784694
784695
784696
784697
784698
784699
784700
784701
784702
784703
784704
784705
784706
784707
784708
784709
784710
784711
784712
784713
784714
784715
784716
784717
784718
784719
784720
784721
784722
784723
784725
784726
784727
784728
784730
784731
784732
784733
784734
260446
784735
784736
784737
784738
784739
784740
784741
784742
784743
784744
784745
784746
784747
784748
784749
784750
784751
784752
784753
784754
784755
784756
784757
784758
784759
784760
784761
784762
784763
784764
784765
784766
784767
784768
784769
784770
784771
784772
784773
784774
784775
784776
784778
784780
784781
784782
784783
784784
784785
784786
784787
784788
784789
784790
784791
784792
784793
784794
784795
784796
784797
784798
784799
784800
784801
784802
784803
784804
784805
784806
784807
784808
784809
784810
784811
784812
784813
784814
784815
784816
784817
784818
784819
784820
784821
784822
784823
784824
784825
784826
784827
784828
784829
784830
784831
784832
784834
784835
784836
784837
784838
784839
784840
784841
784842
784843
784844
784845
784846
784847
784848
784849
784850
784851
784852
784853
784854
784855
784856
784857
784858
784859
784860
784861
784862
784863
784864
784865
784866
784867
784868
784869
784870
784871
784872
784873
784874
784875
784876
784877
784878
784879
784880
784881
784882
784883
784884
784885
784886
784887
784888
784889
784890
784891
784892
784893
784894
784895
784896
784897
784898
784899
784900
784901
784902
784903
784904
784905
784906
784907
784909
784910
784911
784912
784913
784914
784915
784916
784917
784918
784919
784920
784921
260633
784922
784923
784924
784925
784926
784927
784928
784929
784930
784931
784932
784933
784934
784935
784936
784937
784938
784939
784940
784941
784942
784943
784944
784945
784946
784947
784948
784949
784950
784951
784952
784953
784954
784955
784956
784957
784958
784959
784960
784961
784962
784963
784964
784965
784966
784967
784968
784969
784970
784971
784972
784973
784974
784975
784976
784977
784978
784979
784980
784981
784982
784983
784984
784985
784986
784987
784988
784989
784990
784991
784992
784993
784994
784995
784996
784997
784998
784999
785000
785001
785002
785003
785004
785005
785006
785007
785008
785009
785010
785011
785012
260724
785013
785014
785015
785016
785017
785019
785020
785021
785022
785023
785024
785025
785026
785027
785028
785029
785030
785031
785032
785033
785034
785035
785036
785039
785040
785041
785042
785043
785044
785045
785046
785047
785048
785049
785050
785051
785052
785053
785054
785055
785056
785057
785058
785059
785060
785061
785062
785063
785064
785065
785066
785067
785068
785069
785070
785071
785072
785073
785074
785075
785076
785077
785078
785079
785080
785081
785082
785083
785084
785085
785086
785087
785088
785089
785090
785091
785092
785093
785094
785095
785096
785097
785098
785099
785100
785101
785102
785103
785104
785105
785113
260831
785120
785121
785123
785128
785139
785141
785142
785151
785160
785167
785171
785174
785176
785179
785181
785187
785189
785194
785210
785213
260925
785214
785219
785220
785223
260944
785243
785247
785248
785251
785252
785254
785255
260968
785260
785262
785273
785278
785279
785284
785285
785293
785294
785298
785304
785308
785311
785315
785316
785319
785325
785327
785330
785342
785348
785354
261068
785357
261069
785360
785381
785391
785392
785393
785394
785395
785401
785403
785406
785408
785409
785411
785412
785418
785420
785422
785423
785428
785429
785437
785439
785440
785441
785443
785444
785446
785447
785448
785449
785450
785451
785452
785453
785454
785455
785456
785457
785458
785459
785460
785461
785462
785463
785464
785465
785466
785468
785469
785470
785471
785473
785474
785477
785480
785481
785482
785483
785484
785485
785486
261198
785487
785488
785489
785490
785491
785492
785493
785494
785495
785496
785497
785498
785499
785500
785501
785502
785503
785504
785505
785506
785507
785508
785509
785510
785511
785512
785513
785514
785515
785516
785517
785518
785521
785522
785524
785525
785526
785529
785530
785531
785532
785533
785534
785535
785536
785537
785540
261252
785541
785542
785543
261255
785544
785545
785546
785547
785548
785549
785550
785551
785552
785553
785554
785555
785557
785560
785562
785565
785567
785570
785572
785574
785576
785578
785580
785581
785582
785583
785584
785585
785586
785587
785588
785589
785590
785591
785594
785596
785597
785599
785601
785603
785605
785607
785609
785612
785614
785616
785617
785620
785622
785624
785625
785628
785630
785632
785634
785636
785638
785640
785642
785644
785646
785648
785649
785650
785652
785653
785655
785656
785658
785660
785662
785664
261377
785666
785667
785668
785670
785672
785674
785676
785678
785680
785682
785685
785687
785689
785690
785693
785695
785697
785698
261410
785700
785702
785704
785706
785707
785708
785709
785710
785711
785712
785713
785714
785715
785716
785719
785720
785721
785722
785723
785724
785725
785726
785727
785728
785729
785730
785731
785732
785733
785734
785735
785736
785737
785738
785739
785740
785741
785742
785743
785744
785745
785746
785749
785750
785751
785752
785753
785754
785755
785756
785757
785758
785759
785760
785763
785765
785766
785767
785769
785770
785772
785773
785774
785775
261487
785776
785777
785778
785779
785780
785781
785782
785783
785784
785785
785787
785788
785789
785790
785791
785794
785795
785796
785797
785798
785799
785800
785801
785802
785803
785806
785808
785809
785810
785811
785812
785813
785814
785816
785817
785818
785819
785820
785821
785822
785823
785824
785825
261537
785826
785827
785828
785829
785830
785831
785832
785833
785834
785835
785836
785837
785838
785839
785840
785841
785845
785846
785847
785848
785849
785850
785851
785852
785854
785855
785856
785857
785858
785859
785860
785861
785862
785863
785864
785865
785866
785867
785868
785869
785872
785874
785875
785876
785877
261589
785878
785879
785880
785881
785882
785883
785885
785887
785888
785889
785891
785892
785894
785896
785897
785898
785899
261611
785900
785901
785902
785903
785905
785907
785908
785911
785912
785913
785914
785915
785917
785918
785920
785922
785923
785924
785925
785926
785927
785928
785929
785930
785931
785932
785933
785934
785935
785936
785937
785938
785939
785940
785941
785943
785945
785948
785949
785951
785952
785953
785954
785956
785958
785959
785960
785961
785963
785964
261676
785965
785966
785967
785968
785969
785970
785971
785972
785973
785974
785975
785976
785977
785978
785979
785980
785981
785982
785983
785984
785985
785986
785987
785988
785989
785990
785991
785992
785993
785995
785996
785997
785998
785999
261711
786000
786001
786002
786003
786004
261717
786007
786008
261720
786009
786010
786011
786012
786013
786015
786017
786018
786019
786020
786021
786022
786023
786024
786025
786026
786027
786028
786029
786030
786031
786032
786033
786034
786035
786036
786037
786038
786039
786040
786041
786042
786043
786044
786045
786046
786047
786048
786049
786050
786051
786052
786053
786054
786055
786056
786057
786058
786059
786060
786061
786062
786063
786065
786066
786067
786068
786069
786070
786071
786072
786073
786074
786075
786076
786077
786078
786079
786080
786081
786082
261794
786083
786085
786086
786087
786088
786089
786090
786091
786092
786093
786094
786095
786096
786097
786098
786099
786100
786101
786102
786103
786104
786105
786106
786107
786108
786109
786110
786112
786113
786114
786115
786116
786117
786118
786119
786120
786121
786122
786123
786124
786126
786127
786128
786129
786131
786132
786133
786134
786135
786137
786138
786139
786140
786141
786142
786143
786144
786145
786146
786147
786148
786149
786150
786151
261863
786152
786153
786154
786155
786156
786158
786159
786160
786161
786162
786163
786164
786165
786166
786167
786168
786169
786170
786171
786172
786173
786174
786175
786176
786177
786178
786179
786180
786181
786182
786183
786184
786185
786186
786187
786188
786189
786190
786191
786192
786193
786194
786195
786196
786197
786198
786199
786200
786201
786202
786203
786204
786205
786206
786207
786208
786209
786210
786211
786212
786213
786214
786215
786216
786217
786218
786219
786220
786222
786223
786224
786225
786226
786227
786228
786229
786230
786231
786232
786233
786234
786235
786237
786238
786240
786241
786242
786243
786244
786245
786246
786247
786248
786249
786250
786251
786252
786253
786254
786256
786257
786258
786259
786260
786261
786262
786263
786264
786265
786266
786267
786268
786269
786272
786273
786274
786275
786276
786277
786278
786279
786280
786281
786282
786283
786284
786285
786286
786287
786288
786289
786290
786291
786292
786293
786294
786295
262007
786296
786297
786298
786299
786300
786301
786302
786303
786304
786305
786306
786308
786309
786310
786311
786312
786313
786314
786315
786316
786317
786318
786319
786320
786321
786322
786323
786326
786327
786328
786329
786330
786331
786332
786333
786334
786335
786336
786337
786338
786339
786340
786341
786342
786343
786344
786347
786348
786351
786352
786355
786356
786357
786358
786359
786360
786361
786362
786363
786364
786365
786366
786367
786368
786369
262081
786370
786371
786372
786373
786374
262086
786375
786376
786377
786378
786379
786380
786382
786384
786385
786386
786387
786388
786389
786390
786391
786392
786393
786394
786395
786396
786397
786399
786400
786401
786402
786403
786404
262116
786405
786406
786407
786408
786409
786410
786411
786412
786413
786414
786416
786417
786418
786419
786420
786421
786422
786423
786425
786426
786427
786428
786429
786430
786431
)


// ************************************************************************* //
