/*--------------------------------*- C++ -*----------------------------------*\
| =========                 |                                                 |
| \\      /  F ield         | OpenFOAM: The Open Source CFD Toolbox           |
|  \\    /   O peration     | Version:  2406                                  |
|   \\  /    A nd           | Website:  www.openfoam.com                      |
|    \\/     M anipulation  |                                                 |
\*---------------------------------------------------------------------------*/
FoamFile
{
    version     2.0;
    format      ascii;
    arch        "LSB;label=32;scalar=64";
    class       faceSet;
    location    "constant/polyMesh/sets";
    object      upperTriangularFace;
}
// * * * * * * * * * * * * * * * * * * * * * * * * * * * * * * * * * * * * * //


133166
(
0
262144
262145
262147
4
5
262149
262150
8
262153
12
262156
13
16
262161
18
262163
20
21
24
262168
25
262169
262171
524316
262173
30
262174
32
33
262179
37
262181
40
41
524329
42
262187
44
262188
46
262191
49
262195
52
53
262197
262198
56
262200
60
262204
61
62
262207
64
66
68
262212
262215
262216
73
262219
786507
76
524365
262222
80
262226
84
85
262229
262231
88
262234
262235
786523
93
262239
96
262241
98
262243
102
262246
104
106
262250
262251
108
109
262253
262255
112
262256
113
262258
116
117
262261
120
262265
262268
125
262271
129
130
132
262277
136
262280
137
262283
141
144
262288
148
262293
150
152
153
262297
262299
156
157
262302
160
164
165
262311
168
262312
169
262315
262316
173
262319
262320
262323
180
182
262326
786614
184
262330
187
262331
192
193
262337
195
262340
262342
199
524488
204
262348
262350
208
262352
211
212
262358
262359
216
262361
262363
524509
262366
262367
224
262369
228
229
524517
262374
262375
232
262378
235
236
262380
524525
239
240
262384
243
262387
245
262389
247
262393
251
262395
262396
262399
256
262401
259
262403
262
262406
264
262409
266
262410
267
270
271
274
275
262421
278
279
262423
282
262426
262429
286
262430
287
262434
291
292
262436
524582
295
262439
296
298
262442
300
262446
524590
303
262447
304
306
262451
310
262454
311
262455
314
315
262460
262461
318
262463
262465
524609
324
326
327
262471
262472
262474
331
262477
334
335
339
340
262484
342
262487
262489
346
347
262491
524635
348
350
262494
351
355
262501
359
262503
360
362
262507
364
262510
367
262513
370
372
262516
374
376
262521
378
262523
380
262526
384
262529
386
388
262532
390
391
262535
392
524681
394
395
262539
398
262542
399
262545
262547
524692
262551
408
410
262555
786844
414
262558
419
262565
422
423
262568
262571
430
262574
431
262576
434
262578
438
262582
440
262585
442
262587
262589
446
262590
447
448
262593
450
451
262597
454
262601
458
262603
462
262609
466
470
471
472
262617
475
262619
478
262622
479
262624
482
262627
484
262628
486
487
262633
490
262634
491
495
262639
262642
499
262644
502
503
262647
505
262649
506
509
262653
510
262657
517
518
262662
786951
521
262665
262667
525
526
262672
262673
531
262676
533
262678
538
262683
262685
262688
545
262689
546
262691
262692
549
550
262694
551
553
262697
555
557
262703
561
562
786994
262708
566
262710
262711
569
262715
573
574
262718
262720
577
524865
578
262722
581
262725
262726
262728
585
524873
262730
262731
589
262733
262735
593
262738
262740
597
262742
599
601
262745
602
262748
605
262749
606
608
262752
612
262758
616
617
262762
620
262765
262767
624
787057
262770
628
524916
630
632
262779
636
637
262782
640
641
262785
262787
645
262789
648
262794
652
653
262797
262799
656
658
660
661
262805
262807
664
262808
665
668
262812
670
262815
673
262817
262819
676
524966
681
262827
684
686
688
262832
689
262833
262836
696
262840
697
698
700
262846
704
262851
708
712
262859
716
719
262865
262866
724
262868
262870
727
262872
729
731
262875
732
262877
735
736
262880
262882
739
740
741
262886
743
262887
744
262889
747
262892
749
751
262895
752
755
262899
759
262903
262906
764
262909
768
262912
769
262914
771
772
262917
774
262919
262921
778
780
262925
782
783
262928
786
525074
788
262933
790
262934
791
262936
794
798
262942
800
802
262946
803
262947
806
262950
262952
262956
813
262960
817
818
262964
821
787254
825
262969
262971
828
829
262973
262975
525119
833
834
262979
836
837
262981
262983
840
525129
262986
844
262988
848
262995
852
262999
857
263002
861
863
263010
867
787300
263013
871
263015
263016
875
263019
263022
879
263024
883
525172
885
263029
887
263031
888
889
891
263035
893
895
263039
896
525185
263042
899
787331
263044
263046
903
904
263051
908
263053
911
263055
912
263056
915
916
263060
263062
919
263064
923
924
263068
925
263069
927
263071
263072
929
931
263076
933
935
936
263080
263082
940
263084
263085
263089
263095
952
953
263099
956
263101
959
263103
960
961
263105
963
263108
263110
525254
967
968
263112
971
263115
975
976
263120
980
263124
981
983
263127
263129
987
988
263132
263134
991
525280
263137
995
996
263140
263142
999
1000
263144
525288
1003
263147
1004
263148
1005
263150
1007
1011
1013
1015
263160
1019
1020
1025
1027
1028
263173
1031
787463
1032
525320
263177
1035
1037
263182
1040
263184
1043
263187
1045
263189
263190
1047
1048
263193
1052
263196
1056
263200
1057
1059
1060
1063
263208
1065
263209
1067
263211
1069
263215
1072
1073
1075
263219
1076
263220
263223
263225
1084
1085
263230
1087
1088
263233
263234
1091
263236
263238
1095
263240
1097
263242
1100
1101
263245
787533
263246
1104
1105
1107
263251
263252
1109
263254
1111
1112
1115
263259
1116
263262
1119
1120
263265
1123
263268
1127
263271
263272
263273
1131
263276
1135
263279
1136
1137
525425
263284
1141
1143
1144
1146
263290
1148
787580
1150
1151
263295
263297
1155
263299
263301
1158
263304
1163
263308
1166
263310
263311
1170
525461
1174
263318
1175
263321
1178
263324
1182
263326
263329
1186
1191
263335
1192
263339
1197
1198
263343
1201
263345
263348
263349
787637
1206
1209
263353
1211
263356
1213
1214
263360
1217
263365
525509
1222
263368
1225
1226
263371
263372
1229
263375
1233
1234
1237
1239
263383
263384
1241
1242
263386
263387
1245
263389
1246
263392
1249
263393
1250
263395
1254
263400
1258
263403
263404
1261
263406
1263
1266
1269
263413
1271
1273
1274
263420
1277
1278
263424
1281
1282
263428
1286
263431
1289
263434
1293
263438
263440
1297
1298
1301
263445
1302
263447
1305
1306
263450
263452
1309
263455
525599
1313
263457
1314
263458
263461
1318
1319
1321
263465
263467
263468
1326
263471
1329
263476
1334
1337
263481
1339
1341
263485
1343
1345
1346
263492
1349
1350
263494
1351
1353
263500
1358
263502
1359
263504
1361
1362
263507
1365
1369
1370
263514
1373
1377
1378
263522
1381
263525
263528
1385
263529
1386
1389
1391
263536
1394
263539
1397
1398
1402
263548
1406
263550
263553
1410
263557
1414
263559
1417
1418
263562
1421
263565
1425
263569
263571
1429
1430
263575
1433
1434
263579
1437
263581
263583
1441
263585
263588
1446
263590
1449
1450
263594
1453
1454
263598
263599
1457
1458
263603
263604
1461
263607
1465
1466
263610
263611
1469
1470
263614
263615
525759
1473
1477
263624
1481
1483
263628
1485
1486
263630
263632
1490
1491
263635
1493
1494
263638
787928
263641
1498
1499
1501
263646
1503
263647
1505
263649
1506
263652
1509
1510
263656
1513
1515
263659
1517
1518
263663
525807
1521
263667
263668
1525
263673
1530
1533
263677
1535
1537
263683
1541
1542
1543
263687
1545
263689
1546
263690
1549
1550
263697
263699
1557
1558
263703
263704
1561
1565
263710
1569
263713
263714
1572
263716
263717
1577
263723
1580
1581
263727
1585
263731
1588
1590
263735
263736
1593
263738
263739
1596
1597
263742
1600
1601
263747
1604
1605
263750
263751
1610
263754
263755
263757
1616
263760
1617
1620
263764
788053
1624
263768
1628
1629
263773
263775
1633
1635
1640
263785
1644
1645
263789
1647
263792
263793
1651
263795
1652
263798
1655
1657
263801
525945
1659
263803
263804
1661
1663
263807
1667
1668
1671
263816
1673
263818
1676
263821
263822
1679
1680
788112
1683
1684
1687
263832
1691
1692
1695
788128
1697
263841
1699
1703
263847
263849
525994
1707
263851
1709
263853
1711
1712
263858
526002
1715
1717
263861
1720
1721
263865
1723
263869
1727
263871
1728
263873
1731
526019
1732
263876
1735
1736
1737
1739
263883
1740
263884
526029
263886
1745
263889
1747
1748
263892
1751
263895
526039
263898
1755
263901
1760
263904
526049
1763
263908
1767
788199
1768
263912
1772
263916
1775
263919
1776
1777
263922
1779
1780
263926
1783
1784
263929
1787
1788
263932
1793
263939
1796
263941
1800
263944
1803
263948
1805
263950
1807
263952
263954
1811
1812
263956
263958
1816
263961
1819
263963
1820
263966
1823
1824
263970
1828
1829
263973
263975
1833
1835
1837
263981
1839
263983
1841
263986
1843
1844
263989
1847
263991
1848
263994
1851
263996
1856
1857
1860
264004
1863
1864
264008
1867
264011
1868
1869
1871
1875
264020
264022
1879
264025
1882
264026
1883
1886
1887
264032
1890
264034
1891
264037
1894
1895
1898
1899
264044
1902
264046
264047
1904
1906
1908
264053
1910
1911
264055
1912
264056
264059
1916
264061
1919
264066
1924
1926
1927
264072
1930
264075
1935
264079
1937
264081
264082
1939
1941
1942
788375
264088
1945
1946
264092
1949
1950
264094
1953
264097
1954
264099
264100
1957
1959
264103
264105
264108
1965
264109
1966
264112
1969
1970
264114
1973
264118
264120
264122
1979
788411
264125
1982
264127
1985
264130
1987
1989
264134
1993
264137
264140
1998
788430
264143
264144
2001
2002
264146
2005
264149
264151
264152
2010
2011
2013
2015
264160
2017
264162
2020
264164
2021
264167
2024
264169
264171
2028
264173
2032
264176
2036
2037
264182
2042
264187
2044
2046
264191
2048
2049
264194
264197
264198
2056
264201
264203
2060
2061
2064
264208
2069
2072
264216
2074
2077
264222
2080
264224
2081
2082
2084
264231
2089
526377
264234
2092
2093
2096
264240
264241
264243
2100
2101
264247
2104
2108
264252
264255
264256
2113
264258
2117
264261
2118
264262
2120
264265
2124
2125
264269
264270
788559
2128
2129
264274
2132
2133
264277
264278
2136
2138
264282
264285
2142
264287
2144
264289
2148
2149
264294
264295
2152
2153
526441
264299
2156
2157
264302
788590
2160
264304
2161
264307
2164
2165
264312
264313
264315
2172
2173
264317
788608
2177
2180
264324
2181
264326
2185
788618
2188
2189
264335
2192
264336
2193
2196
264340
264343
2200
264344
2204
2205
264351
2208
264352
2209
2210
2213
264359
2216
2217
264361
2220
264364
264367
2225
2226
264370
2228
264375
2232
2234
264378
2237
264383
2240
2241
264386
2245
264389
2248
2250
264395
2252
2253
2254
2256
264400
264402
2261
264407
2266
264410
2268
526556
2272
2274
2276
264420
2277
2280
264424
2281
264426
2284
264429
2286
2288
264432
2290
2292
2293
264437
2296
264440
2297
264442
2300
264445
2302
264447
2304
2305
264450
2308
2309
264453
2310
2312
264456
264457
2316
2319
264463
264464
2321
264466
2323
264468
2327
264472
2331
2332
264476
2335
264480
2337
2339
2340
264484
264487
2344
2345
264489
264490
2347
2349
264493
264494
2352
264496
2353
2355
264500
2363
2364
264510
2368
264514
2371
264515
2372
264517
2376
264522
2379
264524
2381
264526
2383
264527
2384
264529
2387
264531
2391
2392
264536
2395
264539
2397
264541
2400
264545
2403
264547
2404
264548
264550
2407
264552
2411
264555
2413
526701
2415
264560
264562
2420
264564
526709
264566
2423
2424
264569
2427
2429
2431
2432
2435
264579
2437
264582
2439
2440
264584
264586
2444
2445
264590
264592
2449
2451
2452
2456
2458
264603
264604
2462
264606
2466
2468
264612
2470
2472
264617
2474
264618
264620
2479
264623
2482
264626
2486
2487
264631
2491
264635
2494
2496
2498
264642
264645
2502
2503
264648
2506
264653
2510
2511
2514
2515
264660
2518
264663
264665
2522
2523
2524
264669
2526
2528
264673
2530
264675
264676
2534
2536
264680
2538
264682
2540
526828
2542
264686
2544
2546
264690
2547
264693
2551
264696
2554
264698
2555
2558
264702
2559
2560
2562
264706
2567
264711
264712
2570
2572
264716
2574
264718
2575
2578
264723
2580
789012
2582
264726
264727
2584
264729
2586
264731
264732
789021
2590
2591
264736
264737
2594
264741
2598
2599
2600
2602
264747
2604
264749
2606
264753
2610
264754
2611
2612
264757
2614
264758
2619
264763
2620
2622
264766
2623
2626
264770
2629
264773
2630
264777
2634
264779
264780
2638
264782
2639
2641
2642
2643
264788
2646
2649
2650
2653
2657
264801
2659
264803
264805
2662
2663
2665
2666
264811
2669
2670
264815
2674
2677
2678
2681
264829
2686
2687
264831
2691
264837
2694
2696
264840
2697
2700
264844
2701
264845
2702
2705
2708
2709
264854
2712
264856
2713
264859
2716
2717
264861
2720
264864
2724
264868
2725
264871
2728
2729
264873
2733
264877
264880
2737
2738
264883
2740
2742
264886
2745
264889
2746
2748
264892
264895
2752
2753
264899
2757
2758
2761
264905
2764
264908
2765
264909
264911
2768
264913
2772
264916
2773
264918
2776
2777
264923
2780
2781
264925
2784
264928
2786
264931
2788
2789
2792
2793
264937
2794
264942
2800
264948
2805
2809
264955
2812
2813
2814
264959
2816
2817
264962
2820
527108
264965
2824
264968
2825
264970
2828
264972
2829
264973
527118
2832
264976
2834
264979
264980
2838
264983
2840
264984
527128
264986
264987
2845
264989
264992
527136
2850
264995
2853
265000
2857
265001
265003
2861
265005
527149
2862
265007
2864
265008
2865
265010
2868
265012
2870
265015
2872
2873
2876
265020
265022
527166
2880
265024
2881
265026
2884
265031
2888
265034
2892
265036
2893
265039
2896
2898
265042
2900
2902
265046
2904
265051
2909
265053
265055
2912
2916
2917
265063
265065
2925
2928
265072
2929
265073
2930
265075
2932
2936
265082
265083
2941
2942
2945
265089
265091
2948
265093
265095
2952
2953
265098
2957
265101
2958
265102
789391
2961
2962
2964
2966
2968
527256
265115
265118
789406
2976
265120
265123
2980
2982
265126
2984
2985
265131
2989
789421
2990
265134
2993
265137
2994
2997
265141
2998
265143
3000
265147
3005
3006
265151
3009
3012
265157
265160
3017
265162
3020
3021
265166
3024
265168
265172
3029
265173
3032
265176
3034
265180
3037
3038
265182
3040
265184
3041
789474
3044
265188
3045
265191
3048
3049
265194
3052
265196
3054
3056
3057
265201
3060
3062
265206
3064
265209
3066
265211
3068
3069
265214
3072
265218
265219
3076
265223
3080
265224
3081
265226
265227
3084
3086
265230
3088
3089
265233
265235
3092
265236
265239
3096
3097
265242
789530
3100
265244
3101
265247
3105
265249
3106
265250
3108
265253
3110
265255
3112
265257
265259
3116
265261
265263
3120
3121
265265
265267
3124
3125
265270
3128
3129
3132
3136
265280
3140
265285
3142
265287
3145
265289
265290
3148
265292
265295
3152
3154
3156
265300
3160
265304
3162
265307
3164
3165
3167
265311
265312
3169
3171
265315
3172
265318
3175
265319
265323
3180
265327
265329
265330
3188
265333
3191
3192
265336
3193
3195
265342
3199
3200
265344
265346
265347
3204
3207
265351
3208
265353
265354
3212
3213
265358
3215
3216
265362
3219
3220
3223
3224
527512
3227
265371
3229
265374
3231
3232
265376
3233
265378
3236
265380
3240
3243
265388
789677
3247
3248
265393
265394
3251
3252
3255
265399
3257
265401
3259
3260
265404
265406
265407
3264
265409
265410
3268
265412
3272
265416
265417
3275
265419
3276
265422
3279
265425
3283
3284
265428
265430
3287
265433
3291
265435
3293
265439
3296
265440
265441
3300
265446
3303
3304
265448
265451
3308
265453
265454
3311
265456
3313
3315
3316
3319
3320
265464
265466
265467
3325
265469
3327
265471
265472
265474
3331
3332
265476
265478
265481
3338
265485
3342
265489
3346
3347
265493
3350
265494
527640
265497
3354
265498
3358
265505
3362
3363
265507
265509
3366
265511
527656
3370
265514
265517
3374
265518
3375
265520
3378
265523
3380
265526
3383
3386
265530
527675
3388
265532
3390
265536
3394
3395
265539
265540
3398
3399
265543
3402
3403
265548
265549
3406
265550
3407
265552
3410
265554
265558
3415
265561
3418
3422
3424
265568
3428
265572
3431
265577
3434
3435
3436
3438
265583
3442
527730
3445
3449
265596
3453
3455
265599
3457
265602
3459
3461
3462
265607
265608
3465
3466
265611
265612
3469
3470
265615
3473
265620
3477
3481
265625
527769
3482
265628
3485
265630
265632
3489
265635
3493
265639
265641
3498
265644
3501
3502
265647
3505
3506
265651
3509
3511
265656
3513
265657
265661
3518
3521
265665
265667
3524
3525
265670
3528
789960
265673
3532
3537
3538
3540
265684
3544
3545
265689
265691
3548
265693
3550
3552
265696
3554
3556
3557
265701
3560
527848
3563
3564
265708
3567
3569
265714
3571
3572
265717
527861
3575
265719
3577
265722
3579
3580
3581
265725
3583
3584
265728
265729
3587
265731
3588
265732
3589
3591
3592
265738
3596
265742
3599
3600
3603
265747
3606
265750
265753
3611
265758
3615
265760
3618
3619
265763
3622
3624
3627
265772
3630
265774
3632
3634
3635
3638
3640
3642
3646
3647
265791
3650
3651
265795
265797
3654
3655
265799
3658
790091
3662
265807
3666
265810
3667
265811
265813
3670
265816
3674
265818
3676
265821
3678
3680
265824
3682
3684
3686
265830
3688
265832
3690
265834
265837
3694
3695
265839
3698
265845
265846
3703
3707
3708
3710
265854
3712
265860
3718
265862
3719
265864
265865
3722
265867
3724
3726
265870
265872
265874
3731
3732
265876
3734
265881
3738
265883
3742
3743
3746
265890
3750
265894
3752
3754
3755
265899
3758
3760
265904
265906
3763
3767
265911
265913
3771
265917
3774
265918
265921
790209
3778
3782
265926
3783
265928
265929
3786
265931
3790
265935
3794
265938
3795
265941
3798
3799
265943
265945
3802
265948
3807
265951
3811
3814
3818
265962
265965
3822
3824
265968
3826
3827
3830
265974
3832
265976
3834
3835
265981
3838
265985
3842
265986
3847
265992
3851
265995
3852
3854
265998
266002
3859
3860
528148
266005
3863
266009
3866
3870
3871
266016
3875
266022
3879
266026
3883
266027
3886
266030
528174
3888
3890
266037
3894
266039
266040
3898
266042
3899
266046
3903
266051
3908
266052
3910
3911
266056
3914
266058
266059
3916
3919
266063
3920
266066
266067
3924
528212
3926
266070
3930
3931
266075
266078
3935
3936
266080
266081
3938
3939
266084
266086
3947
266091
3950
528238
3951
266097
3954
3956
266100
3958
528246
266103
3960
3962
3963
266107
266109
3967
266111
3970
266117
3975
528263
266121
3979
3980
3982
266126
3983
266129
3986
3988
266133
3990
266136
3994
266138
3995
3998
266142
266144
4002
266146
266148
4006
266152
4009
4010
266156
4013
4015
266160
4017
266161
4019
266164
4021
266166
528311
4025
4026
266170
4029
4030
266176
4033
266178
266181
266182
266184
4041
4042
266186
4047
266191
4049
4055
4057
266203
4061
4063
4065
4066
266212
4069
4070
266215
528359
4073
4074
266218
4075
4077
266221
4078
266223
4081
4082
266226
266229
4089
4090
266234
266237
4095
266239
4097
266242
4101
266245
4102
266247
266249
266250
4109
266256
4114
266258
266260
4117
266263
4121
266266
4123
266268
4125
266272
4129
4130
4133
266278
4135
266280
4137
266282
4139
4141
266285
4142
266286
266287
4145
4147
266291
4149
4153
266297
266299
4157
266303
4161
266307
528452
4165
266310
4169
4171
266316
4174
266318
4177
4181
4182
4185
266330
4190
266335
266337
4194
266339
4197
266342
4199
266344
4201
266346
266348
4205
4206
4209
4210
4213
266361
4218
266364
4221
266367
4224
4225
266370
4228
266374
4234
266378
4236
4241
4244
4245
266390
4248
266392
4249
266395
4253
266397
4254
266399
4256
266401
4261
266405
266407
4264
266409
266411
4268
266412
4272
4273
266418
4277
266421
4280
266426
266428
4285
266429
4288
4292
4294
4296
266441
4298
4300
4302
790736
4308
266452
4310
4312
266459
4316
266460
4318
4320
266465
4322
790754
4324
4325
266469
4328
4329
266474
790762
4332
266476
4334
4336
266480
266482
4340
266485
266488
4345
266490
266492
790780
4349
266493
4352
266496
4353
4356
266500
4357
4360
266504
266506
266510
266511
4369
790803
4372
266516
528660
4373
4377
266521
266522
4380
266524
4382
4384
266528
528672
4385
266529
266531
266532
4389
4393
4396
266540
4397
790831
4400
266547
4405
266551
4412
4413
266557
266558
4416
4418
266562
4420
790852
4421
266566
266568
4425
4426
266573
4430
4433
266577
4436
4437
4440
266584
4441
266586
4445
266590
4448
4449
266593
4452
4453
266597
4455
4456
266600
266602
4459
528748
4461
4463
266608
266609
4466
4467
266611
4470
4474
4475
528764
4478
4479
266624
4483
266627
266628
528772
4487
266631
4488
266633
4490
266635
4492
266636
528780
4494
266639
790929
266643
4500
266645
4504
266648
4506
266650
4507
266653
4510
266655
266657
790945
4514
266660
4518
266663
4522
266666
266668
4525
266671
4529
266673
790961
4530
4533
266677
4534
266679
4537
266681
4538
266684
4541
4542
266687
4545
790977
4549
266693
4550
266696
4553
4557
266702
4561
266705
4562
266711
4569
4570
4573
266717
4577
266722
4579
528869
4583
266730
266731
4589
266734
4593
266739
4597
4598
266742
528888
4605
266750
266754
266755
4612
4616
4617
4620
266766
4624
4627
266771
4629
266774
4633
266777
4635
266781
4640
4641
266785
791074
4644
4647
266791
4649
266794
4651
266798
266801
266802
4659
4660
266805
4662
266808
4666
266811
4668
266813
4672
266816
266819
4679
4680
266824
4683
266829
4686
4691
266835
791123
266837
791129
4698
266842
4702
4703
266847
4704
4706
4707
266851
4708
266855
4712
266858
4715
266860
4718
4719
266863
4722
266866
266867
4724
266869
4726
4727
266871
266873
266875
266876
4734
266878
4736
266880
4738
266882
4739
266885
4743
266888
791177
4746
266891
266894
266896
4754
4757
266902
266904
4761
4765
266909
4769
4770
266915
4773
4774
266919
791207
4777
266922
4781
266925
4782
266927
266928
4787
266931
266932
4789
266934
4793
4797
4799
266943
4801
266946
4805
4806
266950
4809
266953
4810
4813
4814
4817
4818
266963
4821
266966
266970
4827
4829
266973
4830
266976
4833
4834
4838
266983
4840
4841
266985
4844
4846
266990
4848
4851
266996
4853
266997
4855
266999
4856
267001
267003
4860
4861
267005
267008
4865
4867
267011
4869
267014
4872
4873
267017
4875
4877
267021
4879
4880
267024
4883
4884
267029
267031
4888
267034
4891
4892
267037
4895
4899
4901
267046
4903
267047
529191
267048
4905
267050
4908
4909
4912
4915
267059
4916
267062
4919
267064
267066
4923
267068
4925
4927
267071
4928
4931
529219
267076
4935
267080
4939
4941
4944
267088
529232
4945
267090
4947
4948
4951
267095
4955
267099
4956
4959
4960
267105
4963
267108
4965
267110
4967
4968
267113
267114
4971
4972
267119
4976
267120
4977
4979
267124
4984
529272
267129
267131
4988
267135
4992
4993
267138
4995
267140
4999
267144
267145
5003
791435
267148
267150
5008
267152
5011
267155
5012
267158
5016
267160
5017
5019
267164
5021
267166
5023
5024
267168
267171
267174
5031
267177
5035
267181
5038
5039
267183
5042
267187
5044
5046
267190
791478
5047
267191
5050
5053
267197
5057
267202
5060
5061
267206
5064
267208
5066
267210
5068
267214
529358
5072
267216
5076
5077
267223
5080
5081
267225
791513
267226
5084
5086
5089
5090
5092
5093
5096
5098
267243
5100
5101
267245
5110
5112
5114
267259
5116
5117
791550
5120
5122
267266
5125
267269
5126
267271
5128
5129
5132
267278
5136
267281
267283
5140
267285
267287
5144
267290
267292
5149
5151
5152
267297
529441
5155
5157
267302
5159
5160
267304
5164
791597
267310
5167
267313
5172
5173
5176
267321
5179
267323
5180
791612
5183
5184
5188
5189
267333
5191
5196
267340
267341
5200
267344
5201
267345
791634
267347
5204
267348
5207
267353
5211
267355
5212
5213
5215
267359
5217
267361
267362
5219
5220
267364
267365
5223
267368
5227
267371
5231
267375
791664
267377
267378
5235
267380
5237
5239
5241
267385
5243
267389
267390
5247
5249
5251
267395
267398
5255
5257
267402
5259
5263
5264
267408
267410
5267
5268
267412
5272
5273
267417
5275
267419
791707
5276
5279
267423
5280
267426
5284
5286
5287
267431
5290
5294
5295
267439
5298
267443
5301
267447
267448
5305
267450
267451
5309
267455
267456
5315
5318
5319
267463
5321
267465
5322
267468
267472
5329
267473
5331
267475
5333
267478
5337
5339
267484
5341
267488
5345
267490
5349
529639
267496
5353
267498
267499
5358
5359
5361
5362
5365
5367
529656
5369
5371
5373
267518
5376
791809
5381
267527
5384
267530
529676
5389
267533
5390
5392
267536
5393
267539
267541
267542
5400
5402
267546
5404
5406
267550
5408
267553
5413
5416
267560
267563
5420
5421
267565
5422
267566
5424
267569
267571
5428
267573
5432
267577
5434
5437
267581
5441
267586
791875
5444
5447
5448
5451
267598
5455
5456
5460
267606
5464
267609
5468
5471
267615
529759
5472
267617
5475
5476
267621
529767
5480
5484
5487
529775
267633
5492
5493
267637
5495
5496
5499
5500
267644
267647
5504
267650
5507
267652
5510
5511
267655
267656
5514
267661
5519
5520
267664
267666
5523
5526
267670
267671
267674
5531
5532
267677
267678
5535
267680
5539
267683
5540
5542
267686
5543
267687
5544
267689
5546
267692
5550
5551
791983
267696
5554
267700
5558
529847
5560
791993
5562
267708
5566
5568
267713
5572
5575
5578
267722
5579
267724
5582
267727
5586
5587
5590
267734
267737
5594
267740
5597
267741
5599
267743
5601
5602
267746
5606
267750
5607
5609
5611
267755
5613
267758
5615
267761
5618
267762
267764
5621
5624
267768
5625
5628
267773
267775
5632
5633
5636
5637
267781
267783
267785
792075
5644
5645
5648
267792
5650
267795
5652
5653
5654
5656
267801
267802
5660
267805
5663
267809
5667
267813
5671
267815
267817
5674
267820
267825
5682
267827
5685
5686
267832
5689
5690
267836
5694
5697
5698
267843
5701
267847
267849
5706
267850
5709
267853
267856
5715
267860
5717
267862
5721
5722
267867
5726
267870
267871
5729
267873
267875
5734
5735
267880
5737
5738
267882
267884
5741
5743
267887
5745
5749
267893
5750
5753
267897
5754
267900
792188
5758
5759
267903
267904
5761
267907
267908
5765
267911
5769
267916
5773
5774
5777
267921
5778
267923
5781
267928
267929
5786
5787
267931
5789
5790
267935
5793
5794
267939
5797
5798
5799
5801
5805
5806
267950
5811
5814
267959
5817
267962
5819
5822
5823
267967
5825
267970
530114
792260
5829
267976
5833
5835
267980
5837
5838
267983
267984
5841
5842
5843
267987
267988
5845
792278
5849
267993
5850
267994
5853
267999
268000
5859
268003
5861
5862
268008
5865
268010
268012
5869
5870
268016
5874
268018
5875
5877
268021
5878
5882
5885
5886
268031
5889
268034
5891
268036
5893
268037
5894
268039
5902
5905
268049
530193
5906
268052
268054
268055
530201
5914
5917
5918
268062
5921
5922
268066
5923
5925
268071
5929
792361
5931
5933
268079
5937
5939
268083
268084
5941
5942
268086
268088
5945
5946
268091
268092
5949
5950
268094
268097
5954
5957
268101
268103
792391
5960
5964
268108
5965
792399
5968
5969
268115
5972
5974
5976
268120
5978
5980
268124
5982
268127
5984
268128
5985
5986
268131
5988
268133
5993
792425
5994
268138
5996
268141
6000
6001
792433
268146
6004
6006
268150
6008
6009
268154
6012
6013
530302
6016
268160
6018
6020
268164
6021
268167
6024
268168
268170
6028
268174
6031
6032
792466
6035
268179
268180
6039
268186
6043
6044
6047
6050
268196
6053
268199
6057
6059
6061
268205
6062
6065
268209
6066
268211
6070
6072
6073
268217
268219
6077
268223
6080
6081
268227
268228
6085
268231
6088
6089
268234
6092
268236
6093
268238
268240
6097
268243
6100
6104
6105
6107
268251
6108
6111
268255
268257
6115
268259
6116
268260
6120
6121
268265
6123
6124
268270
6127
6128
268272
6129
6131
6132
268276
268278
6135
6136
268281
6139
268283
6141
268287
6144
6145
268289
268291
6148
268293
268295
6152
6153
268298
530443
6157
268301
6159
268306
6163
530451
268310
6167
268312
6171
268318
6175
268319
6176
6179
268324
792612
268327
6184
6185
268329
6187
268331
6188
268333
6192
268337
6195
268340
6199
268343
268347
6204
6207
268351
6208
268353
6211
268357
6215
6217
268363
6220
6221
6223
268368
792656
6226
268371
6229
6233
6234
6236
6237
268381
6240
6241
6244
6248
6250
268395
6253
268397
6254
6256
268403
6260
268405
792695
6264
6265
268409
6269
268413
6271
268415
792703
6272
268417
6275
268420
6278
6279
6282
792715
268428
6286
6288
6291
6294
268439
6297
6298
6301
268446
268448
6305
268449
6307
268452
6309
268453
6311
268456
6313
268457
268460
6318
6321
268465
6325
268469
268471
6329
268475
6333
6334
268479
6337
268482
268484
6342
268486
268487
6345
268489
6346
6347
6349
268493
268496
6353
6354
268500
6357
268501
6358
530647
268504
6362
6363
268508
6365
6367
268512
6369
6370
6373
6377
6378
6381
268525
792813
268527
6386
268530
6389
268535
6393
268537
6395
268540
6397
268543
6401
6402
268546
6403
268547
6405
6406
268550
6409
268553
6410
6413
268559
6417
268561
6419
268564
6421
6423
268567
6425
6426
268571
6429
268575
6432
6435
268579
6439
6440
268585
268586
6444
268589
268590
6447
268592
6449
530737
268594
6451
6452
268597
6455
6456
268600
530745
6459
6460
268604
268606
6463
268607
530753
268610
6467
6468
6471
268616
6473
6476
268621
6479
792911
6481
6483
268628
268629
6487
268634
6491
6492
268638
6495
268640
6499
6500
6503
268647
6504
268649
6507
268653
6510
6511
268655
6514
268658
530805
6518
6519
268666
6526
268671
6529
268673
268674
6533
268677
6534
268680
6537
6541
268686
268687
6545
268689
6549
6550
268694
792983
268696
6553
6554
268698
6557
268701
6558
268703
6561
268705
6563
792995
6565
6566
6569
6570
6573
268717
6574
6578
6579
268723
6582
6583
268729
6586
6588
268733
6590
6592
6593
268738
268739
6596
6597
268741
268743
6600
268745
268746
6604
268749
6608
6609
6612
6613
268758
268759
6616
6618
6620
6621
6622
268767
6624
6626
268770
6628
6630
6632
268779
6637
6638
268784
6641
6644
6645
268791
6649
268795
6652
6654
268799
6656
268802
6659
6660
268804
6663
268807
6664
268809
6668
6669
268813
6671
268815
268819
6676
268820
6677
6679
6680
268826
6684
268828
6685
6687
268831
6689
268833
268834
6691
6692
268837
6695
6697
6699
268843
268844
6703
6706
268850
6707
268851
6711
6712
6714
6716
268863
268866
6723
268867
6724
6726
268870
268872
6730
268876
6733
6734
6736
268881
6739
268883
6740
6743
6747
268892
6749
6751
268896
6755
268899
6757
268901
793190
6759
268903
6761
6763
6764
268908
6767
6770
6772
531061
6775
268920
6778
6780
6782
6786
268930
268933
6791
6792
268936
6795
268939
6796
268940
6798
6799
268943
6800
268945
268947
6806
268950
268953
6810
268954
6811
268957
6814
268960
268961
6818
6820
6823
268967
6825
6826
268971
6829
268973
6831
6833
6834
6837
6838
268983
6841
6842
531131
6845
6847
268992
6849
268995
531139
6853
269000
269001
269003
6861
6862
269006
269007
6866
531154
6869
269013
6870
6873
269019
6878
269023
6880
269026
6884
269028
269030
6888
6889
269033
793321
269039
6896
6899
269043
269044
6902
6903
269049
793338
6908
6911
6912
6914
269059
6918
6919
793351
6922
269066
6924
6926
269070
6927
269072
6930
6931
269075
269077
6934
269079
793368
6937
269085
6942
6943
269087
6945
6949
269094
6953
793385
6954
269098
6957
6959
269103
269105
6962
269106
6963
6965
269110
6969
269116
6973
6974
269118
6975
6977
269121
6978
269122
793412
6981
6983
6986
6987
6989
269133
6990
6991
6994
6995
269140
6997
269142
6999
7002
7003
7005
269151
793439
7009
7010
269155
269157
7015
269159
7017
269161
7021
7023
269167
7025
7026
269170
269172
269176
7033
7037
7039
7041
269185
7043
7045
7046
269190
7047
7049
7053
269197
7054
269201
7058
793493
7065
269209
7067
269213
7070
269215
269217
7074
7077
269222
7081
7082
269228
7086
269230
7087
7089
269233
7093
7094
269238
269241
7100
269247
7104
7106
269250
7108
269252
7112
269256
269257
7116
269260
7117
269262
7120
269265
269266
7124
269269
269271
7128
7129
7133
269278
7136
7137
7140
269284
269285
7142
269287
269288
7145
269289
7147
269292
7150
7152
269298
7155
7156
269301
7159
269303
269305
269306
7163
7164
269308
7166
269310
7168
269312
269313
7170
269315
269317
7174
7175
269319
269322
7179
269325
7184
7186
269330
269331
7188
7191
7194
7195
269342
7199
269344
7202
269346
7203
7206
7208
269352
793641
7210
269355
7212
7214
269359
7218
269364
7222
269366
7226
269370
269372
7229
269374
7231
7233
7234
269378
269381
7238
269383
269384
531528
7241
269386
269388
7245
7246
269390
7249
269393
7251
269396
7253
269397
7254
7255
269399
7257
269402
269403
7261
269405
269406
269410
7268
269414
7273
269417
7274
269419
7276
7277
269421
531566
7280
269425
269426
7284
269428
7285
531574
7288
269433
7290
269436
7293
7294
531582
7296
269441
7298
269443
7300
269445
7302
269446
7304
269448
269450
7309
269453
7310
7312
269458
7316
269460
7320
7324
531614
7328
269472
7329
269473
7330
7332
269477
531622
7336
269480
7337
269481
7340
7341
531630
269487
7344
7345
269490
269491
7348
7349
269493
269496
7353
269497
7357
7361
269506
7363
7364
269508
269510
7367
269513
7371
7373
269517
7376
7377
269522
7381
531669
7384
7387
7388
269535
7392
7393
269537
7396
269542
7399
7400
269544
7401
7403
269547
7407
269551
269553
7410
7411
269557
7414
531702
7416
7418
793851
7420
531710
269568
7426
269570
7427
7430
269577
7434
7436
269580
7438
7440
269584
7442
7443
269589
269590
7447
269592
7450
7452
7454
269598
793887
269601
7458
7462
269606
7463
269607
7466
269612
7472
269616
7474
269619
269621
7478
269622
269623
7483
793915
7486
269630
7487
7490
269634
7491
269637
7495
7498
7499
7503
269648
7506
269650
7507
7509
269653
7510
7513
269657
269659
7517
269662
7521
7522
269666
7525
269669
7529
7531
7533
269679
269681
7538
269684
7541
269685
7542
7545
269695
7552
269697
7557
269701
7561
269706
7563
7564
269708
7567
7569
269714
7571
269716
269718
7576
7579
7581
269725
7583
7584
269728
269730
7587
7588
269732
7591
269735
531879
7592
7593
7595
269739
7596
269741
7599
7600
269744
269745
7603
7604
7607
7608
7611
7612
269756
7613
794046
7615
531903
269762
7619
794054
7623
269770
7627
269771
269774
7631
7636
269780
7639
269783
7640
269785
7643
7644
269790
7647
7648
7651
269795
7652
269797
7656
7657
269802
7659
269806
269807
7664
269810
7667
269812
7669
7671
7672
269817
7675
7676
269821
7679
7680
7681
269826
7683
269830
7687
269831
794119
269833
269836
7694
269838
269839
269841
7698
7699
269845
7702
269846
7703
269849
7706
269851
7710
7711
7714
269859
7718
7719
7721
794154
269867
7725
532015
269872
7729
7731
7733
7734
269879
269880
7737
7738
269883
269885
7742
269888
7745
7746
269891
7749
269896
7753
7754
269900
7757
269903
7760
269906
7764
794196
7768
269912
7769
269914
7772
269916
7773
269917
269919
7776
269922
794210
7779
269923
7783
269927
7787
269931
7790
269934
7792
269936
269937
7795
269942
7799
794231
7802
269946
7806
269950
7808
7810
269954
7811
269957
7814
7819
269964
794252
7821
269965
7822
7823
269967
7825
269970
7829
7830
269975
7832
7833
269977
269979
269981
7838
794270
7840
7841
269985
7844
7845
269990
7848
269992
7850
7852
269996
7853
269997
7856
270000
794288
7857
270002
7860
270004
7862
270007
7865
270009
7866
270011
7869
270015
7872
7874
794306
270019
7877
7878
7880
270026
270027
7886
7888
270032
7890
270035
7892
794324
270037
7894
270039
7896
7897
7899
7900
270045
7903
7904
270050
7908
270053
794342
7911
270055
7912
270057
270058
7915
270060
7917
270061
7920
270065
270067
7924
270071
7928
794360
270074
270078
7935
7936
270082
7939
794371
270084
7941
270086
7944
270089
7947
7950
7951
270095
7954
7955
270099
7956
7958
270102
794393
7962
7965
270109
270111
7969
270114
270115
7973
7974
270118
7977
7978
7981
270125
7983
7985
7986
270131
7990
794422
270135
7993
270137
7994
270139
7997
7998
8002
270146
8003
270147
8006
8007
8009
8012
270156
794444
8013
270160
8017
270164
8021
8022
8024
270168
8025
8026
270171
8028
8029
270174
8031
270177
8035
270179
8036
270181
8039
8040
8042
270188
8046
270190
8050
270194
8054
270198
270199
8056
270201
8058
8059
270204
8062
270209
8067
270213
8070
8072
270219
8078
270222
8080
8082
8083
8086
8088
532377
270234
8091
8094
270239
8097
8098
270242
270243
794532
8101
270245
8102
8105
8106
270250
270252
270253
8110
8113
270260
8118
270263
8121
270266
8125
270272
8129
270273
794561
8133
8134
8137
8138
270283
270284
794572
8141
270286
8143
8145
532436
8150
8151
8153
270298
8155
8158
270302
8159
8161
270308
8165
8166
8169
270313
8172
270316
532460
8174
270318
8176
8178
270322
8180
532468
794612
8181
270325
8184
8188
8189
270333
794623
8192
270337
270339
8197
8198
270342
8200
532488
8202
270347
8204
8205
8209
8210
270354
8212
8214
270358
8216
8217
270361
532505
270363
8220
8222
8224
8225
270369
270371
8228
8232
8233
270377
8236
270380
8238
270384
270386
8244
270388
8245
8248
8249
270393
8250
270395
8252
270398
794686
8255
8256
270401
8259
8262
270406
270408
8266
270410
8267
270413
8270
8271
8272
270417
270418
8277
8278
270424
8282
8283
8285
8286
270430
8289
8290
270434
8293
8294
270441
8298
8299
8301
270447
8305
8306
8309
8311
8313
270460
8317
270461
8318
270464
270465
8322
8324
270468
8326
270470
270471
8328
8329
270474
8333
270477
8334
270479
8336
270481
270482
8339
8341
270485
8343
270491
8348
270492
8349
8351
270495
8352
8355
270500
8358
270502
8359
8362
8364
270508
8366
270510
8367
8370
8371
8374
270518
8375
270520
8378
270522
8379
270524
8383
270527
270528
8386
270530
8388
270533
8390
8394
270538
8395
8396
8398
270542
8400
270544
8402
270547
270549
8406
270550
532696
8411
8414
270558
270560
532704
8418
270564
794852
8423
532712
8427
270571
8428
270573
8430
8435
270581
8438
794870
8442
8444
270588
8447
270592
794881
8450
270595
8452
270597
8454
8455
8458
270604
8462
8463
270607
270608
270610
8467
8470
270614
270615
8472
8474
8475
270620
8479
270623
794911
8482
270626
8483
8486
532774
8487
270632
8490
8491
270635
270636
8494
8495
8498
270642
8499
8500
8502
8503
8504
270650
8507
794940
532797
8510
8511
270656
8514
270659
8518
8519
270664
8521
8523
8525
270669
8527
270671
8530
270675
8533
270677
8537
270681
8538
8540
270685
8542
270688
8545
8548
270692
8549
8552
8553
270697
8556
8558
270703
270704
8562
270707
794995
8565
270710
8567
270712
8571
8572
795006
8576
270720
8578
270722
8580
270724
8586
8590
270735
270737
270738
8599
8602
270746
8604
8606
8610
270754
270761
8618
8619
270766
8623
8624
270768
8626
270770
8627
270772
8629
270773
8630
270776
8633
270778
270780
8637
8638
8639
270783
795072
8641
8645
270791
8650
270794
270795
8653
270799
8656
8657
270802
8659
270805
270806
8664
8665
8667
8668
270812
795102
8672
270817
8675
8679
270824
532968
8681
8682
270827
270830
270832
8689
8690
8694
270838
8695
270840
795128
8698
270844
8701
8702
270847
8705
270850
8709
270853
8710
8712
270858
8716
8720
8724
8725
270870
270871
8729
270873
8730
270875
8732
270877
8736
270883
8741
8742
270887
8744
8746
795178
8748
270894
533040
8753
270898
8756
8757
270902
8760
270904
8762
270906
270908
8766
795199
8769
8770
270914
270917
8774
8776
8777
270922
8781
270928
8785
270930
270931
8788
795220
8790
270934
8794
270939
270942
8802
270947
8804
270948
8806
270950
8808
270952
795241
8813
270957
270960
8817
270961
270962
270964
8822
270967
270969
8826
270971
270973
8830
270974
795262
270976
8833
270980
8837
8838
8840
270984
270986
8844
8845
270989
270991
8848
270993
8850
795283
8852
270996
8853
270997
270999
271000
8860
271004
8863
271007
8864
271009
8867
271013
8871
271015
271016
795304
271018
8875
271021
271023
8880
8881
271027
8884
8887
271031
8889
271034
8891
271035
8892
795325
8895
8896
271040
271041
271043
8900
533188
8902
8903
271048
271049
271051
8911
8914
795346
271061
8918
8919
271063
8921
271067
8925
8926
271070
271072
8930
8931
8934
271079
795367
8938
271082
271085
8942
271087
8945
8948
271094
271095
8952
271097
533245
8958
271103
8960
8961
271106
271108
8966
795399
8968
271112
8972
271116
8973
8976
8978
8980
271124
271125
8982
533270
8984
8988
271132
795420
8992
8993
8996
271142
9000
271147
9004
9005
9006
533294
9008
271152
9013
533302
9016
9018
271162
9020
795452
271167
9025
9026
271170
9029
271177
9034
271179
9036
9037
271181
271182
9040
795473
271187
9044
9045
271189
533333
271191
9048
9052
271196
271197
9054
9056
9057
271201
9061
271205
9062
9064
271208
9065
271211
9069
271213
9070
271215
9072
9073
795505
271218
9076
271220
9077
271223
9080
9081
9082
271226
271227
9085
271231
9088
271232
9092
271239
9096
271242
9099
9100
9104
271248
9105
795537
9107
271251
9109
271255
9115
271259
9116
271262
9119
271264
9124
271270
9128
271272
9131
271276
795566
9135
9137
9139
271283
9141
271285
9144
271288
9145
9148
271292
9151
271296
795584
9154
271298
271300
9158
9160
9162
9163
9166
271310
9167
271313
9170
9171
9172
271319
9176
9178
9179
795612
9182
271326
9183
9186
271331
271332
9191
271337
9195
9199
271343
9202
9203
795635
271349
9206
9208
9210
533499
271356
795645
271358
9215
271361
9219
271363
9220
9222
271366
9223
9227
9230
9232
9234
9238
271382
9242
271386
9243
271388
9246
271390
9249
271393
795681
9250
9253
9254
271398
271399
9257
9260
271404
9261
271406
9264
271408
9266
9268
271412
9269
9270
271414
9272
271416
9273
271418
9276
271422
795710
9280
9281
271425
271427
9284
271429
533573
271431
9289
271434
9292
271437
9294
271440
795728
9297
9300
271445
9302
9304
271450
9308
9310
271454
533598
9312
795744
9314
271458
9316
271460
9318
271462
9320
271465
9324
271469
9326
271472
271473
795762
9332
271476
9334
9335
271481
9338
9339
271484
9342
271488
9345
9346
795780
9349
271496
9353
271498
271500
9357
271501
9358
9361
9362
271508
9365
9367
9370
271514
271515
9372
9377
795809
9380
271524
9381
271525
271527
9385
271529
9386
9388
271533
9390
271534
9394
271538
795827
9396
9397
271541
271543
9401
271545
9402
9405
271549
9406
795838
9409
271554
9413
9414
271560
9418
9420
9421
271566
795856
9425
9428
9429
9430
271574
9433
9434
795867
9437
9440
271584
9441
271586
9444
271588
9446
271590
9448
9449
271593
271595
9452
9456
9457
9460
9464
795896
9466
271614
9472
9473
9476
9478
271622
9480
9481
795914
271627
9484
271628
9486
271631
9489
9490
9492
9496
271640
9498
9500
271646
9504
271651
9508
795940
271653
9510
9513
9516
9517
9519
795951
9520
271666
9523
271670
9527
795959
271673
9531
271675
9532
271676
9535
9536
271680
271681
9539
271684
271687
9544
271688
9545
9547
271691
9548
271693
9551
271695
9552
271697
271698
9556
795988
9559
271704
9562
271707
271708
9567
271713
9570
9571
9574
271718
271719
271721
9578
796010
9579
271723
9582
9583
271727
271729
9587
271731
9590
9591
271737
9594
271742
9599
271745
9602
271748
9606
271750
9610
271757
9614
271760
9618
271762
9619
9622
271767
9626
796058
9627
271772
9629
271773
9631
271775
271777
796066
9636
271781
271784
9641
9643
9647
271791
9649
271793
9651
271797
9655
9656
9657
271802
271804
9661
9663
271807
796095
271808
9665
533954
9667
9668
9675
271820
9678
9679
9681
271828
9685
271829
796117
9689
9691
271837
9694
9695
9697
9698
9701
271845
9702
796135
9706
271850
9708
271852
9709
9710
271854
9712
9713
9716
9717
9720
9721
9722
271866
9724
271869
9728
9729
271873
271874
796164
9733
271877
9734
9736
9737
271881
534025
9740
271887
534033
271890
9748
9750
796182
9751
271895
534041
9754
9755
271900
9758
271903
9761
271906
9763
9765
271909
9767
9769
271913
271916
796204
9773
271919
271920
9778
271922
9781
9785
271930
271933
9790
796222
9793
9795
9797
9798
271943
9801
9802
271946
271947
9804
271949
9808
271952
796240
9810
9812
271956
9813
9814
271963
9820
271965
9824
796258
9828
9832
9833
271977
271979
9836
9837
9839
9840
271984
271986
9843
9847
9848
271992
9852
9855
796287
272001
9859
272006
9864
272009
9867
272011
272014
9871
272016
9873
796305
272018
9875
9876
9878
9879
272025
9883
272027
9886
272031
9890
9891
272035
9894
9898
272043
9902
9903
9905
9906
272050
796339
272052
9909
272055
9912
272056
9913
9916
272062
9919
9920
272064
272065
272067
9924
272069
796357
272070
9927
272071
9932
9935
272079
272080
534224
9939
9940
272087
796375
9944
272090
9947
9948
272092
9951
9952
272097
9955
9956
272100
272102
9959
9960
272104
272105
796393
9964
9965
9967
272111
9968
272113
9971
9972
272116
272117
272119
9976
9979
796411
9980
272124
9983
9988
272132
9990
272136
9994
272138
9995
9998
272143
10000
534288
796432
10002
272146
272148
10006
10008
272152
10011
796443
10012
272157
10014
272159
272161
10018
10019
534307
10022
272166
10026
10027
10028
272172
272173
796461
10030
10034
272181
10038
10040
10042
10043
272188
272189
10047
10048
272193
10050
10051
272195
10055
272199
10056
272200
10058
272203
272205
10062
272207
796495
10065
272211
10069
10070
272214
10073
272217
10074
272220
10078
10081
796513
272226
10085
272229
272232
10089
272233
10090
272235
10093
272237
10094
272239
10097
272241
10098
796530
272243
10101
10102
272246
10104
272250
10108
10109
272255
10113
272257
272259
10117
272262
10120
796553
10122
10124
10126
272271
10130
10132
272277
10134
10135
10138
272282
10139
796571
10142
272288
10146
10147
272291
272292
10150
796582
10151
272295
272298
10155
10156
272301
10158
272302
10159
272304
10163
272308
10166
272311
796600
10170
272315
10173
272318
10176
10177
272321
272323
10180
10181
10184
10185
796618
272331
10188
10192
10193
272338
10196
272344
10201
272346
10204
272348
796636
10205
272352
10209
272355
10212
10213
272358
10216
272360
272364
10221
10222
272366
10224
10225
10228
272372
10232
10233
10236
10237
272381
10240
272384
10241
272387
10244
796676
10245
10248
272392
10252
10253
272399
10257
272401
10259
272405
272406
796694
10263
10267
272411
272413
272414
10271
10272
10274
272419
272421
10278
272424
10281
272425
796714
10283
272427
10285
272429
10286
10289
272434
10293
272437
272441
10300
796732
272445
10304
272448
10305
10308
10310
272454
272457
10314
272460
10317
272462
272464
10321
10322
796754
10324
272468
534612
10328
272472
10329
796762
10332
10333
272479
10336
272481
10340
272484
10342
10344
272488
10346
10348
796780
272494
272496
10354
272499
10357
272501
10358
10361
10362
272506
10364
272509
10366
272511
10368
10369
272515
10372
272516
272519
10376
10377
272521
796812
10382
534670
10384
10386
272530
10388
10390
272535
10392
10393
272539
10396
272542
10399
10400
272544
10403
10404
534694
10407
272552
10409
796841
272554
10411
10412
272558
10415
272560
272563
272565
10422
534712
10426
272573
10431
10434
10436
272580
10438
272582
796870
10439
10442
272586
10446
272590
272591
10450
10453
10457
10458
10461
10463
272607
272610
272612
796900
10469
272615
10473
10474
272619
10477
272621
10478
272623
10481
272625
10482
272629
10486
272630
10488
10489
272635
10492
10493
10496
272640
796929
10500
10501
10505
10507
10509
10512
272657
272659
272662
10519
272665
10523
272668
272671
10529
272673
10531
10532
10536
796971
10541
272686
272687
10545
10546
10548
272693
272695
10552
10555
796989
10559
272703
10560
10563
10564
272710
10567
10568
10569
272713
10572
272716
10575
797007
272722
10579
272724
10581
272726
10583
10587
534875
272733
10591
272738
10595
10596
10598
272742
10599
272743
10601
10602
10603
272747
797036
10605
272749
272750
272753
10610
272756
10613
10614
272758
272759
272761
272762
10619
272764
10621
10622
272767
10625
272771
10630
272776
797064
10633
272778
10635
10637
272781
272783
272785
10642
272786
534930
10645
10646
272790
10649
797081
272796
10653
10654
10661
272805
10662
272807
10665
797099
10669
272814
10671
272816
10673
10676
10678
272823
10680
272825
10684
797117
272831
10688
10689
272833
272835
10692
272836
272838
10695
10697
10699
272846
10703
797135
272852
10710
10711
272857
10714
272859
10718
272862
10721
797153
10722
272868
10726
10727
272871
10729
10730
10734
272878
10737
10739
272883
535027
797171
10741
10742
10745
272889
10748
272893
10750
272896
272897
10756
797189
272903
10760
10761
272905
10764
10765
272909
10769
272915
797203
10772
10774
10776
272920
10777
272923
10781
272925
10784
10785
10788
10789
272934
10792
272938
272939
10796
10798
797231
10800
272944
10802
272946
10804
10805
272952
10809
10810
10812
272956
10813
10816
272960
797249
10820
272964
10821
272966
10824
10825
272969
272972
10830
10832
272976
797267
10836
10838
10840
10841
272985
10844
272990
272991
10848
10851
10852
272996
797285
10855
273001
10862
797296
273009
273010
10867
273012
10870
273016
10873
10874
273019
10877
10878
10881
273025
10882
273026
10885
10887
273031
273033
10890
535178
273035
797324
10893
273037
273039
535185
10898
273042
10899
10902
273046
10904
535192
273051
273052
797341
10910
273054
10913
10914
10917
273061
10918
273064
797352
273065
10922
10923
273068
10929
10930
273074
273076
10934
273078
10937
10938
273084
10941
10945
273089
10947
273092
797381
10950
10952
10953
10954
273101
273104
10961
10964
273109
10966
10968
10969
10972
10973
10975
10976
273120
10979
10980
273126
10983
10984
10987
797421
10991
273135
10992
10995
273139
10996
273140
10999
273143
11000
11003
273149
11008
273154
11011
273157
11015
11016
11017
797450
11019
11020
273164
273165
11023
273168
273170
11027
11028
11031
273175
273176
797466
11035
11037
11039
273184
273186
11043
273188
11047
11048
273194
11051
273195
11054
273198
11058
11060
273204
11062
273206
273207
11066
273210
535354
11067
11070
273214
11072
273217
11074
273218
11076
11077
273221
797510
11079
11080
273224
11081
273228
11085
273232
11089
11091
11093
11095
273240
11099
273243
11103
11104
11108
11109
11112
273256
11113
11115
273259
11116
11120
11124
273270
11127
11131
11132
273276
273278
273280
11137
273281
273283
797571
11140
11142
11143
273287
11146
273290
11147
273291
11150
273294
797582
11151
273295
11155
11157
11158
535447
11161
11162
273306
11165
11166
11169
273313
11170
797605
11174
11175
11177
11181
273325
273328
11185
273330
273332
11191
273336
11193
11194
273338
11197
797629
273343
11201
11203
273349
11206
273350
11207
273352
11210
273356
11213
11214
273359
797647
11217
11219
11221
273365
273367
11226
273371
273372
11229
11230
273374
11234
273378
11235
11237
273381
11238
273383
273384
11241
273387
797675
11246
273392
11249
11250
273396
11253
11255
273399
11257
11259
273404
11261
11262
11265
11268
11269
273415
11272
273417
11274
273418
11276
11277
273422
11280
273424
11281
797715
11284
273428
11287
273431
273434
11291
273438
535582
11296
273440
273442
11300
11301
273445
11303
797735
11304
273450
11307
11310
11311
273455
535600
273457
11314
273459
11318
273463
273467
11324
273469
11326
11327
273471
11332
273476
273477
11334
11336
273480
11338
273485
11342
11343
797775
273488
273489
11346
273492
11350
11352
797785
11354
273498
11356
273500
11357
273501
11360
273504
11364
273508
273512
11369
273514
11371
273515
797803
11373
11375
11376
273521
11378
273525
11382
273526
11383
11385
11386
11389
11391
273535
11393
11394
273539
11397
11398
11401
273545
11402
11405
11406
273551
11409
11410
273555
11413
797848
11417
11418
273564
11421
11422
273568
11425
11426
797859
11428
11429
273574
11431
273577
11435
11436
11442
273586
11446
11447
797880
273593
273594
11451
11456
273600
11458
273602
11459
797891
11462
273606
11463
273607
11466
11467
273613
273615
11473
273617
11474
797908
11477
273622
273623
11481
11482
273627
11485
11490
11492
273638
11495
11497
273642
11499
273644
273647
11504
273650
11507
11508
273652
273655
11512
273656
11513
11515
11520
273664
273667
11524
797956
11525
273670
11527
11528
11530
273674
273677
11534
273678
11539
11540
11542
273686
797974
273687
273689
11546
11547
273691
11550
273694
273696
273697
797985
11554
11558
273705
11566
273710
273712
273715
11573
273719
11577
798009
11578
11582
273726
11583
273728
11585
11586
273730
273731
273733
11590
11594
11596
11597
798029
273746
11604
273750
11607
535895
11611
11613
11615
273759
11617
11619
11620
273766
11623
11624
11627
11628
273772
11631
273775
273778
11635
273779
11636
798068
273781
11639
11640
273784
11644
273789
11647
273792
535936
11649
273793
11652
11653
273797
273798
11655
11656
11657
273801
798090
11659
11660
11663
273807
11665
11667
11668
273813
11672
11673
273817
11676
273820
798108
11679
273826
11684
11685
273830
11687
273833
535977
273834
11691
11692
273837
11695
273840
11697
11699
273843
798131
273845
11704
273848
273850
535995
11708
273852
11711
273856
11715
273859
11717
11719
273863
273865
273869
11726
11727
11728
798160
11734
273878
273879
11736
11738
11740
273885
11742
273886
11743
798177
11746
11747
273891
11750
11752
273896
11754
273898
11756
536044
11758
11760
11762
11763
11766
273910
11767
798201
11770
273915
11774
273918
11776
273920
273921
11778
11782
273927
11784
273929
11786
11787
273931
11790
11792
273937
798225
11795
273941
536085
11798
11799
11800
273945
11802
273949
11806
11808
11810
11811
273957
11814
11818
11823
536111
11824
273968
11826
273970
11827
273971
273973
11830
798262
11831
11834
273979
11836
11839
273984
11843
273987
11845
11846
273990
798279
11849
273993
11853
11857
274003
11862
11863
274011
11869
11871
798303
536160
11874
11875
274019
11877
274021
11879
274024
11881
11882
274028
11885
274029
11886
11889
274033
798321
274035
274037
11894
274039
11897
11898
274043
11901
274048
11905
274050
798338
11907
11909
274053
11910
11911
11913
274057
11914
274059
11918
536206
274063
274067
11925
11926
274070
274071
274073
11930
798362
11933
274078
274079
11938
11940
11941
11942
274086
11944
11946
274091
11948
798380
11949
274093
274095
536239
11953
11954
11956
11958
274102
798391
11961
274105
11962
536251
274109
11968
274113
11972
11973
274117
274118
11976
11977
274122
11979
11980
274126
11983
11986
11987
274132
11991
798424
11993
274138
11997
274142
11999
12001
12003
12005
12009
798441
12013
274158
12017
274161
274164
12021
12025
12026
274170
12029
12030
274176
12034
274180
274182
12042
274186
12045
12046
12049
12050
274195
798483
12052
12053
274199
274201
12058
12060
12064
12066
274210
12068
12072
12073
274217
12074
274219
12076
12077
274221
274223
12080
274224
536368
274227
12085
274229
12086
12088
12089
12090
12092
274236
274238
274241
274242
12100
12101
274246
12104
274251
274252
12109
12110
12113
274257
798545
12114
12116
12120
274264
274266
12125
274271
798559
12129
274274
536419
274276
12133
12134
274282
12139
12143
274288
12148
274293
274295
12152
12153
274298
12155
274301
12159
12160
274307
12164
274309
274310
12167
798599
274313
12171
12172
274316
12175
274321
12178
12179
274323
12182
274326
12183
798617
12186
274332
12190
12191
274336
12194
12195
12198
274342
12202
274347
12206
274351
12210
798645
12214
12215
274359
12217
274361
536506
12219
12221
12222
274366
12225
12226
274371
12229
12230
798663
274377
12234
12235
12237
12238
274384
274385
798673
12242
12245
274389
12247
274392
12250
274395
798684
12254
274399
12257
274401
12258
274402
274405
12262
12265
536555
12270
274414
274417
12274
798706
12277
12278
274422
12281
274425
12283
12285
274430
12287
12288
12290
274434
536578
12291
12294
798727
274441
12298
274443
274445
12302
12304
274448
536594
12307
274451
274452
12309
12311
12312
274456
798746
12315
12316
12317
274462
12319
12321
274465
12323
12325
798757
12327
12328
274473
274474
12331
12332
274477
12335
274479
12336
274480
12337
12339
274483
12341
274487
12344
12345
12347
274491
12349
12351
12355
12356
274501
12359
12360
12361
12365
274510
274512
12369
12372
274517
12375
274519
12379
12381
274525
12382
274527
12385
274530
12389
274536
274537
12394
798828
12397
274541
12398
274545
12403
274548
12405
12406
12407
274551
12409
274553
274554
12411
274557
12414
12415
12417
274561
798849
274564
12421
274565
274567
12424
12425
274569
274571
12429
12431
12433
798866
12435
274579
12436
274580
12437
274581
274583
274584
274586
12443
12444
12446
12447
12450
798883
12452
274596
12454
274598
274599
12458
12459
274603
274604
12461
274608
12465
12467
274612
274614
12472
12473
274619
12476
12477
274621
274623
274624
12481
274627
12485
12488
12489
274633
12491
274635
274636
12495
798927
12496
536784
274641
274642
12499
12500
12504
12506
274652
12509
274653
12510
798942
12511
274655
12513
274657
12514
274660
12517
12518
274663
274664
12522
12523
274669
12527
12529
12530
12533
12534
274678
536823
798968
12538
12539
12541
12542
274686
12545
274689
12546
274690
12549
274693
12551
274695
12553
274698
274700
12557
12558
12561
274705
12562
274706
536851
12564
274709
12567
274711
12568
274713
274715
12573
12578
274722
12579
274723
12581
12582
274726
274727
12585
12586
12587
274732
799022
12591
274735
12593
12595
274739
12597
274741
12599
274743
12600
274745
12603
12604
274750
12607
274752
12612
274756
799046
12616
12619
12623
274767
799056
274769
12626
12629
274775
12633
12634
799067
12637
274782
274784
12641
12645
274791
12650
274794
12652
12654
274798
12658
12660
12662
274807
12666
274811
12671
274815
12672
12675
274819
274823
12680
274826
12683
12684
274828
12686
274830
12688
12692
274836
12696
274840
12698
799131
12702
12707
274851
274852
536996
12710
274854
12711
12712
12714
274859
12716
12718
12719
799153
12722
12723
12726
12727
274871
12728
274873
12730
12731
274877
12734
274881
12738
12740
274884
12743
12744
274888
12746
12748
12750
799182
12751
274896
12754
274898
12755
274901
12758
12759
274904
12762
12766
274910
12767
12770
12771
274915
274917
12775
274919
537063
12776
799208
274921
12779
12780
274925
12783
12785
12788
12791
274935
274937
799226
12795
12800
12804
274948
12807
12808
799242
12811
274956
274958
12815
12816
274961
12819
12821
12824
274968
12826
274970
12827
537115
12828
274972
799260
12830
12831
12832
274977
12834
12836
274980
12839
274984
12841
12842
274986
274987
12845
12846
274990
12849
12850
274995
12854
274998
12857
12859
275003
12861
12862
12865
12870
12871
275016
12874
275019
12877
12878
275023
537167
12881
275025
275027
12884
12885
275029
12888
799320
275036
12894
275039
275040
12897
12898
275042
799330
12900
275045
12902
12904
275048
12912
12916
275060
12917
275063
12921
799353
12924
537214
12928
12929
12932
12935
12936
275081
275083
12940
12943
799378
12948
275094
12951
275095
12953
12955
275099
12956
12960
275105
12963
799395
12964
12971
275115
12972
275118
12975
275119
12977
12979
275123
275127
12984
12985
12987
537275
12991
275135
275138
12996
275140
275142
13000
275145
275147
13004
13005
799438
13008
275152
13010
275155
275157
13014
13015
13018
275163
13020
13022
13023
13024
13026
275173
13031
537320
275177
275179
13036
13039
537327
13041
275185
13043
13044
275189
13046
13047
275192
275196
13054
13056
13058
13063
799496
13066
13067
275211
275213
13070
13071
275215
275218
275220
13078
13079
275223
13083
799515
275230
13091
275238
13096
13098
275242
275244
13101
13104
275249
13108
13109
275253
275255
13112
13113
13116
13117
537405
13120
13121
275265
13124
13125
275270
799558
275271
13130
13132
275279
13136
275281
13139
275283
13140
13143
275287
275289
275290
13147
275292
13149
13151
275297
13155
799590
13159
275303
13162
13163
13165
275309
13167
275311
13170
275315
13172
13174
13176
799608
13177
275321
13180
13181
13184
275328
13188
799620
275334
13192
13193
13196
799631
13201
275348
13205
275349
275351
13208
13209
275355
13213
275358
13216
275362
13220
799652
275366
13225
275369
13226
13228
275372
13231
13232
275377
13234
275379
13237
13239
275383
275385
13242
13243
13245
275389
13246
13249
13253
275397
13255
275399
13258
275403
13262
13267
275411
13269
275413
13270
13275
13278
13279
275423
13281
799713
13283
13286
13287
275431
13289
13291
275436
799724
275438
13297
275441
275443
13300
13301
13304
13308
13312
13313
13316
275460
13321
275466
13324
13325
275469
799760
275473
275476
13333
13337
13340
275485
537633
13346
275491
13348
13350
275496
13353
13354
275498
275499
13358
13360
275504
13362
13365
275510
13368
275512
275513
13370
13372
799804
275517
275518
13375
13376
13379
275525
13383
537672
13387
275531
799822
13391
275535
13393
13395
13396
275542
13399
537689
13402
13406
275550
13410
13411
275556
275558
13415
13416
275560
13418
275562
275563
13422
13423
799855
13425
275569
13430
13433
799868
13437
275582
13439
275584
13442
275586
13445
13446
275591
13449
275593
13450
799882
13453
275597
13456
275602
13460
275604
13462
13464
275608
13465
13468
275612
13470
13472
799905
13476
13481
275627
275628
13485
13488
275632
13489
275635
13492
13493
275639
275640
537785
275642
275643
13501
13503
799935
13504
275648
275650
13507
13508
275653
13511
13512
275657
275659
13516
275661
13518
275663
13522
275666
13523
275667
275671
13528
537816
13530
275674
13531
275676
275678
13535
13536
13542
13543
537831
799978
13550
275695
537839
13553
13554
13557
13558
13561
13563
275707
799996
13565
13569
275714
13573
275718
13577
13578
275722
13581
800013
13585
13586
537876
13589
275733
13590
13593
275739
13597
275741
13598
13601
275748
13605
13606
275750
13610
13613
13614
13616
275760
13617
13618
13620
275764
13624
275768
275770
13627
13628
800060
13631
275775
13634
13638
275782
13641
13642
13645
275792
13649
13651
13653
13654
275799
13657
275804
13661
13662
275807
13665
275810
275811
13669
13670
800103
275816
13673
13674
13676
13677
13679
13680
275828
13687
13688
275832
13691
275836
13694
13696
275840
13698
13699
13700
800132
275845
13702
13703
13707
13713
275857
13717
800149
13721
275865
13724
275869
13728
275872
800160
13732
13735
13736
275881
13739
13740
13743
13744
13747
275891
13748
275893
13751
275896
13753
275897
13756
800190
275903
275905
13762
13763
13767
13769
13771
275915
800206
13775
275920
13777
275923
13781
275927
13785
275929
13788
13789
13792
13793
13795
275939
275940
800228
13797
13799
13800
275946
13803
275948
275951
13809
275954
800243
13812
275956
13813
13816
275962
13820
13821
275965
13822
275967
538111
13824
800256
13825
275970
13828
13829
275974
800266
13835
13839
13840
275984
275986
13843
13844
13849
13851
275995
13855
275999
538143
13859
13860
13864
276008
13867
276012
276016
13874
13877
538165
13878
13879
276025
800313
13883
276027
13885
276029
13886
13889
276033
13890
276035
13893
13896
13898
13900
13901
538189
13904
276051
13909
13912
13915
13919
13921
13924
13925
13928
276072
13929
13931
538219
13932
276076
800366
13936
13938
13939
276083
13943
276088
13946
276090
13951
13954
800386
13955
13958
13960
13962
13963
276109
13966
13967
13970
276114
13971
538262
13975
276119
276121
13978
276122
276124
13981
13983
276128
13985
13987
13990
276136
13993
276138
13995
276142
14000
14003
276148
276150
14007
276151
14011
276157
14015
276160
276162
14019
14020
276165
14024
276170
14027
800460
14031
14032
276176
14036
14039
276184
14043
276188
14045
14048
14049
14051
276196
276197
14055
538343
14056
276200
14057
14059
14060
14064
538353
14066
14070
276215
800505
14074
14077
14079
14081
14082
276227
14086
14087
14089
14090
276235
14092
14093
14094
276238
800527
276241
14098
276246
14105
276250
14108
800540
14111
14112
276256
276257
14115
276259
14117
14119
538407
276266
14124
276269
14127
276271
276273
14130
276275
538423
14136
14139
14140
14142
276286
14143
276289
14146
14147
14150
276294
14151
14155
276301
14159
276306
14163
14164
276308
538452
14166
14167
276314
14171
800605
14174
14175
276323
14180
538470
14184
14186
14188
14189
800625
14196
14197
276341
276344
14202
276346
14204
14205
14208
276353
14210
14212
276356
276358
14216
14217
14220
14221
14225
276369
14226
538514
276373
14230
276376
276378
276383
14241
276386
276388
14245
800677
276391
14248
14249
276394
14252
14253
14257
14258
276402
276404
14262
14265
538553
14269
14272
538561
14276
14277
14280
276426
800714
14284
14285
276430
14288
14289
276434
14292
14293
276437
14296
276441
14299
800731
14300
276446
14303
14305
276451
14308
14309
276454
14311
14312
14315
14316
276462
14319
14320
276464
14323
14324
276468
14328
276473
14331
14332
276478
14335
14336
14338
276482
276484
14343
14345
14346
14350
276494
14354
800786
276500
276503
14360
14361
14364
538652
14365
276510
14367
14368
14371
800804
276518
14375
14378
276523
276526
14383
14384
276528
14386
14387
538677
276535
14397
538685
276543
14400
14401
14404
14405
14408
14412
276559
14416
14417
14420
14421
276567
14424
14426
538714
14428
800860
14430
276574
14433
276577
14436
276580
14437
14440
14441
14443
14444
276589
14447
276591
14449
276593
276596
14453
14454
14458
14459
14461
276606
14465
14467
14469
14470
14471
538760
14473
14474
276620
14477
276622
800913
14482
276629
14486
276631
14488
538776
14490
14492
14495
276639
14496
276641
14499
14500
276645
14504
14509
276653
276654
14511
14513
276658
14515
14516
14520
276664
14523
276667
14524
14525
276669
538815
14528
14529
14531
276675
14532
14534
14535
276679
538825
14538
276684
14542
276686
276688
14547
14548
14550
14552
14556
14558
276702
276705
14562
14563
14566
14569
276717
14574
276719
14577
276721
276724
14581
276726
14586
276730
14587
276733
14590
14591
276735
14593
801025
14597
276743
14601
276745
14603
276748
14605
14609
14611
14613
14614
14617
14618
276764
14623
276767
14626
14627
14630
14634
801066
14635
14637
276781
14640
276784
14641
276785
14644
276791
14649
14652
14653
14656
276800
276802
14660
14663
276808
14667
276811
276814
14671
14672
14675
276821
14679
14683
276827
14684
276830
14687
14691
14695
14697
14699
276843
801131
14703
14704
14705
14707
276852
14711
539002
14715
14717
14720
14721
14723
539012
276870
14727
14728
14729
801161
276874
14731
14735
276879
14736
276881
14740
276885
276886
14743
14744
276889
276890
14747
14748
14751
14753
276897
14755
14756
14759
539048
14763
276909
14768
276912
276914
14771
276917
14776
14777
14779
14783
276927
14785
276930
14787
801219
14788
276934
14791
14792
14795
539083
14796
14800
14801
801236
14807
14808
14811
14812
276956
276958
14815
14816
276960
276962
14819
276967
14828
276972
14830
539121
14834
276978
14835
276980
14838
14839
801272
276985
14843
14844
14847
276992
14849
14854
14855
276999
801287
14858
277002
14859
14861
14864
277008
14866
277012
14869
801304
14876
14880
14881
14884
277028
14885
14888
14892
539180
14897
277041
14898
277043
14901
14903
801335
14904
14907
14908
14911
14912
277058
14915
14916
277060
14919
801351
277065
277068
14927
801360
277073
14931
539221
14935
14937
277085
539229
14942
277087
14945
277091
277092
14950
277094
14951
14953
14954
14957
539245
14958
277102
14962
14963
277110
801398
14972
277116
14975
14976
277120
14979
277125
14983
277128
277129
14988
14991
801423
14992
14993
14995
14997
14999
801432
15001
15005
539293
15008
277153
15011
15012
277157
15014
15015
277160
15020
277164
15022
15023
277169
15026
15027
277173
15030
277174
15031
15034
277178
15035
277180
277181
15038
15042
15043
277187
277189
15047
15048
15050
801484
15054
277198
15056
15058
15059
15063
15064
15066
277213
15070
277215
15074
15075
277219
15078
15079
277223
277225
15082
277227
15084
15086
15087
277232
15090
15094
801526
15095
15098
15101
277245
15105
15106
15108
15109
277254
15113
15114
15116
15117
15121
15124
15126
15128
539416
15133
15134
15136
15137
15140
15142
539431
15144
15145
15146
15148
277293
15152
277297
15154
15156
277300
15157
277304
15161
539449
277307
15164
277309
15166
15168
15169
15170
15172
15173
539461
15174
277318
15176
15177
277322
277323
15181
15182
15184
277329
15188
15189
15190
15193
277337
15194
15196
15201
15203
15205
15207
277351
15208
801640
15211
277363
15221
15222
15225
277369
15226
15229
277373
15230
15234
15237
15238
277382
15241
15243
15245
801677
15246
15249
15252
277396
15253
15256
15257
15260
15264
15265
15266
15268
15269
277413
15270
277415
15272
15277
277423
15280
15281
277427
15285
15288
15291
15292
15295
15296
277440
801729
15299
277445
277447
15304
277450
15308
277453
15310
277461
15318
15321
277465
15324
801756
277469
15326
15329
277475
15332
15334
15336
15337
15340
15341
15344
801779
15349
277494
15352
15356
15358
15360
277504
15361
15365
277510
15368
277515
15372
15376
277522
801811
15380
277526
15384
277528
539672
15385
15388
15390
15392
15395
277541
15399
15402
15403
539691
15407
15408
277553
15411
15414
277559
15418
15419
277563
15422
801857
15426
15427
15430
15431
15432
15434
15436
15438
277585
15443
15446
15447
801882
15451
277597
15454
15455
277600
15458
277602
15459
277605
15462
15466
15469
277615
801905
15474
277618
277619
15477
277624
15481
15482
277628
15485
15486
15489
15493
277638
15495
15497
277642
277643
15501
277647
15505
277649
277652
15509
277653
15513
15514
277658
277660
15520
277665
539810
15524
15525
277670
15527
15528
15531
15532
15533
15535
539824
15537
15539
15540
15541
15543
15544
15547
801980
15550
15551
15552
15555
15558
15562
15563
277709
15566
15567
277711
15568
15570
539858
15571
15574
15575
15576
15578
15579
277723
15580
15584
15585
277729
15588
277732
15590
15592
15594
277738
15596
15598
15601
15602
277746
15604
15605
277750
15609
802043
15612
15619
15620
277765
15624
277770
15628
15629
277774
15631
15632
15635
15637
802069
277782
15639
15640
277784
15644
277791
15648
277793
277797
15655
277799
15656
15657
15659
15662
277808
15668
277812
15670
15672
277816
277817
802105
15674
15675
15678
277823
15682
15683
15686
277831
15690
802122
15694
277838
15697
277841
15699
15701
277846
15705
277849
15707
277852
15709
15711
15713
15715
15717
15718
277863
15721
15722
15725
15726
15729
15733
277878
15736
15738
15740
15741
15744
15745
15748
15749
277893
15752
15753
15756
15757
15758
277903
15760
277905
277907
15764
15765
15766
277910
277912
15769
277915
540059
15772
802204
15773
15776
15777
15780
277926
15784
277928
15785
15788
15789
15792
15793
277937
277939
15796
277940
15798
277943
15801
15803
277949
15809
15811
15813
15814
277958
15817
15818
277962
277964
15822
277966
15825
802257
15827
15829
277974
15833
277977
15834
277978
15837
15839
15842
15843
277989
15846
15849
277996
15853
278000
15857
15858
15860
15861
278005
15867
278011
15868
15871
278015
15875
15876
15878
278023
15881
802313
278027
15884
15885
15888
15892
15893
15896
278041
802331
15900
278045
15902
15904
278048
15907
278053
15912
278056
15913
15915
278059
278061
15919
15920
278064
278065
15923
802355
278071
15930
15934
278078
15936
278082
278085
15942
15945
278090
278091
15948
15949
278093
15954
802387
15956
15958
15960
15961
15963
15964
15968
278113
15970
15971
278118
15976
278120
15979
278123
15983
278128
15986
278131
15990
278134
802424
15993
15997
16001
278145
278146
16004
16007
16011
278157
16016
16019
16020
802454
16023
16027
278171
16032
16033
16035
16037
16039
540327
16043
16047
278194
16052
16053
16055
540343
278201
278202
16059
16061
16063
278207
16064
278209
278210
16070
16071
16078
16079
278225
16085
16086
278236
16093
16097
16098
802531
16101
278247
16109
16113
16114
16115
16117
16118
278268
16125
16128
16129
16130
278276
16133
16136
16140
16141
278286
16144
278289
540434
16148
16149
278294
16151
16153
16155
278300
278302
16159
278304
16161
802593
16163
16166
278312
16169
16171
16174
16177
16181
16182
16184
16185
278329
16188
278333
278334
802622
278335
16192
16193
278337
16196
16198
16203
16204
278349
16208
16211
16213
16215
16216
278361
278366
16223
278369
802658
16227
16228
16229
16231
278378
16235
16236
16239
16243
16244
278388
16248
802680
16249
16251
16252
278399
16256
278400
16257
278402
16259
16263
278410
802698
16267
16271
278415
16275
16278
278423
16281
278427
16285
278430
16288
16290
278435
16292
16296
16298
278442
278444
16301
16302
802736
16305
16306
278450
16309
16311
278456
16313
16317
16318
16321
278467
16325
278469
16326
16327
16329
278473
16330
16334
802766
278482
278486
16343
16346
278491
16349
278493
16352
16353
16356
16357
16360
278507
278510
16367
16369
16371
16376
540664
16379
278526
16383
16384
16387
16388
278535
16392
16395
16396
278540
16399
16401
16403
278547
16404
16407
16411
278556
16413
16415
278560
16419
16423
16427
278571
16428
802860
16431
278575
16432
16436
278580
16444
16447
278593
16451
16455
16456
16459
278603
16461
278605
16463
16464
278608
16467
278612
278614
16472
16473
16475
278622
16479
16480
540771
16484
16486
16488
16490
16492
16494
16496
16498
16501
16503
278648
16505
16506
802938
278652
16509
278654
278656
16513
16514
16518
16521
16522
278666
16526
278670
540814
16529
802961
16530
278676
16533
278678
278680
16537
16538
16539
278683
16541
16542
278688
16545
16547
278691
16549
278693
16550
16553
16555
16558
16561
16563
16564
278711
16568
16569
16571
278715
16575
16576
278721
16579
803011
16580
16583
16584
16587
16588
540877
278734
16591
278735
16593
16595
16598
16602
16611
16614
16615
16617
278761
16619
278764
16621
278765
16622
16626
16631
16634
16635
278779
16637
16638
16641
278785
16644
16645
16647
16648
278796
16655
278799
16656
16659
278804
16661
803094
16663
16664
16667
16669
278813
16671
16675
16678
278822
16679
16680
16683
16687
278832
16691
16694
16698
16700
16701
278845
16704
16705
278850
16708
16709
278853
278854
16713
278857
16716
16718
16721
16725
16726
278870
16728
278872
16729
803161
278874
16732
16736
16737
16738
278882
16740
16744
278888
16745
803179
16748
16751
278895
16752
16755
16759
16761
16764
278909
16768
16771
16773
16775
278919
16776
16779
278925
16783
16785
278929
278930
541074
16787
16788
16792
278937
278939
16797
278946
16803
16805
278949
278952
16810
16813
16814
16818
278965
16826
16829
541120
16833
278977
16834
16838
16841
278985
16842
16846
16849
16852
16853
16857
16858
16860
16861
279007
541151
16865
279009
16868
16870
16873
279017
16874
279020
16877
16880
16881
16884
16885
279030
16888
16892
16896
16897
16899
16903
16907
279053
16910
279056
16914
16916
16919
279063
16922
16924
16926
16927
279073
16930
279076
16933
16935
16939
16940
16943
279088
16951
279096
16954
16956
279101
16958
279103
16962
279106
16967
803402
279115
16972
16973
16974
16976
16977
16980
16982
16984
16985
803419
16989
279134
16992
16993
541283
16996
16999
17000
17002
17003
17006
17007
279151
279152
17011
17017
17020
279164
279167
17024
17028
279173
17030
17032
803464
17033
17034
17036
17040
803472
17041
17044
279188
17047
279191
17053
17055
17060
17064
279208
541353
17066
279211
17070
17072
17075
279222
17079
279224
17082
17083
279229
17086
17091
803524
17095
279239
17098
17099
17102
279249
17106
17107
17110
17111
541400
17115
17118
17119
279264
17122
17126
17127
279274
17131
17132
17134
17139
17142
279287
17145
17147
17149
17152
17153
279298
17156
17157
17160
279304
17161
17165
279310
17168
803600
279313
541457
17172
279316
17174
17176
17180
17181
279325
279327
279329
17186
17188
17190
17192
17193
17198
17200
17201
279345
17204
17208
17212
279358
279360
279364
17221
279366
279368
17226
17227
279371
803659
17229
17233
17236
279381
17239
17244
803676
17247
17248
17249
17252
279399
17256
279401
17258
17262
803694
279409
17266
17267
279413
279414
279416
17275
17276
279421
17279
17280
279424
17282
17285
17289
17290
17292
279436
17296
17297
279442
17300
17301
279445
17304
17305
279450
803740
17310
279454
17314
279459
17317
17322
279466
17325
17326
17329
17330
279474
17333
17336
17337
17340
17341
17342
17344
279490
279491
17349
17350
279495
17352
17354
17356
17357
17360
279504
17363
17365
279510
17369
17372
17373
803805
17376
279521
17380
17381
279527
17384
279528
17388
17392
17396
17397
17400
17401
17402
17404
17405
17410
279554
17412
17416
17417
279561
17420
17421
279566
17424
17426
17428
17429
279575
17432
279577
17434
17436
17438
17440
17444
17445
17448
17450
17452
17454
17456
17457
17460
541748
17461
17465
279610
803899
17468
17472
17476
17477
17479
279624
17481
17484
17487
803921
17496
279641
17498
17501
17507
17508
17511
17517
17519
17520
279667
279668
17527
17528
17531
17535
17540
279685
17543
803975
17547
17548
17552
17555
17556
17559
17563
803996
17568
17572
279716
17575
17576
279721
17578
17579
279724
17582
17584
279729
541873
17586
279731
17590
279735
17592
17594
17598
17602
17606
17609
17613
17620
17623
17625
17628
17629
17632
279777
17635
17637
17639
17640
17643
17644
541932
804079
17648
17651
17652
17656
17657
279802
17659
541948
17663
17664
17667
804100
17669
17671
17676
17680
17682
17686
17690
279836
17693
17698
17701
17705
279849
17709
17713
17718
279865
17722
279867
17725
279869
542019
17732
17736
17739
279884
17743
804175
17746
17751
17753
279901
17758
17759
17761
804195
17767
17770
17771
279915
17777
17783
804218
17787
17790
17795
17798
17801
17803
17806
17807
17812
279957
17816
279960
17818
17821
279966
17823
17825
17827
17828
17831
17832
17835
17836
279981
17839
279983
804272
17843
17844
279990
17848
279993
17850
279995
17855
17856
17858
17859
17860
17863
17866
280011
17870
17871
280015
17874
804306
17878
17879
280024
17882
17884
17886
280031
17889
280033
17892
17896
280044
17901
17902
17904
542195
17909
17913
17922
280067
17924
17926
17927
280071
804361
17930
17934
17935
280080
280082
17939
17940
17943
542231
17944
280090
17947
17948
17950
17955
804388
17959
17962
542250
17963
17966
17967
280112
17970
804405
17975
17976
17978
17982
280126
17984
17986
280130
17989
17992
17994
17996
17998
18000
18001
18005
18008
280152
18009
18013
18014
280158
18016
18019
18023
18025
18027
18028
280172
18031
18032
18033
18035
18037
280182
280183
18040
280186
18045
280189
18047
280192
18049
18050
18053
18054
280198
804486
18055
18058
280202
280205
18062
280206
280208
18067
280211
280212
18071
280215
18072
280218
18075
280220
18077
280223
280224
18083
280228
18085
18086
280230
18090
18091
542379
280236
280238
18097
280241
18099
280244
280247
18105
18106
280251
18109
18110
280254
18114
18116
280260
18118
280263
18120
804552
18121
280266
542410
18124
18125
280269
280270
280272
18129
280274
280275
18132
280277
18134
280278
18135
280281
18138
280283
18140
280284
542428
804572
280286
18143
280287
18146
280290
18149
18150
542438
280296
18153
18154
280299
18157
280302
18161
280306
18164
18166
280310
280311
18168
280313
280315
18172
280317
18175
280319
18177
280322
280323
18180
18181
280325
18183
280327
18188
280333
18191
18192
280336
18194
280339
18196
18198
280342
18199
280345
18202
280348
18206
280350
280352
18210
18211
280355
18214
280358
280359
18218
18219
280363
280365
18223
280369
18226
280371
280372
18231
280375
280376
18234
280379
280380
18238
280383
18241
280389
18246
280390
280392
18249
280393
280395
18253
18254
280398
804687
18257
280401
18258
18260
280404
280405
280407
18265
18266
280411
18268
18269
280413
18271
280416
18274
18275
280419
280423
18281
280426
280428
18285
18286
280431
18288
18292
18293
280438
18296
280441
280444
18301
18302
18304
280448
18305
280451
804739
18308
18309
280455
18312
18313
280457
280459
18316
18317
280462
18320
18321
280466
280468
18325
18328
280472
18329
18331
280475
18333
280479
18336
280481
18339
280483
18340
804774
18344
280488
280489
18346
280491
18350
280494
18352
280497
18354
18355
280499
280501
18358
18359
280504
18362
18363
18366
18367
280511
18370
18371
280516
804804
18373
18374
18375
280519
280520
18378
18381
280526
280529
18386
18387
280532
18389
804821
280535
18393
280538
280540
18397
18398
280543
18401
18402
280546
18405
18406
280550
280552
18409
18410
280555
18414
280558
18415
18417
280561
18418
280563
18421
280568
18425
280569
18426
804858
280571
18429
18432
280576
280579
18436
280580
18437
280582
280583
18440
18441
280585
804875
18444
280588
18447
280591
18448
280593
18451
18452
280596
280597
280600
18458
280603
280604
280607
18467
280611
18468
280612
18470
280614
280615
18474
280618
280619
18477
280621
18478
804910
18479
280623
280624
18481
280626
18483
280629
18489
280633
804921
18492
280636
18493
280637
280640
18497
280643
18500
280644
280646
280647
18504
18505
280651
18508
18509
280654
18512
18513
280657
18514
280658
18516
280660
280661
280663
18521
18522
280666
280667
18524
280670
18527
18529
804962
18531
18532
280677
280678
18535
18536
280682
18539
280684
18542
280686
18543
18544
542832
280689
18546
18550
280694
18551
280697
542841
18554
18555
280700
18558
280704
18563
280708
18566
18567
280714
18572
280716
18573
280717
18574
18576
280720
280722
805012
18581
280726
280728
18585
280730
18587
18588
280732
18591
280735
280740
18597
18598
280743
280744
18601
805033
18602
280746
280748
18605
18606
280750
280751
18609
280753
280754
18611
280756
18614
18615
18617
280761
18618
18622
805054
280767
18624
18629
280774
18635
18636
280781
18640
280785
280786
805075
280788
280791
280792
18649
18650
280795
18654
280799
18656
280801
18660
805092
18661
18662
280806
18664
280809
280810
18668
18669
280813
18671
280818
18675
280821
280822
18679
18683
280828
18687
280831
18688
18691
280835
18692
280838
18695
18696
280840
805129
18699
18701
280845
18703
280847
18704
18705
280849
18707
280851
280855
18713
18715
280860
18719
280863
18723
280867
280869
18726
18729
280873
18730
280874
18734
280879
18736
18738
280884
18741
280887
18745
280890
805178
280891
18748
18749
280894
280896
280899
18756
18757
280903
18760
280905
18763
280907
18767
18768
280912
18770
280917
18775
18776
280920
18779
280923
18780
280924
280926
18784
280928
280931
18788
280932
280934
18791
280935
18792
280937
280938
18795
280941
18798
280944
18801
280945
18803
280947
18805
18806
280950
805238
18808
280953
18812
280957
280960
18817
280961
18821
280965
18823
18825
805259
18828
280972
18830
280974
280975
18832
280976
18834
18835
280979
280980
280982
18839
18842
18846
18847
805279
280992
280994
18852
18856
281000
281003
18861
281006
18864
281008
18866
18868
281015
18873
281018
18876
281023
18880
18883
281028
281029
18887
281031
18888
18891
281035
18892
281038
18895
281041
18899
18900
281047
18904
281049
18907
281051
18909
18911
281055
281058
18915
281060
18919
281064
281065
18923
281067
543211
18926
281070
281071
18931
281075
18934
281079
18937
18938
281082
543226
18941
281085
281088
281089
18946
18947
281091
805380
18949
281093
281094
281097
543241
18954
281099
18956
18957
281101
18961
281105
18962
281108
18965
18966
281111
18968
18969
18971
281115
281117
18974
281120
805410
18979
281123
18982
281126
18985
18986
281131
18988
18991
281135
281137
18995
281139
18999
19003
281150
543294
19007
19008
281152
19011
281156
281159
19017
281162
19019
805451
19020
281165
281166
19023
281170
19027
281171
281173
19031
19032
281176
281177
19035
281180
281182
19039
19041
281185
19043
19044
281188
19047
281191
19051
19053
19055
281199
19056
281202
281205
19062
543350
281208
281209
19066
281213
19070
19071
281215
281216
19073
19074
19077
281221
281222
19079
19081
19082
281226
281229
19087
281232
805520
19089
281235
19093
281237
281238
19096
19097
281241
19100
281246
19104
19105
281250
19108
19110
281255
19112
281258
19115
19117
19119
19120
281264
281265
19123
281267
19124
19125
281270
19129
281273
19131
19132
281276
281277
281279
19136
19137
281283
19140
281285
19144
19146
281291
19148
19150
281294
281295
19152
19154
281299
281300
19158
281302
19160
281304
281305
19162
281308
19166
281310
19168
281313
19170
281315
281317
19174
281320
19178
281322
19180
19181
281325
19183
281328
19186
19187
281332
281336
19193
281339
19197
281343
281345
19202
281346
19203
19205
281349
19206
19209
281353
543497
19210
281354
19212
281356
281358
19216
19217
281362
281363
19220
281365
19223
281368
805657
19227
19228
281372
281374
19232
281376
19234
281379
19238
19240
19241
281385
19244
281388
19248
281392
19250
19252
281396
19253
19257
281401
19260
19261
281406
281408
19265
281411
19268
19269
19270
281414
19272
19274
19276
281420
19277
19280
281424
19281
19285
281429
19287
281431
281434
19291
19294
281439
281440
19299
281444
19301
281447
19304
19305
281450
19307
281451
19308
281454
19312
19313
19315
19317
19320
281464
19323
281467
281468
19326
281470
281474
281475
281477
19334
281480
19337
281481
19338
281483
19341
281485
19342
281488
805777
19346
19347
19349
281493
281494
19354
19357
19359
19361
281505
281511
19371
19373
281517
281520
19377
281521
281524
281525
19382
281527
19385
19386
281530
19387
19389
281533
281534
281536
19393
281537
281540
19398
281543
19400
281546
19404
281548
19405
281551
19408
281554
19413
281557
19418
281562
281563
19421
281569
19428
281574
19431
281575
281577
281578
19436
281581
281583
19442
19444
281588
281590
19449
281593
805883
19452
281596
19453
281597
19456
281600
19460
19462
281606
19465
281609
19466
19468
281613
805903
19472
281616
19474
281618
281619
19476
19479
281625
19483
281627
19484
19486
281631
19490
281634
19491
543780
19494
281640
281642
281645
281648
19505
19506
19510
281655
805943
281656
19513
281659
19517
19518
281662
281663
19522
281666
19525
281669
19526
19528
281672
19531
281675
19532
281676
19535
19536
805970
19539
281683
281685
19543
19547
281691
19551
281695
281697
19554
19555
281700
19557
281702
281704
19561
281706
19563
19565
19567
281712
19569
19571
281715
19574
281720
19577
19578
281722
281725
19583
281728
19585
19586
281730
19589
19591
281735
19593
19594
281739
19597
19598
19599
19601
281746
19603
19605
281750
19607
19609
19610
281754
19613
281757
19614
281758
281760
19617
281761
19618
281764
19622
281766
281767
543911
19624
19626
281770
19629
281775
19632
19633
281777
281779
19636
19638
281782
281783
19640
19641
19642
281786
19644
19649
281793
19652
281796
19654
281799
19657
19658
281802
281803
19662
281807
281809
19666
19667
281812
19669
19670
281814
19673
19675
19677
281821
281822
281824
19681
281825
19682
281828
19685
19687
281831
19690
19693
281837
19694
281839
19697
19698
19701
281845
281848
19705
19706
281851
19709
281853
19711
281856
19713
19715
281860
19717
281863
19721
281865
281866
281868
19725
281869
281871
19728
19729
19732
19733
19736
19737
281883
19740
19741
281885
544029
19744
19746
281890
19748
281892
19749
281893
281895
19752
281896
19754
281898
19756
281900
19760
281905
281906
19764
806196
19765
281909
281911
19768
19770
19772
281916
19774
19776
19777
281922
19780
19781
281926
19784
281930
281931
19788
281933
19790
19792
281937
19795
19796
281940
19799
19800
281946
19803
281947
19805
19807
19809
281954
19811
806243
19812
281957
19815
281963
19820
19821
281967
19824
281968
19827
281971
19830
281974
19833
281977
19834
281978
19837
19838
19841
281985
281986
19844
281988
19846
281990
19848
19849
281995
19852
281996
281998
19857
282004
19861
19864
19865
282009
282012
19870
282014
19873
19874
282018
19876
19877
282022
19881
19882
282026
19884
282029
282031
19888
282033
806322
282035
19892
282038
19895
19896
282040
19899
19900
282044
19902
282046
19905
19909
282056
19914
19918
282062
19919
282064
19921
19924
282068
19926
282070
19927
19930
282075
19932
282076
19934
282078
806366
19935
282080
19938
19940
282084
19943
282087
19944
806376
282089
19946
282092
19950
282096
19954
282098
19955
19958
282103
19962
19963
282108
19966
282110
19969
282114
19971
19973
19974
282118
282120
806408
19977
282123
19981
282125
19985
282130
19989
19992
282138
19996
19997
282141
282143
20000
282145
20004
282148
20005
282151
20009
282154
20012
282156
20015
20017
282162
20019
20020
20023
282169
282170
20027
282173
20033
20034
20036
20038
282182
806471
20040
282185
282187
20044
282190
282191
20048
282193
282194
20051
20055
282200
20057
20058
282202
20062
282208
20065
282209
20070
282215
20072
20073
282219
20076
282220
20079
282226
20083
282229
20087
20088
282232
20093
282237
20095
282241
282243
20100
20103
20104
20107
282251
282252
20112
282258
282260
20117
282261
20119
282264
20121
20122
282267
282268
20126
282271
20128
20131
282275
20133
20135
282279
20137
282282
20139
282283
20140
282285
282287
20144
282290
20147
20148
282293
20152
282296
282298
20156
20158
282302
20159
20160
20162
20163
20165
282309
282312
20169
20170
282316
20174
282320
20177
282322
20179
20181
282327
20184
282329
282330
20188
282332
282333
20192
282336
20193
282340
20198
282343
20200
282346
20204
282349
20207
806639
282353
20211
282355
20212
282356
282358
20215
282360
20219
282363
20221
282366
20223
282368
20227
282371
20228
20231
20232
20235
20236
282380
20242
20243
20246
282390
20247
282393
20251
282397
20255
20256
282400
20259
282403
20262
282406
20263
20266
544556
20270
282414
20272
282416
20273
20276
282420
20277
20280
20281
282426
20284
20285
282429
282430
544574
20288
20290
282435
20292
282436
20293
544582
20296
282442
20299
282444
282447
20304
282449
282451
20308
282453
20312
544600
20314
20317
282464
20321
20323
20326
20329
282474
20331
282476
20333
20334
282479
544623
20337
282481
20338
282484
20341
282488
20345
282489
20346
282492
20350
20351
282495
20353
20354
282499
20358
282502
20359
282504
20361
20362
544651
20365
282509
20366
282511
20369
282513
806802
282515
20373
282517
282518
20375
20376
282521
20379
282526
20383
20384
544672
282530
806818
20387
20390
282534
20391
282537
20394
282541
20398
282542
20399
20402
20403
282547
282548
20406
282550
20410
282554
282555
20412
20414
20415
20416
282561
20418
282566
282567
20424
20426
20427
282571
282575
282577
20435
282579
20437
20439
20442
282587
282590
20448
282593
20450
282594
20452
282597
20454
282599
20456
282600
282602
20459
282605
544749
20463
282608
282610
20470
282616
20474
544765
20480
282624
20485
282629
282630
20487
20491
282635
544781
20495
20496
282640
282642
20499
282643
282646
20503
20505
20507
282652
544797
20510
282654
282657
20514
20518
20520
20522
282666
20523
282668
20526
282673
20530
20531
20534
20538
282686
282687
282689
20546
282691
20549
282693
20550
20553
20557
20558
20561
282705
20565
20566
282711
20568
20569
20571
282717
20575
282722
20579
20580
282725
282726
20583
282729
20587
20588
282732
20591
282738
20595
282741
282742
20599
282745
20603
282747
20605
544894
20608
20609
282754
20612
282757
282758
20615
20616
20617
20619
282765
20623
282769
282770
20627
282772
282774
20631
282777
20635
282779
282782
20639
282783
20640
282784
282786
20643
282788
282790
20647
20648
282792
20650
20651
20653
282799
544943
20657
282801
20661
282805
544949
20662
20664
20666
282810
20668
282812
20669
20672
20673
282817
20676
20680
20681
20683
20684
282830
20687
20690
20694
20699
282843
282845
20703
20704
20706
20708
544997
20713
20714
282859
282860
20717
282864
20721
282869
282871
20729
282873
20730
20731
282876
20733
282878
20735
282880
20739
545027
282884
20742
20744
20747
20748
20751
282895
20752
20754
282900
20758
20759
282905
20763
20766
282913
20771
282915
282916
20774
20778
20779
20781
282926
20785
20791
20794
20797
20800
282944
20801
282946
20804
282948
20806
282950
20808
282952
20810
282954
20811
282955
20814
282958
20816
20817
282961
282963
20820
20821
20824
20825
282970
20827
282972
282973
20831
20832
282977
20836
20840
20843
282987
20844
20845
20847
282991
20848
282994
20852
20855
807288
283001
20858
20860
283005
20862
20863
283007
20864
20867
20868
283013
20870
20873
20875
283020
20877
283021
20879
20881
20883
283027
20885
283029
283030
20889
20890
283034
20893
283039
20896
283040
20898
283042
283043
20900
283045
283048
20905
20906
283052
20909
283054
20912
283058
20918
283063
20920
20921
20924
283068
20925
283071
283073
20932
283078
283079
20936
283081
20939
283083
20940
283085
20943
283088
20947
20949
283094
20951
20952
283097
20955
283100
20957
283102
20959
283105
283106
20963
20964
20967
545255
283112
20969
283114
20972
283118
20976
283124
20981
20983
20984
283129
20987
20988
20991
20995
20997
20999
283144
283146
21004
283148
807437
283150
21008
283154
545298
21011
21012
283157
283159
21017
283161
21021
283166
21024
21025
283170
21029
283173
283174
21032
807467
21037
283181
21040
283186
21043
283187
21044
545333
21046
21047
21051
21054
283201
21058
283203
283204
21062
283209
21066
21067
21070
807503
283216
283217
21075
21078
21082
545370
21086
21087
283232
21090
21092
21096
283240
21098
283246
21103
283248
21105
283249
21107
21108
283254
21112
283256
21115
283259
21118
21119
283263
21120
283265
21122
283268
21125
21126
21129
545417
283275
21133
283277
21136
283282
283283
21140
21141
283285
283286
21144
545432
21148
21149
283293
21152
283299
21156
283302
21159
21160
21163
545454
21167
21168
283312
21170
21174
21176
283322
21179
21180
21182
21185
21186
21189
283333
283336
21193
21196
283340
545484
283343
21200
283345
21205
21207
21208
283352
21210
21215
283359
21217
21218
283364
21222
283367
21225
21229
283376
21235
283380
21238
283382
545527
283384
21242
21243
21246
21247
283392
21250
21255
283399
21256
283400
21258
21260
283405
21263
21264
21267
21269
283415
807703
283416
21273
21276
21278
283422
21281
283425
21284
807719
21288
21292
21293
21296
21297
283442
21301
21302
283446
283447
21304
21306
283451
21308
283455
21312
21315
21316
21319
283464
21324
807758
21327
21328
283474
21331
283475
283481
21338
545629
21342
21343
21347
283491
283493
21350
21355
21358
21363
283507
21366
283510
283513
21374
21378
283523
21382
21383
21385
21386
283531
21389
283534
21392
21393
283538
21397
283542
21400
21401
283548
283551
545695
283554
283555
21412
21415
283560
283562
21419
283566
21423
21424
283568
21426
283570
21427
283572
21430
21431
283578
21435
21438
283582
21442
21443
21445
21447
21449
283593
283596
21456
21457
21459
283603
21460
283607
21465
21468
807901
21472
21473
283617
21475
21476
283622
21479
283626
21483
21484
21487
283631
21491
21492
21496
21498
283642
283644
21502
283652
21509
283653
21513
21514
545803
283660
21517
21521
283667
21524
21525
545813
21528
21529
283673
283675
21532
21533
283678
21536
283683
21540
283688
21548
21549
21551
21552
283696
283699
283701
21558
21559
21562
283709
21566
283712
283714
21571
21574
21575
283720
21578
283723
21580
21582
283726
283728
21586
21587
21589
283734
21593
21596
283741
21600
283746
21604
21605
21607
545895
21612
21614
21616
283761
21620
21623
21626
21628
283773
21631
283777
21634
283781
21638
21641
283786
21643
21645
283789
21646
283790
21647
283792
21649
21650
283796
21653
808088
21657
283801
21661
283806
283808
21665
21669
21673
21677
21679
21681
21682
283826
21685
21687
21689
21690
21694
283838
21695
21697
21698
283843
21701
283847
21704
283848
21706
21708
283852
21709
21712
21713
283857
283859
21716
21717
283863
21720
546008
283865
21724
21726
283870
283872
21729
21730
283874
21732
21733
283877
21736
283880
21737
21738
283882
283883
21740
21743
21744
21747
21750
283895
283900
21758
21759
283905
21762
283908
21766
21767
21770
21771
21774
283918
21779
283923
21780
21782
283927
21786
21787
283932
21789
21790
546080
21793
21797
21798
21800
283945
21805
21806
21808
546098
21811
283957
21815
21816
21818
21819
283964
283965
21823
283967
21824
283968
21826
21827
21829
283974
283975
21832
283979
21836
21837
21840
283984
283985
21843
21847
283993
21850
21853
283998
21857
284001
21858
808291
284004
21861
21865
284011
21869
21870
284015
21873
21874
284018
21877
284021
21878
284023
21881
284025
21884
21886
284030
21888
284032
21890
21892
284036
546181
284039
21896
284041
21899
21900
284046
21903
21904
21906
808338
21907
21910
21912
284056
21914
284060
21920
284066
546211
21924
284069
21926
21927
21929
546219
21933
284077
21937
284083
21942
808375
21944
21947
284092
21952
21954
21955
284099
546245
21958
284102
21962
284106
21963
546253
21966
284110
284112
21970
284116
21973
284117
21974
21976
284120
21978
284124
21981
284126
21986
284131
21988
21990
284134
21991
284135
21992
21994
21995
21998
546286
22002
22003
284148
22007
284154
22011
22013
22014
284158
22017
22018
22020
22021
284166
284169
284170
22029
22032
22034
22035
22037
284187
22044
284190
22049
22052
22054
284199
22058
284203
22063
22064
22067
22069
284213
22071
22072
22074
22076
284220
22078
284222
22080
22082
284226
22084
284229
22086
22087
284233
22090
284238
284241
22099
22103
22106
284250
22107
22110
22113
22114
22117
22119
284264
22121
284266
284269
22129
284273
22130
284275
22133
22137
22139
284283
22142
546432
22145
22148
22149
284294
22152
22155
284299
284300
22160
284305
22163
284307
22164
22169
22170
284316
22173
284319
22177
22178
22182
284328
22185
22186
546476
22189
22193
284337
22194
284338
22195
22198
22201
22202
284346
284347
22205
22206
22209
284356
22213
22217
284362
22221
22222
22224
546515
22228
22230
284376
22233
22235
546523
22239
22240
22243
22244
284388
546535
22248
284392
22251
22252
22255
22257
284402
22259
22260
22263
22267
22270
22271
22274
22278
284422
22282
284426
22283
808715
284429
22286
22288
22290
284437
22294
284441
22298
22302
284446
808736
22305
22308
284452
22309
22310
22312
22313
22314
284458
22316
22317
284462
22320
22321
22324
284471
22329
22330
22335
22336
22338
284482
22339
22342
284486
284488
22345
546633
22346
284491
22349
22353
284498
22357
22358
284503
284505
22364
22368
284512
22372
22373
22376
22379
284528
284529
284531
22389
284535
22393
22397
284541
22398
22401
22402
284549
22406
22407
284552
22409
22413
22414
284559
22421
284567
22425
22427
22430
284575
22432
22433
284578
22436
22440
546731
22444
22445
284589
284592
22449
22450
22452
22455
284599
22456
22459
22460
22463
284607
808895
22464
22467
22468
22471
284615
22473
22475
22477
22479
22482
22483
284628
22485
22486
284630
284631
22489
284637
22495
22496
22498
22499
22503
22507
284651
22510
22511
22514
22515
284659
546803
22518
22520
22522
22525
22527
284671
546815
22529
22530
22533
22534
284680
22537
22539
22541
284688
22545
22548
284692
22549
22552
22553
22554
22559
22563
22567
284711
22568
284714
22571
284715
22573
284717
22575
284720
22578
22579
22582
22583
22586
284730
22587
22593
22595
284739
22597
22599
22603
22608
22611
22613
284757
22616
22617
284761
22619
284763
22622
22623
284767
22626
284772
22629
22630
284776
22633
22637
22640
22641
22647
22651
284798
22655
22656
22658
22661
284806
22664
22665
22668
809100
284814
22673
809106
22675
22676
22679
284823
22683
284829
22687
809122
22691
284835
22693
22695
284841
22698
22702
22704
284850
809138
22709
284853
22710
284855
22712
22717
284862
22721
547010
809155
22725
284870
284871
22728
22729
284878
22736
809171
22740
22741
22744
22748
22749
284894
22752
809187
22756
284902
22760
22761
22763
22764
22768
22770
22771
284915
22775
284920
22778
22783
22786
22788
22789
22793
22794
284938
22796
22799
22802
22803
284947
22804
284951
22808
284953
22813
22814
22816
809249
22820
22823
22824
22827
22831
284978
22836
22839
22840
22843
284989
22847
284992
22851
284995
284997
547141
22854
284999
22858
285002
22859
285003
285005
22862
22863
285008
22866
285010
285013
547158
22871
285015
285018
22876
285021
22879
22880
285024
22882
22883
547171
22884
285028
285030
22887
22890
285037
22894
22895
285041
22898
285043
547188
22902
285046
22904
285048
22906
285050
285053
22910
285054
22912
285057
22914
285060
547205
22919
809352
285066
22923
285068
285069
22927
285073
809362
22931
22932
285076
285079
22937
22939
22940
285085
22943
547232
22946
285090
285091
22948
22950
22952
285097
22954
22955
285099
22956
285101
22958
22959
809391
285104
22962
285107
22964
285110
22967
22969
22970
285114
547259
22973
285117
22974
285119
285120
22977
285122
22979
285123
22981
22984
285129
22986
22988
22989
285134
22993
285137
22996
285140
22997
285141
23001
285145
23002
285147
23004
285149
23008
23010
285155
23012
285157
285158
23015
23017
23019
285163
23020
23023
23024
285169
547313
809457
23028
285172
23031
285175
23032
285179
23037
285181
23040
285184
23041
285187
23044
285189
285190
23048
285193
285195
23052
285199
285202
23060
285205
809493
23063
285208
23065
285209
23067
285211
23068
23071
285215
23072
285218
23076
285221
23079
285225
23083
285227
23084
23085
285229
23087
285235
23092
285238
23095
23099
285244
23101
285247
23104
285250
285252
23109
23110
23114
285258
285260
23117
23121
285266
23124
23128
23129
285273
23131
23132
285278
23135
23140
23141
285286
23144
285289
23148
285292
285293
23151
285295
285297
23155
23156
285301
23159
285303
285306
23163
285307
23166
285311
285313
23170
23172
285316
547461
23174
23178
285323
285325
23182
23183
23187
285332
23190
285336
23194
23196
285340
23198
23199
285344
285346
23203
23207
285353
23210
23213
23214
285360
809648
23217
23218
285362
285363
23221
285366
285369
23227
23229
23230
285379
23237
23238
23241
285385
285387
23244
285391
23248
23252
23256
23257
285402
23260
285405
23264
23265
285411
23269
285413
23270
23272
285418
23276
285421
23279
285424
285426
23283
285428
23285
23287
285431
285433
23291
285435
23293
285437
23294
285440
23297
23298
285443
23300
23301
285445
809734
23303
285447
23307
23308
285452
23311
23313
285457
285460
23317
23318
285462
285466
23323
285467
23326
809759
23328
23330
23334
23337
285481
23338
23341
23343
285487
285488
23346
23350
23351
285496
23353
23354
23356
23357
23360
23362
23364
285509
285510
23368
23369
23372
285516
23375
285520
285522
23379
23381
809814
23383
285527
547671
23384
23385
285529
23387
23388
285534
23391
285537
23395
285539
23397
23399
285543
23400
23403
23405
285550
23407
809839
23408
285552
23411
285555
285557
23416
809848
23417
285561
23419
547707
285566
23423
23424
285568
23426
285572
23430
23431
285575
23436
23437
23440
285584
23441
23444
285588
285589
547735
23448
23449
23450
285595
23452
23456
23457
23461
23463
285608
285610
23467
23468
285613
23471
285615
285617
23474
23476
23479
23483
23484
285628
23486
23490
285634
285637
23494
285640
23497
23502
285648
23506
285650
23509
23510
285654
23513
285657
809945
23514
23516
285660
23521
285665
285668
23526
285673
285676
23535
23536
285681
23539
285685
23543
285688
23547
285694
285695
23552
23554
23556
285700
285702
23560
23562
285707
23566
285710
23569
23570
285714
23572
285717
23576
547866
23580
810012
285726
23584
285730
547874
23589
285734
23591
23594
23598
285743
23601
23602
23605
23607
285752
23609
285754
23611
23613
285758
23617
23619
285763
285764
23622
23625
285769
285772
23629
23630
285774
23634
23637
285782
23639
23641
23642
23646
23648
23649
23651
547939
285798
23655
23656
23659
23660
285805
23663
23668
285813
285814
23671
23672
285817
23675
285819
23677
285822
23680
23681
23684
285829
547974
285831
23688
285834
285835
23692
285838
23696
285840
23697
285841
23700
285845
23704
285849
23706
285851
547995
23709
285854
23712
285856
23713
23716
285861
285864
23721
285866
23723
285868
23725
23727
285871
548016
810160
285874
285875
23732
285879
23736
285880
23737
285881
285883
23740
23741
285887
23744
23747
285891
23748
285893
548037
23750
23751
285896
23754
285898
23755
285903
23760
285905
285908
23765
23767
285911
23769
548058
23773
285918
285919
23776
23777
285921
23781
285927
23785
23786
285931
23788
285932
23790
285934
548079
285937
23795
23796
285940
23799
23800
285945
285947
23804
23805
285949
23807
23808
285952
23809
285953
23811
548100
285958
23815
285961
23818
23820
285964
285965
23822
285968
23826
285970
23827
285971
23830
285974
548118
23833
23834
23835
285979
23837
285984
23841
285987
23844
23845
285990
23848
285992
548136
23850
285994
23852
285996
23855
23858
286003
23861
286005
23862
286006
286008
23866
548154
286011
23869
286014
23871
23873
23875
23877
286021
23878
286022
810311
23881
23883
286027
548172
286030
23887
23889
286035
23892
286036
23893
286038
23896
23898
23900
23901
286046
548190
23904
23905
286051
23908
810341
286054
23916
286061
286063
23920
286064
548208
286067
23924
23925
23927
286071
286075
548219
23934
286079
23937
286081
23939
286083
23942
23943
23946
23947
286092
23949
23951
23953
548241
286099
23956
23957
286103
23960
810394
23964
286108
23965
286109
23968
286115
23972
23973
286117
23975
286120
286121
23979
286125
23982
548270
286129
23986
23990
286135
23993
286137
23994
23997
23998
24001
286148
548292
24006
24007
286151
24009
286155
24012
286158
24015
24019
286163
24021
24023
24024
286168
286169
24026
24027
286171
24030
286174
286176
24033
286177
24035
24037
24038
286185
24044
286190
24047
286192
24050
286194
286195
24054
286198
24058
286203
286205
24065
24067
24069
286214
24071
286216
24076
24077
286222
24079
24080
286225
24083
24086
286230
286232
24089
286233
548380
24093
286240
24097
286243
24101
24103
24105
286249
286252
24110
286254
24111
24114
286259
286260
24117
24118
286262
24120
548409
286266
286269
286271
24128
24131
286275
24132
548420
24133
286277
24135
286282
24139
286284
286286
24143
286287
286289
24147
24148
286294
24152
286296
24153
24155
286299
24157
286301
24159
286303
24160
24163
286310
24167
810602
24171
286315
24172
548460
24174
286319
286320
24177
286322
286326
548471
286328
24185
24189
286333
286335
24192
286336
24193
24195
286339
24196
286341
24199
286346
24203
24204
286348
24207
286351
24211
24214
24215
810647
286361
24218
24220
286364
24222
24224
24226
286370
24230
286374
24231
286376
24234
286379
24236
24238
24242
286386
24243
286388
286390
548534
24247
24248
286392
24251
286395
24254
286398
286401
24258
286403
286405
24262
286407
286409
24266
286410
24268
286413
24270
286419
24276
286421
24278
24279
286423
24284
286429
286431
24288
24292
24293
286439
24296
286442
286443
24301
286445
286447
24304
286448
286451
24308
24309
24311
286456
24313
24316
286460
24319
286463
286465
24323
286467
24324
286468
24327
286471
24328
286476
24333
24334
286480
286483
24340
286487
24344
24345
286490
24349
24350
24352
24354
286498
24356
286500
24360
286504
24363
24365
24367
286511
286512
24370
286514
24371
286515
810805
24374
286518
24375
286522
24380
286524
286527
810816
286529
286532
24390
286534
24393
24396
286540
286543
24400
286545
24404
286550
286551
24408
24410
24411
286555
548700
24413
286557
286559
24417
24418
286562
24420
286564
286565
24423
24424
286569
24427
24428
286574
548718
24431
286577
24435
24436
24437
286581
24439
24440
548729
24443
24444
24447
286591
24448
286593
24451
286595
24452
24453
286598
24455
286600
24458
24460
24461
286606
24464
24468
24472
286616
24473
548761
24476
24477
286621
24481
24482
548771
24485
286629
24488
24490
24492
286636
24493
810925
286638
24496
286640
286642
286644
24501
24502
286647
24504
24508
286652
24509
286653
24512
548800
24514
24516
286660
24517
24519
286664
286665
286666
24523
24524
286668
24526
286670
810958
286672
24530
286676
24534
24536
24538
286683
24540
24541
24544
286689
24548
286695
24552
286696
286698
24555
24556
286701
24559
286703
24561
286708
24565
286710
24567
548855
286713
24571
286716
24573
24574
286719
24577
286721
548866
286723
24581
286725
286727
24587
286732
24590
286734
24591
286736
286737
24595
286739
24598
286743
286745
286749
24606
24607
24609
286754
24611
286755
24612
286757
24615
286760
24619
286764
24621
24623
286769
24626
286771
24629
24630
286775
24633
286778
24637
286783
24640
286785
24642
24644
286788
548932
24648
286792
24652
24654
286799
24657
286802
24661
286805
286806
24664
24665
286809
24666
286811
24668
286813
24670
286815
24673
548962
24679
286823
24680
286825
24682
24683
286828
24686
286830
286831
24688
24691
286837
24694
286838
24695
24698
24699
286843
548988
24702
286846
24704
286848
286849
24706
24707
286852
24710
286854
24711
286855
24713
286857
286860
286861
24719
24720
24723
286867
24727
286874
24731
286876
286878
24736
549024
24737
286882
24739
286883
286886
24743
286887
24744
24745
286890
24747
286892
24750
24751
286896
24754
286899
24759
286903
24760
286904
286906
24763
286908
24766
286910
24767
24770
24771
286915
286917
24775
286920
24777
286922
24779
286924
24781
24782
286926
549070
24785
286929
286930
24789
286935
24792
24793
286938
811226
24796
24797
286941
24800
286944
24801
549091
24804
24805
24806
24808
286954
24811
286957
24815
24816
286960
286961
24818
286964
24822
286967
549112
24827
286972
24830
24831
286976
286978
24835
24836
24838
286982
286983
24842
549133
24846
24849
24850
286996
24853
24855
287000
24857
24859
287004
24861
287006
24864
287010
549154
24868
287013
24870
24872
287016
24873
24876
287021
287022
24879
287025
24882
287026
24883
287029
24886
24887
549175
287032
24890
287035
24895
287041
24899
24902
287046
24903
287048
24905
287050
24908
549196
287053
811342
287055
24912
287057
24914
287059
24916
24917
24920
287065
24922
287067
24924
24925
287070
24928
549217
24930
287074
287076
24933
811365
24934
24936
287081
287083
287084
287086
24943
287089
24947
24950
549238
287095
24954
287098
24957
287104
24962
287106
24963
287108
24966
287112
24969
24970
549259
24973
287118
24977
24980
24981
287127
24984
24988
287132
24989
287135
24993
24994
24996
287140
24997
24999
287144
25003
549291
25004
287148
25006
287150
287153
25010
25012
287157
25014
287158
25015
25018
25019
287163
25020
25022
25023
287167
549312
25026
25027
287171
25028
287173
25030
287174
25031
287177
25034
25037
287181
25038
287183
25041
25042
287186
25046
25049
287193
25051
25053
287197
25055
287199
549344
25059
25060
25062
287209
25067
25068
25070
25072
287216
25074
25075
287219
287220
549365
25078
287224
287225
25082
287227
287228
25085
25086
25089
287234
25092
287238
811526
287240
25097
287242
25099
287243
25101
287245
25103
287247
25104
287250
287252
549397
287254
25111
287256
25115
25116
287261
25119
287263
25120
287265
287268
25127
287272
25132
287276
25134
287281
25138
287284
549429
25142
287286
287288
25145
287290
25147
25150
25152
287296
25153
25154
287298
25156
811588
287302
287304
25163
287307
25166
25167
287314
549458
25171
25172
287318
25175
25178
287322
25179
287324
287325
287329
25187
549476
287333
25190
25191
287335
25193
25194
287338
287340
25197
25198
287343
25201
287345
287347
25204
287348
25208
25209
287353
287356
25213
25216
549504
811649
25218
287362
25221
287365
287369
287371
25228
25232
25233
287378
25236
25237
287381
549527
25240
287384
25241
25244
25245
25248
287392
25249
549537
25251
25252
287396
25255
25256
287400
287402
25259
287403
287405
25262
287406
287408
287409
25266
25268
25273
25275
287420
25277
287423
811712
25281
287425
25282
287428
549573
287430
25287
25289
25290
25294
287439
25296
25298
25300
25302
287446
25305
287449
25306
811738
287451
25308
287453
25312
287457
549602
287460
287461
25319
25321
287466
25323
25324
25325
25327
25328
287474
25331
25332
549620
25333
287477
25335
287480
25338
287483
25341
287485
287487
25345
287490
287491
25348
549636
287493
25351
25353
287501
25358
287504
25363
25364
287509
549654
25368
25370
287514
25371
25374
25377
287521
25381
25382
25383
287528
549672
25385
287534
25391
25393
25395
287539
25396
25398
287543
287544
811832
25402
25403
25407
287551
287553
25410
25412
287556
549701
25414
287559
25416
25419
287564
25423
287567
25424
287568
25426
287572
25429
287575
549719
25434
25436
287582
25440
287586
549730
287590
287591
25448
25452
287597
25455
287599
25459
287603
549748
25463
287607
25464
287608
811897
287611
25469
549759
25472
25475
287620
25480
25482
287626
25486
287632
25490
25491
25492
287636
287638
25495
25498
25500
287644
549788
287645
25503
287648
25506
287650
25507
287652
25511
287655
25512
25514
25515
25518
549806
25519
287663
25522
287668
25526
287671
287673
25530
25531
25534
25538
287684
25542
287687
25544
287688
549832
287690
25548
25549
25551
25552
287696
25555
549843
287700
25557
287702
25559
287704
25561
287706
25563
549851
287708
25565
287710
25568
287713
25571
287717
25574
25575
287719
287720
25577
25578
287724
25581
25582
287726
287729
25586
287731
25588
25589
287734
287736
549880
25596
287740
287742
287743
25600
25604
25607
287751
25610
25612
287756
25614
287758
549902
25615
25618
25621
287765
25623
287768
25625
25626
25629
287774
287775
287777
287778
25635
287779
287781
25638
287783
287785
25642
25643
287787
287788
25646
287791
25648
287793
25650
25651
25654
287798
287800
25657
287801
25660
25661
287806
549950
25664
287808
287810
25668
287812
287813
549958
287815
25672
25673
287818
25676
287821
287823
25680
25682
287826
25684
287830
287831
25688
25692
25693
287837
287839
25696
287842
25699
549987
287845
25703
287848
25705
287849
25707
287852
25711
25713
287858
287859
25718
287862
25719
287863
287865
550009
25722
287867
25724
287868
287870
287871
25729
25730
287874
287875
25733
287880
25737
287882
25739
550027
812172
25743
287887
25744
287889
25746
287890
25747
25750
287894
25754
287898
25756
25758
287902
287904
25762
25763
287909
25766
287912
550056
25769
25774
25778
25782
25785
550074
25787
25789
25790
287936
25793
25797
287941
25798
287943
25802
287946
25805
25806
287951
550096
25809
25811
25813
25814
287960
25817
25819
25821
287968
25825
550114
287971
25828
25829
287973
25832
287976
25835
25836
287982
25840
25841
287985
25844
550132
25845
25847
287991
25848
287995
25853
287997
287999
288000
288002
25860
288004
25861
550150
288007
25865
25866
288011
25868
25869
288016
25873
25875
288021
25878
25882
288027
288029
25886
25889
288033
25891
550179
25893
288041
25898
288043
25901
25902
25905
288051
288052
550197
25910
25914
288058
25917
288061
288063
25921
288065
25925
288069
288071
288074
25933
288077
25935
288080
288081
25938
288083
25940
25942
550231
25944
288089
25947
288092
25950
288095
25953
25955
25957
288101
288104
25961
550249
288107
25965
288109
25968
25970
25972
25974
288119
25977
288123
550267
25982
812415
25984
25985
288129
25988
25989
288134
25991
25993
288138
25996
550285
25998
25999
288144
26002
26005
26006
288150
26009
288153
26012
550303
26017
288162
26021
26022
288166
26024
26025
288169
26026
288172
26029
26030
288174
26033
550324
26037
288181
26039
288183
26040
288186
26044
288188
812476
26047
550335
288194
26051
26052
26057
26060
26061
288207
26064
26065
288209
550353
26068
288213
26070
288216
288220
26078
288222
26079
26081
288226
26086
26088
288232
26089
288233
812523
26092
288236
288237
26096
26097
288242
550387
26100
288244
26101
288247
26106
288250
26107
26110
26111
288255
26114
288258
288261
550405
26118
288262
288265
26122
288268
26125
288269
26126
288272
26130
288275
26133
26134
550422
288279
288280
26137
288282
26139
26141
288285
288288
288289
26146
288290
812578
26147
288292
288293
288295
288297
288298
26155
26156
288301
550445
26160
288306
26163
288307
26167
26168
288312
26170
288315
288317
26174
26175
550463
26176
288320
26178
288323
288326
26184
288328
26186
550474
26188
288332
812620
288336
26193
288340
26197
288342
288344
812632
26201
288346
550492
26206
26208
288355
26212
26213
288359
26216
288362
26221
288366
550510
26225
288369
26226
26228
288372
812660
26229
288373
26232
288376
26234
288379
812668
288381
288383
26240
550528
288385
26242
288387
26245
288392
26251
288395
288398
26256
288401
288403
26260
26261
288406
26263
288410
26267
26269
288413
26271
26272
288418
812706
26275
26279
288423
550568
288426
26283
26284
288428
26286
288430
26287
288432
26290
26294
288439
26297
288441
26298
550586
288443
26301
288447
288448
26305
26307
26308
26311
26312
26318
550606
26319
26321
26322
288468
26325
26326
26330
26333
288477
288480
550624
26337
26338
288482
26341
288486
26346
26349
26351
26352
288497
26354
288502
550646
26359
288504
26362
26363
26366
288510
550654
288512
288513
26370
26372
288516
26374
288519
26377
26380
812815
26384
288528
550672
288530
26387
288531
288533
26391
26392
26396
288540
288543
26401
288546
26403
288547
26405
288549
26407
26408
26412
288557
26415
26416
550704
288561
26419
288564
26423
26424
26426
288571
288573
26430
26431
288577
26434
288579
26437
26441
26442
288586
288588
26445
550733
26446
288590
288595
26452
288597
26455
288599
288603
26460
26462
288606
26463
288609
288611
26469
288613
26473
288617
26474
550762
812907
26477
288622
26481
26485
26486
288632
26489
26494
26495
26497
26498
288642
26501
288647
550792
26505
288649
288651
26509
26510
288655
26514
26515
288660
288661
812952
26521
288665
288668
26525
288670
26528
288672
812960
26530
288675
26532
288677
550821
26534
288679
26536
288682
26539
26540
288686
26543
26544
288690
26547
288691
26548
26551
812986
26559
288704
288705
26563
288707
26564
26567
288711
26570
813002
288715
26573
288718
550863
26577
26578
26581
288725
26582
288727
26584
26589
288736
26593
550881
26594
288738
26596
26598
288742
813030
26600
288744
26602
26604
288748
26606
288751
26609
288754
288755
550899
26613
288757
26615
26617
288762
26621
288767
26624
26625
288770
288772
26629
288774
26632
288777
26634
288782
26639
26640
550928
26642
26643
26646
26647
288791
288793
26650
813082
26651
288795
26654
288798
26655
26658
26660
26662
288806
26664
288809
26667
288811
26668
550956
288813
26671
288815
288817
26675
288820
26677
288821
288822
26680
26683
288827
288829
550973
26686
26687
26690
26694
288840
288841
26698
288842
26699
26701
288845
550991
26705
288851
26708
26712
288857
26715
288859
26716
288860
288862
26719
288865
551009
26723
26724
288871
26729
26731
26732
26735
288879
288880
26737
26739
288883
551027
26743
26744
288889
26747
288892
288894
26751
26752
26753
288898
26755
288901
551045
26759
288903
26762
288907
288909
26766
26767
288912
26770
26771
288917
26774
26775
551063
26778
288922
26779
288923
288926
26784
288929
26786
288932
26790
288934
551081
26794
288938
288939
26796
26798
288942
26800
288945
26803
26806
288951
551095
26809
288954
288956
26813
288960
26817
26818
288965
26822
288966
26823
288969
26827
288971
26829
26830
288974
26833
26834
551123
288980
26839
26844
288988
26846
288991
26850
26852
288997
551141
26854
289000
26858
289002
26860
289004
26862
26865
289010
813299
26868
289012
26869
26871
551159
289017
26875
289020
26878
289022
813310
289024
26882
289028
26886
26888
289032
551177
26890
26893
26894
289039
26897
289042
289044
551188
26901
26902
289046
289048
26905
289050
26909
289053
26911
26913
289058
26915
289060
26917
26918
289062
813350
289064
26921
26922
289067
26925
289071
289072
551216
26929
26930
289075
26932
289077
289078
26936
289080
26938
26940
26941
26944
26945
551233
26948
26949
26951
289096
289098
26955
289100
551244
26957
289103
26961
289105
289107
26965
289109
26966
26969
26971
289115
26974
289120
26977
26978
289122
26981
26985
289129
551273
813417
26986
26989
289136
26996
289141
26999
289143
27000
289145
27003
27007
289152
27009
289157
27014
27015
289159
27018
27019
289163
289166
27023
27024
289169
551313
27027
27028
289172
813461
27030
289174
27031
27033
289177
27034
27036
27037
289183
289184
27041
27042
27044
27045
289189
813477
289191
289192
27049
27050
289194
289195
27053
551342
289200
27057
27059
289203
289204
27064
289208
27066
289210
27067
289212
813500
27070
551358
27074
813508
289222
289225
289227
27084
289229
289230
27087
27089
27092
27094
289238
289240
27097
813529
289242
27100
289244
27102
27105
27107
289251
27111
289257
27114
551402
27115
27116
289261
27118
289264
289268
27125
27128
289272
289273
27130
289276
27134
27138
289282
27141
289286
289288
289291
27149
27152
289296
27153
813586
27156
289300
27160
27162
289307
27164
27166
289310
27170
289314
27171
289316
27174
289318
551463
289321
27178
27179
27182
289327
289328
27186
551474
27187
289332
27189
289334
27191
27193
27194
289339
27198
289343
27201
289348
27205
289350
289352
551497
27210
27212
289356
289359
27216
289361
27220
289365
27224
289368
27225
289370
813658
289371
27228
27229
289374
27232
27233
551521
27235
289381
27239
289383
27240
289385
27243
289387
27244
27247
27249
289393
27251
289395
551539
27252
289398
27255
289401
27258
289403
27260
289405
289408
27266
289411
27268
27270
289414
27272
289416
27276
27279
551567
27280
289424
27283
289427
27284
27287
289431
813720
27289
27290
27291
289435
27293
27294
289438
289440
813730
27299
289446
27303
27304
289448
289450
27307
289451
27308
289454
27311
27313
27316
289462
27319
551607
289464
27321
289465
27323
27324
289470
27327
289473
27330
27331
27333
289479
289481
289483
551627
27341
289486
27344
289488
289491
27349
27350
289495
27352
27353
289498
289499
27356
27357
289503
27360
27363
289507
289510
27369
289514
27371
27372
27373
289517
289518
27375
289520
27379
551667
289524
27382
289526
27384
27386
289530
27388
289533
551677
27390
27391
289538
27395
27398
27399
289543
813833
27402
289547
27406
27407
289551
551695
27409
27410
289554
27411
27413
289557
289560
27418
27421
27422
289568
27425
289574
27432
27433
289577
289579
27436
27438
27439
27441
289585
27442
27445
27449
27450
551740
27453
27454
289599
289602
289604
27461
27462
289606
551751
27465
27468
289612
27472
27473
289617
289619
813907
289621
27479
289623
289625
27483
551772
27488
289633
289635
27492
551783
27496
289641
27499
289643
289645
27502
289646
289649
27506
27510
27511
27512
551800
27514
289659
27518
27519
289664
27522
27523
289667
289669
27526
27527
27530
27531
289677
27534
27535
289679
27538
289685
27542
289687
813975
27545
289691
27551
289695
27552
289698
27555
289700
27557
289703
551848
289706
27563
289708
27566
27568
289713
27570
289716
27574
289718
289719
27578
551866
289723
289726
27583
27585
289729
27587
27589
551877
27590
289736
27594
27598
289742
27601
27602
289747
27604
27609
27611
27612
289757
551901
289758
27615
289761
27618
27619
289763
27623
27624
289769
27626
27627
27630
289774
27633
551921
27634
27638
289782
289784
27641
289786
27643
289788
27645
27647
289791
27649
289793
289794
27651
289796
289798
289800
27658
27659
289804
27662
289806
27666
289810
27667
27670
289814
27671
289815
551960
27674
289820
27677
289822
27679
289824
27681
289826
27684
27686
289831
27688
27689
289833
289835
27692
27693
289837
27694
551982
27696
289840
27697
289841
27701
289845
27704
289848
27706
27707
289852
27711
289855
552000
27714
289861
27719
27720
289865
27722
27726
289871
27734
289878
27735
552023
289880
27738
289882
27741
289885
27742
27743
27748
27752
289898
27755
27756
27759
27760
289904
27762
27763
289907
552052
27766
289911
27768
289913
27770
27774
289918
27778
289922
289924
552069
27782
289927
27786
27787
289931
27790
27791
27793
289937
289939
27796
27797
289942
27801
289946
27804
289948
552093
27806
289950
27808
289955
289956
27813
289959
27820
289965
27824
289968
27828
289972
27829
289973
552117
27831
27832
289976
27835
27836
289982
27839
289985
289986
27845
27847
289991
27849
289993
289994
27853
289997
27854
27858
290004
27861
290005
27862
290010
552154
27869
290013
290017
27874
27875
290019
27881
290025
290027
552171
27884
290029
27886
27887
27890
290035
290037
290039
27896
27897
290043
290045
27903
290049
552195
27909
290053
290056
27913
290057
27914
290059
290060
290063
27923
290068
27925
552213
27928
290073
290075
27932
27934
27935
290079
290080
27938
290082
290084
27942
552230
27943
290087
27946
290090
27947
27950
290095
27953
27957
290101
27961
27962
290106
27964
27965
552254
290111
27968
27969
290115
27972
290117
290121
290125
27982
27983
290128
552272
814419
27988
27989
290133
27995
290139
552283
27998
27999
290143
28000
290145
28002
28003
290148
28006
290152
28010
814442
28011
28014
290158
28021
28024
290168
28025
290170
814459
290172
552316
28029
290175
28032
28033
290178
28037
28038
290183
28040
290187
290188
28045
552333
28047
290191
28049
28050
290196
28053
290199
28057
28059
28061
28062
290207
28065
290212
28069
28070
28073
814505
28077
290224
814512
28081
28085
290229
290231
552375
28088
290234
28091
28093
28095
290239
28099
814531
28101
28103
290247
290249
28106
28110
290254
290255
28113
28115
290259
28117
290261
28118
290263
290264
28122
290270
28127
28129
290274
28132
28133
28136
290280
290283
28141
28144
290289
290291
28148
290293
552437
28151
290297
28154
290300
28158
290302
28159
28162
290307
552451
28164
28166
28167
28170
290316
290318
28175
290319
28177
290323
28181
28182
290327
290328
28185
814617
28186
290330
290333
28193
290338
28196
28197
28200
290344
290346
552491
28204
290348
28205
290350
28208
28211
290362
28219
28221
290365
552509
290367
28224
290368
28225
290371
28228
28230
290375
290377
28235
290382
28239
28242
290388
28245
28249
552537
290395
28252
290396
28253
814685
28254
290399
28256
28260
28261
28263
290407
28264
28267
552555
290413
28271
290415
290417
28275
290419
552565
28278
28280
28283
28286
290430
28287
552576
28289
290433
290435
814724
28293
290438
290439
28296
28297
290443
28300
290447
28304
290449
290451
28308
552598
28311
28314
28316
28318
290462
28323
290468
28325
28327
28329
28330
552619
290477
290478
28337
290483
28341
290485
28345
290489
28347
290491
28349
290494
552638
28353
28354
290498
290501
28358
28359
290503
28361
290505
552649
28363
290507
28365
28366
28369
28370
290514
28372
290516
28373
28376
290520
28380
290525
290526
28385
290529
290531
28389
290534
28392
290536
28393
290538
28396
28397
290542
28399
290543
28403
290547
28406
28407
290551
28408
28410
290555
28414
28415
290559
28417
28418
290562
28419
290563
290566
28423
290568
290570
28427
290572
28431
290575
552720
28433
290579
290580
28438
28440
290584
28442
290587
28444
28446
28447
290591
28450
552741
28454
28457
28458
290605
28462
28463
290608
28466
290611
28469
28470
552758
28473
290617
28477
290621
290622
28479
28481
28483
28484
290628
28487
552775
290632
28492
28495
28496
290642
28499
28500
28503
28507
290652
28510
290655
28512
28514
28515
290660
28518
290662
290663
28521
28524
28528
290672
290675
552819
28533
28536
28538
290683
290685
28542
28543
28546
552834
28547
28550
290695
28554
290698
290700
28558
290702
290704
28561
28562
290706
28565
290710
28571
552860
28573
290717
290719
28577
290721
28578
290723
28581
290726
28583
28585
28589
28590
290734
290736
28593
28597
28598
290744
28601
290747
28604
290748
28605
290751
28608
28609
290753
28610
28614
28616
290760
28620
28621
28625
290769
28626
552914
28628
290772
28632
290776
290778
28636
290780
28638
290783
28640
28642
290787
28646
28647
290793
28650
552938
28654
290800
28659
290803
28660
552948
28663
28667
290811
28669
290814
28671
552959
28672
28675
290819
28679
290825
290826
290828
28687
28688
290833
28690
28692
290836
290838
28696
28698
290842
28699
290843
290846
28703
28706
290852
28709
290853
28713
290858
290860
28717
28722
28723
290867
28725
28726
28730
28733
28734
553023
28736
290881
28740
290885
290886
28744
28745
290889
290891
28748
815180
28752
290897
28755
290899
28757
553045
290903
815191
28761
290906
28765
290910
28769
28770
815202
28772
28775
28776
28777
28779
290924
815213
290926
28783
28784
553074
28787
290931
290934
28792
815224
28795
290941
28799
28800
290944
815235
290948
28806
290951
28809
28810
290954
553100
28813
290957
28816
28818
815253
28822
28824
28827
290971
28830
290974
553118
28831
815264
28834
28836
28839
290983
28840
290985
28842
28843
815275
290988
28846
553134
28849
290993
28852
815286
28856
291000
28857
291002
28860
28861
28863
291007
291008
553152
815297
28867
28868
291015
28872
28875
291019
815308
28877
291024
291026
28883
28885
28887
815319
28888
291032
291034
28891
291036
28894
28897
815330
291044
291047
28905
28906
291051
28908
28909
291053
815341
28912
28913
291059
28916
28918
291063
28920
28921
291065
28924
553212
28925
291069
28929
815363
28933
291077
553222
28936
28939
291083
28940
815374
28943
291089
28946
291091
28949
28950
291094
815385
28956
291101
553245
28960
291104
28963
291108
28966
28967
291113
28970
291115
28972
28974
28975
291119
291121
28978
291124
28982
553270
291127
291129
28986
28990
291134
291136
28994
291140
28997
291142
28999
553287
29002
29003
291148
29005
29008
291152
29009
291155
29012
29014
291159
29018
29019
291163
29021
29022
291167
29025
291170
29028
29029
291174
29033
29034
291179
29036
29037
29040
291186
553330
29043
291187
291190
29047
29051
291195
291197
29056
29059
29060
291205
29062
29063
291209
29067
291211
291213
29070
29073
291217
29075
291219
291220
29078
29081
29085
29087
291232
29089
29092
291236
29093
291238
29096
291240
29097
29100
291244
553388
29101
291247
29104
291249
29106
291251
29109
291255
29112
29113
291258
29115
29116
29117
29119
553407
29120
291265
29122
29123
291267
29126
291270
29127
291272
29129
29133
291278
29135
29139
29141
291286
29143
291288
29145
29147
291291
29151
29153
29154
291301
29158
291303
29161
291306
553450
29164
29166
291310
29169
291314
29171
291317
29174
291318
29176
29178
291324
29181
29186
291331
29189
291333
291336
29193
553482
29196
29198
291342
29200
291345
29204
29206
29208
29211
553500
29215
291359
29218
291362
29219
291364
291367
553512
291369
29226
29227
29230
291374
29231
291375
29232
29235
553523
29238
291382
29242
291390
29247
29248
291392
29250
29251
29253
291397
29254
553544
29258
291402
29262
29263
291407
29265
29266
291411
29269
291413
29273
291418
291420
29277
29282
291426
29284
29286
291430
29287
291432
29291
291435
291437
29294
29298
29299
29302
291446
29303
291449
29306
29307
291453
29310
291455
29314
29316
553605
29319
29323
29326
291470
553616
29330
29331
291476
29334
29335
29337
29340
29341
291485
29344
29345
291490
29348
291492
29350
291495
29352
29353
291497
29356
291503
29360
291505
29364
553652
29366
291510
291514
29371
291516
29373
29375
29377
29379
29381
291526
29387
291531
29391
29392
29396
291541
29399
29402
291546
29403
291547
29406
553696
291553
29410
291556
29414
291558
29418
29419
29421
291566
29426
553714
291571
29429
29430
291574
29433
291580
29437
29438
291583
29441
291585
291587
29445
29447
29449
291593
291595
291596
29453
29454
291600
29457
29458
291602
553747
291604
29464
291610
29468
815900
291613
29472
553760
29473
291619
29476
29478
291622
29480
29483
291627
29484
291629
29486
553774
29490
291634
29491
291637
29494
291639
291641
29499
291643
291645
29502
291648
29506
291652
29509
553797
29512
29514
291660
291662
29520
29521
29522
291666
29525
291670
29528
29530
291674
29533
291677
29535
29536
291680
291682
29539
291683
553827
29543
29544
291688
29546
29551
29553
29555
29558
29560
29561
29564
291709
29566
291712
29569
29570
29572
291717
29574
291719
29577
291721
29582
553870
291727
29586
291731
29589
291733
29590
29592
291736
29594
29597
291741
29600
553888
29601
29602
29604
291748
291749
291751
29608
29610
291754
29611
29614
291758
29615
29616
291760
553905
29618
29620
291765
29622
291768
29625
29626
29630
29633
291778
29636
291780
29639
29642
29643
291789
29646
29647
291793
29650
29654
29655
29658
29659
291804
29662
291807
553952
291810
29667
29670
291815
29672
291817
29674
291821
29679
291824
29682
29683
291828
29686
291830
29688
291834
29692
29693
291837
29694
291839
29696
291840
291842
29699
29701
29703
29705
291849
553995
29708
291854
29711
29712
29716
291860
29718
291862
29719
29722
29725
291869
291872
29729
291873
29731
291876
291878
29736
554024
29740
291887
29744
291889
291891
29748
29749
291893
29752
554041
29755
291899
29756
291902
29759
29763
554052
29767
29768
29771
29773
291917
29775
291919
29779
291923
29782
29783
291927
29785
29788
29789
29792
291938
554082
291940
29800
29803
291947
29806
291951
29808
291953
29810
554098
29812
29814
29816
29818
291962
29820
29822
291966
29824
29825
29828
291975
29832
554120
29833
291978
291979
29836
29837
291982
29840
291984
29841
291986
29844
29845
291990
29847
291991
554135
291993
29851
29852
29853
291997
291998
29855
292000
29857
292002
29859
292004
554148
29862
292007
29866
292010
29870
292014
554158
29871
292016
292019
292021
29878
292023
29883
29885
29886
29890
29893
29896
292041
292042
29900
29902
29906
292052
29909
29910
29912
292058
29916
554205
29920
29924
292068
292070
29928
292074
29933
292080
29937
292082
29940
292084
29944
29945
292089
29948
29949
292094
29953
292098
29956
29957
292101
29959
29960
29963
29964
292109
29967
292112
554258
816402
29971
292115
29972
29974
292118
29975
29978
29979
292125
816413
29983
292129
29986
29987
292131
29989
292133
554278
292136
816424
29994
29995
29997
292141
29998
30001
292145
30002
816435
292148
292151
30008
30009
30010
30012
292156
292158
816446
30015
292159
30016
30018
30019
292164
30022
292168
816457
30026
30029
30031
30033
30035
816468
30037
30038
292182
30040
30041
292185
292187
30044
292189
30048
292192
292194
30053
292198
292201
30058
292202
30059
30061
30062
30064
554352
30066
292210
30069
30071
292217
30075
292219
30077
292222
30081
30082
292227
30085
30086
292230
30087
30089
292234
30092
30093
30095
30096
292240
30099
292243
30101
292245
30102
30105
30106
30109
554397
30110
30113
30116
30118
292262
30121
30122
292266
30125
292269
30126
292271
30129
292274
30131
554419
30132
292278
30139
292283
30140
292284
292287
554432
292289
30147
30150
292294
292296
292298
30155
30158
292302
30161
292305
292306
30165
30166
292310
30168
292312
30169
292315
30172
30173
292320
30178
816611
30180
30181
30185
30188
30193
292337
292340
30197
30199
292343
30202
292347
30205
30206
292350
292352
554497
30212
292358
30215
30217
292365
30224
30225
30228
292372
554517
30231
292376
30235
292379
30238
292382
30239
30242
292388
292390
292391
30248
292394
30251
292396
30253
30255
292402
30260
30261
30263
292407
30267
30269
292414
30276
30279
292423
554569
30283
30285
30287
30288
292432
292434
30291
30294
30296
30298
30299
292445
30302
292447
30306
292450
30314
30315
292460
30317
30318
292462
554606
30322
30325
30326
30329
30330
30333
292477
554623
30337
292481
292483
292486
30343
292488
30345
30347
292491
30348
30351
292496
30355
30358
292502
30359
292505
30362
30363
30366
30367
30370
292514
30371
292516
30374
292519
30376
30378
30380
30381
292526
30384
292529
30387
30388
30390
554678
30391
30394
30398
292542
30403
292547
30404
30406
292552
554696
30410
30411
292555
292558
30415
292559
292561
30418
30419
292564
30422
292568
30426
292570
292572
30430
292575
30432
30434
30436
292580
30438
292584
30441
292585
292587
30444
30445
292591
30448
292593
30452
30455
30456
292600
30459
292605
30463
554752
292609
30467
30469
292613
30471
30472
292616
816904
292618
30476
30479
30483
292628
30486
292630
30489
30491
292635
30493
292638
30497
30498
292644
30501
30502
30504
30505
292652
30512
292656
30513
292658
30516
30517
554805
292662
30519
30521
30523
292667
30524
292670
30527
30528
292673
30532
292677
292678
30535
30536
292681
30539
30540
292687
30546
30548
292693
292695
30553
30554
292698
30557
292701
30558
292704
30561
292706
30563
30565
292711
30569
292713
30571
292716
30574
292719
30576
30577
292723
30581
30584
30585
292730
292731
30588
30590
30592
292736
292738
30597
292741
30601
30602
292747
30605
292749
30606
292751
30609
292755
30613
30614
292758
30616
30617
292761
30620
30621
292766
292769
30626
30627
554917
30630
30631
292777
817065
30634
30635
292781
30638
30641
292785
292787
817076
30645
292790
292792
30649
292794
30652
30653
292797
292801
30658
30660
30662
292807
292811
30669
30670
292814
554958
30673
292817
292820
30679
30681
292827
30687
30688
292832
292834
30692
30693
30696
30698
292842
817131
30700
292844
30702
30703
292850
30707
30708
30710
30711
292855
30714
30717
292861
30721
292865
30722
292868
30725
30726
30728
30729
30732
30733
292879
555023
30736
30737
292882
30740
30741
30744
292889
30746
292894
30751
30752
292896
30757
292901
30759
30762
292906
30765
555053
30766
292912
292914
30771
30773
30774
30776
292920
30777
292921
292926
30785
30788
292932
30789
292934
30792
30794
30796
292941
30798
292944
30801
292946
30804
30805
30808
30812
292956
30813
292959
30817
292961
30818
292963
30820
292965
30822
555111
30824
292968
30826
292971
30828
30830
292974
30833
30836
292982
555128
30841
292986
30843
30844
30847
30848
292992
30850
292997
30854
30855
293000
30858
30859
293004
30863
30864
293008
30866
30867
293013
30870
293016
30874
293018
30875
555164
30877
293021
30879
30881
293026
30883
293028
30886
293032
30889
30891
555179
30893
30894
30897
30898
293042
293044
30902
30905
293051
555196
30909
30910
293054
30912
30917
30920
30921
293066
30924
293071
30928
293073
293076
30936
293083
555227
30940
30941
293086
30943
30947
30951
30952
30955
555243
30956
293100
30959
293104
30961
293106
30963
30964
555252
293109
30967
293111
30968
293113
293114
30972
30974
30976
293120
30978
293123
30982
30985
293129
30986
293131
30989
293133
30990
293134
30993
293137
293139
30996
30997
293143
31000
293144
293146
555290
31004
293150
31007
31011
31012
31015
31016
293160
31019
293163
31024
293168
31025
555315
31028
31030
293174
31031
293177
31034
31035
817467
555324
31037
293182
31041
293185
31043
31045
293190
293191
31049
293196
31053
293199
31057
293201
31058
31060
31061
31062
31064
293211
31071
293217
31076
293221
31080
293224
293226
293227
31085
31086
293230
555376
31091
31093
293240
31097
31098
31103
293248
31106
31110
293254
293257
31114
293259
31116
293261
31118
31119
293263
31122
293266
31124
293270
31129
293273
555418
293275
31134
31136
31137
293283
293285
31144
293288
31145
31147
293292
31150
31151
293296
31154
31155
293302
31159
31160
293304
31164
31168
293313
31171
31172
31174
293318
31175
293322
31180
31182
31183
293327
31185
31186
31188
293332
293334
31192
293337
31196
31197
293341
293343
31201
31203
293347
31204
293349
31207
293351
31210
293354
293355
31213
293358
293360
31219
31220
293366
31223
31225
31226
293370
31229
31230
293374
293377
31234
31235
293382
31241
293386
555532
31245
31246
293390
31249
293394
31253
293398
31257
31258
31261
31262
31264
293409
293411
31268
293414
31272
31273
31275
31276
31279
31280
293425
555569
293427
31285
293430
31287
293433
293434
31291
31292
293436
31295
293441
31299
31302
31304
817738
31307
31308
293452
31310
31311
31312
31314
293458
31315
31319
293464
31322
31323
31325
293471
31328
817760
31332
293476
555621
31335
293479
31337
31338
31341
293485
31344
293490
31349
293494
31352
293498
293499
31356
31357
31359
293503
555648
31361
31363
31366
293511
31368
293513
31370
293515
31372
31373
293518
31376
293520
31377
293521
31379
31380
293524
555671
31384
293528
31385
31387
31388
31391
293535
31395
31398
31399
31402
31403
293547
31404
293550
31410
293554
31411
293556
31414
293559
555703
31416
31418
31419
293563
31423
293568
31426
31427
31430
293574
31431
293577
31434
31437
31438
293585
31442
31443
293588
31446
293591
31449
31451
31453
293598
31457
31460
31461
293605
555749
293607
31464
31466
31468
31469
293616
31476
293620
293624
31481
31484
293628
31485
555774
293631
31488
293633
31490
31492
293640
817928
31499
293643
31502
293646
31503
293648
31507
293651
31509
555797
31513
293657
31515
293659
31516
31517
293661
31519
293665
31522
31523
293668
31525
31526
31527
817960
31529
293674
31531
31533
31534
293678
817968
31537
31540
31542
817976
293689
31548
293692
31549
293694
31551
31555
293699
31559
31561
31564
293708
293709
31566
817998
31568
31570
293716
293717
293719
31576
293721
31580
293725
31583
31584
293728
555872
31587
293731
31588
293734
293736
293738
31595
31600
293745
31604
293748
31606
293750
293752
31609
31610
31613
31614
293759
31617
31618
31621
31622
31625
31626
293770
31629
293774
31633
293778
31635
31636
293780
293782
31639
31640
293785
31642
31643
31646
293791
555935
31650
293794
31651
31653
293797
293799
31657
31661
293805
31663
31665
31669
31671
293816
555961
31674
293818
31676
293822
31680
293825
31685
293829
293832
293834
31692
293837
31695
293840
31698
31700
31702
293846
293848
31705
31706
293851
31709
555997
31710
293855
31714
31715
293859
31717
293862
31719
31721
293865
31722
293868
31725
556014
31729
293873
293875
31733
31735
31738
293882
31739
293884
31742
293886
31744
293888
293890
31747
293892
293894
31751
31753
31755
293899
31756
31759
293903
31761
293906
31763
31764
293910
31767
31768
31774
293919
31778
31782
293927
293928
293931
31788
31789
31792
293936
31798
31801
293946
293948
31805
31806
31808
293952
556096
293955
31812
293957
31815
31819
293963
31821
293967
31824
31825
293970
31828
293972
293973
31831
31833
293979
31839
293983
31841
293986
31843
293988
31846
31849
293993
31852
293996
31853
293998
293999
31856
31857
294001
31860
294005
556149
31862
31864
294008
31867
31868
294017
31874
31875
294020
31878
294023
31880
31882
294029
31886
294030
31888
31889
294033
31892
294037
31896
294041
31901
31902
31904
294049
31908
294052
31909
31912
294056
294058
31915
556205
31919
294066
31923
31924
31926
31927
294073
31930
294075
31932
31934
294078
556223
31937
31938
294082
31939
31941
294085
294091
31948
31951
294096
31955
31956
556247
294110
31967
294111
31968
294112
31971
31973
294118
31975
294121
31978
31979
294124
31982
294128
294129
31986
294131
31988
31991
556279
294136
294137
31994
31997
294142
32000
32001
294145
32004
32005
294149
32008
294153
294155
32012
32013
294157
32015
32017
32019
32023
294167
32025
32027
556316
32029
32031
294176
32034
32035
32037
32039
294183
32041
294187
32045
32049
294193
32050
32052
32053
294198
32056
294200
32057
556346
32060
32061
32062
32064
294208
32065
294210
32068
32069
294214
32072
294217
294218
32076
32078
32079
294223
294225
294230
32087
32088
294232
32091
32092
32095
32096
32100
294244
294246
32103
32104
294249
294253
32110
32113
294257
32114
294259
294260
32117
294261
32121
32125
294269
32126
294272
32132
294276
32133
294277
556423
32136
294281
32139
32140
32142
294288
32145
32146
294291
32148
32150
294294
294297
32154
32155
294300
32158
32159
32162
32166
294311
294313
32171
294316
32173
32177
294321
294323
32180
294324
32182
32184
294328
32185
294330
32190
32191
294335
32193
294337
294340
32197
556485
32198
294342
32202
32204
294348
294351
32208
294353
32210
294357
294359
32216
294361
32218
294364
32221
32222
294367
32225
294370
556514
32227
32229
32230
294374
294377
294379
294380
32237
32238
818670
294386
32243
32244
294388
32247
32248
32250
294394
32255
294400
32258
294404
32262
294406
556550
32264
32268
294413
32272
294416
294418
32275
294421
294422
32279
32280
294425
294426
32283
556572
32286
294433
32291
32295
32297
294443
32301
294445
32302
556590
32304
32307
32309
32311
294455
32312
32315
294460
32318
32319
294465
32322
294466
32323
32326
294470
32327
294473
32330
32331
294476
32334
294478
32335
294480
32339
556628
32343
294489
32346
32348
32350
32351
32352
294496
32354
294498
32357
294504
32362
294506
32365
294509
32370
294514
556658
32371
32373
32375
32377
294521
294522
32379
294524
32382
294527
32388
32389
32392
294538
32396
294540
32397
32400
32404
294548
32407
32409
32411
294555
32415
294559
32419
32420
32423
32424
294569
32427
294572
32429
294573
294575
32433
32434
32437
294581
32439
32441
294585
32442
32445
294589
32447
32450
294595
294596
294598
32455
32457
32458
32461
32463
294607
556752
32465
294609
32466
294611
32469
32470
294616
32473
294619
32477
32480
32482
32483
32484
32486
294630
32487
294631
32488
32491
32492
32494
294639
32496
32498
294642
32499
32502
32505
32506
32507
294651
294653
32510
32513
294657
32515
32518
32521
32522
294667
32524
32527
294671
294673
32530
294678
32536
32537
294682
32541
556830
294687
32547
294693
294694
32551
294696
32553
32557
32561
32564
32565
294709
556853
32568
32570
32572
32573
32575
294719
32577
294722
32579
294723
32582
32583
294727
294728
294731
32588
294734
32592
32594
294738
32595
294740
32598
32602
32604
294751
32611
294756
32614
294758
556903
32618
294762
294764
32622
32626
32629
294773
32630
294775
32633
294777
32634
32636
294780
32640
32644
32646
294791
32648
294793
819082
32653
32654
32657
32658
32661
32665
294810
294812
32670
294814
32672
32673
32676
32677
294821
294823
32680
294826
32683
32686
32687
294832
32690
294835
819124
294838
32696
32697
294841
556986
32700
32704
32705
32708
32709
32713
294858
32715
32716
294861
32720
32721
32724
32725
32727
294871
32729
294873
32731
32732
32735
294879
32738
294883
294885
32743
32744
32746
294890
32749
32751
294895
32753
294897
32754
294900
32759
32761
294906
294909
557053
32768
294914
32771
32775
32778
294922
32781
294926
557071
32784
294928
32785
32787
32788
294932
32789
32791
32794
32798
294942
32799
32804
294948
32805
294950
32807
294952
32810
32811
294957
32814
32815
32818
294963
32823
294967
32826
32828
294973
32831
294975
294977
32834
294980
294981
32838
294983
32840
294985
32842
32843
294987
32846
294990
294991
32849
819281
32850
294995
32852
32854
32856
32858
32859
32862
295007
32864
32866
32870
295018
32875
32878
32879
32881
295025
32883
295027
295028
32885
32886
295031
819319
32889
295033
32890
32893
295037
32894
32896
295041
819332
295047
32904
32905
32907
295053
32911
295060
32918
295062
32921
819353
295068
295072
32930
32933
295077
295078
32935
32937
295082
32940
295085
295087
295090
32947
32948
32952
32953
295098
32956
32959
32961
32963
295107
295109
32967
819401
32970
295115
32974
32975
819409
32978
295122
32979
295125
32982
32984
295129
32986
32988
32989
295133
295135
32992
295138
32996
32997
33000
295144
295145
33004
33005
557294
33008
33009
295155
33012
33013
295157
33015
295159
33016
33017
33019
295163
33021
295165
295167
557311
33025
295170
295175
33032
33034
33036
33037
295182
295184
33041
295186
33044
295189
33048
295192
33050
33053
33054
295200
33057
33060
33063
295207
295210
33067
557356
295214
33071
33074
295218
33075
819507
557364
33077
33081
33082
295228
295229
33086
33087
295232
33089
33092
819524
295237
33094
295239
33096
295240
33097
33100
33101
819535
33104
33106
295250
295253
295255
33112
295258
33118
33119
33122
295266
33123
33128
557416
33130
295274
33132
295276
33136
33137
295282
33139
33140
295284
33143
33144
295289
33147
33148
819582
33151
33152
33154
33159
295303
295304
33162
295309
33166
33169
33171
33173
295318
33177
33181
295325
295327
819615
295328
33185
33189
295335
295337
33195
33196
295341
33198
33202
557492
33206
295352
33209
295353
819641
33212
295358
33216
295360
33217
295363
33220
33222
33223
295368
33226
33227
819661
33230
295376
33234
295379
295381
33238
295383
819672
295385
33242
295390
33247
295393
33250
295396
33254
295401
33258
33259
557551
33264
295408
33265
33269
33272
33275
33277
295422
33280
557568
819713
33282
33285
295430
33289
295433
33290
295435
819724
33293
295438
33296
33297
557586
295445
33302
33304
33305
295449
33306
33308
33309
33310
295455
33312
33313
33314
33316
295462
819750
33320
33321
33324
33325
295469
33327
295472
33330
33331
295475
33334
33335
33338
295482
33340
33344
557632
33347
295491
33348
295494
33351
295496
295498
33355
819787
33356
33359
295504
295506
33363
295510
33367
295512
33371
33372
819805
295518
33375
33376
33378
33379
33382
295527
33384
819816
33386
295531
33388
295532
33390
295536
33393
33396
295540
33400
33401
295545
295547
33404
295549
295552
557697
33410
33411
295556
819845
33414
295558
33416
295560
33418
33419
819853
33422
295566
33423
295568
33426
295570
295574
33433
33436
33439
295583
33441
295585
33444
33445
295591
819879
33448
33449
33452
33453
295597
33456
33457
295601
33460
295606
33464
295608
33466
33467
295611
33470
33472
295617
33474
33475
819909
33478
295624
33485
295631
33489
819925
33497
295641
33498
33501
33503
557791
33505
33507
295653
819942
295656
33513
33514
295658
33518
33522
33523
295668
557813
33526
33528
295674
33532
33536
33537
33539
295683
33540
295686
33543
33544
295688
33545
33547
295694
33551
33555
33556
295702
33559
33562
295707
33564
33566
33568
820000
295713
33570
33571
295715
33572
33577
295721
557867
33581
33582
295726
295728
820017
33586
295730
33592
295738
33596
820028
295741
295744
557888
33602
33604
295748
33607
295751
295753
33610
33611
33613
295758
33617
33619
33621
295765
33622
33625
33628
33629
820061
295774
33632
295776
295780
33637
33639
33645
33648
33649
295793
295794
33651
33653
295797
295799
820088
33657
33660
295804
33661
33663
295811
33669
295815
33672
295817
33675
33677
295821
33680
295824
557971
33684
295830
33688
295833
33690
295834
820122
33691
295837
295839
33696
820129
295842
33700
295845
33703
295847
557992
33705
820137
33707
295851
33711
33712
33716
33717
295861
33720
33721
295865
295866
33723
295870
33728
33730
295874
33732
33735
295879
33736
295882
295884
295886
33743
295889
33747
295891
33749
33751
295895
33755
295899
33756
33759
295904
33761
295905
33763
295909
33766
33767
33771
33773
33774
295918
33777
295922
33779
558067
33781
33783
33785
295929
33787
33790
33791
295936
33793
33794
295938
33796
33797
558087
33800
295944
33802
295946
33804
295948
820236
33807
295951
33810
295954
33811
33812
295956
33814
33815
295961
33819
33821
33822
558110
295968
33826
33827
33829
295974
33832
33833
295978
33836
33838
33841
295987
33844
295988
33848
295993
33852
295996
33854
33856
33860
33863
33864
820298
33868
33870
296014
33873
296017
296019
558164
33877
296025
33882
296026
296028
33885
33887
33889
296034
33891
33893
33894
33897
296041
296043
33900
296045
33902
296047
33905
33907
33908
296053
558198
33914
33915
33918
33919
33922
33925
33927
33929
33932
33933
33936
296080
33937
33940
296088
33945
33948
33950
33952
33956
33957
33960
33961
296106
33964
558253
33967
33969
33971
296115
296117
33976
33977
296121
33979
296123
33981
296125
33984
296130
33988
33989
33991
33992
296136
558280
33996
33997
296142
33999
34000
34002
34003
34006
34007
558297
34012
34014
34015
296161
34018
34019
34022
34023
296169
34026
296171
296174
34031
34032
34034
296179
34038
34041
296185
34042
34046
34049
34050
296195
34052
296198
34056
34058
34060
34062
34064
296208
34065
34068
34069
296214
34072
296218
34075
34079
296230
34087
34088
558378
34091
296235
34094
34096
34099
34100
34103
296247
296249
34106
34108
296252
34110
34115
296259
34117
34118
296262
34120
34121
34123
34128
296276
34133
34136
34138
34142
34143
296287
296289
34147
296291
34148
296293
34150
34152
296297
34154
34155
558444
34160
34162
34165
296311
34170
34171
296316
34173
34174
558464
34177
34178
34181
34182
34184
34185
296329
34188
34189
34192
34193
34194
296340
34198
296344
34201
34203
296347
296349
34206
296351
34209
296353
34210
34212
34213
296359
34217
34220
296365
34224
34226
296371
34228
296373
34230
296375
34236
34238
296383
34242
34245
296389
34246
296391
34249
296395
34253
820685
34254
296399
34257
296403
34261
34265
34266
296411
820701
296415
34273
296417
34275
296419
34277
34281
34282
296428
34285
34286
296430
34288
558579
34293
296438
34295
34296
296441
34299
34300
34301
296447
34304
34307
296452
34309
820741
34311
296456
296458
296461
34318
296464
34321
820754
34323
34325
34326
296470
34331
296475
34333
296477
34336
296480
34337
820770
34340
34343
558631
34344
34345
296490
820778
34348
296493
34351
820786
34355
34356
296501
34361
34363
296507
34367
34368
34371
296515
34372
34375
34376
820809
296522
558666
34379
34380
296526
34383
296528
34385
34387
296534
34391
34393
34396
296541
34399
34400
296546
34403
296548
34408
296552
558696
296555
34412
34413
296557
296559
34416
34417
34420
34421
34424
34425
558713
34428
296574
34432
34434
34436
34437
296581
296582
34439
296583
34440
296585
34443
296591
34448
34449
34451
34452
296596
34455
34456
296600
34458
558750
34463
34465
296609
34466
296612
296613
296615
34472
34473
296617
34476
296620
296622
34479
558767
296625
34485
34487
34488
34492
296637
34495
34498
34500
34503
34504
34507
296651
34509
34513
558802
34515
296664
34522
34525
558813
34526
296671
34529
296675
34533
34535
34537
34538
296682
34542
34544
296688
34546
34548
296692
34549
296694
34552
296697
296698
34555
34556
296702
34559
296705
34563
296707
558854
34567
34568
296713
34570
296715
34574
34578
34580
296724
34581
34582
34584
296728
34585
34588
296732
296734
34592
296736
34593
296742
34599
296744
34601
34602
296746
296747
296749
34606
34609
34614
296758
558904
34617
34618
296762
296763
34621
296765
296766
34624
296768
34630
296774
296776
34635
34636
296780
558925
34638
296784
34642
296788
34645
34648
34649
34651
34653
296798
296801
34658
558946
34659
34660
296805
34662
34665
34666
296812
34670
34671
296816
34674
296818
34675
296822
34679
558967
296825
296828
34685
34686
296831
34688
34689
34692
34695
34696
558984
34697
296841
34699
34703
296847
34704
296850
34708
296853
34710
34711
296858
34715
296860
34717
296863
34721
34724
34729
296873
34731
296875
34732
559021
34734
296878
34739
296885
296889
34747
34750
296895
34753
296899
34757
296905
296906
34763
296907
34767
34768
34773
296918
34777
34778
34779
34781
34782
559070
34786
296931
34788
34792
296940
296942
34800
34803
34805
34807
296952
34809
296953
34812
34813
296957
34817
34820
296964
34823
34824
296968
34825
34827
34830
34831
296975
34834
296978
34837
34838
296985
559130
34843
34844
34847
34848
296992
821281
34850
34851
34854
296999
297001
34858
297002
34859
297004
34862
559151
34865
34866
34868
34869
297014
34872
34873
34874
297019
34876
297020
297022
34880
297026
559171
34885
297030
34887
34888
34891
34892
297036
34897
297041
297043
34900
297044
34901
297047
34904
34908
297053
34911
34913
34914
34916
34917
34920
297066
34924
34925
297070
34928
297076
34936
297080
297082
34939
34940
34941
297085
34944
34946
34949
34951
297096
297099
297100
34957
297101
34958
297104
34961
34962
297107
34965
34967
34968
297115
34972
34974
297119
34978
297126
34983
559272
34985
34986
297131
34989
297134
297136
34994
297138
34995
821429
34998
297143
35002
35003
35007
35010
297156
35013
559302
297159
35017
35018
35023
35024
35027
297173
35031
35033
297178
35035
35037
297183
35040
35042
297189
35048
35051
297197
297199
559343
297201
35058
297203
35061
35065
35067
297212
35069
297218
35076
297220
297223
35080
35083
297227
35086
297230
35088
35092
297236
35093
297239
35096
35097
297242
35100
35101
35104
297250
35108
297256
35114
297260
35117
35119
297263
35121
297267
559412
35125
35126
35128
297274
35133
297278
35136
297280
35141
297285
35142
35144
35145
297289
35148
297292
35151
297296
35154
35155
297299
35159
35161
35163
297307
35165
35169
297313
297316
297318
35175
35177
35178
35181
35182
35184
35186
35188
35192
297337
35195
35198
35200
35203
35204
35208
297352
35210
35211
297358
35215
35216
35218
35219
35222
35224
35225
297371
35228
297374
35232
35233
35236
297380
35240
35245
35246
297390
35249
297395
297398
35255
297401
35260
297405
559549
35264
297408
35267
297411
35270
35273
297417
35274
35278
35279
297423
297426
35284
297428
35285
297429
35288
297432
297435
35293
297438
35297
35300
297444
35303
297450
35307
35309
297454
35311
821746
35315
297459
35316
35317
297462
35320
35322
35323
297467
35326
35328
297472
297474
35331
35332
297479
35336
297483
35340
35341
297485
35343
297488
35346
35347
297492
35350
35351
297496
35354
297498
297499
35358
297502
297503
35360
35362
35364
35365
35368
297512
35371
297515
35372
35375
35376
35379
297524
559669
35382
35385
35386
35389
297536
35393
35394
297538
297541
35398
35401
35404
35405
35406
35409
35412
297557
35416
297561
35419
35420
297568
35425
35426
35428
35429
35432
35435
35436
297580
821868
297582
35439
35440
35443
35447
35448
35451
821886
35455
297600
35458
35462
297607
297608
35466
297611
297613
35470
35471
821904
35473
35474
297620
35478
821911
35480
35481
297626
35484
35485
297629
35487
559775
35489
35491
35495
297641
35499
297643
35503
297647
35504
297649
559795
35508
35510
297657
35514
297658
35516
297660
35519
35524
297670
35530
297674
35531
297676
35534
297680
821968
35539
297684
35542
35545
297689
35546
559835
35549
35553
35556
35558
297702
35560
297705
821993
35563
297707
297709
35568
297712
35569
35572
297717
559862
35575
35576
297720
35580
35583
297727
297729
35586
297731
35589
35590
297734
297737
35595
297740
35597
35598
822032
35601
35602
297747
35605
297749
35606
297752
35610
297755
35613
35614
35617
35618
297762
35620
297765
35622
35628
297772
35630
35632
297776
35634
35638
35642
35643
297789
35648
35650
35653
297797
35655
35657
297801
35658
35661
822095
35665
35666
35669
297814
822103
35672
297818
35676
35677
35679
35680
35683
35687
35688
35690
35691
297836
822124
35693
35697
35699
35701
35702
35706
35708
297852
297854
35713
297860
35718
35721
297865
35723
297868
35725
297871
35729
297874
297875
35733
35737
35740
35743
297887
35746
35747
297894
35751
35754
35757
297901
35758
35761
35762
35765
297909
297910
822201
35770
297916
35773
35774
35779
35781
297925
35782
297927
35784
35787
35789
35792
35796
297941
35798
35800
560088
297948
35805
35807
297953
35811
297956
35813
35815
297961
35819
297963
35821
297965
35823
35824
35827
297971
297973
35830
35831
297975
35833
35834
35837
297981
297982
35841
35842
35844
297990
560135
35848
297994
35851
35852
35854
35855
35859
298003
298004
35864
298009
35868
298012
35869
35873
35874
298018
35877
35880
35884
35888
35892
298038
35895
35896
35898
298044
35901
35902
35904
35905
35906
35908
298053
35911
35912
298056
35915
35916
35918
298063
35922
298066
35923
35924
560214
35930
35931
298075
35932
298077
35934
298078
35935
35936
298081
35938
298083
35940
35942
298086
35945
298089
35946
298093
35950
35952
298098
35956
35957
35960
298104
35964
298111
35968
298113
35970
560258
35972
298119
35978
35980
560268
35984
35987
35991
298136
35994
35995
298139
35998
36000
36002
822434
298147
36004
36006
298150
36008
298153
560300
298157
36014
298159
36017
36018
822452
36021
36022
36027
36029
36030
298177
36034
298178
36037
36039
36042
36043
36045
298189
36046
36048
36051
36053
36054
36057
36058
822492
36061
36062
298207
36064
298209
36066
36068
298213
298215
36073
298217
36075
560363
36077
298221
36079
298225
36083
298228
36087
822520
36091
298235
36093
36095
36097
36100
298247
36105
298249
36106
298251
36110
36113
36115
36116
298261
36119
36120
36121
298266
36123
36124
298269
36128
298273
36130
36133
298277
36135
36141
36142
298286
36145
36149
298294
36153
298297
36157
36158
298303
36161
36162
298309
36166
36167
822600
36169
298313
298316
36173
36176
36179
298324
36181
36184
36185
298330
36187
36190
298336
36193
822626
36197
36198
298345
822634
36204
298349
36209
36211
298355
298357
36214
298359
36216
36218
36219
822653
36223
36227
822660
36230
298374
36231
298376
36233
36235
298382
36240
36241
822673
560531
36244
36246
36249
298393
36250
298396
36254
36256
298401
36259
36260
298405
36263
298410
298414
36271
298417
36274
298424
36282
822714
36283
36285
36286
298433
36291
298435
36294
36297
36298
298443
822732
36301
36304
36308
298452
36311
298457
36315
298460
36317
36319
298463
36320
36323
36327
298472
36330
298475
36333
298478
36336
36337
822773
36342
36344
36345
298490
36348
36352
298497
36356
298501
36358
298503
36361
36362
822796
36365
298510
36368
36369
36371
298517
36374
36375
36378
36383
298527
36388
36389
36392
298536
36396
298540
36397
298543
36400
298544
36401
298546
36403
36404
560694
36408
36411
822844
298557
36415
36418
298563
36420
298565
36422
560710
36424
298568
36428
298572
822862
36434
298579
36436
36438
298583
36440
36445
36446
298590
298591
36448
36450
298596
36453
36454
298599
36456
298602
36460
36462
298608
36466
36469
298615
36472
36473
36476
36478
822910
36481
36484
36486
298630
36489
36493
298637
36495
36496
298640
36499
298643
36501
36502
298648
36507
36511
298655
36514
822946
298659
36519
298663
298665
36522
36523
36527
298672
36533
36534
298678
822967
36536
298680
36537
36540
36541
36543
36544
36547
36550
36552
298697
36554
36555
298699
822987
36559
298703
298704
298706
298710
36567
36569
36573
36574
298719
36576
36577
36580
36585
298729
36586
298731
36588
36590
36592
298738
298739
36596
298743
36601
298745
36602
298747
36604
36606
298751
36608
298754
36612
36614
36618
36619
298764
36622
36624
298769
823060
36630
36635
298779
36636
36639
298783
36642
298787
36647
36648
298794
36651
36653
298797
36654
36656
36658
36661
36666
36667
36670
298814
36672
36675
298820
36678
36681
298827
298829
36688
36689
298834
36693
36695
36697
36702
36704
298848
36707
36711
36712
298856
36714
36716
298860
36718
298864
36725
36727
298872
36731
36735
298880
36739
36741
36744
298890
36747
36748
36752
298896
36755
298901
36758
298903
298904
36762
298909
36766
298913
36770
36771
298917
36775
36777
36779
298925
36784
36787
36788
36790
36795
36797
298941
298943
36800
298948
36807
36809
36810
298957
36815
36817
36820
36824
36828
36829
298974
36833
36836
298980
298983
36840
36844
298990
36847
298993
36850
36851
298995
36854
36855
36859
299004
36863
36864
299008
36866
36869
36871
36872
299016
299017
36875
36877
36879
299023
36880
299025
36882
36883
299029
36886
36889
36890
36891
561180
36893
36896
299040
36897
299041
36898
299044
36901
36904
299048
36908
299052
36909
36911
36912
299056
36915
36916
36919
36922
36924
299068
36927
36928
299073
36931
299076
36933
36934
36937
299085
36942
36944
36945
299089
36947
36949
36952
299099
36956
299101
36958
36959
36962
36963
36966
299111
36969
299113
36972
299117
36975
299121
36979
36982
36986
299131
36989
36992
36998
36999
37002
299146
37003
37006
299150
37009
823441
37010
37013
299157
37014
37015
37017
37018
299164
37021
37022
299166
37025
37027
37029
37030
37034
299180
37038
299182
37041
561329
299188
37046
37048
37050
299195
37052
37055
299199
37062
299206
37063
37064
299210
37068
37069
561359
299217
37074
37075
37078
299223
37080
37082
37086
299232
37089
299233
37090
37092
37096
299240
37099
299245
299247
37104
37106
37107
561395
37110
299254
37111
299255
299260
37117
299263
37120
37123
37124
37127
299274
37131
37132
823566
37135
37136
37138
37142
299288
37145
299291
37149
299296
37154
37155
37158
37160
299304
37162
37166
37167
299311
299313
37170
37173
299319
37177
37181
299326
299329
37186
37190
37194
37196
299340
37197
37198
37200
37203
299351
823639
37209
37211
299356
299357
37215
37218
37219
823653
37224
299369
37226
37229
37230
37236
37237
37240
299386
37243
37244
37249
37250
37252
823685
299399
299406
37263
37266
37269
37270
37272
37273
299417
299419
37277
37279
37283
37284
37286
299433
37290
37291
299435
299436
37294
299442
37299
299444
37301
37304
37305
299451
561595
37308
37313
37316
37317
37321
299465
299467
561611
37324
37328
37329
37331
37332
299476
823766
37336
37337
37340
299486
37343
299488
37345
37347
299491
37348
299493
37351
299495
37353
299498
37355
37358
37359
561650
37364
299509
37368
299512
37369
299514
37371
37375
299519
37379
299527
37384
37387
37390
823824
299537
37395
299540
37399
299543
37405
37406
299551
37408
299554
299555
37412
37414
299560
37417
37418
299563
37421
37423
37425
37429
37433
37435
37437
37438
299582
823872
37441
299586
37444
37446
299590
37448
37449
37452
37455
37456
37459
37462
299607
37464
299610
37467
37469
823903
37473
37475
37477
823911
37481
37485
37487
299631
37490
299634
299635
37493
37495
299640
823928
37498
37500
299646
37503
299649
561793
823938
37507
299652
37510
299655
37515
823948
37519
37522
37523
37525
37526
823958
37527
299672
37529
37530
37533
299679
37536
37539
299684
299685
37544
37545
37546
299690
37548
37549
37553
37556
37560
37563
37566
299710
37568
299717
37574
37577
37578
37581
37585
37587
37591
299735
299737
37594
37597
37603
37607
37608
299752
37610
37612
37615
37616
37618
37619
299764
37622
37623
299767
37627
37628
37631
37632
37635
299780
37637
37640
299784
37641
299786
37643
37644
299788
37647
299794
37651
37655
299799
37661
299805
37662
37665
37669
37674
37675
299821
37679
299823
37681
299826
37683
37685
37687
37691
561980
299838
37696
299840
37697
37700
37701
299846
37703
299847
37704
37708
299852
299854
37711
37715
37718
37721
37722
37724
299868
299870
37730
37733
299877
37734
299879
37737
37739
299884
37742
37744
37746
37748
299892
37749
299895
299899
37756
37759
299903
37760
37762
299906
37763
299908
37766
37767
37769
37770
37773
37776
299920
824208
37780
299924
37782
37785
37788
299932
299933
37791
299935
37796
37798
299942
37800
37802
37803
37806
37807
37809
37813
299961
37820
37823
299969
37827
299971
37828
37830
37834
37835
299980
299984
37841
37842
37844
299990
37847
37850
37854
37855
299999
37857
37861
37862
37866
37869
37872
300016
300019
37876
300020
37877
824309
37879
300024
37881
37883
37884
37887
37888
37890
37893
300037
37895
562183
37897
300041
300043
37903
37905
37908
37911
37912
300056
37915
37918
300063
37920
37924
37925
300069
300070
37927
37929
37931
37932
37935
37938
37941
300085
824373
562230
37943
300088
37948
300092
37949
37952
300096
37953
37955
300100
824390
37959
300103
300107
37964
37966
37968
300112
37970
37971
37973
300117
37974
37977
37979
562267
37981
37984
37988
300135
37992
37993
37997
38000
38001
300146
38003
300147
38004
38006
38009
38010
38013
300158
38016
38017
300162
38020
38021
300165
38023
38024
38026
38028
38030
38031
300175
38034
38035
38038
38039
38042
300186
38043
38046
38049
38051
300196
38054
38055
38057
38060
38061
38062
38064
38070
38071
38074
300221
38079
300224
38081
38082
38086
38089
38090
38093
38096
38097
300242
300244
38101
38104
300248
300251
38108
38110
300255
38114
300260
38118
38124
300270
38128
38132
38135
300280
38139
38143
38144
38150
38151
300295
38156
38158
38162
300309
38166
38169
38170
300314
38173
300317
38179
38184
38185
38187
38188
300337
38195
300340
38198
38201
38203
38206
300352
38211
38212
38214
300358
38223
38226
300372
38230
38232
300382
38240
38241
38243
38244
38247
38249
38251
300396
38253
38256
38259
300403
38260
38262
300406
38264
38267
38270
300415
38273
38276
300421
38281
300426
38283
38284
38285
300429
38287
824720
38290
38291
38295
300442
38299
38300
38303
38304
300448
38309
300456
38313
38317
300461
300462
38319
562607
38321
38324
38325
38328
300472
38332
38335
38336
38338
562628
38343
38345
38349
38352
38354
300498
38356
38358
300503
38361
38365
38368
38372
300517
300518
38376
300520
38379
300526
38384
300531
38388
38390
38393
38394
38397
38399
38403
38405
38409
38410
38412
300558
38418
38420
38422
38425
38429
38432
38436
38438
300582
38442
38446
300590
38447
38450
38454
300599
38456
38458
300604
38462
38464
38467
300612
38470
300616
38473
38474
38476
38477
38479
300623
300625
38485
300629
38487
38493
38496
38498
38499
562787
38501
300647
38505
38509
38511
38516
300660
38520
38522
38524
38528
300672
38533
38534
38536
300680
38537
38540
38542
38545
38549
38554
38559
38561
38566
38568
300712
38569
300714
38572
38574
38575
38578
38579
38582
38584
38586
38587
300731
38592
300736
38594
300739
38596
38599
300743
825032
38601
38603
38606
825042
38612
38616
300760
38618
38620
825052
38622
38624
38628
38629
300775
825065
38636
38637
300781
38639
38640
300786
38643
38646
38647
38650
825082
38653
38657
38658
38662
300806
38665
38666
300812
38669
38673
38674
38677
38679
38681
300825
38682
38685
38688
300834
38692
38693
38695
38696
38699
38700
38702
300848
562992
38706
562998
38711
38714
300859
38716
38719
38720
38722
38725
38726
300870
563014
300872
38729
38732
38733
300878
38736
300881
38739
38740
300884
300886
563030
38743
38747
38748
38750
38751
38755
563047
38760
38762
38763
38764
38766
300910
38769
38772
38773
563063
38778
38781
300925
38784
38789
563079
38792
38793
38796
38797
38800
38804
38808
38809
38811
38812
38815
38817
38819
38822
38825
38826
38828
38829
38832
38833
300978
38836
300981
38839
38843
300987
38847
563141
38854
38855
38858
38861
38863
38864
38867
301012
38870
38874
38875
38876
38878
38882
38884
38888
38890
38892
301036
38893
38896
38897
38899
38901
301046
38904
38905
38907
38909
38911
38915
38918
825352
38922
38925
38927
301071
38931
38932
301076
38934
38938
301084
38941
38946
38949
38952
38955
563244
38957
38959
38960
38963
38966
563254
38970
38974
38975
38978
38983
38986
301130
38988
38991
38994
563283
38996
38999
39003
39006
39008
39010
39011
39014
39015
39017
301161
39018
39022
39023
39024
39026
301172
39029
39033
39034
301185
39043
39045
39046
39049
39050
301195
39054
39055
39057
39058
39061
563349
301207
39065
39066
301211
39070
301215
301218
39075
39076
301220
39078
39079
39083
301229
39086
39087
39089
39090
39093
301237
301240
563385
39098
825530
301243
39101
301247
39105
301249
39108
301254
39111
825547
39116
39118
39120
39122
39123
301267
39126
39127
301272
39129
301275
39132
39134
39136
39137
39139
39140
39143
39146
39147
39149
301294
39151
39153
39154
301298
39157
301301
39158
301304
39161
39162
301307
39165
39169
301313
39172
301317
39175
39176
39179
301323
39180
39181
39183
39184
39186
39187
301331
301333
39190
39193
39196
301340
39198
39202
39204
39205
301349
39209
39212
301356
39216
301361
39220
301365
39223
825657
39226
39227
39230
39231
301378
39235
39236
301381
39238
39239
39241
39242
301387
39245
39246
39247
39249
563540
39253
301397
39254
39258
39260
39263
39264
301409
39266
39269
301413
301415
39273
39280
301428
39285
39288
301432
39290
301435
39292
39296
39298
39299
39302
39305
39310
39311
39313
301458
825746
39317
301461
39318
39321
301465
39323
301467
39326
39328
39330
39333
39338
563626
39341
39344
39345
39347
39349
39354
39357
39360
301507
563651
39364
39365
39368
301516
39374
39375
39378
301523
39382
39384
301529
39387
825819
39390
39391
39394
39395
39398
301542
39399
39401
39403
39405
39407
39410
301554
39413
301558
39415
39417
563706
39421
301568
39425
39430
39432
39433
301579
39437
301583
39443
563731
39447
39448
39451
39452
301596
563740
39456
39459
39461
39464
39465
39471
39476
39478
39479
39481
39482
301626
39485
39486
301631
39488
39490
301635
39492
39493
39496
301640
39499
301644
39502
301649
39506
39509
301653
39511
39513
301658
39517
301662
39520
39524
39525
39526
39528
39529
39533
301678
39536
301682
39539
301686
39544
39546
301690
39547
563837
39550
301694
39553
301698
39556
39557
39559
39561
39563
301708
39566
39567
301712
39570
39571
39574
39577
39578
301722
39581
301727
39585
39587
301732
39589
39593
301737
39597
39598
301742
39600
39604
39607
39608
39610
39611
39614
563904
39617
39620
39622
301770
39628
39632
39636
39640
39641
39644
39646
39647
301791
39650
39651
39654
39655
39658
39659
39662
39664
826096
39666
301812
39672
39673
39676
39677
39681
39683
39688
39689
301833
39694
39696
39698
39699
39703
39706
39707
39710
301854
39716
39718
39719
39720
39722
826154
39725
39729
826162
301875
39736
39739
39741
39742
39745
39746
826179
39749
39752
301896
39754
39758
39759
39761
39764
564052
39768
301914
39773
39774
39776
39783
39788
301932
39789
39791
39792
39798
39800
39801
39804
301950
39808
39809
826242
39812
39816
39817
39820
39821
39823
39824
301968
39829
39831
826263
39835
39838
39839
39842
301986
39845
39849
39852
39857
302004
39862
39866
39867
39870
39871
302015
39875
39876
39878
39879
39881
39885
39888
39893
302037
39895
39897
39900
39902
39905
39906
39912
564203
39916
39917
39920
302066
39923
39924
39927
39928
39934
39937
39941
39943
302088
39945
564233
39947
39951
39954
39955
39957
39958
39962
39963
39965
39966
39969
39970
39973
39977
39979
39980
39984
39986
39989
39990
39993
39996
564286
40000
40001
40004
40006
40009
40010
40013
40014
40020
40021
40024
40028
40031
302176
40033
40035
40036
40039
40040
40043
40047
40048
40051
40052
40055
40060
302205
40062
40063
40066
40070
40071
302216
40074
40076
40077
40078
40080
40081
40087
40091
40094
40095
40097
40101
40105
40106
40109
40111
302256
40113
40114
40118
40122
302267
40125
40126
40130
40131
40133
40138
40141
40144
40145
40148
40151
40153
40156
40162
40164
40166
40169
40172
40179
40182
40184
40186
302330
40190
40193
40197
40200
40202
40205
40206
564494
40208
40211
40214
40217
40221
40222
826655
40227
40228
40232
40236
40237
40239
40243
40245
40248
40249
40251
564539
40254
40256
40258
40260
40261
40263
40266
40269
40272
40273
826705
40276
40280
40283
40287
40292
40294
40298
40299
40301
40303
40305
826737
40306
40309
40310
40316
40318
40319
40323
40326
40329
40331
40334
40337
40338
40341
40345
40347
40348
40351
40352
302496
40355
40356
40362
40363
40365
40366
40369
302514
40373
40377
302525
40382
40384
40385
40388
40391
40393
40395
40396
40399
40400
40402
40403
826837
40406
564697
40411
40413
302557
40417
564708
40421
40423
302567
40424
40427
40431
40434
40435
40436
40438
40444
40449
302596
40453
40454
40456
40462
40463
40465
40466
40469
40471
40474
826906
40476
40480
40482
40484
40487
40491
40494
40495
40497
40498
40502
40506
302651
40509
40512
40515
40518
302662
40522
40523
40526
40529
564817
40532
40536
40539
40541
40542
40543
40545
40550
40553
40555
40557
40559
40560
564850
40566
40569
40577
40580
40582
40584
302728
40588
40591
40594
40596
40597
40599
40601
40604
40605
40608
40612
40613
302758
40616
40617
40620
40623
40624
40629
40636
40640
302784
40641
40644
40648
40650
40653
40656
40660
40662
40665
40668
40673
40675
302820
40679
827111
40683
40688
40691
40694
40698
40701
40702
827134
40704
40706
40708
40710
40714
40718
40722
302866
40726
40730
40734
40738
40742
302887
40746
40748
827181
40750
40752
40757
40758
40761
827194
302908
40767
40772
40775
40778
40783
40784
302929
40788
40791
40792
40797
40799
40802
40804
40806
302950
40809
40812
40818
40820
40826
40827
302971
565118
40832
40835
40836
40839
40841
40845
302992
40849
40852
40855
827289
40861
40864
40865
40867
303013
40871
40873
40878
827310
40881
40885
40888
303034
40894
40896
40897
40900
40905
40906
40908
40909
303055
40912
40914
40917
40920
40921
40927
40929
40931
40934
40935
40937
40940
40942
303087
40946
565234
40950
40955
40957
40959
40963
40964
303108
40967
40968
565257
40971
40974
40975
40980
40983
40987
40989
40995
303140
41000
41002
41004
41005
41007
41008
41009
41014
303161
41018
41022
41024
41029
41033
41036
41039
41043
41045
41046
41049
303193
41053
41054
41056
41058
41062
41064
41066
41068
41072
41076
41077
41079
41080
303225
41083
41085
41087
41091
41095
41097
41101
41102
41105
41107
41108
303254
41111
41113
41117
41121
41122
41124
303272
41129
565418
41132
41135
41137
41139
41141
41143
41144
41146
41147
41150
41153
303300
41158
41160
41164
41165
41168
41169
41171
41173
41175
41177
41178
303323
41181
41183
41186
41188
303333
41191
41192
565480
41195
41199
41200
41202
41203
41207
41210
41211
41215
41219
41222
41225
303369
827659
41228
41231
41233
41235
41238
41244
41246
41249
41251
41252
41253
565541
303398
41255
41259
41262
41263
41269
41271
303416
41274
41275
41278
41281
41285
41288
303432
41293
41294
41296
827729
41299
41303
41306
303450
41309
41315
41316
565604
41319
41322
41323
303468
41328
41330
41333
41334
41336
41341
565630
41348
41350
41353
303497
41357
41360
41365
41371
303515
41372
41375
41378
41379
303526
41383
41385
41386
41388
41392
41393
41397
41398
41400
303544
41404
41405
41410
303555
41412
41413
41420
41421
41424
41426
827858
41428
41430
41432
41433
41436
565724
303584
41443
41444
41445
41448
41449
41451
41455
41458
303602
41462
41463
41466
41469
41470
41473
41478
41482
41483
303628
41485
41487
41489
41490
41493
41494
41495
303639
41497
41501
565789
41503
303647
41504
41508
41510
41512
41518
41519
41521
41525
41526
41528
41529
41532
303676
41533
41536
41542
41548
41549
41552
303698
41556
41557
41559
41560
41562
41563
41566
41567
41570
41574
41577
41578
41580
41581
41584
41590
41594
41598
41599
303746
41605
41606
41609
303754
41613
41620
41621
41624
41625
41628
41630
41633
41636
41638
303783
41641
41642
41647
41648
41651
41652
41656
828089
41658
41659
41661
303805
41666
41669
41673
41676
41677
41679
303823
828111
41682
41685
41686
41689
41693
41694
41697
41698
41701
41704
41705
41708
303852
41710
41711
41713
41715
41717
41721
828153
41722
41724
41725
303870
41728
828161
41731
41733
41735
41736
41739
41741
41743
41747
41748
303892
41751
41754
41757
41758
41765
303910
41767
41768
41770
41775
41776
566064
41779
41783
303928
41786
41789
41792
41794
41797
41798
41800
41801
303946
41803
41807
41808
41812
828247
41820
41823
41825
41829
303975
41832
41833
41839
41840
41844
41846
303993
41851
41853
41856
41857
828290
41859
41864
41865
41867
41870
41873
41874
41877
41878
41881
304027
41885
41887
41890
41894
41897
41898
41901
304045
41904
41905
41906
41908
41912
41913
41916
304063
41920
41921
41924
41927
41928
41931
41935
304081
41938
41940
41941
41944
41945
41948
41950
41951
41952
41954
41955
304099
41958
41959
41962
41963
41966
41970
41972
41974
41975
304120
41977
41978
41979
41982
41986
41987
304131
41989
41993
41994
41997
41998
42001
42002
42005
304149
42011
42014
42017
566307
42020
42021
42022
42024
42029
42032
42033
42036
42037
304183
42040
42048
42051
42054
42055
304201
42058
42060
42062
42065
42067
42071
42073
42074
304218
42077
42078
42080
566368
42081
42082
42084
42086
42088
42089
42093
42094
42096
304241
42103
42104
42107
42111
42114
304259
42117
42121
304270
42127
566415
42131
42133
42137
42143
304288
42148
42152
42153
42156
42159
42161
304306
42165
42166
42168
42172
42175
42176
42179
304324
42182
566470
42183
42186
42187
828622
42191
42195
42197
42201
42202
42206
42209
42212
42214
42216
42219
42220
304364
42222
828655
566512
42226
42228
42230
42232
42233
566524
42238
304382
42241
42242
42244
42245
42248
42251
42252
42254
42255
42257
304402
42260
42261
42262
42264
566552
42267
42271
42272
566560
42276
304420
42277
42280
42281
42285
42287
42291
42293
42295
42298
304442
828730
42301
42306
304450
42308
566598
42312
42315
42316
42321
42323
42324
304468
42327
42328
42331
42332
42335
42336
42341
42342
42346
42351
42354
42355
304500
42357
42358
42361
42363
42365
42368
828802
42372
42376
42377
42380
42385
304529
42388
42389
42392
42395
42399
42403
42408
42411
42412
304558
42416
42418
566707
42420
42422
42429
42431
42434
42437
42438
42442
304588
42445
42446
42448
42454
42458
42459
42462
42465
42467
42469
42470
42473
304617
42474
42475
42479
42481
42484
42488
42489
42491
42495
42499
42500
42503
42506
42507
42509
42510
566799
42512
42513
304659
42516
42526
42530
42531
42532
304677
42537
42540
42543
42547
42548
42551
304695
42552
42555
42556
566844
828988
42559
42561
42564
566852
828996
42567
42569
42573
42576
42578
42580
304724
42584
42585
566878
42591
42592
829024
42595
42599
42603
42604
42605
566894
42607
42608
304752
42612
42614
42619
42621
42623
304769
42626
42633
42634
566922
42637
42641
304787
42644
42648
42649
42651
42654
42657
42661
304805
42663
42667
42668
42672
42675
42676
42678
304823
42682
42686
566974
42689
42690
42693
42694
42697
304841
42700
42701
42703
42704
42708
42710
42713
42715
304859
42717
829149
42719
42723
42725
42727
42729
42731
304877
42734
42737
42738
42741
42742
42746
42747
304891
42750
42755
829188
42760
42761
42765
42766
42770
42771
304919
42777
42779
42780
829212
42783
42786
42788
42789
42791
42792
304937
42795
42796
42800
42804
42807
42810
42811
304955
42814
42818
42822
42823
42826
304973
42830
42833
42836
42838
42840
304984
42845
42846
42848
42853
42854
42856
42857
42860
42863
42864
42867
305012
42869
42872
42873
42875
42878
42881
42884
305029
42888
42892
42893
42895
305040
42898
42902
567191
42904
42907
42911
42912
567202
42917
42921
42923
42925
305069
42928
42929
42932
42935
42939
42942
42943
42946
42947
42952
42953
567242
42955
42958
42959
42962
42963
42965
305109
42969
42970
42972
42973
42975
42979
42982
42986
42987
42991
42994
305138
42995
42999
43001
43003
43007
43009
305154
43011
43012
43015
43016
43021
567309
829453
43023
43025
43030
43031
43033
43034
43037
43040
43042
43044
43046
43048
43050
43052
305198
43055
43058
43061
43063
43065
567353
43067
43069
43071
43075
43077
829510
43080
43081
567369
43083
43088
43089
43091
43095
43096
43100
43101
43103
43104
567392
43107
43108
43111
567400
43113
43114
305259
43117
43120
43124
43126
305270
829560
43130
567421
43134
43137
43141
43143
43147
43148
305293
43151
43152
43155
43159
43161
43168
43169
43173
305317
43176
43179
43180
43183
43188
567478
43191
305335
43198
43200
43203
43211
43215
43219
305363
43226
43229
829662
43232
43235
43239
43243
43245
43248
43251
43252
43255
43259
305403
43260
567550
43263
43264
43266
43270
43272
43274
43278
43279
305423
43281
43284
43285
43288
43292
43294
43297
43299
43303
43306
43307
43308
43311
43312
43318
43319
305463
43323
567612
43327
305473
43330
43331
567622
43335
43338
43342
43343
43345
305491
43348
43354
43356
43357
43360
43363
829797
43367
43369
43370
43374
43377
43380
43381
43384
43391
305536
43395
43400
43401
305547
43404
43405
43408
43410
43412
43413
43415
43416
43420
43421
43423
305568
43426
829859
43428
43431
43432
305579
43436
567725
43439
829875
43444
43446
43448
43450
305596
43454
43456
43457
43461
43464
43466
43470
43473
43478
43480
43483
43486
43488
43490
43491
829925
43494
43495
43496
43498
305644
43502
43506
43510
567799
43512
43513
43515
43516
305662
43524
43528
305673
43530
43533
43537
43538
43542
43545
43548
43550
305697
43554
43557
43558
43561
43562
43566
829998
43568
43570
43572
43573
305717
43575
43577
43579
567867
43582
43583
43586
43589
43592
43594
43599
43600
43603
43608
43611
305756
43618
43621
43622
830056
43625
43627
43630
43633
305778
43636
43639
43640
43644
830079
43648
43650
305796
43653
43654
43661
43664
43667
43671
43674
305819
43676
43677
43680
43681
43687
43690
43691
43693
43694
43698
43700
43702
43703
305848
43707
43710
43711
43714
43715
43718
43719
305865
43722
43725
43728
43732
43736
305889
43746
43750
43751
43754
43759
43761
43763
43767
305913
43771
43773
43777
43781
43784
43788
43790
43792
43794
43796
43800
43803
43804
305950
43809
43810
43813
43816
43817
43821
43823
305967
43825
43826
43829
43833
43834
43836
43839
43844
43847
305991
43851
43854
43857
43859
43864
306009
43866
43868
43871
43874
43876
43880
306026
43883
43884
43885
43887
43888
43890
43891
43894
43898
43900
830332
306050
43908
43910
43912
43915
43918
43922
306068
43925
43934
43935
306079
43937
830370
43941
43945
43948
43953
43954
43956
43959
830392
43963
43967
43968
306112
43971
43972
43974
43977
43980
43981
43983
43985
306129
43987
43991
43993
43999
44002
44005
44009
44010
44015
44016
44018
44022
568311
44026
44027
306171
44030
44034
44035
830467
44038
44039
44043
44044
44046
568334
44050
44052
44053
44058
44060
44063
568351
44064
44067
44071
44072
44076
44080
44081
44085
830520
44089
306233
44091
44092
44095
44096
44099
44102
306247
44106
568397
44110
44114
44115
568404
44118
44123
44126
44129
44132
44134
44135
568423
44137
44141
306287
44144
44148
44149
44150
44154
44156
44157
44159
44160
306305
44163
44164
44167
44171
44174
44176
44181
44182
44183
44185
44186
44189
306333
44193
44194
44196
44199
44202
44204
44206
44207
306351
44210
44215
44216
306361
44218
44220
568509
44226
306372
44230
44234
44235
44238
44239
44242
44247
44248
306394
44251
44254
44258
44260
44261
44264
830696
44268
44269
44271
306415
830704
44275
44276
44277
44280
830712
44281
44283
44285
44287
830720
44289
568577
306434
44291
44295
44297
44299
44300
306445
44303
44305
44307
44308
44311
44312
44316
44318
44319
44322
44324
44325
44328
568616
44332
44335
44336
44338
44342
44345
44347
44350
44353
44356
44358
44360
44361
44364
44370
306516
44374
44377
44382
44384
44385
44388
44391
306537
44394
44400
830832
44402
44403
44406
44408
830840
306554
44412
44413
44415
44417
44419
44421
44427
306571
44432
44434
44438
44442
44444
44446
44447
44452
44453
44455
44459
830893
44463
44466
306615
44472
44474
44475
830908
44479
44482
44486
306630
44489
44492
44495
44498
44503
44510
306656
44513
44517
44519
44522
44523
44527
44533
44535
44537
44538
44543
44549
44551
44555
44557
44558
44561
44562
44565
306710
44567
44573
44574
44578
44579
44581
44582
44584
44585
44588
306734
44592
44593
44595
44596
44599
306744
44601
44603
44606
44607
44609
44610
306755
44613
44615
44619
44622
44626
44629
44630
44633
44636
44640
44643
44645
44647
44648
44651
44652
44655
44659
44660
44663
44665
44667
44669
44671
44674
44675
306819
44678
44682
44683
44686
44690
831124
44695
44696
306841
44698
44701
44702
44704
44708
44709
44711
44713
44715
44718
44720
44722
44725
44726
306870
44729
44733
44734
44739
44740
44743
44746
44750
44751
306896
44753
44756
44758
44760
44761
44764
44765
44768
44769
306914
44771
831203
44775
44777
44780
44783
569072
306930
44787
44788
44792
44793
569083
44797
44798
44804
306948
44806
569094
44807
44810
44812
44815
44816
569105
44818
44823
44826
44827
44828
569116
44830
44834
44836
44838
569127
44842
44845
831279
44848
44852
44856
569145
44858
44860
44861
307008
44866
44867
569156
44870
44873
44874
307018
44875
44877
44878
44879
569167
44881
44885
44889
44890
569178
44892
44896
307041
44899
44900
569189
44904
44908
44910
569200
44917
44918
44921
44922
307066
569211
44925
44926
44929
44932
44933
569222
44936
44939
307083
44945
569233
44950
44952
44956
44959
44961
831393
44962
44965
569255
44968
44969
44972
44973
44978
569266
44979
307126
44985
569277
44990
44991
44993
44996
44999
45002
45004
45006
45007
45010
45011
45013
45016
45018
45019
45022
45025
45029
45032
45035
45036
45039
831471
307184
45044
45047
831479
45048
45050
45052
45053
45056
45058
45059
307203
45063
45065
45067
45069
45071
45078
45082
45083
45085
45088
45089
45092
45095
45098
45099
45100
45102
307246
45104
45105
45109
45115
45119
45123
45126
45127
831561
307278
45135
45137
45140
45143
45147
45150
307296
45154
45158
45159
45161
45164
307308
45166
45169
45171
45175
307319
45178
45179
45182
45186
45188
45192
45195
307340
45197
45200
45203
45205
45209
45211
831644
45215
45216
45219
45220
45223
45225
45226
831659
45229
45233
45236
45238
45240
45243
45246
45248
45250
45255
307401
45258
45259
45262
45266
307412
45269
45273
45277
45280
45281
45284
45287
45292
45295
45296
45298
45304
307448
45308
45309
45313
45315
45319
45321
45326
45327
45331
45333
45334
45337
45340
45345
45347
307492
45351
45354
45355
45359
45360
45362
45364
45366
307510
45369
45370
45371
45373
45375
45383
45384
45386
45388
45393
45396
307543
45400
45404
45405
45410
307556
45416
45422
45423
45426
307570
831861
45431
45433
831869
45438
45444
45448
307593
45450
45452
45455
45460
45462
45464
45466
45468
45470
45473
45476
45477
307623
831911
45481
45485
45489
45491
45495
45496
45500
45503
569792
45505
45506
45509
45511
45513
45515
45516
45520
45521
307666
45523
45524
45531
45535
45539
45540
307684
831975
45545
45549
45551
45555
45556
831988
307701
45559
45563
45567
45568
45571
45575
45576
45579
45580
45582
45585
45586
45588
45590
45592
832024
45593
45595
45598
45601
45604
307748
45608
45610
45611
45612
45615
45617
45618
45621
45623
45631
45636
45637
45639
45642
45645
307791
45648
45651
45654
45656
45658
45660
45663
45667
45670
45672
45676
307820
45679
45680
45683
45685
45688
45691
45693
307837
45696
45699
45702
307848
45705
45706
45708
45709
45711
45715
832147
45719
45720
45723
45728
45732
45734
307878
45735
832168
45738
45739
45741
832176
45745
45747
45749
307894
45751
832184
45753
45755
45759
45765
45768
45770
307916
45773
45776
45778
45781
45783
45787
307931
45788
45790
45793
45794
45798
307944
45803
45806
45807
832241
45810
307954
45813
45814
832249
45818
45820
45821
45824
45828
45829
45832
45836
832268
45838
45839
45841
45846
45851
45853
45855
45857
308001
832294
45863
45872
45875
45880
45884
45885
45887
45889
45891
45896
45898
45900
45904
45905
832340
45909
308054
45911
45913
45918
832351
45921
45924
45925
45928
308074
45933
45936
45940
45941
45943
45944
45947
45951
45955
45962
45965
45968
45972
45974
45976
45980
45984
45985
45988
45992
45994
45998
46000
308148
46005
570294
46007
46010
46011
46014
46017
570305
46020
46023
46024
46025
46027
570316
46030
46033
46035
46039
570327
46045
46047
46049
308193
570338
46053
46057
46060
46061
570349
46064
46069
46070
308215
570360
46075
46079
46083
46084
308228
46087
46088
46091
832524
46094
46098
832532
46101
46102
46112
46114
46115
46118
46119
46123
46124
46130
46131
46135
46137
46142
46143
832575
46146
46148
308293
46150
46153
46154
46156
46160
46166
46169
308313
46171
46174
46176
46178
46180
46182
46184
46188
46191
832625
46194
46195
46198
46199
46202
46207
46211
46215
570503
46217
46218
308365
46222
46228
46229
46232
46235
46237
46239
46240
46242
46243
46246
46247
46250
46254
46257
308402
46262
46266
46269
46273
308419
46277
46280
46281
46285
46286
46288
46292
46295
46299
46301
832733
46304
46307
46312
46315
46319
46321
46325
46326
46329
308474
46331
46333
46341
46346
832778
308492
46350
46352
46353
46355
46356
832788
46361
46364
46367
46370
46375
46377
46378
46381
46385
46386
46389
46393
46394
46399
832831
46400
46404
308548
46407
46411
46412
832844
46414
46418
46419
46423
46425
46428
46429
46431
46435
46437
46440
46444
46447
46449
46454
46457
308601
46460
46463
46467
46469
46471
46473
46479
46481
832913
46482
46485
46493
46500
46503
46504
46507
832939
46508
570796
46511
46513
832947
46520
46521
46526
46532
46533
46535
46536
46539
46540
46542
46544
832979
46548
46552
46556
46557
46559
46560
46562
46563
46565
46568
308713
46572
46578
46583
46586
46588
46590
46591
46593
46597
46598
46601
46604
46610
308754
46616
46617
46620
46622
46626
46630
46632
46636
46637
46640
46641
46644
46645
46647
46650
46652
833084
46654
46658
46659
46661
46662
46665
46668
46669
570957
46672
46675
308819
46678
46679
570968
46681
46684
46688
833120
46690
46692
46695
46700
308849
46706
46709
46710
46713
46716
46719
46722
46725
46728
46730
46732
46735
571023
46736
833168
46739
46744
46747
46749
46751
46752
46755
46758
46759
308907
46764
46766
46768
46770
46771
46773
46780
308924
46781
46784
46788
46789
46793
46795
46798
46799
46802
46806
46810
46813
46814
308960
46818
46823
46824
833258
46828
46830
46831
308975
46835
46841
46843
46846
308992
46850
46853
46854
46857
46865
46868
46872
46873
46877
309023
46880
46885
46888
46889
46895
309039
46896
46899
46902
309048
46905
46906
46910
46913
46916
46917
46920
46921
46923
46927
46929
46931
46934
46936
46940
309086
46944
46945
46947
46949
46952
46954
46955
46960
46963
46964
46966
46967
309111
46971
46972
46976
309120
46978
46981
46986
833418
46988
46989
46990
46992
46994
46996
46999
47001
47003
47006
47009
47013
47016
47017
47019
47020
47023
47024
47027
309172
47030
47034
833466
47037
47038
47040
47043
47045
47047
47052
47054
47056
47058
47062
47063
47067
47068
309214
47071
571359
47074
47078
47082
47085
47090
47091
47094
47095
47098
47102
47105
47109
47112
47117
47122
47124
47128
47131
47135
47138
47140
47142
47145
47149
47151
47157
47158
47161
47162
47165
47168
47172
833604
47179
47183
309328
47186
47190
47194
47196
47198
47202
47204
47206
47209
47213
47214
47218
47219
309365
833653
47222
47224
47227
833661
47230
47231
47232
47234
47237
47242
47245
833678
47247
47251
47256
833688
47258
47263
47264
47266
833698
47269
47270
47273
309417
47275
833708
47277
47282
47283
47286
47288
47290
47293
47296
47299
309444
47302
47304
47305
47309
47312
47315
47316
47319
47320
47323
309467
47326
47335
47336
571630
47345
47346
47350
47355
309499
47359
47361
47363
47364
571652
47367
47371
47372
47374
47376
47378
47386
47387
47390
47394
47399
47401
309545
47405
47409
47412
47415
47418
47422
47425
47426
309570
47427
47429
47431
47435
47437
47439
47442
47445
47447
309593
47450
47451
47454
47457
47460
47464
47465
47469
47472
47475
47476
47479
47482
47486
47487
47488
47490
47491
47494
47498
47499
47501
47505
47510
47514
47516
47520
47522
47523
309668
47526
47527
47529
571820
47533
47537
47539
47543
47544
47547
47548
47551
47552
47553
47557
47560
47564
571852
47566
47570
571860
47573
47578
47580
571868
47584
309731
47588
47590
47591
47595
47598
47601
47602
571890
834036
47605
47608
47609
47610
47612
309757
47617
47619
47623
47624
47627
47630
47633
47641
47643
47649
309793
47651
47653
47656
47661
47663
47666
309810
47667
834100
47669
47671
47674
47676
47678
47680
47683
47687
47690
47694
47697
47700
47703
47704
47709
47715
47717
47718
47723
47724
47726
47727
47730
47734
47736
47738
47741
47742
47745
47746
309892
47749
47753
47757
47758
47760
47764
47768
47772
47776
47778
47779
47782
834215
47785
47786
47789
47790
47791
47793
47794
47795
47798
309945
47802
47803
47805
47809
47810
47817
47818
47820
47824
47828
47831
47833
47835
47836
47839
47840
47842
47846
47848
47849
47852
47855
47856
310001
47859
47860
47863
47866
47867
47871
47872
47874
47875
310019
47878
47881
47882
47883
47885
47886
47890
47892
47896
47898
310043
47901
47904
47906
47908
47910
47912
47914
47915
47918
47919
47921
47925
47927
834360
47930
310075
47933
834368
47937
47939
47941
47942
47945
47947
47949
47954
47955
47957
47962
47965
310112
47969
47972
47973
47975
47976
47979
47982
47984
47985
47988
47989
47992
47993
47995
47996
310142
48000
48009
48014
48015
48019
48025
48028
48032
48034
48036
48038
48041
48042
48045
48049
48053
48055
834487
48056
48060
48067
48068
48071
48074
310219
48079
48082
48083
48087
48090
48091
48095
48098
48101
48102
48105
48106
48109
48110
48113
48117
48122
48124
48126
48129
48132
48135
48136
310281
48142
48145
48149
48150
48153
48156
48160
48161
48163
48164
310310
48167
48168
48171
48174
48178
48179
48182
48184
48186
48187
48191
48193
48200
310346
48204
48206
48207
48209
48210
48212
48214
48218
48221
48224
310368
48227
48229
48230
48233
48240
48242
310386
48244
48246
48249
48251
48253
48254
48256
48257
48260
48262
48266
48270
48273
572562
48279
310424
48283
48286
48292
48295
48297
48301
48302
48305
48306
48308
310454
48312
48313
48315
48317
48319
48320
48322
48325
48329
48333
48334
834767
48337
48342
834777
48349
48352
834787
48356
48363
834795
48368
48369
48371
48372
834808
48377
48381
48384
48385
48387
48392
834825
48395
48398
48399
48400
48402
48403
310548
48405
48407
48412
48413
48416
48419
48420
48423
48426
48430
48433
48434
48437
48438
48442
48445
48446
48448
48450
48451
48455
48457
48459
48464
48468
48470
48472
48473
48476
48477
48482
310626
48483
834915
48486
48488
48494
48495
48497
48499
48501
48502
48504
310649
48508
48511
48512
48513
48516
48520
48522
48524
48529
48531
48532
48537
48541
48543
48544
48547
48548
48550
48551
48554
310699
48557
48560
48565
48568
48570
48573
48575
48577
48579
48580
48583
48586
48589
48595
48597
48598
48601
48605
48607
48609
48611
48613
48615
48618
48622
48623
48626
48628
48631
48633
48636
310782
48639
48641
48642
48645
48648
48651
48655
48659
48660
48666
48670
48674
48676
48677
48678
48680
48685
572974
48688
48690
48691
48695
48697
48700
48701
48704
310849
48707
48708
48710
48714
48716
48717
48720
48723
310867
48725
48727
573016
48729
48730
48733
48734
48736
48739
835171
48741
48742
48743
48745
48748
48751
48752
48754
48755
48758
48759
48762
48766
48767
48768
48770
48772
48774
48777
48781
48785
48786
48789
48793
48795
48797
48798
48801
48802
48804
48807
48808
48811
48812
48814
48817
48821
48824
48825
48828
48829
48833
48834
48836
48844
48845
48847
48848
48852
48855
48859
48862
48864
835299
48868
48870
48872
48873
48875
48878
48881
48883
835315
48885
573173
48889
48891
48893
48895
48896
48899
48902
835334
48904
48907
48909
48914
48917
48918
48921
573211
48925
48928
48933
573224
48939
48940
48943
311090
48948
48953
48957
573245
835389
48960
311107
48964
48968
48972
48974
48977
48981
48984
48985
48992
48993
48995
48996
835428
49002
49004
573293
49007
311152
49009
49013
573301
49014
311160
49017
49021
49024
49025
49029
49031
49035
49039
49042
49044
49046
49052
49057
49060
49064
311212
49071
49073
835507
49076
49077
49079
49080
49082
49084
49086
835520
49091
49098
49101
49104
49105
49107
49109
49111
573399
49115
49118
49120
49122
49123
49125
573416
49129
49132
49133
49135
49136
49137
49139
573427
49141
49142
311288
49145
49149
49152
49154
49156
49159
49163
49167
49169
49170
49174
49177
49182
49184
49186
573474
49189
49191
49194
49195
49203
311347
49206
49207
49210
49211
49215
49217
573507
49220
311364
49224
49225
49228
49229
49232
49234
49237
311382
49239
49241
49244
573533
49247
49248
49251
49254
49257
49258
49261
49262
49264
573553
49267
49269
49272
49273
49275
49276
573564
49282
49284
311428
49289
49290
49293
49294
49297
49299
49302
49306
49308
49310
49312
49313
49315
573605
49318
49322
49325
49327
573616
49330
49332
49334
49336
49339
49340
49342
49343
49345
49346
311493
49350
49352
49354
573642
49357
49359
49361
49363
49365
49369
49370
49373
835807
49378
49380
49382
49384
49385
49388
573679
49394
49398
49399
49401
835833
49404
49406
49407
49409
573697
49414
49415
49418
573708
49421
49427
49429
49433
49436
49437
835871
49440
311587
49444
49447
573737
49451
49454
49455
573745
49458
49460
49463
311609
835897
49470
49472
49473
835905
49476
49477
49480
573771
49484
49486
49487
835922
49491
49494
49495
49498
49499
49505
49506
49509
49510
49513
573801
49514
49517
49519
311663
49520
49523
49525
49528
573817
49531
49532
49535
49537
835970
311684
49541
49542
49544
49546
573834
49548
49550
49551
49555
49557
49559
49563
49564
49566
49567
49571
49576
49582
49585
49586
836018
49589
49592
49593
49596
49597
49600
49603
573892
49605
49607
49611
49612
49615
573909
49622
311767
49626
49627
49630
573920
49634
49635
49637
49640
311788
49645
49647
49649
49650
49655
49659
49660
49663
573953
49667
49668
49670
49672
49673
49676
49677
836111
49680
49682
49684
49685
49688
573980
49693
49695
49697
49701
49703
49707
49710
49711
49714
49717
311863
49724
49725
574014
49727
49731
574021
49735
49739
311883
49741
574029
49743
49745
49750
49751
49753
49760
311906
49769
49771
49774
49775
49777
49781
49782
49785
49786
49788
49794
49800
49801
49805
49808
49809
49811
49812
49816
311960
49817
49819
49820
49825
49826
49828
49829
49837
49838
574128
49841
49844
49848
49849
311994
49851
49853
49855
49858
49859
49862
49863
49866
49870
49871
49876
49878
49879
49883
49885
836319
49888
49889
49891
49895
836331
49900
49901
574190
49903
49904
312049
49907
49908
49910
49914
49916
49918
49922
49926
49930
49932
312076
49935
49936
49938
49941
49943
49945
49947
49948
312093
49951
49955
49957
49959
49960
49963
49966
49967
49970
49971
49974
836407
49979
49982
49984
49988
49990
836423
49993
49996
49997
836431
50000
50004
50007
836439
50008
50012
50014
50015
50020
50022
50024
50026
50030
312174
50031
50034
50037
50038
50045
50047
50049
50052
50054
50056
50057
50058
50060
50061
50063
50064
50070
50074
50076
50079
50083
50084
50086
50088
50090
50093
50094
312240
836528
50097
50098
50101
50103
50104
50108
50111
50115
836547
312260
50117
50123
50126
50128
50130
50133
50135
50138
50141
50143
50147
50149
50150
50153
50157
50158
50161
50165
50166
50169
50174
50175
50177
50178
50181
50182
50184
50185
50188
50192
50193
50195
50198
50202
50204
50207
50208
50209
50215
50218
50222
50224
50226
50228
312375
50235
50242
50246
50249
50253
50260
50262
50266
50269
50272
50275
50278
50282
312427
50284
574577
50291
50295
50296
50299
50301
574593
50307
50308
50312
50316
312462
50319
50324
50327
50328
50331
50332
50335
50340
50343
574633
50346
50347
50348
312492
50350
50351
50353
50357
574646
50359
50361
312509
50368
574662
50375
50377
50380
574670
50385
50386
50388
574678
50396
50397
50400
312546
50405
50408
50409
574701
50415
50416
50418
836850
50419
312563
50422
50429
50432
50435
50437
50446
836878
50451
50454
312598
50455
50457
50458
836891
50462
50465
312609
50466
50469
50473
50488
50492
50494
50496
50498
836931
50502
50504
50506
312650
50509
50510
50512
50514
50517
50520
50524
50527
50530
50532
50534
50540
50543
50544
50546
50549
50551
50553
50555
50556
312700
50559
50563
50564
50569
50572
50576
312721
50579
50582
50584
50585
837017
50588
50589
50591
50593
50595
50596
312742
50599
50601
50603
50605
50606
50610
50613
50619
312763
50621
50624
50626
50628
50631
50632
50633
50635
50636
312780
50638
50642
50643
50645
50649
50652
50653
50655
50657
50659
50662
50665
50668
837100
50669
50671
50672
312817
50674
50677
50678
50680
50681
50685
50687
50688
50693
50696
50699
50701
50704
50708
50710
50712
50716
50718
50721
312866
50724
50728
50730
50732
50736
50738
50740
50742
50743
50745
50748
50750
50752
50754
50756
50757
50761
50763
50764
50767
50771
50772
50775
50776
50779
312926
50785
50786
50790
50792
50793
50795
50798
50801
312947
50805
50809
50811
50814
50817
50818
50821
50822
312967
50824
50826
50829
50832
50833
50838
50840
50849
50851
50852
50856
50857
50859
50860
50863
50864
50865
837298
50868
50871
50874
50878
50880
837315
50885
575173
50888
50891
50892
50895
50896
50899
837335
50906
50907
50909
50910
50913
50916
50919
50923
50924
313068
50926
50928
50930
50931
50934
50935
50936
50938
50939
50942
50944
50948
50952
50954
313098
50956
50957
50960
50966
50967
50971
50973
50975
50979
50980
50983
50986
837418
50990
50993
837426
313139
50998
50999
51001
51002
837434
51003
51005
51012
51013
51016
51017
51020
51023
51024
51027
51030
575321
51034
51038
51042
51047
51049
51051
51055
51056
51059
51063
313208
51067
51068
51070
51074
837506
51078
51080
51083
51087
51090
51093
51094
51097
51101
51104
51108
51110
51112
51118
51121
51124
51127
51130
51134
51136
51140
51141
51143
51148
51151
51152
51154
51155
51158
51161
51165
51168
51170
51173
51177
51186
51190
51193
51197
313345
51202
51204
51207
51208
51211
51214
51219
51220
51223
51224
51226
51228
51231
51234
51235
51238
51239
51243
51246
51251
51253
51255
51257
51260
51261
51262
51265
51267
51270
51271
51275
51277
51278
51285
51287
51289
51293
51296
51297
51300
51305
51307
51309
51313
51314
51316
51319
313465
51323
51324
51327
51331
51334
51340
837773
51343
51347
51349
575638
51351
51354
51356
51359
51360
51364
51365
51368
51369
51371
51372
51375
51376
51380
51383
51384
51387
51389
51391
51393
51396
51398
51401
51402
51404
51408
51409
51412
51416
51417
51419
837852
51424
313571
837860
51429
51433
51435
51438
51441
51443
51444
51446
313591
51450
51451
51454
51458
51460
51464
51465
51467
51470
575760
51474
51478
51484
51487
313631
51488
575778
51491
51496
51498
51502
51504
51507
575796
51510
51511
313658
575803
51516
51517
51520
51523
51529
837961
51532
51535
51538
51541
51542
51545
51547
51549
51551
51552
51555
51556
51559
51561
51565
51566
575860
51573
51577
51582
51589
51592
51594
51595
575885
51598
51603
51606
51609
51612
51613
51615
51617
51619
51620
51622
51623
51630
51633
51634
51636
575924
51637
51639
51644
51647
51650
51653
51655
51659
51661
51664
51666
51668
838102
51673
51677
838110
51679
51680
51684
51690
51693
575987
51700
51703
51704
51707
575995
51713
51715
51718
51722
51723
51727
576016
51730
51731
51734
51735
51738
51739
313884
51742
51746
51750
51756
51759
51762
51766
51767
51770
51772
51775
51777
51781
51785
313931
51789
51791
51795
51797
51799
51804
576093
51806
51807
51811
51814
51815
51817
51821
51822
51824
51826
51828
51829
51832
51834
51836
51837
51840
51844
51845
51846
51848
51853
51855
51859
51862
51864
51866
314010
51868
51872
838306
51875
51878
51879
51881
51882
51885
51886
51889
51892
51895
51900
51901
51904
51907
51908
314054
51912
51913
51916
51919
51920
314064
51923
51927
51930
51937
51940
51941
51946
51947
51951
314096
51956
51958
51963
838396
51966
51970
51971
838404
51974
51976
51978
51979
838412
51983
51985
51991
51993
51995
51997
51998
51999
52001
52004
52005
52007
52008
52011
52012
52015
314159
52016
52021
52023
52024
52026
52028
52029
52032
838464
52035
52036
576326
52039
52040
52045
52049
52051
52052
576344
52059
52063
52068
52070
52073
52074
52077
52078
52082
52085
52088
52089
52092
52093
52095
52096
576384
52099
52103
52104
52106
52108
52112
52115
52118
52122
52123
52124
576412
52126
52127
52130
52131
52134
52137
52138
52141
52144
52145
52147
52148
52151
52155
52160
52164
52168
52171
52174
52177
52179
52181
52182
314327
52185
52190
52194
52195
52198
52201
52202
576492
52205
52207
52209
52213
52217
52220
52223
52226
52227
576518
52231
52232
52234
52236
52238
576526
52241
52242
52244
52246
52247
52249
52251
52253
576545
52258
52260
52261
52264
576552
52268
52273
52274
52277
576565
52278
52282
52284
52285
838720
52290
52294
52298
52300
52302
52303
52306
52310
52311
52314
52318
576606
52320
52323
52324
52326
52330
576624
52339
52340
52343
52345
314490
52347
52351
52352
52354
52356
52358
838790
52359
52362
314506
52365
838798
52367
52369
52370
52373
52376
576665
52379
838813
52384
52386
52388
52390
52391
52397
52399
576688
52401
52405
52406
52408
52411
52412
52415
52417
52422
52426
52428
52429
52431
52432
52435
52444
52446
52448
576736
52449
52452
52457
52459
52460
52463
52464
576754
52468
52470
52475
52476
52481
52482
52485
52486
52487
52489
52490
52493
52494
52497
52500
52504
52506
52508
52510
52512
576802
52515
52516
52518
52523
52527
52531
52533
52536
52539
52542
52545
52546
52549
576838
52554
52555
52557
52561
52569
52570
576859
52572
52578
52581
52583
52584
52587
576879
52593
52595
52597
52598
52601
52602
52610
52612
52616
52620
52623
52624
52626
52630
52633
52634
52636
52640
52641
52645
52649
52650
52653
52656
52659
52662
52664
576952
52665
52667
52669
52671
52673
52675
52677
52678
52681
52686
52689
52693
52694
52696
52698
52699
52701
52706
52708
52709
52712
52717
52724
52727
52734
52735
52742
52747
52750
839187
52757
52760
52762
52766
52770
52773
52776
52779
52782
52783
52786
52791
839225
52794
52795
52800
52801
839233
52803
52805
52806
839241
52810
52812
52814
52816
52818
52819
52822
52824
52826
314976
52833
52835
52836
52838
839273
52842
52843
52846
839281
52850
52856
839289
52860
52861
52863
52866
52868
52875
52880
52886
52888
52890
52892
839328
52897
52898
52900
52903
52904
52907
52908
52911
52912
52915
52920
52921
52926
52927
839361
52930
52933
52936
839369
52939
52940
52943
52945
52947
52948
52951
52952
52955
52959
52962
52963
52966
52967
52970
52971
52973
52976
52980
52981
315125
52985
52990
52992
52995
52997
53000
53001
53003
53004
53006
315155
53012
53019
53022
53023
53026
53027
53031
53034
53039
53042
53043
577333
53046
315191
53048
53051
53055
53056
53058
53065
53067
53069
53071
53075
53078
53079
53084
53087
53090
53094
53096
53098
53102
839538
53108
53111
53112
53115
53116
53120
53121
53123
53127
53128
839562
53131
53137
53139
53140
53144
53147
53148
53150
53154
53155
53158
53159
53161
53165
53169
577458
53173
53176
53178
53181
53183
53186
53190
53194
53197
53200
53206
53209
53210
53213
53217
53219
53223
53225
53229
53230
53232
53233
53236
839674
53243
577531
315391
53249
53255
577545
53258
53259
53262
315407
53267
53270
53271
53275
53280
53282
53288
577577
53290
53294
53295
53298
315446
53304
53307
53309
53315
53318
53319
53321
53325
53330
53331
53334
53338
53341
53344
53347
53348
53351
53353
53357
53361
53362
53366
53369
577658
53372
53378
53379
53383
53384
53388
53390
53394
53398
53399
53402
53403
53410
53414
53416
53418
53420
53423
53425
53426
577716
53430
53431
53433
53435
53437
53439
53440
53443
53444
315589
53447
53451
53455
53468
53472
53475
53476
577764
53480
53486
53490
53493
53496
53499
53501
53504
53505
577795
53508
53510
53513
53514
577803
53518
53520
53524
53525
53527
53529
53531
53532
577820
53534
53535
53538
53540
53542
577830
53545
53548
53550
577840
53553
53555
53556
53561
53562
577850
53566
53568
53569
53573
53575
53577
53579
53582
53583
53589
53592
53593
53596
53599
53602
840036
53606
53608
53617
53620
53624
53625
53627
53631
53632
315776
53635
53636
53638
53641
53644
53649
53652
53657
53658
53660
840095
53665
53670
53671
53675
53676
53678
53679
53682
53684
53686
53687
840119
53691
840127
53699
53704
53707
53712
53714
840147
53716
53718
53722
53724
53728
53729
53732
840164
53736
53737
53739
53743
53744
53747
53750
53755
53756
53759
53764
53767
53771
53772
53778
53780
53782
53785
53787
53789
53792
53797
53799
53800
53803
53806
53811
578100
53814
53818
53819
53821
53822
53826
53827
53829
53830
53834
315979
53836
53837
53839
53843
53845
53846
53849
53852
53854
53859
53862
53863
53865
53866
53868
53871
53876
53879
316026
53883
53884
53887
53891
53893
53895
53898
53899
53901
53904
53908
578201
53918
316063
840355
53924
53927
53930
840363
53933
53937
840371
53940
53944
53948
53949
53951
53954
53955
53957
53960
53961
53965
53966
53970
53972
53975
53976
578265
53979
53981
53987
578282
53996
53999
840433
54005
54007
54011
54013
54014
54017
54021
54023
840456
54025
54026
54033
54035
54038
54041
54045
54046
54048
54050
54057
54058
54060
54064
54068
54069
54071
54080
54082
54083
54086
54087
54089
54092
54096
54097
54098
54100
54103
54106
54108
54110
54112
54113
54115
54118
54120
54126
54129
54130
54132
54136
54140
54141
54145
54146
54148
54151
54152
54158
54165
54167
54171
54174
54175
54176
54178
54182
54184
54188
54192
54194
840627
54196
54198
54203
54205
54208
54209
54216
54219
54220
54224
54226
54227
54229
54230
54233
54234
54236
54237
54240
54244
54245
54247
54251
54252
54253
54255
54256
54259
316403
54261
54265
54267
840699
54268
54270
54274
54280
316424
54284
54289
54296
54299
54302
54305
54306
54310
54316
54318
54321
54323
578612
54328
54331
54335
54339
54340
54342
54346
54350
54352
54355
54356
54360
54363
54365
54366
54369
54371
54372
54374
54376
54380
54381
54382
54385
54391
54393
54394
54396
54401
54404
54406
54408
54413
54414
840847
54417
54418
54420
54426
54428
54429
54432
54435
54436
54438
316583
54440
54442
54446
54447
54451
54455
54457
54458
54461
54465
54469
54471
840904
54474
54475
54477
54482
54484
54486
54488
54491
54494
54495
840929
54498
54499
54502
54504
54507
54508
54510
54513
54514
54517
54518
54521
840953
54525
54527
54529
840961
54532
54533
54536
54537
54539
54542
54544
54546
54547
54551
54553
54557
54560
840992
54563
54567
54574
54578
54583
54584
54590
54592
54596
54597
54602
54603
54606
54607
54616
54620
54624
54628
54630
54631
54634
578924
54637
54639
54641
316788
578934
54647
316794
54654
578944
54660
54664
316810
578957
54672
54673
54680
54681
316826
54684
578974
54687
54689
54692
54695
54699
316843
54700
54706
54707
54709
54710
54713
316859
54716
54719
54722
54723
54724
54726
841158
54730
316875
54733
54734
54740
54741
54743
54748
54749
54753
54755
54759
54760
54763
54764
54767
54768
54771
54774
54775
54778
54779
54782
54783
54785
54790
54793
316937
54795
54798
841232
54802
54803
54806
54808
54810
54811
54814
54816
54818
54819
54822
54825
841257
54828
54832
54836
54837
54839
54843
54846
54848
54851
54854
54858
54859
54862
54866
54869
54873
54875
54878
54879
54881
54887
54889
54892
54893
54896
317040
54897
54900
54903
54904
317050
54907
54912
54913
54916
54918
54921
54924
54931
54932
54935
317079
54938
54943
54945
54950
54954
579244
54957
54959
54961
54965
54966
54969
54978
54981
54986
54989
54991
54993
54995
54996
54999
55001
317145
55003
55007
55008
55010
55015
55019
55022
55023
55025
55028
55029
55032
55036
317181
55040
55043
55045
55046
55051
55053
55055
55059
55063
55064
55067
55068
55070
55071
55074
55075
55078
55082
55083
55087
55093
55094
55097
55099
55103
55104
55107
55108
55110
55111
55114
55120
55121
55122
55124
55127
55131
55132
579422
55135
55137
55142
55144
55146
55147
55150
579439
55154
55157
55158
55165
55168
55169
55172
55175
55176
841613
55184
55185
55186
55189
55191
317336
55194
55198
55201
55203
55205
55207
55208
55209
55212
55216
55219
55223
55233
55236
55239
55241
55244
55249
55250
55251
841684
55253
55257
841692
55261
579549
55266
841700
55270
55271
55273
55276
317422
55280
55284
55285
55286
55288
55291
55296
55299
55301
55303
317447
55304
55307
55309
55311
55315
55316
55319
55324
55325
55328
55329
55332
55333
55334
55336
55347
55348
579638
55351
55352
55353
55355
55358
317502
55362
55368
55370
55372
55376
55378
55381
317527
55388
55389
55391
317536
55398
55401
55404
55406
55408
55410
55411
55414
55417
55420
55423
579711
55425
55427
55430
55434
55440
55443
55444
55445
55450
841883
55453
55457
55458
55461
55462
55465
55473
55475
55477
55480
55482
55483
55484
55489
317633
55491
55500
55502
55504
55507
55511
55513
55515
841947
55516
55518
55522
55525
55528
55529
55532
55533
841966
55536
55539
55542
55547
55551
55555
317700
55559
55561
55564
55566
55569
55572
55576
55577
55578
55580
55584
55585
55588
55589
55597
55600
55601
55604
55606
55608
55611
55614
55616
55619
55620
55622
55626
55628
55631
55632
55637
55640
55645
55647
55651
55654
55657
55658
55661
55662
55665
55668
55672
55675
55678
55683
55684
55688
55691
55692
55697
55699
55700
579988
55702
317848
55706
55708
55709
55713
55718
55721
55723
55724
55728
55730
55734
55735
55738
55745
55748
55752
55753
55755
55756
55757
580046
55760
55763
55764
55766
580054
55767
55769
55775
55776
55779
55783
580071
55787
55788
55790
55793
55799
55801
55803
55807
55809
55810
55813
55815
55819
55824
55827
55828
55831
55832
55834
55835
55838
842271
55842
55846
580134
55850
55851
55854
317999
55858
55859
55860
55865
580155
55868
55869
55872
55879
55880
55883
55884
318029
55889
55890
55893
55897
842329
55899
55901
55903
55907
55910
55913
55915
55918
55921
842353
55923
55927
55931
55932
55934
55935
55938
318082
55939
842371
55944
55946
55947
55953
55956
55958
55961
55964
55968
55969
55972
55973
55977
55979
55981
55983
55987
55990
55993
55994
55996
55997
56000
56004
56007
56011
56012
56014
56018
56020
56022
56024
56027
56029
56031
56034
56037
56041
56045
56047
56049
56051
56052
56058
56061
56062
56064
56069
56076
56078
56081
56084
56089
56090
56093
56096
56097
56100
842534
56104
56106
56110
56113
56116
56118
56120
56122
56126
56127
56131
56132
56135
56137
56139
56142
56143
56146
318290
56149
56150
56153
56154
842589
56158
56162
56163
56167
56168
56171
56172
56176
56179
56184
56186
56191
318335
56192
56195
56199
56203
56206
56209
56212
56214
56217
56218
56221
56224
56226
56228
56230
56231
56234
56235
56238
56241
56242
56245
56248
56249
842686
56255
56257
56259
580547
56260
56263
56265
56266
56269
56271
56274
56277
56280
56282
56284
56286
56288
56290
56292
56295
56299
56301
56302
56308
56309
580597
56312
56314
56316
56322
56326
56328
56331
56334
56336
56339
56340
580629
56342
56345
56347
318493
56351
56352
56355
56358
318504
56363
56366
56367
56370
56373
56375
56377
56378
56379
56381
56382
56383
56386
56388
56394
56396
56398
56402
56404
56405
842837
56408
56410
842844
56413
56415
56416
56419
842851
56423
56426
56428
56430
56431
56434
56439
580729
56442
56444
56446
56449
56453
56463
56464
56467
56469
318613
56473
56477
56478
56481
56483
56490
56493
56497
56500
56502
318646
56504
56506
56508
580798
56512
56513
56516
56517
56518
56520
56524
56526
56528
56530
56531
56533
56535
56537
56539
56542
56544
56547
56550
56551
56553
56555
56557
56560
56562
56565
56568
56573
56576
56579
843013
56584
56585
56588
56589
56593
56594
56596
56598
56599
56600
56603
56606
56607
56610
56613
56614
56617
56618
56621
56625
56629
56630
56633
56635
56639
56643
56645
56649
56650
56653
56655
56658
56659
56661
56665
56666
56668
56672
843106
56675
56676
56682
56685
56687
56688
56692
56695
56696
56699
56702
56703
56707
56708
56711
56713
581003
56717
56718
56721
56722
56726
56727
56729
56730
56733
56736
581026
56740
56742
56744
56745
56747
56749
56751
56755
56758
56759
56762
56766
56770
318914
56774
56775
56776
56778
56781
56785
581073
56786
56787
56792
56795
56796
581086
56799
56803
56805
56806
843241
56811
56812
56815
56820
56822
56826
56827
843259
56831
56833
56836
56839
56843
56847
56850
56851
56857
56858
56860
56861
56864
56868
56872
56874
56876
56880
56884
56885
319030
56887
56888
56890
56891
581181
56896
56897
56900
56903
56904
319053
56910
56911
56914
581202
56919
56922
56924
56926
56927
56931
56932
56935
56936
56938
56939
56943
56950
56951
56959
56964
56967
56968
56972
56976
56977
56979
56982
56984
56986
56988
56989
56992
56994
56997
56999
57001
57006
57007
57009
57012
57016
57018
57020
57023
57027
57028
57030
57034
57036
57039
57041
57045
57047
57049
57050
57052
57057
57064
57066
57067
57068
57070
319214
57072
57075
57078
57081
57082
57083
57086
57087
57098
57102
57103
57107
57109
57113
57116
57119
57120
843554
57126
57130
57131
57132
319276
57134
57137
57139
57142
57145
57147
57150
57153
57156
57160
843595
57165
57168
57174
57178
57181
57185
57186
57189
57192
319337
57196
57197
57201
57203
843636
57206
57210
57211
57214
57215
57216
57218
57219
57222
843654
57227
57228
57231
57232
57234
57243
57246
57249
57251
57254
57255
319400
57259
57263
581551
57267
843703
57273
57276
57278
57280
57281
319426
57287
57292
57293
57295
57299
57300
57302
57305
57307
57311
843744
57313
57316
57317
57320
57321
57324
57327
57328
57332
581621
57334
57335
57337
843770
57340
57342
57344
57349
57350
57352
57354
57358
57360
57364
57366
57369
57371
57374
57376
319520
57377
57381
57386
57387
843819
57390
57391
57394
57397
57401
57407
57411
57413
57414
57418
57419
57421
57422
57426
57427
57429
57432
843865
57435
319585
57444
57445
57448
57452
57454
57459
581750
57463
57466
843898
57469
57470
57473
57478
843910
57479
57483
57490
57492
57494
57496
57497
57500
57501
57504
57505
57508
57509
57511
57514
57517
57520
57524
57528
57536
57540
57544
57545
57549
57555
57556
57559
57560
57564
57568
57571
57572
57574
57575
57578
57581
57585
57588
57589
57592
57595
844027
57596
57599
57602
57604
57609
57613
57615
57621
57624
57625
57630
57631
57635
57638
57643
57646
844078
57648
57649
57652
57653
57656
57657
57660
57663
57667
57670
57671
57674
57679
57682
57683
57686
581981
57694
57698
57703
57706
57713
582003
319860
57717
57719
57721
57723
57727
57731
844165
57734
57735
57742
57744
57746
57747
57750
57751
57756
57757
582045
57759
57760
57762
57763
582053
57766
57769
57770
57773
57775
57778
57779
57782
844214
57785
57788
57789
57794
57798
57799
57803
57805
844237
57806
57808
57810
57814
57815
57818
57819
844253
57822
57827
57830
57833
57836
57840
57844
57847
57850
582139
57852
57854
57857
57858
57860
57862
57864
57868
57869
57871
57874
57878
57880
57882
57883
57886
57889
57890
57893
582182
57896
57899
57902
57904
57906
57907
57912
57914
57915
57917
57918
57922
57924
57928
57933
57935
57937
57938
57942
57945
57948
57951
57952
320103
57960
57961
57963
57964
57966
57968
57970
57974
57977
57978
57981
57982
57985
57990
57993
58001
58003
58006
58007
58010
844443
58013
58015
58017
58018
58020
320164
58021
58024
58025
58028
58029
58032
58037
58040
58046
844482
58052
58056
58059
58063
58066
58067
320211
58069
58072
58075
844510
58079
58080
58083
58084
58087
58088
58095
58100
58101
58103
58105
58107
58111
58119
320266
58126
58130
58136
58139
58140
58143
58147
58149
58151
58152
58154
58157
58162
58163
58164
320308
58166
58167
58170
58174
58175
320320
58177
58178
58182
58185
58190
58193
58194
58197
58203
58204
320348
58207
58209
58211
320356
58214
58216
58220
58221
844655
58225
582514
58228
58232
58235
58239
58243
58245
58246
58249
320394
58253
58254
58257
582547
58261
58263
58264
58266
58268
58269
58272
58275
58276
58282
58283
58287
58289
58290
844722
58292
58294
58296
58299
58303
58306
58309
58313
58315
58317
58321
58329
58330
58333
582622
58336
58341
58342
844774
58344
58347
58351
320503
58369
58376
58379
58381
58384
58389
58391
58394
844826
58397
58400
58403
582694
58409
58410
58412
58418
58420
58426
58429
58433
58435
58438
58441
844873
58444
58447
58449
58451
320595
58452
58454
58455
58457
58459
58461
58462
58465
58467
58469
58470
58472
58474
58475
58481
58483
58486
58489
58493
58494
58496
320640
58500
58501
844934
320648
58505
58508
58509
58512
58515
58517
58520
58525
58528
320674
58532
58534
58537
58541
58542
58544
320690
58547
844979
58551
58552
844986
58556
58558
58563
58568
320718
58575
58576
58580
58583
58584
58587
58590
582880
58595
58596
582888
58601
58602
58604
58605
58607
58609
58612
58614
58616
58618
58622
58626
320770
58627
582916
58629
58630
58632
845064
58633
58635
58637
58639
58640
58648
58655
58657
58660
58661
58665
58666
58670
58673
58675
58676
58677
58679
58680
58683
58684
58685
58687
58689
58692
58695
58697
58701
58704
58710
58713
58719
58725
58727
58729
58730
58733
58734
58737
58739
58741
58744
58748
58752
583041
58757
58760
58761
58764
58766
58768
58771
58774
58775
58777
58781
58784
58785
58789
58791
583080
58796
58802
58803
58808
58809
58811
58812
583104
58818
58822
58826
58829
58830
58831
58833
58837
58841
320987
58844
58847
58850
58853
320998
58858
58860
845292
58864
58867
58868
58871
58873
58875
58879
58881
58883
58886
58888
58890
58891
58894
321038
58899
845331
58901
58902
58903
58905
58908
58911
58913
58915
58916
845348
58920
58921
58923
58924
58928
58929
58931
58932
58936
58937
58939
58944
58945
58949
58951
58952
58953
58955
58959
58961
321105
58964
58966
58968
58970
58972
58973
58977
58978
58981
58984
58986
58988
58999
59000
59003
59005
321149
59010
59012
845444
59013
59016
59017
59020
59021
321165
59023
59027
59030
59033
59036
59037
59039
59042
845475
321188
59045
59047
59051
59052
321196
59055
59056
583345
845490
59060
59062
59065
59066
845498
59072
321217
59075
59076
59082
59086
59090
59092
59095
59099
59100
59102
59103
845535
59106
59107
59110
59113
59114
583402
59117
59121
59125
59128
321274
59132
59135
59138
59141
59142
59144
59146
59148
59151
59152
59155
59160
59162
59163
583452
59166
59167
59170
59173
59174
59177
59179
59180
59187
59191
59193
59195
59196
59198
59201
321346
59204
59206
59212
59214
59215
59218
59219
59221
59222
59226
59227
59229
59230
59233
59236
59240
59243
59246
59249
59254
59258
321408
583554
59267
59268
59270
59272
59273
321418
59276
59280
59282
59285
59289
59290
59291
59294
59297
59299
59302
59305
59307
59313
59317
59320
59323
59328
59331
59335
845770
59339
59341
59344
59345
59348
59349
59352
59354
59356
59358
59361
59362
59364
59367
59368
845802
321521
59379
59381
59382
59383
59386
59388
59390
59392
845824
59394
59397
59400
583689
59408
59413
59414
845848
59418
59421
59425
59427
59434
59436
59438
59439
59442
59444
59445
845878
59450
321595
59454
59457
59459
59462
583751
59465
59467
59469
59470
59472
59475
59476
59478
59479
583767
59482
59485
59486
59489
845921
59492
59494
59495
59501
59503
59504
59507
59508
59511
59513
59515
59517
59518
321663
59524
59525
59529
583817
59530
59532
59536
59537
59538
59540
59544
59549
59552
59554
59557
59558
59561
59565
59568
59570
846002
59572
59574
59577
59578
846012
59581
59583
59587
59590
59594
59595
59597
59598
59600
59601
583890
59605
59607
59616
59617
59620
59621
59623
59625
59626
59630
59632
846066
59635
59637
59642
59644
59645
59648
846082
59651
59655
59658
59659
583948
59663
59665
59666
59669
59673
59674
59677
846111
59680
59681
583971
59684
59686
59689
59691
59693
59697
846129
59703
59707
59709
59710
59714
59717
59719
59722
59725
59726
59728
59729
59732
59735
59738
59741
846173
59745
59749
59753
59758
59760
59764
59766
59772
59776
59780
846212
59783
59784
59787
846220
59790
59795
59798
59799
59802
59803
59806
59807
59809
59810
59813
59814
59815
59817
59819
59821
59825
59827
59832
59834
59836
59838
59840
59843
59847
59850
59859
59862
59867
59871
59873
59874
59878
846311
59882
59886
59890
59894
59897
59901
59902
846336
59907
846344
59914
59918
59919
59923
59926
59927
59931
59932
59935
59936
584224
59938
846373
59943
59946
59950
59956
59957
59959
59961
59963
322107
59967
59971
59972
584262
59975
59976
59978
59981
322130
846419
59989
59995
59996
584284
59999
60001
322147
846435
60004
60005
60008
60009
60012
60015
60019
60022
60024
60030
60032
60035
60037
60039
60040
846474
60043
60044
60045
60047
322193
60051
846484
60053
60054
322200
60057
60058
60059
60062
60063
60069
60070
584359
60073
60075
322219
60077
60079
60082
60084
60086
60090
60092
60095
60101
60105
60108
60111
60112
60115
60119
584412
60125
60126
60130
60133
60135
60137
60139
60141
60142
60146
60147
60150
60155
60159
322305
60163
60164
60167
60169
60172
60173
60177
60178
60181
60185
60186
60188
60193
60194
60196
60199
60200
60203
60204
60207
60209
60211
60214
60217
60220
60223
60225
60227
60228
60229
322373
846661
60231
60236
60238
60239
846671
60242
60245
60246
60252
60253
60256
60257
60260
60261
60264
60267
322412
60269
60271
60273
60275
846707
60276
60279
60282
60285
60288
60289
60293
60297
584588
60303
60304
60306
60307
584596
60310
846742
60311
60314
584604
60317
60320
60324
584612
60326
60329
60330
60333
60336
60339
60340
60343
60344
846780
60349
60353
60356
60358
60360
60362
60363
60365
60366
60371
60372
60375
60380
60383
60385
60389
60390
60393
60399
60400
60405
846839
60408
60410
60411
60414
60419
60420
60427
60431
60433
584724
60440
60441
60444
584732
846880
60450
60452
846888
60457
60458
60461
60463
60464
60467
60468
60470
846904
60472
60474
60478
60482
60485
60488
60489
584785
60498
60499
60502
60505
60506
60509
60510
60512
584800
60513
60517
846952
60520
60523
60528
60532
60535
60537
60539
60541
60545
60549
60551
60554
60557
60558
60561
60563
60567
60568
60572
60574
60576
60580
60581
60584
60594
60597
60602
60604
60608
60611
60616
60620
60622
60625
60628
60629
60631
60633
60635
60638
60640
847075
60644
60645
60649
60650
60652
60653
60655
847090
60659
60667
60668
60670
847108
60677
60678
60681
60683
60685
60686
847120
60689
60693
60695
60697
60698
60701
60702
60708
60712
60715
60718
60720
60723
322868
60728
585016
60731
60733
60735
322879
60737
60741
60742
60745
322890
60749
60753
60755
60757
322901
60760
60761
60762
60764
60766
60768
322912
60775
60778
322923
60782
60784
60787
60789
60791
60792
60795
322941
60799
60800
60805
585095
60808
322952
60810
60814
60819
322963
60821
60823
60829
322974
60832
60834
60838
60840
60841
322985
60846
60848
60850
322996
60858
60861
60863
323007
60867
60869
60872
323018
60875
60878
60879
60881
585171
60884
323029
60889
60891
60894
60896
60897
847331
60900
60901
60906
60907
323051
60908
60910
60914
60915
60917
847350
323062
60920
60924
60927
323073
60930
60931
60936
60940
60942
60945
60946
60951
60953
60957
60959
60960
60965
60970
60971
60975
60978
60981
60982
60986
60987
60989
60990
60993
60994
60996
60997
585285
60999
61002
61005
61007
61011
61013
61016
61022
61025
61026
61028
61031
61035
847469
61038
61041
61042
61044
61049
847483
61051
61052
61055
61057
61060
61065
61067
61069
61071
61075
585363
61077
61078
61082
585371
847517
61085
61088
61092
61094
61101
61104
61105
61111
61114
61116
61120
61122
61124
61126
61127
61130
61132
61135
61138
61142
61144
61145
61148
61152
61155
61157
61160
61165
585453
61167
61171
61174
61176
61178
61185
61187
61191
61194
61197
61198
61199
61202
61204
61207
61209
61212
61215
61221
61224
61225
61226
61228
61231
61232
61234
61235
61238
61246
585536
61249
61253
61257
61258
61261
585551
61264
61269
61272
61273
61275
61278
61282
61283
847718
61287
61288
61297
61299
61305
61309
61312
61314
61315
61320
61324
61328
61331
61332
61335
61338
61340
61342
61343
61346
61348
61350
61351
61353
61356
61359
61362
61365
61368
61375
61379
61381
61383
61384
61387
61388
61391
61392
61398
61402
61412
61413
61415
61416
61419
61420
61424
61427
61429
61431
61433
61436
61439
61443
323588
61446
61447
61452
61453
61457
61458
61460
61461
61464
61465
585753
61468
61469
61472
585761
61476
61480
61484
61485
61487
61491
61494
61497
61500
61501
61504
61506
61509
61512
585803
61517
61521
61523
61524
61530
61531
61538
61539
61542
61544
61549
61550
61553
847986
61554
61557
61564
61567
61568
848002
61572
61579
585867
61580
61587
61589
61591
585880
61594
61596
61598
61599
61605
61607
61610
61614
61616
61618
61620
61622
61626
585916
61629
61630
61633
61634
61638
61639
61641
61644
61647
61648
61650
61654
61655
61660
848093
61662
61669
61670
61674
61675
61680
61682
61686
61690
61697
61699
61700
61703
61704
61705
61707
61710
61714
61717
61720
61723
61726
61728
61734
61738
61741
61742
61743
61746
61747
61749
61750
61751
586039
61760
61761
61767
61768
61770
586060
61773
61777
61778
586068
61781
61784
61788
586076
61792
61795
61798
61800
61802
61804
61805
61812
61813
61815
61819
61820
61822
61827
61828
61830
61832
61833
61836
61840
61841
61843
586133
61846
61848
61849
61851
61853
586141
61855
61857
61858
61861
61865
61866
61868
61869
61872
586160
61875
61877
61879
61883
61886
61889
61890
848323
61892
61894
61896
61897
61898
586186
61900
61904
61905
61909
61910
61914
61917
61918
61920
61924
61927
61929
61931
61935
61937
61938
61941
61942
586232
61945
324090
61947
61949
61953
61954
586243
61956
324101
61958
61961
61966
61968
324112
61973
61974
61977
61979
324123
61983
61987
324134
61993
61994
61996
848430
61999
324145
62003
62007
62011
62012
324156
62015
62017
62020
62026
62027
62029
62032
62035
62038
62039
848473
62042
62045
62049
62054
62057
62058
62062
62066
62067
62069
62071
62075
62076
62078
62079
62083
62085
62086
62089
62091
62095
62096
62098
62102
848536
62105
62106
62110
62111
62113
62114
62117
62119
62120
62122
62123
62126
62127
586416
62131
62134
586424
62140
62143
62145
62147
62148
62151
62155
324299
62161
62163
62165
62167
62174
62179
586467
62182
62185
62187
62193
62195
62199
62201
62202
62205
62210
62211
62214
62218
62220
62222
62223
62226
586517
62230
62231
62234
62236
62238
62242
62245
62249
62251
62252
62255
62258
62261
62265
62270
62272
62274
62275
62278
62282
62283
62286
62287
62289
62290
62296
62300
848733
62301
62308
62315
62316
62318
62322
62323
62329
62331
62333
62335
62337
586625
62341
62343
62345
848779
62352
62355
62359
62366
62370
62372
62373
848810
62379
62381
62382
586670
62390
586680
62393
62396
62400
62401
62404
62405
62407
62413
62415
62419
62423
62426
62427
62428
62431
62432
62434
62435
586723
62439
62441
62445
62446
62448
324592
586736
62450
62452
62455
62456
62460
62463
62464
62467
62470
62473
62476
62480
62482
62484
62485
62488
62493
62495
62496
62497
62504
62506
62508
62509
848942
62512
62516
62517
586805
62521
62524
62529
62533
62534
62539
62543
586831
62548
586839
62553
62557
62561
62563
62568
62572
62575
62578
849012
586871
62584
62590
62595
62596
62598
62599
62602
62605
62607
62609
324753
62610
62614
62616
62620
324764
62622
62625
849059
62627
62628
62630
62634
62637
62640
62643
62647
62648
62649
62657
62662
62667
62669
62673
324819
62677
62680
62683
849116
62684
62686
586976
62689
62690
62692
62696
62699
62702
62711
62714
62717
62719
62721
62724
587012
62728
62732
62733
62736
62740
62745
62747
62749
62750
62753
62757
62760
62763
62766
62767
62771
62772
587060
62775
62778
62781
62783
62784
62786
62787
62789
62792
62796
62800
62803
62804
62806
62808
62810
62813
62815
62821
62824
62825
62827
62828
62832
62834
62835
62837
62841
62844
62847
62851
62857
62860
587150
62863
62864
62867
62868
62871
62874
62876
62878
62880
62882
62883
62887
62888
62890
62895
62899
62900
62902
62908
62912
62915
62918
62922
62924
62926
62930
62933
62937
62940
62941
62944
62948
62951
62953
62955
62958
62960
62964
62965
62970
62973
62974
849407
62981
62991
62993
62994
62997
62999
63003
63007
63008
63011
325155
63013
63015
63019
63021
587310
63023
63024
63028
63030
63031
63036
63038
63042
63043
63045
63046
63049
63053
63058
63059
63061
63062
63066
63067
63069
587358
63073
63075
63077
63080
63082
63085
63089
63093
63097
849532
63100
63101
63103
63106
63107
63108
63111
63115
63119
63120
63123
63125
63127
63130
63133
63136
63139
63143
63147
63150
63153
63156
63158
849591
63164
63166
63169
63173
849607
63177
63178
63181
63183
63187
63190
63191
63194
63195
63198
63202
63208
587496
63211
63216
63219
63221
63226
63228
63230
63233
63234
63237
63239
63240
849678
63246
63248
63249
63251
63253
63256
587545
63260
63262
63263
587553
63267
63269
63272
63275
63276
63281
325426
587570
63287
63288
63290
587580
63294
63297
63299
63300
587590
63303
325448
63307
63310
587600
63313
63314
63319
63321
63324
63325
63328
63334
63335
63339
63341
63343
63345
63346
63349
63350
63354
63357
63359
63363
63364
63366
63369
63371
63377
63380
63382
63384
63387
63389
63390
63392
63395
63399
63400
63403
63404
63407
63410
63413
63416
63418
63420
849854
63422
63428
63430
63431
63433
63434
63437
63438
63442
63443
63445
63446
63453
63456
849890
63460
63461
63464
63467
63469
63472
325616
63475
849909
63479
63481
63485
63487
63488
63492
63494
63495
63498
63502
63504
325648
63506
63507
63510
63511
325656
63513
63514
63517
63520
325664
63524
63527
63528
63531
63533
63535
63538
63541
325686
63543
63546
63547
63551
63553
63556
63558
63561
63562
63565
63566
63570
63571
63576
63578
63581
63582
63585
63587
63589
63590
63593
63598
63599
63601
63604
850038
63608
63609
63610
63612
63615
63619
63620
63623
63630
63633
63634
850069
63640
587928
63642
63644
63648
63649
850087
63655
63656
63659
63660
63664
850097
63666
63667
63670
63673
63674
63676
63679
63682
63686
63688
63689
63692
63694
63696
63697
63699
63701
63703
587992
63707
63711
63713
63716
63719
63722
63724
63728
63730
63733
63736
63737
63741
63746
63749
63751
63753
63755
63758
63759
63764
63766
63767
63771
63772
63774
63779
63781
63785
63789
63793
63796
63799
63801
63802
63805
63809
63810
63814
63817
588107
63821
63825
63826
63829
63834
63836
63839
63842
63846
63850
63853
63857
63861
63862
63864
63866
63869
63870
63873
63877
63882
63888
63891
63894
63897
63900
63904
63906
63909
63912
63914
63915
63920
63923
63924
63925
63927
63932
63933
63935
63942
63943
63947
63950
63954
63955
63958
63962
63964
588252
63967
63970
63971
588260
63977
63980
63985
63988
63989
63992
63994
63999
64003
64008
64011
64014
64018
64021
64026
64027
64031
64033
64034
64037
64041
64044
64045
64047
64050
64051
64055
64058
850491
64063
64067
850500
64070
64071
64074
64075
64078
64082
64083
64085
64089
64091
588379
64093
64095
64097
64098
64101
64105
64107
64108
64111
64115
64117
64119
64121
64126
64128
64130
64132
64133
64135
64141
64145
64146
64149
64152
64154
64155
64158
64160
64162
64163
64166
64169
64173
64174
64177
64179
64180
64183
64188
64189
64192
64193
64196
64199
64200
64204
64206
64210
64211
64214
326358
64215
64219
64221
64227
64228
64232
64234
64236
64239
64243
64244
64246
64248
64250
64251
64254
64257
64262
64265
64269
64272
64273
64281
64285
64288
64289
64291
64295
64298
64302
64304
64308
64311
64314
64318
64322
64326
64327
64328
64331
64335
64336
64339
64342
64343
64345
64347
64348
64356
64358
64365
64367
588659
64372
64374
64376
64378
64380
588669
64382
64383
64390
64391
588679
64394
64397
64398
588687
64402
64405
64409
64410
64411
588700
64413
64414
64418
64425
588717
64432
64436
850870
64439
64441
64443
64448
64451
850885
64454
64455
64458
64459
64461
64465
64467
850900
64468
64471
64473
64480
64482
64484
64486
64489
64491
64493
64496
64497
64503
64508
64511
64514
64517
588807
64520
850953
64525
64527
64528
64531
64535
64538
64541
64542
64545
64549
64550
64553
64557
64559
64561
64564
64569
64571
64572
64574
851009
64578
64579
64581
64583
64585
64588
64591
64593
64595
64598
64601
64605
64609
64611
64612
64616
64619
64620
326770
64627
64631
64633
64637
64639
64640
64643
64646
64649
64652
64653
64656
64657
64658
64660
64664
64665
64668
326812
64670
64672
64673
64678
64685
64688
64691
64692
64695
64705
64706
64708
64712
64715
64721
64723
851156
64728
64730
64731
64734
64736
64743
64746
64748
64756
64761
64764
64766
64775
589063
64779
64783
64785
64787
64793
64794
64803
64804
64808
64811
64816
64819
64823
326969
64828
64830
64835
64836
64839
64842
64843
64848
64854
64862
64863
327007
64866
64867
64870
64871
64874
64875
327020
64878
64880
64881
64884
64888
64894
64897
327041
64900
589191
64905
64907
64910
64913
64915
64919
589207
64921
64922
64925
64928
64933
64936
64937
64938
589226
64940
64943
327089
64947
327097
64954
64955
64958
64960
64961
64964
64968
64969
64974
64976
64978
64980
64984
64988
64992
589281
64994
64996
64999
65004
851439
65009
65014
65017
65018
65021
65022
65026
65028
65029
65032
589320
65033
65037
65040
65041
65044
65047
65049
65050
327195
65053
65054
65056
65057
65062
65063
65067
327212
65070
65071
65076
65079
327223
65082
65086
65090
65093
65095
65097
65099
65103
65104
65106
65107
65108
65111
589399
65114
65115
65118
65120
65122
65124
589412
65126
327270
65132
65133
65136
851570
65139
65142
65143
65146
65151
65153
65156
65159
327303
65162
65165
65167
65168
65173
65176
65178
65180
65181
327329
65186
65188
65190
65194
65197
65202
65203
65205
327349
65208
65212
65213
327360
65217
65218
65221
65222
65224
65226
65227
65231
65232
65234
65236
65239
65242
65245
65248
65251
65252
65254
65255
851688
327401
65259
65260
65263
65266
65268
327412
65270
65274
65278
65282
65283
65286
65290
65291
65294
327438
65295
65298
65299
65302
65309
65310
65314
65323
65324
65326
65330
327475
65333
65336
65341
65344
65348
65349
327493
65352
65353
65356
65358
65360
327504
65363
65366
65367
65369
65370
65373
65378
65380
65388
327533
65395
65397
327541
65399
65402
65403
65406
589699
65414
65417
65419
65422
327567
65425
65428
65431
589725
65438
65441
65442
65444
65448
65451
327597
65454
65457
65459
65461
65462
327613
65475
589763
65477
65480
65484
327630
65489
65491
65494
65497
65501
589789
65505
65506
65508
65509
589797
65516
65519
65520
65523
589814
65527
65528
65532
65534
65536
65538
65541
327688
65548
65550
65552
65553
65556
65558
65559
327705
65562
65568
65569
65572
327716
65574
589862
65576
65577
65580
65585
65588
65591
65593
65595
65597
65599
65601
65604
327749
65607
65608
65610
65613
65614
65622
589910
65626
65628
65632
327776
65637
65640
65641
65643
65647
65650
65657
65660
65661
65664
65665
327810
65668
65669
65671
65672
327817
65674
65676
65678
327825
65682
65683
65685
65686
65689
65693
65698
65699
65701
65704
65707
65708
65711
65715
590003
65717
65718
65721
65722
65724
65728
65730
65733
65736
65738
65740
65742
65745
65746
65749
65752
65756
65760
65761
65767
65770
65775
65776
327924
65782
852215
65787
65796
65797
65800
852233
65802
65805
852241
65811
65815
65817
65818
65825
852259
65827
65828
65831
65833
65834
65837
327986
65843
65844
65846
65848
65849
852282
65851
65852
65854
65856
65858
65866
65870
65874
65875
852310
65879
65882
65885
65890
65891
65894
65895
65898
852331
65904
65907
65911
65914
65920
65921
590211
65924
65926
65927
65931
65933
65934
590223
65938
65940
65943
65944
65947
65952
65959
65962
65965
65968
65969
65972
65974
852408
65977
65978
65981
65984
65987
852424
65992
65995
65999
66000
66002
66003
66007
852440
66011
590299
66013
66015
66019
66023
852456
590315
66028
66031
66035
590323
66038
66041
590331
66045
66046
66048
66049
66052
66056
66058
66063
66069
66072
66075
66076
66079
66081
66082
66085
66086
66092
66096
66098
66100
66102
66103
66106
66108
66112
66113
66115
66118
66120
852553
66124
66126
66130
590420
66134
66135
66137
66140
66141
66144
66145
66151
590439
66157
66158
66161
66162
66165
66168
852602
66172
852608
66176
66178
66179
66182
66183
66185
66186
66189
66193
66196
66200
66203
66206
66210
66211
66214
66217
66223
852656
66226
66229
328373
66234
66236
66244
66245
328389
66248
66251
852686
66254
66255
66261
66263
66264
66266
66271
66275
66278
66283
66284
328429
66287
66289
66290
66292
66293
66296
328442
66300
66304
66309
66312
66313
328458
66315
66318
66322
328466
66323
66327
66330
328474
66331
66333
66334
66337
66340
66343
66346
66350
66352
328497
66354
66357
66359
66363
66368
66370
66374
66377
66379
66382
66383
66385
66386
66389
66391
66393
66396
66397
66399
66402
66405
66407
66410
66412
66414
66416
66419
66421
66422
66424
66427
66429
66430
66432
66438
66442
66444
66446
66447
66450
66451
590742
66456
66459
66460
66464
66466
66469
66476
66477
66481
852914
590770
66484
66492
66495
590783
66500
66501
66504
66505
66510
66513
66514
66519
66523
66524
852957
66526
66529
66530
590823
66537
66543
66545
66549
66553
66554
852992
66561
66564
66566
66568
66569
66572
66574
66576
66577
66583
66584
66586
66587
66593
66595
853029
66599
66601
66602
66605
66606
66608
66616
66617
66620
66621
590909
66625
66629
66633
66634
66636
66637
66641
66643
853076
66646
66649
66657
66658
853091
66661
66664
66671
66672
66674
66676
66679
66680
853113
66682
66685
66689
66691
66692
66694
66698
66700
66703
66704
590992
66707
66710
853143
66711
66712
66714
66716
66719
66721
66722
66728
66733
66735
66738
66741
66745
66746
66747
66749
66753
853186
66759
66766
66770
66771
66773
66776
66779
66783
66785
66786
66789
66790
66794
66797
66798
66800
66805
66808
66811
66812
66815
66816
66819
66822
328969
66826
66829
66833
66837
66838
66842
66845
66847
66849
66851
66852
66855
853288
66857
66859
66862
66869
66870
66876
66878
66881
66884
66887
66893
66894
66896
66898
66902
591190
66905
66908
66910
66912
66914
66915
66918
591207
66921
853354
66924
66928
66934
66938
591227
66940
66946
66949
66952
66954
66956
66958
66960
66963
66966
66969
66971
66973
329117
66975
66978
66979
66981
66985
66988
66990
66992
66995
66999
67004
67008
67012
67013
67016
67021
591310
67025
67028
853462
591318
67031
67036
67037
591326
853472
67040
67041
67044
67047
67053
67055
67057
67060
67064
67067
67068
67071
67075
67076
67079
67080
67083
67087
67088
67090
67091
67094
67096
67100
67105
591398
67112
67118
67121
853554
67124
67128
67129
67132
67136
67138
67142
67143
67147
67149
67152
67154
67157
67159
67162
67165
67167
67170
67172
67174
67178
67181
67183
67187
67189
67197
67198
67200
67205
67209
67211
67214
67215
67218
67222
67224
67226
67227
67230
67233
853667
67238
67239
67242
67245
67248
67252
67254
67258
67260
67264
67266
67267
67269
67272
67277
67278
67287
329434
67295
67299
67300
67302
67304
853739
67307
67310
67313
67317
67319
67320
67322
853757
67327
67330
67337
67340
67346
67347
67350
67352
67354
67359
67362
67367
67371
67376
591665
67378
67380
67381
67384
67385
67387
67388
67391
67392
67394
67395
67401
67404
67406
853840
67412
329556
67413
67420
67425
67428
329574
67432
67435
67436
853870
67438
67442
67445
853878
67448
329592
67450
67455
329599
591744
67458
67460
67463
591752
67468
67470
853904
67473
67474
67477
853912
67480
67481
67484
67486
67490
67491
67495
67496
67500
67502
67503
67505
67506
67508
67509
67511
67512
329656
853945
67515
67520
67524
67525
67528
67529
67532
67533
67535
67536
329681
67539
67545
67546
67549
67550
67552
67554
67557
67561
67563
67565
591853
67568
67570
67573
329720
67577
67578
67587
67588
67591
67592
67595
67596
67599
67601
67603
67604
67607
67610
67615
67617
67619
67622
67624
67626
67628
67632
67635
67638
67639
329783
67642
67646
329791
67648
67649
67651
67655
67658
854091
67660
67662
329812
67669
67673
67676
67678
67680
67683
67684
67687
67688
67691
67693
67696
67697
67700
854135
67706
591994
67708
67710
67711
67714
592002
67715
67720
67723
67726
67727
67731
67733
67735
67736
854174
67742
67745
329889
67748
854182
67751
67753
67755
67759
67760
854194
67763
67764
67770
67772
67775
67779
67787
67790
67794
67795
67799
67801
67803
67805
67806
67809
67810
67812
67816
67818
67821
67825
67832
67836
67838
67841
67842
67845
67847
67848
67851
67852
67855
67858
854292
67861
67865
67868
67869
67872
67876
67880
67881
67883
67887
67888
67891
67893
67897
67898
67901
67902
67905
67908
592198
67913
67917
67919
67923
67924
67927
67931
67932
67934
67937
67939
67941
67944
67951
67954
67957
854390
67961
67965
67966
67968
67972
67973
67977
330122
67979
67983
67985
67988
67991
67992
67994
67995
330140
67997
67999
592288
68001
68003
68008
592296
68009
68011
68013
68016
592304
68017
68019
68021
68022
68025
68026
68029
854462
68032
68034
330180
68037
68038
68040
854474
68044
68045
68049
68051
68055
68057
68058
68061
68062
330208
68065
68068
592356
68072
68074
68076
68079
68082
68083
68086
68087
68090
68093
68095
68098
68102
68103
68106
68109
68111
68114
68116
68118
68119
68122
68126
68127
68130
68135
68138
68141
68142
330288
68147
68150
68153
68155
68157
68162
68164
68167
68168
330314
68171
68175
330322
68179
68181
68183
68184
68187
68191
68192
68195
68196
330341
68199
68200
68203
330348
68205
68208
68211
68214
68217
330361
68220
68225
68228
68230
68233
68236
854669
68239
68242
68245
68247
68249
68252
68255
68258
330402
68261
68265
68266
68268
68269
68274
68276
330420
68280
68281
68282
68284
68286
68288
68292
68296
68300
68304
68307
68310
68314
68315
68316
330461
68318
68322
68323
592612
68326
68335
68338
68339
330484
68341
68343
68347
68348
68351
68354
68359
68361
68362
68364
68365
68367
854800
68371
68376
68381
854817
68387
330532
68389
68392
592682
854830
68398
68401
592690
68403
68404
330550
68407
68410
68411
854847
68416
68417
592705
68420
68423
68424
68426
68430
854864
68433
68435
68438
68440
68441
68447
68452
68454
330598
68457
68458
854891
68460
68463
68465
68468
68469
68472
68473
68476
68484
68485
854918
68488
68489
330634
68491
68495
68496
68498
68499
68502
68506
68508
68510
68511
330655
68513
68516
68517
68519
68520
68522
68526
68529
330675
68536
854972
68541
68544
68547
68549
68551
68554
68558
68562
68564
68565
68568
68569
68573
68579
68582
68586
68587
68592
68594
68597
68602
330748
68607
68608
68609
68611
68614
68619
68620
68622
68624
68627
68630
68633
68634
68636
68640
68643
68647
68648
68650
68654
68656
68658
68662
68665
68668
68674
68677
68680
68683
68686
855120
68688
68690
68691
68695
68699
68700
68702
68704
68706
68708
68714
68715
68718
68722
68725
68727
68732
68735
68736
68739
68740
68743
68746
68748
68750
68751
68764
68767
68768
68770
68772
68774
68777
68780
68783
68787
68789
68791
593079
68792
68795
68799
68800
68804
68809
68816
68817
68820
68821
68824
68826
593117
68831
68833
68835
593125
68844
593133
68850
68855
68858
68859
68864
68865
68867
68871
68874
593165
68879
68884
593173
68889
68891
68893
593181
68895
68896
855330
68899
68902
68905
68906
68910
68912
68921
68923
68925
68927
68930
593220
855366
68935
68937
68940
68949
68950
68953
68955
68959
68960
855394
68963
593253
68970
68971
593261
68974
68975
68983
331129
68987
68988
68990
68992
68995
68998
69000
69001
69004
69005
69008
69010
69012
69016
69019
69020
69023
69024
69026
69027
69031
69032
69038
69044
69045
69047
69051
69054
69062
69065
69069
69073
69077
69078
69080
69083
69086
69088
69091
855525
69094
69095
69098
69099
855533
69102
69103
69105
69106
69109
69110
331254
69113
69116
69118
69121
69122
69125
69132
69137
69139
69142
593430
69147
69149
69150
69152
69153
69158
69164
855598
593454
69171
69172
69175
69179
69182
69183
331327
69186
69190
69192
69196
331341
855633
69202
69203
69204
69206
69208
69210
69213
69219
69220
69223
69226
69227
855660
69229
331373
69233
855669
69237
69239
69240
69243
69244
69246
69249
855683
69252
69253
69255
69260
69261
69262
69264
855697
69265
69268
69269
69271
69272
69275
69276
855709
593566
69279
69281
69283
69287
855721
69289
69295
69300
855733
69305
69307
69310
331454
69312
855745
69316
69318
69322
69324
855757
69328
69334
855769
69340
69341
69343
855776
69345
69346
69349
69351
69353
69357
855790
69361
69363
69367
331512
69370
69371
69374
69375
855809
69378
69381
69382
69383
69385
69389
855823
69391
69393
69400
69404
69406
69409
69413
69414
331560
69418
69421
69424
69426
69427
69430
69436
69438
69439
69441
69445
69446
855879
331591
69449
69451
331599
69456
69460
69464
855898
69467
69469
69471
331616
855905
69474
69475
69479
331626
69487
69490
331636
69493
69494
69497
69498
855931
69501
69502
331646
855938
69506
69509
69511
69513
69514
69517
69519
69521
69525
69527
69528
69531
69538
69543
855977
69545
69549
69553
69558
69559
69561
69562
69565
69566
69569
69573
69581
69583
69585
69593
69594
69597
69600
69602
69603
69608
69612
69614
69615
69616
69618
69622
69626
69628
69629
69631
69635
69638
69639
593928
69645
856081
69650
69652
69654
69658
69660
856093
69663
69666
856100
69671
69675
69681
856118
69687
69692
69696
593987
69700
69702
856137
69706
69709
69711
69714
69717
69720
69722
594011
69725
69727
69728
594019
69732
69734
69736
69739
856172
69745
856179
69749
594039
69752
331896
69756
69759
69760
69764
69765
69767
594056
69772
69773
69775
69779
69780
69784
69787
856221
69792
69795
69798
69799
69801
69806
856239
69808
69812
69815
69817
69822
856255
69824
69829
69834
69839
69842
69845
69847
69849
856283
69851
331997
69854
69859
69863
69864
856297
69867
69868
69870
69871
69876
69878
856311
69882
69883
69885
69889
69892
856325
69894
69895
69898
69900
69903
69904
856339
69907
69910
69912
69914
69917
332061
69919
856353
69922
69923
69926
69929
69933
332078
856367
69936
69941
69943
69944
69947
69948
856381
69951
69956
594247
69960
69962
856395
69963
594255
69968
69972
69974
594263
856409
69978
69982
69983
69986
69988
69992
69993
69997
856430
69998
70001
70004
70006
70008
70009
856444
70013
70016
70021
70023
70027
70028
70030
856465
70033
70036
594325
70040
70044
856479
70052
70053
70055
70060
594348
70061
70063
70064
70067
856500
70068
70072
70074
70081
70082
70084
70087
70088
856521
70089
70091
70093
70095
70099
70100
70103
70105
856540
70109
70110
70112
70114
70116
70117
856552
70120
70121
70122
70124
70125
70128
70129
70136
856570
70139
70141
70144
70147
856585
70153
70157
856591
70160
70161
70163
70164
70167
70169
70171
70172
70177
70178
856613
70182
70187
70192
70196
70198
856631
70201
70203
70205
70208
856643
70211
70213
70215
70217
70219
856653
70221
70222
70225
70226
70229
594519
856665
70233
70236
70238
70240
856677
70245
70248
70249
70251
70255
70256
70259
70260
70263
856696
332408
70266
70267
70270
70275
856708
70277
70278
70281
856715
70284
70285
70288
70289
70290
70293
856727
70295
70300
70301
856734
594591
70306
70307
70311
70313
70314
70317
70320
856753
70323
70325
70326
70329
856765
70334
70335
70339
70342
70346
856782
70352
70355
70356
856789
70358
856794
70362
70368
70371
70374
70378
70380
856813
70382
70386
70392
856827
70395
70398
70399
70403
70405
70407
70409
70410
70413
70414
70418
70421
70424
70425
856858
70428
70429
856863
70432
70435
70440
70443
70444
70446
856882
594739
70453
70463
856896
70467
70471
70474
856908
70477
70480
70481
70484
70485
70491
70493
856927
70495
70499
70503
70506
856939
70508
594796
70511
70513
70515
70518
856953
70522
70526
70528
70529
856965
70533
594821
70536
70539
70543
856977
70545
70547
70549
70555
856989
594845
70560
594853
70566
70571
70573
857008
70576
332720
70583
70586
332730
857020
70588
70590
70591
70594
332740
594884
70598
70599
70601
70604
70605
70607
70609
332753
857042
70612
70615
70617
70621
857054
70622
70624
70625
332770
70629
70632
70633
857066
70636
70638
70642
857078
70646
70648
70651
70654
857090
70659
70660
70662
70663
70665
70667
70669
857104
70673
70676
857111
70680
70684
70687
70689
857123
70692
70699
70701
70703
70707
857145
70713
70716
70719
857157
70726
70727
70730
70731
70734
857168
70736
70738
70741
70745
70747
857183
70752
70753
70755
595050
857195
70763
70766
70767
857202
70770
70772
70774
70775
70779
857214
70783
70785
70787
70790
70791
70793
857226
70794
70796
70797
70801
70804
70805
857238
70809
70817
70818
70821
70822
70825
70826
70827
70829
70831
857264
70834
595124
70837
70841
857276
70846
70847
70849
70853
70855
857289
70857
70859
595149
70863
70866
70868
857301
70872
70873
70875
70877
70880
857315
70884
70886
857320
70889
70891
70893
70895
333040
70898
857332
70901
70903
70905
70908
70912
70916
70919
857353
70923
70924
70927
70929
70930
70933
857372
70940
70942
70944
70946
70948
70950
70952
70955
857391
70961
70968
70969
70973
857410
70978
70980
70983
70984
70988
70990
70993
857429
70997
70998
71001
71003
71007
71011
71012
71015
71017
71019
71023
857456
71024
71031
71035
857468
71038
71039
71041
71042
71045
857480
71049
71054
71056
71058
71059
71063
71066
857499
71073
333218
71075
71077
71080
71081
857517
71085
71087
71090
71091
333235
71094
71095
857528
71098
71100
71103
71106
71107
857540
71110
71112
71114
71116
71119
857552
71121
71124
71125
71131
857564
71135
71142
857576
71144
71147
71149
71154
857588
71157
71160
71161
71162
71167
857600
71170
71171
71174
857609
71177
71179
71182
71183
71185
71186
71190
71193
857627
71195
71200
333345
71203
857639
71209
71210
71213
71214
71217
595505
857651
71222
71223
71225
71229
71230
857663
71233
71235
857670
71238
71239
71241
71243
71248
71249
71252
71254
71255
857688
71259
71263
71265
71266
857699
71268
71272
857706
71275
71279
71284
71287
595576
333434
71292
857725
71295
595584
71298
71302
71304
595592
71308
71313
71315
71317
71318
857751
71324
71325
71328
71330
71332
71335
857770
71338
71339
71341
71345
71347
857780
71349
71351
71354
71362
71363
333507
71365
71367
71372
71374
71375
857808
71378
71382
71384
71389
71391
71394
71397
71400
71402
71403
71405
71406
71409
71411
71413
71414
857847
71417
71419
857854
71422
71424
71433
71435
857869
71438
71441
71444
71446
71451
857884
71454
71456
71459
71461
857896
71464
71466
71468
71469
71472
71475
71477
71479
857914
71482
71483
71487
595775
71489
71493
71494
71499
71502
857939
71510
71513
71514
71518
857951
71521
71523
71527
71530
71532
71536
71538
71539
857977
71546
71548
857983
595839
71552
71555
71558
71560
71561
857994
71563
71564
595858
71575
71578
71581
71582
71585
71586
858021
71591
71593
71595
858028
71597
71601
71606
71608
858041
71611
71614
858048
71618
71621
71622
71625
858059
71627
71631
71632
71635
71636
71640
333784
71641
71644
71648
71653
858089
71658
71662
71664
71667
71668
858101
71671
858108
71677
71680
71685
71687
71689
858123
71694
71696
71697
333842
71700
71703
858136
333850
71707
71708
71711
71715
71719
71721
71722
333867
71726
858161
71734
71735
71736
71738
858175
71743
71746
71749
71753
858187
71756
71757
71760
71763
71766
71767
71769
858202
71773
71774
71777
71780
71782
71786
333930
71787
858221
71790
71793
71795
71799
858232
71800
71802
71804
333951
71808
71810
71814
858248
71817
71819
71823
71827
71830
858264
71833
71835
71836
71838
71840
71842
71846
71850
858287
71855
71859
71861
71863
858298
71866
71868
71870
71873
71875
596163
71876
71878
71879
858312
71882
71885
71887
71888
71889
858323
71891
71892
71895
71897
71901
858334
71904
71905
71909
71912
71914
858350
71918
71921
71925
71926
71929
858362
71931
596221
71934
858369
71937
71938
71943
71946
71948
71952
858389
596245
71958
71962
71963
71966
71967
858400
71972
71975
596263
71978
71981
71982
71985
71986
71990
71993
858426
71994
71997
71998
72001
72004
72007
72008
72010
72012
72013
72017
72021
72024
72025
72028
72029
858464
72032
72035
72039
858472
72041
72043
72044
72046
72051
72055
72058
72059
72062
72065
858498
72068
72072
72075
72076
858510
72080
72084
72089
72092
858528
72096
72097
72101
72103
72105
858540
72110
72113
858546
72115
72119
858553
72122
72123
72126
72127
72132
858567
72136
72137
596426
72140
72142
72146
72148
858581
72152
72155
72156
72159
858593
72163
858600
72168
72172
72175
72177
72181
72190
72191
596481
72194
72197
72198
334343
72201
72203
72207
72209
858643
72212
72216
72221
858656
72226
72228
72232
858667
72235
72239
72240
72244
858678
72246
72248
334393
72250
72254
72257
72260
72263
72264
72267
72271
858704
72276
72277
72279
858713
72281
334425
72282
72285
72286
72288
72289
596578
72296
858729
72297
72300
72303
72304
72307
72312
72315
72318
72323
72324
72328
72330
858763
72332
72334
72337
72340
72343
858777
72345
72349
858783
72353
72354
858790
72359
72361
72364
72367
72370
72371
72373
72376
72377
72379
72380
334525
72383
72386
72387
72392
72394
72396
858830
72399
72401
72403
72406
72408
72411
858844
72414
72416
72418
72420
72424
72428
858861
72429
72431
72434
72437
72440
596729
858877
72446
72448
596736
334594
72452
72454
72455
596743
858889
72459
72462
72463
72465
72466
858899
72470
72473
72478
858911
72482
72483
72492
72496
72498
72501
72502
72504
72508
72510
72512
72516
858949
72518
72521
72522
858955
72526
72529
72532
72535
858970
72539
72540
72543
72545
72546
72550
858985
72553
72557
72561
72562
858996
72565
72567
72569
72571
72574
72576
72580
72581
72584
72587
859023
72591
72594
72595
72597
72599
72601
72605
72608
72610
72613
72616
596905
72620
72623
72626
859059
72628
72630
72633
72636
859070
72639
72641
72642
72645
72646
72648
72653
72655
334799
72658
72659
72664
859097
72665
72669
72673
334822
72684
859117
72689
72690
72692
859129
72698
72700
72702
72703
859136
72704
72706
72708
596998
859143
72711
72716
72717
72719
72722
72723
859156
72725
334869
72729
72730
72732
72733
72735
72736
334882
72739
72742
72745
72747
72749
72754
72757
72760
72761
859194
72764
72765
859201
72769
72772
72776
72778
72780
72784
72785
72787
72791
859224
72792
72794
72802
72804
72807
72809
72813
72816
72819
859252
72825
72828
859264
72832
334977
72834
72836
72838
72840
72843
72844
597133
72848
72850
859285
72853
334998
72855
72859
859292
597151
72865
72867
859300
72869
72870
72872
72875
72877
72879
859313
72884
72885
72888
72891
72894
72895
859332
72900
72902
72903
72906
72911
72914
72919
72921
72923
859360
72928
72934
72935
72939
859372
72941
72942
72944
72947
72949
859383
72952
72953
72955
72959
72962
72967
72968
72980
859413
72983
72985
72987
72988
72991
72992
72995
72998
73003
73005
73006
859440
73009
73011
73014
73017
73018
73021
73024
73026
859459
73028
73030
73033
73036
73037
859470
73039
73040
73042
859477
73045
73046
73050
73055
73056
859493
73061
73062
73065
73068
73069
859503
73072
73076
73077
73080
859515
73084
73087
73088
73091
859524
73093
73096
859531
73099
73104
859537
73107
73110
73111
73115
73117
73118
73121
73124
73126
859563
73131
73135
73139
73147
73152
73154
73156
597446
859594
73166
73167
73168
73170
73173
859606
73176
73178
73185
73191
73196
73198
597487
73200
335347
73207
73212
73213
859646
73218
73219
73223
73225
73229
73230
73232
73235
73236
73239
597528
859673
73241
73243
73245
73247
73249
73251
73253
859687
73258
597546
73259
859694
73263
73266
73269
73272
335417
73274
73276
73282
73283
73287
73290
73292
73293
73296
73297
73299
859732
73302
73304
73305
73307
597595
73310
73312
859745
73313
73316
73319
73322
73325
73326
73329
73332
73338
73340
73341
73343
73344
859777
73346
597636
73350
73355
73357
73358
73361
73364
859797
73366
73369
73374
597662
859808
73380
73384
73385
73388
73392
73394
73399
335546
73404
73407
859842
73411
73416
73420
859854
597711
73424
73427
73428
73431
73432
73437
73439
73440
73443
73444
73446
73450
73453
73456
859889
73459
73460
73462
73464
73467
73468
597757
73473
73474
73476
73481
73486
859921
73490
73493
73495
73496
73500
597790
73504
73506
73509
73512
597802
73515
73522
73525
73529
73533
73535
73538
73540
73543
73544
73547
73552
73554
73555
73558
859991
73559
73561
73564
73567
73569
73572
73576
73578
73581
73583
860017
73585
73586
73589
73590
73595
73597
73599
73602
73603
73605
73608
73609
73611
73612
73617
73620
73625
860058
73628
73629
597919
73632
335777
73636
73641
860075
73647
73652
335799
73657
73661
73663
73666
73669
73670
73673
73675
860110
73678
73679
73681
597970
73684
860121
73691
335841
73698
73700
73703
73705
335849
860141
73710
73715
860150
73718
73722
73727
73728
860161
73732
73733
73735
73738
73741
73743
73745
860179
73748
73749
73753
860188
73757
73758
860193
73763
73766
73767
598057
73772
73775
73779
73783
860216
73784
73787
73788
73791
335935
73792
73795
73798
860231
860236
73804
73806
73808
73811
73813
73818
598106
73824
73825
73830
73831
860266
335978
598129
73843
73846
73852
73854
860288
73857
598145
73858
73861
73865
73867
73869
73879
73880
73884
73888
73890
73894
73898
73900
73901
73904
73906
73907
73909
73911
73916
73921
73923
860356
73928
73932
73933
73935
73936
860372
73940
73943
73947
73948
73950
73952
73957
73960
73962
73965
73966
73970
860404
73975
73977
73978
73981
73984
73986
860420
73988
73990
73991
73994
860430
73998
74000
74004
74005
74007
74010
74012
74015
860450
74020
74021
74023
74025
74030
74035
74040
74043
74045
860478
598335
74048
74049
74053
74055
74058
74061
860494
74062
74064
74069
74071
74075
860508
74078
74079
74082
74086
598374
74092
74095
74098
74102
74106
74107
74110
598402
74116
860552
74120
74126
74127
74131
74132
74134
74141
74142
74144
74145
860579
74148
74151
74159
74161
74162
860596
74164
336310
74169
74171
74172
74177
74178
74181
74183
74184
860617
74187
74192
74195
860628
74197
336343
74202
74204
74208
74215
74216
74219
74223
74227
74230
74231
74234
74238
74241
860675
74245
74250
74251
74253
74254
74256
74259
598547
74263
74269
74272
74273
336418
860707
74280
74283
74285
74287
74291
74293
74295
74298
74301
74305
74306
74309
860742
74315
74318
74320
860754
74322
74326
598614
74327
74330
860768
74338
74341
74342
74346
336490
74349
74350
74352
74353
860788
74356
74357
74359
74362
74363
74366
74368
74370
74375
74376
598666
860811
74383
74386
74391
74392
74396
860829
74399
74401
74407
74408
74411
74414
74417
74420
74422
74424
74426
74430
598718
74431
74433
74438
74439
860875
74444
74445
74448
74450
74456
74462
74464
74467
74471
74473
74477
598765
74480
860914
74483
74487
74488
74491
74492
74495
74496
74499
860932
74501
74502
74505
74507
74510
74513
74515
860953
74523
74525
74529
336676
74533
860966
74535
74538
598826
74539
336684
860978
74547
74549
74552
74557
74565
336712
861002
74573
74576
74577
74580
598871
74584
74585
861020
74588
598878
74591
74594
74601
74605
74609
74610
74612
74613
74615
74616
74618
74621
74623
74625
74626
74629
74630
74633
74636
74637
74640
74642
861075
74646
74649
74651
74655
74657
74660
74662
74663
74665
74666
74668
598956
74671
74672
74676
74679
74681
74684
74687
74688
74689
861123
74692
336837
74701
861138
74706
74710
74713
74714
74717
74721
74722
74725
74726
74728
74730
74731
336876
74734
74735
861169
74739
74741
74742
74745
74746
74749
74750
74753
74754
336900
74759
74764
74765
74769
74770
74775
74779
74780
74781
74783
74786
861220
74789
74794
74797
74800
74801
74804
74808
74811
74812
74815
74818
74819
74821
74822
74824
74827
861260
74828
74831
74832
74834
74836
861272
74840
74842
74844
74848
74850
74856
74857
74860
74864
74868
74871
74872
74876
74878
74881
74883
74885
74887
74890
74892
74894
74896
599184
74897
74900
74904
74906
74909
74910
74913
74915
74917
74921
74923
74925
74926
74930
74933
599223
74938
74939
74942
74945
74946
74948
74952
599240
74953
74956
74959
74961
74963
74964
74966
74968
74971
861406
74974
74977
74983
861417
74988
74992
74995
74997
337141
74998
75002
75005
75006
75009
75012
861445
75013
861450
75019
75022
75023
75025
75026
75029
75032
75034
75037
75041
75044
75046
75048
599336
861481
75049
75052
337198
75058
75064
75066
75068
75071
75075
599367
75081
75083
75084
75087
75090
599382
861527
75096
75100
599390
75104
337248
75107
75108
75111
75117
75118
75120
75122
75125
75128
75129
861562
75131
75133
75135
75137
599427
861572
75140
75145
75147
75149
75150
861584
75153
75157
75159
75162
75165
75169
75170
75172
75173
75176
75177
75180
861613
75184
75185
75187
75190
75193
75194
75201
75205
337350
75207
75213
75214
75218
75220
861653
75225
75228
75229
75233
75236
75239
75242
75244
75248
75251
75254
75257
75261
75263
75264
75267
75269
75273
75274
75277
861710
75279
75283
75284
75287
75288
861723
75291
75294
75297
75300
75304
75308
75313
75314
75316
75321
75322
861756
75324
75325
75328
75329
75331
75332
75333
75335
75336
861770
75340
337485
75342
75345
75346
75348
75350
75352
75353
75356
75357
75360
75363
75366
75367
75371
75372
599662
75375
75377
75380
75383
75385
75386
861820
75389
75390
75393
75396
75401
861834
75402
337547
75406
599694
75410
75412
75414
75416
337563
75421
75424
75425
599716
75429
75430
75433
75435
75436
75439
75440
75442
75444
75445
75446
75448
861881
75451
599740
75454
75457
75458
75461
861894
75467
75469
337613
75470
75473
861908
75477
75479
75480
599770
75483
75484
75487
75488
75490
75491
75495
75496
75499
75500
75503
75506
75508
861942
75513
75516
75517
75518
75521
75524
599813
75526
75527
75529
861963
75533
75534
75537
75542
337686
75543
75546
75549
75552
75553
75556
75558
75559
861996
75564
75566
75568
75569
75572
75573
75578
862013
75581
75582
75584
75585
75588
862024
75592
75593
75596
75598
75599
337744
75602
75605
599894
75612
75615
75616
599904
75619
75622
337767
75624
75628
75631
75635
75639
75640
862074
75644
75648
75650
75653
75654
75657
75658
75661
75664
75665
75667
75670
599958
75671
75674
75675
75677
862116
75684
75685
599974
75687
75688
75692
75694
862128
75697
75700
75701
75704
75707
75708
75710
75713
75714
600003
75718
75720
75723
75726
75729
75733
600021
75735
75738
75741
75743
75746
75748
75754
75756
75760
75762
75765
862198
75770
75771
75775
75776
600065
75778
75784
75785
75789
75790
75793
75796
75797
862231
75800
75801
75808
75812
75816
600104
75818
75819
75820
862253
600112
75825
75826
75829
75830
75834
75837
862270
75841
75843
75844
862281
75850
75851
75854
75856
75857
75859
75863
75864
75867
75869
862304
75872
75873
75876
338020
75877
75882
862315
75886
75888
75889
75892
75903
862337
75905
75909
75911
862344
75912
338058
600203
75917
75924
75925
75927
75928
75931
75934
338080
862369
75937
600228
75945
75948
600236
75950
75956
75959
75960
75964
75967
862400
75968
75973
75975
75976
600265
75978
75981
862414
75982
75987
75988
75992
75994
75995
862428
75997
76001
76006
862442
338155
76012
76013
76016
76017
862453
600311
76028
76030
76031
76034
600327
76040
76042
76043
862476
76046
76047
76052
76055
76058
76059
338208
76065
76067
76068
76071
862506
76075
600366
76080
76083
76088
600376
76093
76098
76100
76103
76107
862542
76111
76113
76115
76120
76122
862556
76126
76129
76132
76133
76134
76136
862569
76139
76144
76147
76151
76156
76159
76162
76168
76170
76171
76174
76176
76180
76182
76183
76186
76187
76190
76193
76194
76198
862631
76199
76202
76204
76208
76209
76211
76214
76217
862650
76218
76221
76226
76229
76230
76236
76237
76239
338384
76242
862676
76246
76247
338392
76250
76254
338400
76259
76264
338408
76265
600553
76268
76270
76271
76274
600563
76277
76278
76283
862717
76286
76288
76289
76292
76296
76298
76299
76302
76307
76309
600599
76312
76315
76318
76322
76324
76325
76329
76330
76333
76334
76340
76342
600634
76347
76350
76352
76354
76357
76360
76362
76363
76366
76367
862801
76369
76374
338520
76377
76378
76380
76384
338528
600672
76388
76391
76393
76395
76398
76399
76401
76403
76405
76406
76409
76413
76414
76419
76423
76425
76427
76429
76431
76433
76437
338581
76440
862874
76442
600731
76444
76445
76448
76450
76451
338596
76455
76458
76461
76462
76465
76468
76469
76472
76476
76478
76479
76481
600772
76485
76487
76491
600780
76493
76497
76499
76500
76502
76503
862937
600796
76509
76513
76516
862950
76520
76522
76525
76526
76527
76529
76530
76533
76536
76539
862976
76544
76545
76548
76550
76552
76556
600844
76558
76559
862993
76561
76564
76565
76566
76568
76571
76572
76575
76576
76578
76582
76585
76586
76590
76591
76593
76597
76600
76603
76605
76608
76611
76614
76616
76618
76622
76624
76626
76627
76629
76633
76637
76641
76644
76646
76647
76650
76654
76655
76657
76660
76661
76662
76665
76666
338812
76670
76671
76674
76676
600967
76680
76682
76685
76687
76688
76692
600982
76695
863129
76699
76701
76704
76706
76709
76710
601000
76717
76721
601012
76725
863159
76728
76734
76737
76743
76745
76747
338891
76748
76751
76754
76756
76758
76762
76767
76768
76771
76772
863206
76775
76779
76781
76784
76786
76788
76790
76791
76793
76794
76797
76801
863234
76804
863240
76809
76810
76812
76814
76819
76820
76822
338967
76825
863260
76828
76832
76833
76835
76836
76841
76845
76849
76850
76856
76862
863298
76866
76868
76871
76873
76875
76879
76880
76884
76889
76892
76893
76894
76901
76903
76905
76908
76912
76913
76917
76918
76922
76925
76928
76930
76931
76933
76934
601223
76937
339081
76939
76942
76943
76945
76947
76951
76954
601242
76956
76959
76961
76963
76964
863399
76968
76969
76972
76975
76976
76979
76982
76983
76985
76989
76993
76994
76996
76997
77000
77001
77003
77006
77007
77011
77014
339159
77018
77020
77022
339167
77024
77027
77031
77032
77034
77037
77038
77041
77042
77045
77048
77051
77055
77060
77061
77063
77066
863499
77067
77070
77071
601361
77074
863509
77077
77083
77084
77087
601375
77089
77091
77092
77098
77099
77104
339249
77107
77115
77118
77119
601409
77122
77125
77126
77134
77136
77137
77140
77141
77143
77148
77151
77156
77159
77162
77168
77170
77177
77178
77180
339332
77196
77199
77201
77203
339347
77207
77209
77212
77213
77219
77222
77226
77230
77234
77238
77241
77244
77247
77250
77253
77254
77260
77263
77264
77266
77271
77273
77276
77284
77286
77289
77290
77293
77294
77296
77300
77303
77304
77307
77309
77311
77312
77315
77322
601610
77323
77326
77328
77330
77331
77333
77340
77346
77349
77352
77356
77358
77359
863793
77362
77363
77366
77368
77370
77371
77374
77376
77377
77380
77381
77384
77388
77392
77394
77400
77402
77404
339549
77407
77409
77411
77413
339557
77414
77417
77421
77422
77427
77429
77432
77434
77437
77440
77441
77447
77449
77450
863883
77453
339599
77459
77461
77462
77463
77465
77468
863902
77475
77481
77482
77484
77485
77488
77489
77490
863924
77497
77500
77504
77505
77508
77511
77512
77514
77515
77518
77519
339663
77522
77527
77531
77532
339676
77534
77535
77539
77540
77541
77544
77546
77549
77550
77558
77560
77562
77564
339712
77571
77578
77580
77581
77584
77586
77589
77590
601878
77596
77599
77600
77602
77603
601894
77607
77608
77610
77611
864045
77614
77617
77618
77621
864055
77623
77627
77628
77631
77633
77637
77641
77644
864079
77649
77652
77658
77659
77661
77663
77671
77672
77675
77677
77680
77682
77683
77686
77689
339835
77693
77694
77696
601985
77699
77701
77702
77706
77708
77712
339856
77714
77715
77716
77719
77720
339864
77723
77725
77728
339872
77733
864166
77735
77736
77739
77742
77743
77747
77753
77759
77766
77768
77773
77776
77778
77780
77784
339929
77788
77789
77792
339937
77796
77798
77799
77802
77803
77808
77810
339956
77813
77815
77817
77819
77821
77824
77826
77827
77830
77832
77834
339982
77840
77844
864278
77850
77854
77858
77866
77870
77879
77881
77884
340028
77885
77888
77893
77894
340039
77896
77903
77905
77909
77916
77919
77920
602215
77928
77932
77938
77941
77947
77951
77953
77955
77958
77960
77961
77962
864397
77965
77967
77970
77972
77976
77983
77986
864424
77993
77996
77999
78002
78004
78007
78008
78010
864448
78016
78018
78020
78023
78024
78026
78027
78029
78033
602322
78036
78042
78046
78049
78052
78054
78056
78057
78059
78060
78063
78066
340212
78070
78072
78074
340220
602365
78079
78080
78089
78093
78097
78098
78101
78105
78106
78109
78113
78114
78117
340263
78120
78122
78123
78125
78128
78131
78135
78139
602428
78143
78147
78149
78151
78153
78155
78158
78159
78162
78164
78165
78167
78169
340313
78172
78178
78181
78184
78186
78189
78192
78195
78196
78198
78201
78202
78206
78209
78211
78213
78215
78216
78218
78219
864653
78223
78224
78227
78230
78234
864667
78236
78238
78239
78241
78243
78245
78246
78248
78250
78252
78253
78255
78259
78262
78265
78268
78271
78273
78276
340421
78282
78286
78288
78291
78294
78298
78301
78303
78305
78308
78310
78311
78317
78319
78321
340466
78323
78325
78327
864761
78331
340476
78336
602625
78340
78346
78350
78352
78357
78358
78362
78364
78366
78368
78373
340519
78378
78380
78383
602671
78386
340532
78389
78391
78392
78394
78397
78401
78403
78409
78411
78414
602702
78417
78420
78424
78427
78428
78431
78432
78434
78437
78440
78444
78445
78447
78448
78452
864886
78456
864889
340601
78458
78462
78465
864899
78467
78471
78472
78474
78476
864909
78478
78480
340627
78486
78487
864920
340635
78493
78497
864930
78501
78502
78505
864940
78508
78510
78513
78518
78520
78522
78523
340667
78525
78528
78531
78532
78534
78535
78537
78542
78544
864977
78546
602834
78549
78552
78553
78555
78557
78560
78564
78566
78570
78571
78573
78576
78579
78582
78585
78592
78598
78600
78604
865037
78606
78608
865042
78616
602904
78618
78620
78623
78626
78627
340772
865061
78630
78638
78641
78644
78645
78648
78651
78652
78657
78659
78660
78661
78663
602951
78664
340808
78667
78669
865102
78671
78672
78674
78676
78681
78682
78685
78687
78689
865124
78695
78698
78707
78709
78712
340856
78715
78718
78719
603008
78723
78726
78727
78732
78733
78735
78738
78740
78746
78749
78751
78752
78755
78756
78759
78760
78765
78766
78770
78774
78775
78781
865215
78784
78787
78792
78795
78801
340946
78807
78809
78812
78813
78819
78826
78830
78834
865267
78837
78838
78841
78843
78846
78847
865282
78850
78851
78853
78854
78857
78861
78865
78868
78871
78872
78874
78875
78878
78882
865316
78885
78886
78889
78892
78896
78898
865331
78900
78903
865336
78907
78908
78911
78912
78915
78919
78920
78924
78926
78929
78932
78933
78935
78939
78940
78944
78952
78954
78960
865394
78962
341106
78965
78967
78972
78973
78975
78980
78983
78985
78986
78989
78993
78997
78998
79000
865434
79009
79010
341154
603299
79012
79015
79017
79019
79021
79024
79030
79033
79034
79036
79038
79044
79047
79049
79052
79056
79060
79063
79064
79066
79067
79071
79072
79074
79077
79079
79080
79082
79086
865520
79092
79097
79100
79103
79104
79111
79112
79117
79118
79121
79124
79125
79128
79133
79135
79136
603424
79140
79143
341292
79149
79150
79152
79155
79159
79161
79162
79165
79168
79169
79174
79175
79177
79179
865612
79181
79183
79185
79189
79191
79194
603483
341341
865630
79199
79200
79203
341349
79209
603499
79212
79217
79220
341366
79223
79226
79227
79230
865663
79231
341376
79233
79237
79238
79241
79242
341386
79243
79245
79248
79249
341396
79254
79255
79257
79259
79261
79266
79268
79271
79272
79275
79278
79280
79282
603570
79283
79286
79289
79290
79293
79295
79299
79300
79305
79306
79309
79314
79316
79319
79325
79328
79331
79334
79338
79341
79345
79350
79353
865786
79356
79359
79364
79365
79368
79369
79372
79375
79378
865812
79381
79382
79385
79389
79393
79395
79396
79398
79400
79403
79406
79409
79410
79412
79416
79417
79418
79420
79422
79424
79426
79428
79432
79433
79435
79436
79442
79445
79446
79447
79450
79452
79455
79457
79458
603746
79460
79462
79464
79465
79469
79471
79473
865907
79475
79476
79478
79479
79481
865914
79482
79485
79488
79491
603782
79495
79499
79500
79504
79507
79511
603801
79516
79519
79520
79525
79528
79532
79535
79536
79537
79539
79540
79543
79546
865979
79554
79555
79556
79558
79564
866000
79574
79578
79579
341724
79581
79582
79584
79591
79593
79594
79596
79600
79601
79604
79608
79610
79611
79613
79614
79616
79620
79624
79625
79629
79632
79635
79637
79638
79641
79642
603930
341788
79649
79654
79658
79659
79661
79664
79669
79672
603961
79675
79676
79678
79680
79683
79690
79691
603979
79693
79698
79701
603989
79705
79708
79711
79717
79720
79722
79726
79728
866162
79736
79739
79741
79743
79744
79746
79750
79753
79756
79759
341903
79761
79763
79765
79766
79770
79774
79775
79783
79786
79790
79793
79794
79797
79798
79800
866233
79802
79806
79808
79810
79812
79814
866248
79817
79819
79823
79827
79828
79830
79833
79835
79837
79839
79841
79844
79847
79850
79854
79858
79860
79862
79864
79867
79869
79870
79871
79873
79874
79877
79882
79883
79885
79889
79891
79892
79895
79899
79900
79903
342048
79905
79907
79910
79911
342056
79913
866346
79917
79920
79921
79923
79927
79930
79931
79938
79942
79944
79947
79948
79952
866385
79954
79957
79958
79961
79962
79967
79973
79976
79978
79980
79983
79984
79986
79987
79989
866422
79991
79997
79998
80000
80001
80006
80014
80015
80018
80020
80021
80024
80027
866460
342175
80034
80038
80041
80043
866476
80045
80048
80053
80056
80063
80064
80066
80069
80075
80078
80079
80083
80085
80086
80089
80093
604383
80099
866532
80100
604392
80106
80107
80113
80115
80118
80120
80123
80127
80129
80131
80133
80136
80138
866571
80141
80142
80146
80148
80151
80156
80158
80159
80161
80164
80173
80176
80177
80180
80181
80186
80188
80190
80192
80197
80200
80203
80206
80208
80209
80212
80215
80219
80221
80223
80226
80229
80231
80232
80234
80239
80244
80246
80248
80254
80258
80261
80262
80264
80269
80272
80277
80280
80283
80285
80287
80289
80290
80295
80297
80298
80301
80304
80306
866739
80309
80311
342455
80314
80318
80319
80321
342465
80326
80328
342475
80334
80336
80339
342483
80345
80350
80351
342496
80354
80356
80357
80359
80362
80363
80367
342513
80370
80371
80374
80378
80382
80383
80385
80388
80390
80391
80392
80394
80401
80402
80404
80406
80409
80411
80414
80417
80420
80421
80423
80426
80429
80430
80432
80436
80440
80442
80447
80449
80451
80453
866886
80454
80457
80458
342603
80460
80462
80465
80466
80469
80472
80473
604762
80476
80482
80483
80485
80486
80489
604777
866922
80490
80493
80496
80500
80503
604792
80505
80511
80514
80515
80518
80519
866952
80524
80525
80527
80528
80530
80532
80537
80538
80541
80544
80547
80550
80551
80554
866987
80555
80557
604845
80558
80565
80568
80571
80573
80575
80579
80580
867013
80584
80587
867020
80592
80596
80598
80601
867037
80607
80608
867042
80610
80613
604901
80615
80617
80620
80621
80626
80629
80630
867064
80632
80634
80637
80639
80641
80643
80644
80646
80648
80650
80653
80654
80657
80660
80662
80663
80667
80672
80674
80678
80684
80685
80690
80692
80695
80696
867130
80699
80702
80704
80707
80711
80712
80714
80715
342859
80718
80723
80726
80730
80732
80734
80737
80738
80741
80744
80751
867184
80754
80760
605048
80762
80764
80765
80767
80774
867210
80778
80780
80782
867215
80783
80786
80790
80797
867231
80801
80803
867241
80812
80814
80815
80818
80820
80823
867258
80826
80828
80830
80832
80839
80840
80842
342987
80845
80846
80849
80851
80853
867289
80857
343003
80860
80861
80863
80864
80869
80871
80873
80874
80877
343022
80882
80888
80890
80893
80894
80896
80897
80900
80903
80904
80906
80907
80910
80915
80920
80922
80925
80931
80933
343077
80934
80936
80938
80941
80944
80950
80956
80959
80962
80964
80966
80968
80969
343116
80973
80975
80979
80982
867417
867424
80994
80998
81004
81007
81010
81012
81014
81016
867450
81018
81022
81025
81029
81031
81033
81037
81040
81043
605331
81047
81049
81050
343195
81052
81054
81056
867492
81061
81062
81064
343208
81066
81070
81072
81074
81078
81080
81082
867519
81089
81091
867529
81100
81102
81105
867542
81111
867547
81115
81122
81126
81127
867560
81132
81133
81136
81140
81144
81146
81152
81158
81160
81161
867594
81165
81170
605462
81176
81179
81182
81185
81190
81192
81195
81196
81199
81203
867637
81205
81206
81209
81214
81218
81220
81222
81224
81227
81233
81240
81242
867675
81245
81248
867681
81250
81253
81256
81260
81261
81263
81267
81270
81274
81276
81281
81282
81285
81286
81288
605580
81295
81296
81298
81299
81302
81303
81306
81308
81309
867742
81313
81320
81323
81326
81327
81329
81330
81334
81336
81338
81340
81341
81345
81349
81350
343495
867787
81356
81359
81360
81363
81367
81371
81373
81376
343521
81379
81383
81386
81390
81392
81395
867828
81398
81399
81404
81409
81415
343559
81418
81421
81425
81428
81431
81432
81435
81436
343585
81443
81449
343593
81452
81454
81456
81457
81460
81461
343610
81468
81471
81475
81478
81480
81483
81486
81489
81490
81493
81495
81499
81502
81503
81505
81509
81510
81513
81514
343658
81517
81519
81520
81521
81523
81525
81528
81530
81537
81539
81540
81545
81549
81550
81553
81556
81559
81561
343706
81565
81569
81571
81573
81577
81578
81580
81581
81588
81589
81591
81593
81598
81602
81604
81608
81614
81617
81618
81622
81623
81627
81631
81634
81635
81637
81640
81645
81646
81648
81652
81653
81655
343799
81660
868095
81665
81669
81671
81673
81675
868109
81679
81682
81683
81685
868119
81689
81694
81695
81699
81700
81702
81707
81708
81711
81712
81714
868147
81715
81717
81718
868151
81720
81723
81726
81729
868162
81732
81736
81739
81742
81744
81750
81753
81755
81759
81762
81764
81769
81770
81773
81776
81778
81779
868214
81782
81786
81789
81791
81793
81799
81804
81808
81811
81812
81814
81816
81819
606107
81820
868255
81823
81825
81829
81832
81833
81835
81837
606125
81839
81840
81842
81843
606133
868279
81848
81850
81852
81860
81862
344007
606151
81866
81867
81871
81873
344019
81877
81878
81880
81883
81885
606174
81888
81890
81892
81896
81901
81902
81905
81908
81911
81914
606202
81916
81919
81920
81922
81926
81927
81930
606223
81937
81941
81942
81944
81948
81950
344095
81952
81953
81958
81961
81964
81965
344111
81968
81970
344119
81977
81978
81980
344127
81987
81988
81991
82002
82006
82009
82010
606300
82013
82016
82019
82022
82024
82026
82027
606316
82030
82031
82033
82034
82037
82038
82040
82042
606332
82047
82051
82057
82059
606348
82061
82064
82066
82069
82071
82072
344216
82075
82078
82081
82082
82085
82086
82089
344235
82093
82096
82097
82102
82106
82112
82114
868553
82121
82124
82126
82127
868560
82134
868567
82135
82138
868574
82145
82146
82148
868581
82149
82151
82154
868588
82157
606445
82159
82162
82164
82166
868600
82170
868607
82177
82179
868614
82183
82188
868621
82190
82195
868628
82198
82201
82202
868635
82206
606494
82208
868642
82210
606500
82213
868649
82217
82219
82220
82223
868656
82225
82229
82230
82233
82236
868670
82239
82244
868677
82248
868684
82252
82257
82259
606548
82263
82266
82269
82271
82273
82279
82280
82283
82286
82287
82289
606578
82293
82294
82296
82299
82302
82304
82306
82309
82312
82314
82316
82320
82323
82326
82329
82332
82334
82338
82341
82346
82349
82352
82356
82360
82361
82365
82367
82370
82374
82377
82378
82382
82384
82386
82390
82391
82393
82394
344538
82397
82399
82401
82403
82404
82406
82410
82414
82415
82421
82422
344566
82424
82427
82431
82433
344579
82436
82440
82442
82444
82446
82448
82449
82456
82461
82464
82469
82470
82474
82475
344619
82477
82480
82484
82488
82490
82492
82494
82499
82500
82502
82505
82507
82510
82511
82515
82518
606806
82519
82522
82523
82526
82527
82542
82547
82548
82553
82557
344705
606849
82567
82568
82571
82574
82577
869011
82582
82584
82586
82593
82596
606884
82598
82600
82604
82607
82609
82610
82612
82620
82624
82626
82627
82631
82633
606921
82635
82637
82639
82643
82644
344788
82646
82649
82653
82657
82665
82666
82669
82670
82673
82675
82678
82679
606968
82681
82683
82687
82689
82691
82693
606983
82696
82699
82701
82705
82708
82714
82717
607005
82721
82726
82730
82731
82733
82739
82742
82745
82747
607035
82753
82763
82769
82771
82775
82779
82786
82788
82789
607078
82791
82794
82798
82800
82803
82804
82805
82808
82811
82814
82816
82818
82821
82822
82823
82825
82829
82832
82835
82838
82841
344986
82850
82855
82859
345003
82860
82862
82865
82868
82871
82877
345023
82880
82884
82888
82891
607180
82893
82894
82898
869331
82900
82902
82904
869338
82908
82912
869345
82915
869352
82920
82921
82923
82926
869359
82929
82932
869366
82935
82937
82939
869373
82943
82946
82947
82948
82950
82952
82957
82958
607246
345106
82969
345114
82974
82978
345122
82980
82986
82988
82990
82998
83002
83010
83012
83022
83023
83026
83028
83030
869464
83033
83039
83042
83045
83047
83049
345194
83053
83059
83063
83064
83066
607354
83068
83069
83075
607364
83078
83079
83082
83085
83089
83093
83100
83104
83107
83108
83110
83112
83116
83117
83119
83123
83126
83127
83130
83131
83134
83135
83137
83139
83143
83149
83150
83152
83155
83158
607446
83164
83167
83168
83170
83171
83173
83175
83176
83178
83182
83183
83185
83187
83189
83193
83197
83199
83202
83203
83206
83210
83213
869650
83219
83224
83227
83229
83231
83235
83237
83239
83241
83242
83245
83246
83251
83254
83255
83257
83261
83263
83265
83267
83271
607559
83273
83275
83277
83278
83281
83286
83294
83297
83299
83301
83303
83307
83310
83314
83317
345461
83320
869753
83323
869760
83329
83332
83334
83337
83342
607631
83345
83349
83350
83354
83355
83357
83358
607649
869795
83366
83367
83369
83372
83373
83376
83378
83380
83381
83384
83385
83389
83391
83393
345540
83397
83400
83401
345548
83407
83412
83415
83416
83418
83420
83422
83423
83425
83426
83430
83431
83433
83437
83442
607732
83445
83450
83453
83459
83461
83465
83466
83469
83470
83471
83473
83474
607762
83477
83478
83481
83482
607770
83484
83490
83494
83496
83497
83500
83504
345649
83506
607796
83509
83512
83513
83516
607804
83517
83520
83521
83524
83525
83528
83529
83531
83534
83537
83540
83542
83543
83547
607837
83550
83553
83557
83561
83562
83564
83567
83573
870008
83576
83579
83580
83584
83587
83588
83592
83594
83599
83601
83603
83605
83608
83611
83612
83614
83617
83618
83621
83622
83628
83630
83632
83638
83641
83642
83644
83645
345790
83648
83649
83651
345798
83660
83663
83665
83666
83670
83672
83674
83676
83677
83682
83683
83686
83691
83694
607983
83696
83697
83698
83703
83705
83708
83711
83714
83717
83719
83723
83724
83730
83731
83734
608027
83742
83748
870181
83751
83754
83758
870195
83764
83768
83771
83777
608066
83779
83780
608074
83790
83793
83796
608086
83802
83803
83806
83809
83811
83813
83818
83822
83826
83829
83830
83834
83836
83838
83840
83843
83845
83847
345994
83851
83852
83856
83858
83860
83862
870298
83866
83867
83869
83871
83872
83875
83876
83882
83885
870318
83887
83888
870323
83893
870328
83896
608184
83899
83900
83902
83903
83905
83908
870341
83913
83918
83920
83923
83925
83928
83932
83933
83939
346084
83944
83945
346092
83950
83952
83953
83955
346100
83957
83959
83962
83965
83966
83968
83972
83974
83978
83982
83984
83991
83993
608282
83997
84001
84004
84007
346152
84009
84015
84021
84022
84024
84026
84028
84031
84033
84036
84039
84042
84047
84049
84053
84058
84060
84062
84065
608354
84067
84068
84071
84075
84077
608366
84080
84083
84086
84092
84095
84098
84099
84102
84106
84113
84115
84117
84118
84121
84126
84128
84129
84132
84135
84138
84140
84146
84148
84151
84153
84156
84160
84161
84165
84168
84170
84172
84174
84175
84178
84179
84182
84184
84187
84189
84190
84192
84198
84204
84207
84210
84213
84214
84219
84221
84222
84227
84230
84232
84235
84237
84243
84244
84249
84252
84254
84257
84260
84261
84264
346408
84268
84271
84273
608561
84276
84280
84283
84285
84289
84290
84293
84294
84299
84302
84304
84305
84309
870743
84313
84316
84319
84323
84326
84327
84329
84330
84332
346478
84335
84336
84338
84340
84342
346486
84346
84348
84353
84357
346501
84360
84365
84366
84369
84371
84372
84377
84379
84381
84387
84391
84395
84399
84402
84403
608692
84407
84409
84410
84412
84414
84418
608709
84424
84425
84427
84430
84433
84434
608722
84436
84437
84440
84446
84450
608739
84453
84455
84458
84464
84467
84468
608756
84471
84473
84476
84479
84481
84483
84485
84488
84489
84492
608783
84496
84498
84500
84502
84504
84506
84507
84509
84511
84514
84515
84517
84518
84521
84522
608810
84524
84529
84534
84535
84543
84545
84551
84555
870988
84558
84560
84562
84567
84570
84575
608864
84577
84579
84580
871013
84584
84585
84587
84591
84593
84599
84601
84606
84607
84610
84612
84616
84621
84623
84625
84627
84628
84631
84632
84637
84638
84641
84648
84652
84654
84655
84659
84661
84666
84669
84670
871105
84673
84674
84677
84680
84682
84686
84688
871128
84696
84699
84700
84702
871136
84705
84706
84709
84711
84713
84715
871149
84719
84720
84723
609012
84726
84731
346875
84734
84736
84741
84744
871177
871182
84751
84753
84755
84762
84765
84769
346913
84771
84773
84776
346921
84779
84782
84783
346929
84786
84787
84790
84795
84805
871240
84808
84811
84814
84815
346961
871251
84819
346969
871258
84831
346977
84835
84837
84841
84844
84845
84847
84849
84853
871286
84856
84857
84860
84863
84869
84870
347016
871306
84877
84882
84885
84887
84889
871322
84892
84895
84897
84899
84902
871335
84904
347049
84906
871341
84909
84910
84911
84913
347057
84914
84916
84921
84924
84928
84932
609222
871367
84935
871374
84942
84944
84946
84947
84950
84953
84955
84957
871391
84959
84964
84967
84968
84970
609258
84975
84976
84978
84979
84981
871414
84985
84988
84991
871426
84994
84995
84997
609286
871433
85001
85003
85013
85014
85016
871450
85018
85020
871455
85023
85029
85032
85034
85036
85037
871472
85040
85043
85044
85046
85050
85052
85054
85057
871491
85063
85064
85067
85068
871501
85071
85072
85074
85078
871512
85080
347226
85083
85086
85091
85093
85094
85098
85099
85102
85105
85106
347250
85108
85113
871547
85121
85122
85125
871558
85127
85128
609417
85131
85132
871565
85134
85136
609425
85140
85142
85145
85148
85150
871585
85154
85156
85159
85163
871601
85173
85176
85179
85182
85184
871622
85190
871626
85195
85198
871631
85201
609490
85203
85206
85208
85215
85216
347362
85220
85222
85223
85225
85233
85236
609525
85238
85240
85241
85245
85249
85253
85256
871689
85258
609546
85261
85262
85265
85267
85269
85272
85276
609567
85280
85282
85291
871724
85292
85294
85297
609588
85302
85304
85308
85314
85317
85318
85320
609609
85325
85329
85333
85336
85338
85340
85341
85342
609630
85344
85345
85348
85349
85353
85358
85361
609651
85364
85365
85368
85370
85371
85374
85377
609669
85382
85387
85392
85395
85398
85399
609687
85401
85404
85406
85408
85411
85414
609705
85419
85430
85431
85432
85434
609723
85438
85439
85442
85444
85446
85448
609741
85454
85456
85460
85463
85465
85467
85470
609759
85472
85474
85477
85480
609770
85485
85486
85489
85492
85495
85496
85498
85499
85501
85503
85504
609792
85508
85510
85514
85515
85519
871952
85520
85522
85524
85525
871962
85530
85533
609821
85536
85546
85548
85549
85552
85553
871987
609843
85556
85560
871995
85566
85570
85572
872005
872010
85578
85580
347724
85582
872015
85584
85588
85590
85592
85593
85596
872029
85600
85601
85604
85608
85614
85617
85620
85623
85625
85628
85631
85633
85637
347783
85640
609931
85645
85650
85652
85658
85660
85661
347807
85664
85666
85667
347815
85672
609960
85675
85680
85681
85683
609971
85684
85689
347835
85693
85697
85702
85706
85707
347852
85710
85713
85716
85723
610011
85727
85730
85733
610022
85736
85740
85742
85743
85746
85749
85751
85752
85759
85763
85765
85768
85771
85773
85776
85780
85782
85785
85787
85790
85795
85796
85797
610085
85799
85801
85802
85803
85806
85811
85812
85815
85816
85819
85821
85823
85824
85826
85828
85829
85832
85835
85838
85842
85846
85848
85851
85852
85854
85855
85859
85862
85863
85866
85868
85869
85871
85875
85878
872311
85879
85881
85886
85889
85892
85893
85895
85899
348043
85903
85905
85907
348051
85908
85910
85912
85914
348059
85917
85919
85922
85923
85926
85929
85933
85935
85937
85940
85942
85945
85950
85952
85954
85956
85960
85963
610251
872399
85967
85971
85974
85977
348121
85980
610269
85982
85985
85987
610280
85993
85995
348144
86002
86006
86008
86009
86013
86017
86019
86021
86023
610312
86026
86028
86031
86034
610322
86037
86040
86042
86043
86046
86051
86052
86055
86059
610351
86065
86067
86070
86071
86074
86078
86080
86085
86094
86099
86103
86104
86112
86115
86117
610406
86121
86126
86129
610417
86133
86136
86137
86140
86141
86143
86144
86146
86148
86151
86153
872588
86156
86157
86160
86162
86164
86166
86169
86170
348315
86172
86178
86181
86182
86187
86189
86192
610483
86196
86200
86202
86203
86209
86216
86217
86219
86223
610513
86226
872661
86231
86234
86236
86237
86239
872672
86242
348387
86244
86245
86247
872683
86251
610539
86254
872687
86257
86263
86265
86270
86274
86277
86278
86285
86286
610575
872720
86288
86292
86296
86298
86299
872734
86302
86304
86309
86316
86323
872757
86325
86329
86332
610621
86340
86342
86345
86348
86349
86351
86353
610642
86355
86359
86361
872794
86365
872799
86369
86372
86375
610663
872811
86382
86385
86387
86389
86390
348535
86392
86393
610684
86401
86403
86404
86410
86412
86413
86417
610705
86421
872856
86425
86426
86429
86430
86437
86438
610726
86440
86444
86446
86448
348592
86451
86455
86456
610747
86460
86462
86463
86466
86468
86470
348617
86474
86476
86479
610768
86481
86487
86488
86492
86497
348641
86499
610789
86503
86505
348649
86507
86508
86510
86514
86518
86521
610810
86527
86533
86536
348680
86542
86546
86548
610842
86555
86556
86559
86560
86562
872995
86569
86570
86573
873007
610863
86576
86578
86579
86581
86582
86586
86588
86592
86595
86598
873032
86602
86606
86607
610895
86609
86612
86616
873050
86621
86622
86625
86628
610916
86631
86634
86635
86637
86640
86643
86648
86654
86660
610948
86663
86666
86667
873100
86669
86672
86677
86678
873116
86684
86687
873121
86689
86691
610980
86693
86698
873133
348846
873137
86705
86706
86708
86711
86712
873145
86718
86719
86721
611009
86722
86724
86730
86734
86736
86738
873171
611027
86741
86742
86744
86745
873183
86753
86756
86759
86760
86761
86763
86764
611055
86771
86774
873208
348920
86778
86781
86782
86784
86788
86789
611078
873223
86792
86795
86799
86800
611088
348945
86803
86806
86808
86809
86813
86814
86816
86818
873251
86819
86825
86826
86829
873263
86832
86836
611124
86838
86841
86843
86847
86852
86854
86857
873291
86859
86865
611153
86869
86873
86878
873313
86883
611171
86886
86888
86891
873325
86894
86895
611187
86902
86904
873337
86905
86908
86909
86912
86914
611205
86918
86919
86922
86925
86927
86932
86934
611223
86937
86943
873378
86947
86950
86951
86953
86954
86957
86960
86963
611252
86965
86968
86972
86976
86979
86980
611270
86983
86986
86990
611281
86996
86997
86999
87004
87007
87010
611299
87014
87016
87018
87020
611310
87024
87027
87029
87031
87035
87038
87044
87045
87048
611339
87059
87060
87062
87064
87065
87068
611357
87070
87074
87078
87082
87090
87095
611383
87098
87099
87101
87104
611394
87109
87112
87114
611402
87117
87118
87122
87126
87130
87133
87138
87140
87143
611431
87147
87149
87153
87155
87156
349301
87159
87161
87163
87165
611453
87167
873602
87174
87176
87179
87183
87185
87188
87195
87197
87200
87204
87207
87210
87211
611501
87215
87220
87221
611509
87224
87225
349372
87229
87231
87236
349380
87238
87242
349388
87245
873678
611538
87251
87257
87259
87263
87267
87270
87271
611560
87273
87275
87283
87284
87287
873720
87289
611578
87292
873728
87297
87299
87303
87305
87308
87309
873747
87316
87319
611607
87322
87326
87330
87333
87336
611625
87340
87341
87344
87349
87350
87352
87357
87358
611647
87360
873795
87365
87369
87373
87376
611665
87378
87380
87381
87384
87385
87387
87391
87393
611683
873829
87397
87400
87402
87408
87409
87411
87413
611701
87415
87416
87418
87422
87424
87426
873859
87427
349571
87431
87432
87434
87437
87439
87441
611730
87444
873877
87448
87449
873882
87451
87453
87455
87457
873892
611748
87461
87464
873898
87467
87471
873904
87473
87475
873910
87480
87484
87488
87490
349635
611782
87495
87501
87503
87505
87508
87510
349654
87512
611800
87515
87518
87519
87527
611818
87531
87533
87537
87539
87544
611836
87549
87551
87554
87557
87560
87564
611854
87567
87574
87576
87585
87586
611875
87588
87591
87592
87596
87598
611886
87600
87602
87604
87606
87611
87612
87614
87616
611904
87619
87621
87622
87625
874060
87630
87633
87638
87648
87650
611938
87653
87656
87660
87664
611956
87670
87673
87675
87677
87681
87682
87685
611973
87687
87688
874121
87698
87702
87705
87706
611996
87710
87713
87716
87718
87719
87725
612014
874160
87729
87732
87734
87736
612025
874170
87739
87743
87748
87749
87752
87755
612043
87759
87762
87764
87766
87769
87771
612061
87774
87777
87779
87782
87788
87790
612079
87792
87797
87801
87802
87805
87806
87810
87812
87815
349959
87816
87821
87822
87823
87828
612119
87832
87834
87837
87839
87842
87843
87846
87848
612137
87850
87854
87856
87860
87862
87865
87866
87868
612157
87870
87872
350017
87875
87877
87879
87886
87887
612175
87891
87896
350041
87900
87903
87907
612197
87911
87913
87914
350059
87917
612205
87920
87924
87927
87929
87931
87933
874367
612223
87936
87937
87939
87946
87947
87949
87950
87953
87955
87958
87961
87964
87966
612255
87968
87971
87974
87977
87979
87981
87984
87987
87991
87994
612284
87997
88000
88004
88007
88008
88014
88015
88017
88020
88023
612313
88030
88031
88034
88038
88041
88045
88046
88053
612343
88057
88060
88061
88063
88064
88068
88072
88074
88077
350222
88082
88083
612372
88086
88088
88089
88092
88095
88098
88106
88110
88113
88114
88117
88119
874553
88121
88123
88125
612414
874559
88128
88131
874565
88133
350277
88138
874573
88142
612432
88145
88146
88148
88150
874583
88153
88154
88156
88158
88159
612450
88163
88166
88169
88172
88173
88177
88179
88182
88184
88187
88191
612479
88193
88197
88201
88204
88207
88209
88212
88215
88219
612507
88226
88228
350374
88232
88236
612524
88241
88243
88247
88252
612542
88256
88259
88261
88265
88269
88272
612560
88275
88278
88279
88281
88285
88288
88290
612578
88295
88296
88299
88301
88304
88306
612596
88309
88312
874745
88319
88323
612614
88327
88330
88333
88334
88339
88342
612632
88345
88348
88352
88353
88357
88358
612646
88359
88361
88365
88367
88368
88370
88373
88381
350525
88383
612674
88387
350532
88392
88395
350539
88404
612692
88406
88407
88411
88412
88415
88417
88419
874853
88421
612710
88424
88426
88427
88429
874863
88437
612728
88441
88445
88446
88448
88451
612739
88453
88456
88461
88463
88465
88467
88469
88471
88473
88478
612767
88480
88482
88486
88487
88488
88490
874928
612784
88500
88502
88505
612795
88510
88514
88517
88519
88522
88524
88526
88532
88533
88536
612824
88540
88542
88543
88545
88546
88548
874981
88550
88552
88553
88556
350701
88565
88568
88570
88573
612864
88577
88582
88583
88586
88590
88592
875025
88594
88597
88600
88602
612893
88606
88610
88611
88615
88616
88618
88619
612909
88623
88625
88631
88632
88633
88635
88641
88643
88650
350794
88652
88654
88657
88658
88660
88662
88665
612953
88669
88672
88675
88678
88681
88683
88685
88690
88692
88694
88696
88698
88700
88701
88706
88708
88709
88712
88713
88715
88721
613014
88727
88734
613025
88738
88740
88742
88745
88749
88753
875189
88757
88758
613048
88761
88764
88767
88769
88772
88776
88780
88781
88784
613072
350929
88787
88790
88791
875224
88794
875229
88799
88802
613090
88803
350947
88806
875239
88809
88810
88812
88816
88818
88820
88822
88824
88827
88829
613118
88832
88837
88844
875277
88848
88849
88851
88855
875290
88859
88862
88864
88866
613158
88872
88875
88876
88879
88882
88884
88886
88887
88890
613178
88892
88897
88899
88901
88903
88906
88910
88911
88914
88917
88919
88922
88925
88929
613218
88931
88932
88938
613228
88943
88946
88952
88955
88958
613246
88962
88968
88973
88977
88980
88981
88983
88990
88993
88996
88998
89000
89003
613291
89006
89007
89010
89013
613302
89017
89020
89023
89026
89029
89032
89033
89035
613323
89036
89038
89040
89043
613334
89050
89051
89053
89055
89056
89062
89063
613351
89069
89070
89072
89075
89076
89081
89091
89093
875527
89098
351242
89101
89102
89106
89111
613399
89112
89115
89119
89123
875557
89126
89129
613417
89136
89139
351283
613428
89141
875574
89144
89148
89149
89151
89155
89157
89161
89164
613452
89165
89167
89171
89174
89177
89180
351324
89184
613472
89185
89187
89192
89193
89196
89197
351342
89200
875633
89203
89204
89206
89210
89213
89215
89216
89220
89222
613511
89225
89227
89229
89231
89232
89234
89238
89239
89240
875674
89242
89243
613533
351391
89249
89252
89253
89261
89263
613551
89264
89266
89267
89270
89273
89276
89277
89280
89283
613574
89287
89288
351432
89290
89293
89296
89298
89299
89302
89304
89307
89309
89313
89314
351458
613603
89316
89323
89324
89326
89327
89330
613620
89337
89341
89343
89346
89347
89350
89355
613644
89357
89360
875795
89363
351507
89365
89370
89373
875808
89380
613668
89384
89390
89391
89396
89397
89401
89402
875837
89407
89409
351553
89411
89412
875845
89415
613705
89419
89422
89423
89427
89429
89432
89434
613722
89438
89441
89442
351586
89448
89451
89452
351598
89455
89457
89458
613746
89461
89462
875901
89471
89472
89475
613764
89481
875914
89483
89488
89490
89493
613781
89496
89499
89500
89501
89503
89505
89508
89509
89513
89515
89516
613805
89519
89528
89530
89534
613823
89536
89537
89542
89546
613834
89548
89549
89550
89552
89558
89562
89563
89570
351715
89573
89579
613867
89583
89585
89589
89590
89593
89594
613884
89602
89605
89607
89608
89611
89613
89615
89618
89621
89622
351766
89624
89626
89628
89629
89632
89635
89638
613926
89642
89647
89648
89652
89656
89661
89663
89666
89669
89672
89674
89680
89681
89686
89691
876124
89693
89695
89697
89700
613988
89702
89707
351853
89710
614002
89715
89716
89720
89723
89726
89729
876165
89733
89735
89737
89738
89741
89748
89749
89751
89753
614042
89755
89758
351902
89760
89762
89763
89767
89768
89770
89771
614060
89773
89776
89777
89781
351925
89783
89784
89787
89790
89793
351941
89798
89800
614088
89806
876241
89809
89811
89814
89815
89817
614106
89821
89823
89826
614116
89835
89838
614127
89842
89846
89849
89850
89852
89853
89856
89860
614149
89863
89872
89873
89875
89877
89882
614170
89883
89885
89891
89894
89895
89899
89900
614189
89906
89908
89912
614200
89913
89915
89918
89923
89924
89926
89928
89930
89931
89932
89934
89935
89938
89940
89942
89945
876378
89947
89952
89954
89956
89958
876391
89965
89974
89975
89978
89979
89980
89983
614271
876416
89985
352131
89988
876421
89991
89993
89995
89997
90000
90004
614292
90007
90009
90010
90012
90021
614309
90025
352170
90032
90036
90038
614326
876472
90043
90046
90048
90050
90052
90053
352198
90056
90057
90059
90061
90064
876498
90069
90072
90074
90075
90078
90079
90081
614370
90083
90085
90094
614385
90098
90101
90104
90106
90109
90110
90112
90113
90116
90119
90122
90123
614411
90125
90129
90132
90137
90139
90140
90143
90144
90147
90148
90152
90157
90162
90163
90166
90167
90171
90173
90175
614465
90178
90179
90182
90186
90187
90193
90196
352343
614489
90202
90203
90209
614499
90214
90216
90220
614510
90224
90228
90230
90233
90236
90239
90247
90251
90255
90258
90260
876698
90266
352410
90269
90270
90273
90277
90279
90281
876718
614574
90287
90291
90293
90295
90296
90299
90303
90306
90308
614596
90314
90318
352462
90319
90321
90324
90326
90328
90330
876763
90334
90337
614625
90340
90345
90346
90348
90351
90353
90355
90362
614651
90364
90367
90370
352514
90372
876806
90374
90378
90380
614669
90384
90385
90388
90390
90392
90395
90397
614685
90398
90402
90404
90409
90412
90414
90415
614703
90417
352561
90421
90423
90425
90426
90428
90431
90433
90435
90437
90439
90441
90444
90449
90453
90455
90456
90459
90461
90463
90465
90469
90472
90474
614763
352622
90479
90480
876915
614773
876920
90492
90499
90500
90502
876937
90505
614796
90509
90513
90515
90523
352667
90526
90530
352674
90532
614821
90534
90536
90539
90540
90544
90546
90549
614838
90552
90553
90559
90564
90565
90567
90571
90577
90578
877012
90583
90588
90591
614881
90601
877035
90608
352752
90612
877049
90618
90620
90623
90625
90627
90629
90630
90633
90634
90636
90637
90640
90642
90647
90649
614939
90653
90655
90657
90659
90661
90663
90665
90668
614958
90675
90678
90679
90681
90685
90687
90692
90695
90696
90700
90703
90705
90708
90709
90712
615001
90715
90716
90719
90722
90726
90729
90734
90735
90739
615033
90746
90756
90761
877194
90762
615051
90764
90767
90769
90772
90774
90775
615063
90777
90778
90781
90785
615074
90787
90789
90795
877229
90797
90800
90802
90804
90806
615095
90808
90810
90812
90814
90817
90821
90822
90824
877259
90828
90830
90832
352980
90842
90845
90848
90856
90858
90862
90864
90867
615156
90871
90874
353019
90879
615167
877319
90887
90888
90891
353036
90893
90895
90899
90900
90904
90906
90908
90912
90913
90915
615203
90916
90918
90923
90927
90929
90932
90937
90939
90940
90942
90943
90946
90950
90954
90955
615247
90960
90964
877399
90970
90974
90976
615265
90980
90982
90984
90986
90988
353132
90990
90994
90998
90999
91002
877435
91004
91008
615298
91011
877445
91019
353163
91022
91023
615311
91025
91026
91027
91029
91032
353178
615325
91039
91042
353186
877475
91045
91048
91049
91050
91053
91055
91059
615348
91065
91068
91070
91071
91079
353223
91080
91082
91084
91086
877519
615378
91091
91094
91097
91101
91103
91104
91106
91107
91108
91110
91113
91116
91119
877554
91122
91131
615421
91134
91135
877568
91137
91145
91147
91148
91151
615439
91154
91157
91159
91162
91165
91168
615456
91170
91173
91176
91178
91181
91185
91187
91195
91200
91201
91203
91204
91207
91208
91211
91214
615503
91217
91220
91223
91224
91227
91231
91234
91237
91239
91242
91245
91247
91249
91253
91254
91258
615546
91260
91264
91265
91268
91271
91275
615575
877720
91289
91296
91299
91302
615592
91307
877743
91311
91314
353458
615603
91318
91321
877756
91325
91327
91330
91336
91338
91339
615633
353490
91351
91352
91355
91359
91361
615649
91367
91368
353512
877801
91371
91372
91373
91375
91378
91383
615671
91384
91386
91387
91390
353536
91394
91396
615686
91399
877832
91400
91402
91406
91409
91410
615699
91413
91416
91418
91420
615709
353566
91424
91426
91428
91435
91438
91442
91444
91454
91458
91460
91464
353609
91467
615756
91472
91474
91477
91480
91485
91492
91493
91496
91498
91500
91502
877935
91504
91507
877940
91508
877945
91513
91514
877950
91518
615809
91523
91528
91529
91531
91534
91541
615829
91544
91546
353690
91553
91556
353700
91560
91561
91564
91565
91566
91568
91571
91576
91579
91582
91583
878018
91586
91588
91590
878023
91591
91594
91601
91605
91606
91607
353754
91611
91613
615903
91616
91619
91622
878055
91626
353770
91627
91630
878064
91634
91637
91639
91649
91652
91653
353799
91657
91658
91660
615948
91661
91665
91667
91671
91673
353817
91676
91678
91682
615970
91687
91688
91690
91694
615983
91696
91697
91707
91711
91714
91717
353861
91721
91725
91727
91729
91732
91735
91740
91741
91745
91746
91749
91752
91753
91755
353900
91759
616048
91761
878194
91763
353908
91766
91769
91773
91774
91776
91780
616068
91784
91786
91791
91794
91798
91801
91802
91804
91807
878240
91809
91811
91814
91817
91819
91821
91824
91826
91828
91830
91831
616120
91834
91835
91840
91843
91845
91848
91850
91851
878284
91854
353999
91857
91862
91864
91866
616157
91871
91873
91874
91877
91878
91880
354024
91882
91885
616174
354032
91891
91895
91900
91902
91903
91906
91910
91911
91914
354061
91918
878351
91921
91922
91926
91927
91930
91933
91934
91939
616229
91942
91946
91947
91951
91952
91959
616247
91960
91961
354107
878397
91965
91969
878402
91971
91975
91977
354123
91980
91983
91985
91987
91990
91992
91994
91997
91998
92001
92004
92007
92010
92014
616303
92017
878450
354162
92019
92020
92023
92026
354172
92031
92032
92035
92036
92040
92044
92045
92047
92049
92051
92053
92054
92059
92061
92062
92065
92066
878500
616356
92070
92071
92074
878509
92078
92079
92081
92082
92085
92088
92092
92094
92099
92100
92108
92110
92114
92115
92118
92120
92122
92124
92127
92128
92130
92134
92137
92139
92143
92148
92151
92153
92154
92156
92161
92165
92166
92168
92171
92172
92175
92179
92180
616468
92186
92191
92194
92195
878629
92199
92201
878634
92205
354349
92207
92211
92213
354359
92217
92220
616509
92226
878659
92230
92231
92234
92239
92242
92245
92248
92251
354395
92252
92254
92257
92258
92262
92263
878697
92265
92267
92268
92269
92271
878705
92275
92277
92281
92284
92286
354430
616574
92287
92290
92293
878726
92295
92297
92301
92305
92308
92309
92313
616604
92317
92318
92320
92322
92324
354468
92326
92329
92330
92334
92335
92337
92341
92345
92349
92356
92358
92361
878796
92364
92366
92370
616662
92375
878808
92378
878813
92383
354527
92384
878818
616679
92392
92397
92399
92401
92404
92405
92407
92408
92411
92414
92419
878852
92420
92424
354568
878857
616715
92428
92432
354576
92434
878868
92438
92439
616730
92445
92446
92448
354592
92449
92451
878884
92452
92456
616747
92460
92466
92467
92470
92471
92477
92478
878911
92481
92483
878917
92486
92487
92489
616778
92492
92496
354640
92497
92498
92500
92503
92505
616794
92509
92510
92514
616803
92518
92520
92522
92525
92527
92529
92532
92533
92537
92540
92542
92543
92544
92546
92551
616841
92558
92563
92564
92566
92567
92569
92570
92571
92574
92575
92577
92578
616866
92581
92583
92586
616875
879020
92588
92591
879025
92595
92597
92599
92601
92605
92609
92613
879050
92618
354763
92621
92622
92625
92626
92628
92631
92634
354778
92635
92637
616927
92641
92645
879079
92650
354796
92656
92657
92659
354808
92666
92670
92672
92674
92676
92678
92680
616969
92682
92685
92696
92699
92703
92706
92707
879142
92710
92712
92716
92719
92721
92723
92725
92729
92732
879168
92737
92738
879174
92742
92743
92752
92753
92755
92758
92761
92762
92766
879199
92768
92772
879206
92776
92779
92782
92785
92790
92791
92794
617083
92797
92798
92802
92804
92809
879243
92812
92815
92819
92820
92823
879257
92825
92828
879261
92829
617120
92837
92838
92841
92843
92844
879278
92847
92848
92853
92857
92859
92861
92863
92865
92870
92873
92874
355019
92877
92878
92880
92882
617172
92886
92888
92889
92893
92894
355038
92897
879332
92900
92902
92904
92905
92908
92909
92911
617199
92914
92917
879352
92920
92924
92926
92927
92934
617222
92938
92939
92942
879376
92944
92946
92949
92952
92953
92956
92957
92961
92965
617254
92967
92969
92971
92975
92977
92984
879417
92986
92988
92989
92993
92994
92997
93001
93005
93006
93009
93011
617300
355157
93015
93017
93021
93024
93027
355171
93028
93031
93032
617325
93038
93039
93044
93045
93048
93049
93051
93056
93059
93060
617348
355205
93063
93072
879505
93075
93079
93080
93082
93086
93090
93097
93100
879534
93104
93107
93111
93114
93119
93122
93123
93130
93132
617423
93136
93139
93141
93144
93147
93149
93156
93157
93159
93162
93165
93166
93169
93170
93173
93175
93179
93180
879616
93184
93187
93191
93193
93195
93198
617486
93199
93204
93207
93209
93210
93212
93213
879646
93217
93218
879651
93222
617512
93227
879661
93229
93231
93234
879667
93235
93237
879673
93243
93244
93246
879679
93249
93253
93255
93257
93259
617548
93262
355406
93267
93269
93271
93276
617565
93278
93280
93282
93286
93289
93292
93296
93298
93301
93304
93308
93312
93313
93320
93321
93329
93331
93332
93334
93336
93341
93345
93348
93351
93352
93354
93356
93357
93359
617647
93361
93363
93364
93366
93369
93372
93373
93374
93377
93378
93380
93386
93388
93391
93394
93395
93401
93402
93405
93408
93409
93411
617700
93416
93418
93423
93426
93429
93431
93434
93436
93441
93442
879875
93445
93450
93457
93466
93467
617756
93472
93476
93477
93480
879913
93484
93485
617774
93487
93489
93491
93492
93496
93498
93499
93501
93504
93508
617798
93511
93514
93515
93518
93519
93523
93527
93530
355674
93532
93534
93538
93540
93542
617830
93544
93545
355690
93548
879983
93552
93557
93560
93563
93566
93569
93574
93578
93579
617867
93584
93586
93588
93590
93596
93601
93602
93605
93607
617897
93610
93611
93613
93621
93624
93626
93629
93632
93634
880068
355781
93638
93640
880073
93642
93646
93652
93654
93656
93658
93661
93665
93667
93672
93673
93675
93678
93682
93684
617974
93687
93691
93694
93697
93698
93700
93701
93704
93705
93707
93708
93711
880144
93712
93715
93718
93720
93723
93726
93728
93732
93733
93735
93737
93738
93744
93746
93748
618036
93749
93750
93755
93758
93761
93763
93767
93769
93773
93775
93777
618065
93781
93782
93785
93786
93788
93791
93792
93795
93796
93799
93800
93805
93806
93809
93812
618101
93814
93816
93818
93820
93821
93825
93828
93831
618123
93837
93841
93843
93845
93847
93849
93850
93853
618141
93854
93857
93859
93861
93862
93865
356011
93870
93872
93875
93878
880311
880317
93887
93888
93890
880323
618179
93894
880328
93896
93901
93902
880336
93905
93908
93912
93913
880346
93917
93920
618209
93924
93927
93930
93933
93939
93940
93943
93948
93951
93953
93957
93958
93961
93964
880399
93968
93973
356118
93976
93978
93980
93981
93983
93987
93988
93990
93993
93996
94000
94001
94003
94004
94009
94013
618303
94017
356161
94018
94021
94022
94025
94027
94029
94032
94035
94041
94042
94045
94049
94052
94055
94057
94061
94063
94066
94069
94071
94073
94075
94078
94079
356224
94082
94083
94089
94091
618381
94095
94096
94103
94106
94109
94111
94113
94115
618404
94119
880553
94127
94130
94133
94134
94136
94137
94141
94143
94146
94150
94153
94158
94162
94165
618454
94173
94175
94177
94180
94186
94191
94193
94196
94197
880631
94199
94200
94202
94207
94208
880641
94212
94215
94216
94217
94219
880652
94221
94229
94235
94242
94244
94246
618537
94251
880684
94252
94254
94256
94260
94262
94263
94266
94269
94272
880707
94276
356421
94278
94284
94286
94292
94295
94298
94304
94306
94310
94313
94314
618604
94317
94318
880753
94322
94323
356467
94325
94326
94328
880761
94332
94333
618622
94337
94341
94346
94347
94349
94350
94351
94353
94354
356498
94355
94358
94361
94363
94364
94369
94370
94377
94378
94381
94384
94387
94388
94392
94396
94405
94407
94408
94412
94416
94417
94420
94424
94428
94432
94436
94437
94439
94441
94443
94446
94452
94457
94462
94466
94468
94469
94472
94475
94478
94481
94484
94486
356630
94489
94491
94492
94495
880930
94499
94501
94504
94507
94509
94512
94513
880946
94514
94518
94519
94522
94527
94530
94535
880969
94537
94540
94542
94544
94548
880984
94552
94553
356700
880989
618845
94558
94560
94564
94566
880999
94568
94570
94572
94573
618862
94576
94579
94582
94583
94585
94589
94593
881028
94596
94597
94600
94601
356747
94604
94608
94611
94614
94616
94618
618907
94620
94623
881057
618915
94628
94629
94631
94635
94636
94641
94642
94645
94646
94648
94649
94651
94652
94654
94657
94658
356804
94661
94664
94665
94668
94675
94678
618967
94680
881113
94681
94684
94687
94690
94691
94694
94697
94698
94705
94707
94710
94711
94714
94715
94719
94721
94724
94725
94727
94730
94733
94734
94740
94743
94744
94749
94751
94755
619043
94759
94762
94764
94766
94769
94772
94776
94778
94781
94785
94786
94792
94794
94798
94799
94801
94803
94805
881238
94807
94811
881245
619102
94820
94825
94826
94828
94829
619119
94834
94837
94838
94841
94843
94845
94848
619137
94851
94853
94858
881291
94861
94862
94865
881301
94869
881306
94876
94877
881311
94880
94883
94886
94890
94892
94895
619183
94899
94901
94907
94910
94913
94916
94919
94920
94922
94924
94926
94928
881363
94931
94934
94936
94938
881374
94944
94949
357095
94952
94956
94959
619248
94961
94964
94967
94972
94976
94980
94983
94984
94986
94989
94991
94996
94998
95001
95004
95005
95009
95014
95017
95020
95025
95028
95030
95034
95037
95039
95042
95045
95048
95049
95053
619342
95055
95056
95058
95059
95062
95066
95067
95069
95072
357220
619364
95079
95081
95086
95090
95099
95102
95105
95107
95108
95112
95117
95122
881555
95123
95125
95129
619418
95131
95134
357279
95137
95139
881572
95143
95146
881580
95150
357295
619439
95152
95153
95156
95157
95160
95161
95164
95168
881603
95171
95172
95175
95178
95179
95183
95185
95190
95192
95196
95199
95203
95204
95207
95210
95213
95215
95217
95221
357366
881655
95225
95228
95229
95231
95232
95234
619522
95238
95241
95245
95246
95249
95252
619543
95257
95262
95265
95266
95267
95269
95272
881705
95275
95280
95281
95284
95288
95291
95292
95294
95298
95299
95306
95309
95314
95318
95320
95323
95327
619618
95331
95334
95337
95342
95343
95344
95347
619638
95352
95358
95361
95363
95366
95368
95370
95373
619661
95376
95381
95386
95387
881824
95395
95398
357542
95400
881834
95404
95407
95409
881846
95418
95421
95423
95426
619715
95428
357578
95438
95444
95447
95449
95451
357597
95455
95457
95459
619749
881897
95467
881902
95471
95474
881907
95475
95477
95479
95484
95487
95488
95489
95492
95494
95501
95502
95504
95507
95508
95509
95511
95513
95515
619804
881949
95517
95520
95523
95525
95528
95530
95535
95539
95543
619831
95546
95547
95549
95553
95555
95558
619848
95562
95564
95567
95571
95575
95577
95578
95580
357726
95584
95587
95591
95595
95599
95600
95602
95603
95606
95607
95609
95613
357757
95617
95620
95622
95625
95627
95629
357775
95634
95637
357785
619929
95645
95656
95659
95664
95667
95668
95669
95671
882105
95673
95676
95678
95681
95682
95685
95688
95689
95693
95694
95697
95699
95702
95703
619995
95708
95710
95711
95717
882152
95720
95723
882157
95726
620015
95730
95732
95735
95736
95738
95744
95746
95748
95750
95753
95757
95761
95763
95767
95768
95770
95775
95776
95778
95783
882218
95786
95787
95791
95792
95795
95796
95799
95802
95805
95807
95809
95810
95813
95816
95817
95820
95821
95824
95825
95827
95835
620130
95845
95848
95849
95853
95854
95857
95862
95866
882301
95869
95872
882306
95876
95883
95886
95887
95889
95890
620182
95895
95903
95907
95909
95912
95915
95918
95925
95927
620217
95930
95931
95933
95936
95937
95939
95941
95947
95952
95953
95955
95959
620247
95963
95966
95968
95970
95971
95973
95976
620264
95979
95980
95983
95986
882424
95994
95995
96002
96006
96007
96010
96011
620301
96014
96016
96021
96025
96026
620318
96032
96034
96035
358179
96041
96043
358188
882478
96046
96049
882483
96051
96054
882488
96057
96059
96064
96065
620353
96068
96070
96071
620364
96081
96084
882519
96087
96092
96093
96097
96100
96103
96109
96114
96116
620405
96118
96120
96123
96124
96126
96127
96130
96136
96138
96141
96144
96147
96148
96152
96153
96157
96160
96162
96166
620455
96169
96172
96176
96178
96182
96187
620476
96194
96205
96209
620497
96211
96212
96214
96216
96219
96222
96224
96225
96228
620518
96232
96237
96238
882672
96242
620535
96249
96253
96256
96259
96265
96268
96270
96274
96279
96281
882714
96282
96284
620572
882719
96288
96291
96294
882728
96297
96302
96303
96306
96312
96315
96318
96320
96323
96326
96329
96330
620621
96334
96337
96340
96342
96344
96347
96350
96353
96359
96362
96365
96368
96369
96372
96374
96375
96377
96378
96380
96381
96387
96391
620681
96394
96395
96397
96398
96401
96402
96405
96409
96411
358558
620702
96416
96418
96419
96421
96425
96428
358573
96430
96433
620722
96437
96439
96440
96443
358588
96445
96450
96454
96456
96459
96460
96464
96465
96467
96468
96471
96473
96474
96477
96480
96485
96489
96491
96495
358641
96499
96500
96504
96512
882951
96520
96522
96527
96530
96534
620823
96536
96540
882974
96542
96543
882979
882984
96552
358697
96555
96558
96559
96562
96564
96565
620853
96569
96571
883004
96574
883009
96577
96580
883014
96582
96583
96585
96588
96593
96595
96598
883037
96606
620894
96609
96613
96616
96618
96623
883057
96626
96628
883062
96632
96636
96640
96642
96644
96647
96650
96652
96653
96656
96661
96663
96666
96672
620963
96676
96681
96683
96686
96688
96691
96693
96694
96696
96699
358844
96702
96704
96707
96714
96717
96720
96721
96724
96728
883161
96730
96731
96733
96735
96738
96741
883176
96744
96747
96749
96756
96759
96764
96766
96769
96772
96774
96776
96777
96779
96781
96783
96785
96787
96788
96790
96791
96793
96794
96797
96801
96804
96805
96808
96810
883243
621100
96813
96816
96818
96821
96825
96828
96831
96834
96838
96841
96844
96846
96852
96855
96859
96863
96868
96870
96875
96876
96878
96880
96884
96890
96891
96894
96895
96896
96898
96901
96904
96908
96911
96915
96919
96922
96927
96929
96931
621220
96935
96936
96939
96941
96942
96944
96946
96953
96955
96957
96960
96963
96965
96966
96971
96972
96975
96977
96979
96981
359127
96984
96987
96990
96995
97000
97004
97006
97009
97012
97013
97016
97020
97023
883459
97030
97035
97038
621326
97042
97045
97046
97049
97055
97058
621346
97059
883494
97062
97065
97068
97069
97072
97074
883509
97080
97081
883514
97084
97087
97088
97091
97093
883526
97096
621386
97101
97102
883536
97107
97108
97110
97114
359258
97117
97119
97120
621413
97126
97127
97130
97137
97140
97143
97148
97149
97156
97158
97160
97165
97166
97168
97170
97178
97182
97184
97186
97189
97197
97204
97205
97207
97208
97209
97214
97215
883648
883653
97222
97224
883658
97227
97230
359376
97233
97238
97242
97245
97249
97253
97254
97258
97262
883695
97267
97268
97270
97272
97275
883709
97277
97281
97285
97288
97290
97295
97302
97304
97305
97308
97309
97312
97317
97322
97325
97328
97329
97332
97334
97336
97338
97340
97341
97343
97348
97349
621639
97353
97356
97358
97359
97364
97367
97368
97372
97374
97375
883812
97381
97385
97386
97388
97389
97391
97395
621686
97400
97402
97403
97406
97407
97410
97413
97421
97422
883856
97428
97433
97435
97437
97442
97443
97446
97449
97450
97452
97455
97461
97463
97466
97467
97469
97471
97473
97476
621765
97481
97482
97485
97489
97494
97499
97502
97504
97508
883945
97514
97515
97518
621809
97522
97526
621819
97534
97535
97537
97542
97546
883979
97547
97549
97551
97556
97559
883994
97562
621851
97565
97568
97569
97572
97575
884009
97581
884014
97583
97585
97586
97589
97591
97593
97594
97597
884032
97602
97605
97611
97612
97615
97619
97621
97622
621914
97627
97628
97631
97633
97636
97644
97647
97650
97654
97656
97658
97661
97668
97671
97676
97678
97681
97685
97687
97689
97691
97692
97694
884128
97697
97698
97701
97704
97706
97710
97712
97716
97718
97720
97723
97726
97727
97730
97732
97736
97739
884172
97743
97744
97747
97750
97751
97753
884186
97756
97758
359903
97765
97767
97771
97777
359921
359929
97786
97787
97789
97793
97794
622082
97796
97800
97802
359947
97805
97808
97811
97814
97816
97818
97820
97823
359970
97828
97831
97833
97834
97838
97842
97843
97846
97848
97852
359998
97856
97857
97859
97860
97863
97867
97872
97875
360019
97878
97880
97883
97886
97888
97892
97894
97896
97904
97907
97910
97913
97915
97925
97929
97930
97932
97933
97936
97938
97941
97944
97946
97948
97949
97952
360096
97954
97955
622245
97958
97959
97962
97965
884398
360112
97969
97970
97973
622261
97974
97977
97978
97982
97984
360128
97987
97990
97992
97994
97995
98000
360144
98002
98005
884440
98008
98012
884445
98013
884450
98019
98022
98026
98029
98031
98034
98035
98038
98041
98042
98046
98050
98052
98053
98055
98056
98058
98061
98064
98066
98069
98073
98075
98076
98080
98083
98085
98086
98090
98093
98094
98096
360241
98100
98101
98102
98107
98109
98110
98113
98116
98117
98122
884557
98125
98128
98129
98133
98135
98137
98138
98142
98143
360290
98150
360296
98155
98156
98160
98162
884595
98164
98165
98168
98170
98172
884606
98176
98180
98183
98188
98191
98194
98197
360344
98201
98203
98209
98212
98213
98215
98216
98222
98223
98226
98230
360374
98236
98237
98241
98244
98246
98248
98251
98255
98260
98267
98268
98273
98274
98277
98278
98280
98282
98284
98285
98292
98293
98300
98303
98305
98307
98310
98312
98314
98316
98319
98322
98324
98326
98327
98330
98331
98333
98336
98342
98343
98346
98347
98350
884787
98355
98358
98360
98361
98363
98366
98368
98370
98379
98384
98385
98386
884821
98390
98398
98400
98401
98403
884836
98406
98410
98411
884846
98414
98417
98419
98423
98427
98429
98433
98436
98443
622731
98445
98446
98449
98450
98453
98458
360602
98462
98463
98466
98468
98471
98472
98474
98478
98480
98484
98487
98490
98491
98494
98495
98497
98501
360645
98505
884939
98507
98508
98510
98511
98514
98516
98520
98526
98527
98529
98530
98533
98536
360680
884969
98539
98545
98549
98554
98557
98562
98566
98568
98570
98571
360717
98574
98576
98578
98581
98582
885018
98586
98590
622880
98598
98599
98602
98608
98611
98612
98614
98618
98620
360764
98622
622910
98625
98626
98628
98632
98635
360779
98639
98645
98646
98647
98650
98654
360801
98658
622946
98659
98661
885096
98664
98667
885100
98670
885104
98675
98677
98681
98682
98685
98687
360831
98689
98693
98698
98701
98703
98706
98710
98712
98715
98718
98722
98725
98726
360874
98732
98733
98735
98739
98747
98750
98753
885186
98755
98759
98763
98766
98769
98772
98779
98780
98784
98788
98792
98795
98796
98799
98802
885235
98805
98808
98809
98812
98814
98819
98821
98822
98823
98825
98828
98830
98832
360976
98835
98837
98842
98844
98845
98848
98849
98855
98857
623146
98860
98865
98870
98874
623162
98878
885312
98882
885323
98893
98895
98897
361042
98899
98906
98910
623201
98914
98918
98919
98922
98924
98926
98930
98931
98934
98939
98941
98943
98945
98946
98951
98958
98960
98963
98965
98968
98973
98975
98978
98979
98981
98984
98990
98995
98998
99001
99005
361150
99008
99009
99011
99012
99015
361160
99018
99021
99024
99029
99032
99033
99036
99037
99038
99040
99044
99047
99051
99053
623344
99061
885495
99063
99064
99070
99074
99075
99078
99081
99082
885519
99087
99090
99092
99096
361242
99099
99101
99105
99108
885544
99117
99118
99120
885555
99124
99126
99128
99132
99135
99136
99137
99140
99142
99147
99151
885584
99153
99156
99161
99162
99165
99167
99172
99173
885608
99176
99180
99181
99186
99189
885624
99193
99195
99197
99200
99201
99204
99208
361355
99217
99219
99220
885653
99223
99227
99229
99231
99233
99235
99236
99238
623531
99245
99247
885680
99249
99256
99258
99261
99263
99266
885700
99270
99272
99274
885707
99276
99281
99283
361427
99286
99289
99292
99296
99298
99300
99301
361445
99305
99308
99309
99313
99315
99317
99318
99321
99325
99327
99333
99336
99340
99342
885776
99345
99346
99353
99356
99360
99361
99365
99370
99372
885805
99375
99380
361528
99386
99391
99393
99395
99399
99400
99402
99403
99407
99412
361558
99415
99422
361566
885856
99426
99428
99431
99435
99437
99438
99440
99441
99446
623734
361592
99450
885884
99456
361600
99461
99464
885898
99467
99468
99470
99474
885907
99475
99479
99480
99482
99484
99488
361633
623781
99498
99500
99502
99503
99504
99508
99510
99513
99516
99517
99520
99530
623818
99531
99533
99538
99541
99542
99545
99546
99548
99551
99553
99554
99559
99561
99568
99569
99571
99574
99580
886013
99584
99588
99590
99594
99595
99598
99601
99602
886037
99605
99608
99611
99613
99616
99619
886054
99625
99628
99630
99632
99634
361779
99640
99642
99645
99648
99653
99654
99656
99657
99663
99664
99666
99669
99670
99672
99676
361823
99680
99684
99686
99690
99692
99694
99695
99700
99703
886139
99707
99710
99711
99714
99718
361862
99722
99724
99725
361870
99731
99734
99737
361882
99742
99744
886178
99747
99753
99758
99759
99762
99765
99769
99770
99772
886209
99777
99779
99784
99787
99788
99793
99794
99798
99801
99803
99804
99806
886240
99813
99816
99818
99820
99824
99825
99829
99830
99834
886268
361980
99837
99840
99843
99846
99847
99850
99852
99855
99858
99863
99867
624158
886304
99873
99876
99877
99879
99884
99888
624179
99892
99894
99897
886330
99898
886334
99903
99904
99907
99913
99923
99924
99928
99930
362078
99937
99938
99941
99945
99946
886381
99954
99957
99958
99961
99962
99965
99966
99968
99973
99975
99980
99981
99983
99985
99986
99988
99993
99994
99996
99998
100003
100004
100006
362150
100010
362162
100020
100021
100023
100026
100027
100030
100033
100034
100038
100039
100042
100045
100047
100050
624338
100053
100059
100062
100065
100070
100074
100076
100079
886516
100086
100087
100089
100092
100093
100099
100101
100103
886539
100109
100112
100113
886549
100121
100123
100128
100130
100132
100138
100143
100144
100148
100151
100154
100159
100161
100164
100165
100167
100170
100172
886606
100177
100179
100187
100189
886624
100192
100197
100200
886633
100202
886638
100208
100209
362357
100215
100218
100220
100226
886660
100228
100231
100232
100236
100242
100247
100248
100255
624543
100256
100258
100261
624549
100263
100268
100271
100274
624565
100279
100282
100283
100285
100288
100289
100292
624581
100295
100296
100298
100301
100302
100305
100308
624598
100311
100316
100317
100321
100324
624614
100330
100333
100335
100339
624630
100343
362488
100348
100350
100353
100354
886789
100358
100361
362505
100363
100367
100370
100373
362518
886808
100377
100383
100384
100386
886821
100389
100391
362535
100392
100394
100396
100399
100402
886835
624692
100406
362552
100409
100410
100416
100418
100420
886853
100422
100426
100430
100434
362579
100436
100440
100441
886879
100447
100451
100453
100458
100459
100461
100462
362606
100465
100467
100470
100471
100474
100477
100480
100481
100484
100487
100488
100490
100492
886927
100495
100497
100498
886933
100503
100505
624795
100510
100512
100515
362660
624805
100520
100521
100525
886964
100532
100533
100536
100541
886974
100543
100545
624834
100547
100548
100551
100552
100555
886991
100561
100566
100569
887002
100570
100572
100574
100577
100579
100582
100585
100588
100589
100592
887028
100596
100599
100602
100604
100606
100610
100611
624900
100614
887050
100618
100621
887055
100624
100625
100628
100631
100635
100638
100642
100646
624936
100649
100653
100658
100659
100663
362808
100668
100671
887107
100675
100678
100681
100683
100685
100688
887122
100690
100691
100693
887127
100695
100697
100710
887144
100713
100714
100717
100718
100720
100724
100729
100734
100737
100738
887171
100740
100741
100743
100746
887179
100747
100751
100753
100757
100765
100767
887201
100770
100772
887207
100778
100779
100782
100785
100788
100791
100793
100795
100800
100803
625091
100806
100808
100810
100814
100819
100822
100826
100830
100831
100834
100837
100839
100842
100847
100848
100851
100852
100856
100859
100862
100866
100868
100870
100873
363018
100875
100878
887312
100882
100885
887318
100886
100888
100889
625177
100893
100895
100898
100900
100904
100905
100906
887339
100908
363054
100912
625202
100915
100922
100924
100926
887360
100929
100932
100933
100936
363082
100939
100944
100949
887383
100951
100953
100957
100961
100963
100967
625257
100971
100972
100975
100978
100979
100982
887418
100987
100988
100993
100994
625282
101000
101001
101003
625291
101005
101007
887442
101010
101013
101014
887447
101017
101020
101022
887456
101026
101029
101032
101035
101042
101044
101046
887483
101057
101059
101062
101064
101066
101068
363213
101071
101077
363221
101082
101084
101086
101088
101089
101093
101096
101099
625388
101104
101106
101109
101112
101117
101122
887556
101124
101127
101131
887565
101136
101138
101140
363286
101143
887576
101144
887583
101151
101152
101155
101161
101164
101167
625455
101171
363321
101179
101183
101189
101195
101196
363342
101199
101201
101203
101208
101210
101213
101215
101217
363363
101220
101222
101229
101230
101232
101237
101240
363384
101242
101243
101246
101247
101249
101250
101252
101259
101261
363405
101262
101265
101266
101270
101272
887705
101274
101276
101281
363426
887716
101284
101287
101292
101293
101299
101300
363447
101308
101313
625603
101320
363465
101322
101325
101327
101329
101334
101336
101337
363483
101341
101342
101350
101353
887786
101356
363501
101359
101361
887794
101364
101368
101371
101374
363519
101376
101379
101380
887813
101383
101387
101390
101392
363537
101398
101401
101403
101404
101411
363555
101415
101418
101422
363566
101424
101427
101428
101430
101432
101434
101435
101437
101439
101441
101443
101444
363588
101446
101449
101453
101456
101461
101463
101466
625754
101470
101472
101473
363617
101476
101478
101480
101482
101484
101486
101490
101492
363639
101496
625784
101497
101499
887932
101502
101506
101509
101513
101516
101518
101521
101524
101529
101530
101538
101540
101543
101544
101545
101548
101549
625837
101551
101552
101558
101560
101564
101567
101570
101575
101578
101581
101582
363727
101584
101589
101592
101593
101596
101599
101601
101603
101606
101607
101609
363756
101614
101618
101619
101623
363767
101626
101627
101635
101637
101640
101642
101646
101650
888085
101653
101657
101659
101661
888095
363807
101664
101667
101668
363818
101675
101678
101681
101683
101684
101687
101690
101693
101697
101699
101700
101704
101709
101714
888147
101724
101726
101727
101730
101731
101734
101735
363881
101738
101740
101744
101746
101749
101750
101754
101755
626045
101759
101764
101765
101770
101774
101777
101778
101782
101784
101787
101788
101790
101791
101793
101796
101798
101801
626090
101804
101807
101810
101813
101816
101819
101822
101823
101827
101831
101833
101836
101839
101842
101843
888277
101846
101848
101853
101854
101857
101858
101862
101866
101867
101868
101873
101874
101883
101884
101886
101887
101892
101893
101899
101903
364047
101906
888340
101908
101912
101916
101919
101920
364065
101924
101925
101928
101932
364076
888365
101934
101936
101938
101940
101942
101943
101946
101950
101955
101957
101960
626248
364108
101966
888402
101971
626259
101973
364118
101976
101980
101983
101984
101987
101993
101995
101998
101999
102002
102003
364147
102005
102008
102010
102014
102016
102021
102023
102026
102030
102037
102039
102042
102045
102048
102051
102054
102056
102057
364202
102061
102062
102064
102069
364213
102071
102073
102075
102076
102079
888512
626368
102082
102083
102086
102088
102093
102097
102102
102103
888537
102105
102108
102110
102111
626401
102117
102118
102121
102122
888556
102126
102129
102133
364279
102136
102141
102143
102144
102148
102153
102158
102161
102165
364309
102168
102169
102172
102175
102180
102181
102184
102186
102190
102191
364335
102193
102196
102197
888631
102204
102207
102210
102212
102214
102218
102225
102226
364371
102230
102232
102235
888671
102239
102241
102244
102248
102249
102253
102254
102256
102258
102259
102262
888697
102266
102268
102269
102271
364417
102274
102279
102281
102282
102285
102287
102292
364438
102295
888728
102299
102301
102303
102304
102306
102309
102310
102313
102314
364459
102320
102325
102326
102329
102330
102332
102333
102336
364480
102338
102342
102345
102346
102348
102352
102356
364501
102361
102367
102368
102374
102376
102378
364522
102380
626669
102382
102387
102388
102391
102393
102396
102397
364543
102402
102404
102411
102419
364564
102421
102423
102428
102435
102437
102438
102440
364585
102444
102451
102454
102458
102460
364606
102463
102464
888897
102467
102470
102473
102478
102481
102483
102486
102487
102493
364638
102497
626785
102500
102502
102504
102508
102512
102514
102515
364659
102518
102520
626808
102523
102524
102527
102529
102531
102532
888966
102534
102538
102543
102546
364691
102549
102553
102558
102562
102563
102565
102567
102568
364712
889002
102571
102576
102578
102579
889012
102581
102583
102587
102589
102591
102593
102597
102599
364744
102602
102604
102606
102610
102612
102613
102616
102617
102620
889053
102622
102625
102632
364776
102636
102641
102644
102645
102648
102649
102651
102658
102659
364805
102663
102666
102667
102670
102673
102675
102679
364823
626969
102684
102686
102688
102692
102694
102696
102698
102700
102702
102704
102707
364851
102710
102712
102714
102719
102720
102722
889155
102725
102730
364874
102732
102736
364884
102742
627031
889176
102748
102751
102752
889188
102763
102764
102767
102770
102772
102773
364920
102778
102779
102783
102785
102786
102789
102793
102794
102796
102797
102804
627092
364949
102807
102808
102810
102813
102816
102819
102820
102823
364967
102825
102826
889262
102830
102832
102836
102839
364983
102843
889281
102851
102853
102855
102856
365001
102860
889293
102862
102865
889299
102867
627155
102870
102873
365019
102878
102879
102882
102883
102886
102891
102893
627181
102896
102901
102904
365048
102907
102909
102913
102916
102920
365066
102923
102926
102930
365077
102936
102941
102946
102950
365095
102954
102956
102960
365106
102965
102971
102975
102979
102981
102985
102987
627275
102988
102991
365135
102995
102997
103004
103006
365153
103013
103017
103019
103020
103022
103026
103029
103031
365179
103036
103042
103046
365190
103052
627340
365198
103055
103056
103058
103061
103062
103064
103067
103069
103074
103075
103077
103082
365227
103089
889523
103091
889528
103096
103097
103100
365249
103106
103108
103112
103122
103124
103128
103132
103136
103137
103139
103140
103142
103145
103147
103152
365297
103154
103160
365305
103162
103166
103169
103173
103176
103179
103180
103182
103185
103186
103188
103190
365334
103193
103196
103203
103205
103206
103209
103211
365356
103218
103223
103227
103229
365374
103231
103235
103239
103241
103243
103246
103249
103252
103254
103256
103257
103259
365403
103260
103261
103263
103266
103269
103271
103274
365421
103278
103282
103286
103290
103298
365443
103302
103303
103305
889739
103308
103312
103314
889748
103316
365461
103322
889757
103326
627615
103331
103333
103335
365479
103338
103341
103343
103346
103347
103350
103353
365497
889787
103357
103358
103365
103367
103369
103371
103375
103381
365526
103383
889819
103387
103389
103391
103394
103397
103400
365544
103403
103411
103412
103414
103415
103417
103419
103426
103429
103431
103434
365578
103438
103440
103443
103446
103450
103452
365596
103456
103459
103460
103463
103465
103468
889902
103470
365614
103474
103475
103477
103478
103480
103485
103486
103488
365632
103490
103492
103495
103496
103500
103502
103505
365650
103508
103510
103516
103518
103520
103524
103525
365671
103528
103530
103536
365682
103539
103541
103543
103548
103549
103554
103556
365700
103557
103560
103561
103564
103566
103568
103570
627858
103574
103577
103580
103583
103586
103590
365734
103591
103596
103602
103607
103608
365752
103612
103614
103618
103622
103623
365769
103626
103627
890060
103631
627919
103634
103635
103637
103638
103641
365792
103652
103653
103660
103664
365810
103667
103668
103670
103673
365821
103678
627966
103681
103685
103687
103688
103691
103694
365839
103697
103699
890136
103705
103711
365857
103714
103716
103718
103719
103720
103722
103723
103726
103729
103730
365875
628021
103737
103738
103741
103748
103750
103751
103753
103754
103757
103759
103761
103764
103768
890201
103770
365915
103772
103773
103775
628063
103778
103779
103780
103782
103784
103786
628075
103789
365933
103794
103795
103797
103801
103803
103806
365953
103810
103813
628103
103816
103818
103821
628111
103824
103827
365971
103829
103831
103832
103834
103835
103840
103842
103844
103847
365993
103854
103857
366001
628149
103862
103864
103866
103869
103870
103872
103875
366019
103877
103883
103886
103892
103896
103898
103900
103902
103903
103906
366051
103910
103914
103917
103921
103922
103925
103926
103929
103932
103936
366080
103937
103945
103948
103949
103954
103955
103957
103961
103964
366109
103967
628258
103971
103980
103983
103984
103986
103988
103991
103994
366139
104001
104008
104017
104022
104024
366168
890459
104028
104031
104034
104038
890471
104040
104042
890476
104045
104048
104051
104054
890487
104057
104061
628350
104066
366210
890502
104070
104073
104076
104080
104084
366228
890518
104088
104089
104092
104094
104097
890531
104099
104102
366246
104105
104106
628395
104109
104113
628403
104117
104119
104120
104123
104124
104126
104130
366275
104133
104135
104140
628429
104146
890580
104148
104154
104156
628445
890590
104159
366303
104160
104162
104166
890600
104169
104172
104173
104176
366320
890610
104183
628473
104187
104190
104192
104194
366338
104202
104206
104207
104210
366356
104217
104220
104223
104224
104226
104227
366374
104231
890668
104237
628525
104243
104244
366392
104253
104257
104258
890698
104266
366410
890701
104269
104276
104280
104283
366428
104285
104287
104288
104291
104294
104295
890730
366442
104299
104301
104304
104307
104310
104312
890748
104316
104317
104319
104320
104323
104325
366470
104330
104332
104334
104341
104342
366488
104348
104351
104355
366506
104364
104365
104369
104374
104377
104379
366524
104384
104386
104387
366535
104393
104401
104405
104409
104410
104415
104416
104418
366563
104423
104427
104429
104431
104433
104436
366580
104440
104442
104443
104445
104447
366591
890881
104449
104450
104453
628742
104458
104461
104462
104463
628753
104467
104470
104471
104474
890907
104476
366620
104479
104487
104490
104491
104493
890927
104496
104504
104505
628793
104508
104512
890948
104516
366660
104519
104523
104525
104528
104529
104531
104532
890973
104541
104544
366689
104548
890982
104550
104551
104553
104557
104561
366705
890996
104565
104567
104569
628860
104573
104577
104579
104581
891015
104584
104587
104592
104595
104602
366749
104606
104609
891042
104612
104613
628904
104618
104621
104624
104626
104631
628920
104634
104639
104642
104645
104646
104648
104650
628943
104657
104658
104660
104662
628951
366810
104668
104669
104671
891106
104674
104675
366821
104678
104680
104684
628972
104687
104690
104693
104697
366844
104701
104703
104705
104709
891146
104714
104716
104718
104723
366868
104728
104731
104732
104735
104739
629029
104742
366886
104746
104748
104754
104756
104758
104761
104764
104768
104770
366914
104772
104773
104776
891210
104778
104781
104783
891216
104792
104794
104796
104798
104800
104802
104806
366954
104811
104813
629101
104819
104823
104825
104828
366974
104831
891264
104834
104835
104838
104840
104846
104847
104849
104852
104854
104855
104860
104862
104863
104866
104869
367014
104872
629163
104878
367024
104881
629173
104886
104890
104891
104895
367042
104899
891332
104903
104906
104910
104913
104918
104924
104926
104929
104932
104935
104939
104940
891375
104943
367087
104946
104949
104951
891386
104954
367098
104955
104958
104960
104963
104966
104969
104973
367119
104976
104982
104984
367130
104987
629276
104990
104993
104998
105002
891435
367147
105004
105006
105013
105017
105019
891453
105021
105024
891458
105026
105027
105030
105037
105041
891474
105044
891479
105049
105050
367195
105052
105059
105061
105062
629350
105064
105066
891499
367213
105071
105073
105074
105075
105077
367224
105082
105083
105086
105089
105092
105095
105097
367248
105106
105112
105113
105115
105118
105121
105123
105124
367268
105129
629418
105134
105137
105140
105141
105143
105144
105146
105149
105151
891584
105155
105158
105159
105161
367307
105166
105169
105171
105173
105175
891611
105179
105180
105184
367329
105188
105189
105190
105193
105196
891634
367347
891639
105207
105210
891646
105218
105224
367370
105229
105231
105234
105236
105240
105245
105248
105249
105252
105254
367399
105256
105257
105259
105261
105262
105266
105268
891703
105271
367416
105275
105279
105284
105285
105287
105289
105291
105293
367440
105299
105303
105304
105306
105308
105311
105314
105316
105320
367464
105321
105323
105326
105328
891763
105331
105332
105335
105336
105338
105342
105344
105345
105348
367501
105363
105369
891804
105372
367518
105375
105378
891811
105379
105386
105389
105393
105394
105398
367542
105401
105403
105405
105407
105410
105413
105416
367560
105418
105421
105424
105428
105431
105432
367577
105435
105439
105445
105447
105448
105451
105453
105455
367601
105458
105460
105464
105466
105467
105473
367619
105477
105478
105481
105485
367630
105491
105492
105494
891927
105495
105500
105502
105503
105511
105512
105514
105519
367663
105521
105525
105526
105536
367680
105539
105541
105548
105551
105557
105561
105564
105566
892000
105571
105572
105574
629862
105577
367722
892011
105579
105584
892019
105588
105589
105592
105597
629885
892030
105604
105605
105608
892041
105611
105614
629902
105617
105619
105621
105624
892058
105628
105630
105634
105636
367784
892075
105645
105646
105648
105650
105651
367798
105655
105657
629948
105661
105664
629955
105672
105673
892107
105679
105681
105684
629974
105687
105691
105694
367838
105696
105699
105700
105707
105709
367856
105716
105722
105725
105728
105730
105733
105738
367884
105742
105744
105747
105750
105751
105754
367902
892191
105759
105762
105763
367912
105770
630060
105773
105776
367923
105780
105784
105785
105790
105794
105797
105798
105800
367945
105807
105810
105813
105817
105819
367966
105825
105826
105831
105836
105839
630128
367985
105842
105850
105852
367996
105854
105858
105859
105861
105865
105868
105869
105872
105874
105877
105879
630167
105881
105882
892316
105885
105889
105891
105893
105895
105899
105900
892338
105906
105908
105914
105917
105921
892354
105923
368067
105929
105933
105934
105936
105940
368088
105945
105949
105950
105954
105959
105961
368105
105963
105966
105971
105972
105976
368122
105979
105982
105984
105987
105992
105993
105996
892431
105999
106002
106003
892436
106005
106007
106009
106010
106016
106018
106022
368166
106025
106027
106029
106032
106036
368181
892473
106041
106044
106046
106052
106056
106057
892490
892492
892494
106062
368207
892496
106065
892498
106067
892500
106069
892502
892504
106073
892506
106075
892508
892510
106079
892512
892514
106082
892516
106085
892518
106087
892520
892522
106091
892524
106093
892526
892528
106096
892530
892532
106100
892534
892536
106104
892538
892540
106108
892542
106111
892544
106113
892546
106115
892548
368261
892550
892552
892554
106122
892556
106125
892558
106126
892560
892562
106130
892564
106133
892566
892568
892570
106138
892572
106140
368285
892574
892576
106144
892578
106147
892580
106148
892582
368295
892584
892586
892588
106156
892590
106159
892592
892594
106162
368306
892596
106165
892598
892600
106169
892602
106170
892604
106173
892606
106175
892608
892610
106179
892612
892614
106182
892616
106185
892618
892620
106188
892622
892624
106192
892626
106194
892628
106196
892630
106198
892632
106201
892634
892636
892638
106206
892640
106209
892642
892644
892646
106214
892649
106217
106219
106221
892654
892656
106224
892658
368370
892660
106229
892662
892664
892666
892668
106237
892670
892672
106241
892674
892676
892678
106247
892680
106248
368392
106249
892682
106251
892684
106253
892686
106254
892688
106256
106257
892690
892692
106260
892694
892696
106264
892698
892700
892702
106271
892704
106272
892706
106274
106275
892708
368421
892710
106278
892712
106281
892714
892716
892718
106286
892720
106288
892722
892724
106292
892726
106294
892728
892730
106298
106299
892732
892734
106302
368447
892736
106305
892738
892740
106308
892742
892744
106313
892746
892748
106317
892750
892752
368465
892754
892756
892758
892760
106328
892762
106330
892764
106333
892766
630623
892768
368481
892770
106338
106339
892772
892774
106342
892776
106344
892778
630634
892780
106349
892782
106351
892784
106353
892786
106354
368499
892788
106356
630645
892790
106359
892792
892794
106363
892796
892798
106366
892800
106368
630656
106369
892802
106371
892804
892806
106375
892808
106377
892811
106379
630667
892814
106384
892817
106385
892820
106390
630678
892823
106392
892826
106396
106398
892831
892834
106402
892837
106406
892840
630696
106410
892843
892846
106414
368559
892849
106418
630707
892852
892855
106424
368569
892858
106426
892861
630718
106431
892864
106432
892867
106436
892870
106439
892873
106441
630729
106443
892876
892879
368592
106449
892882
630740
892885
106453
892888
106456
106457
892891
106459
892894
630751
892897
106465
106467
892900
106470
892903
106472
106473
368617
892906
630762
106475
892909
106479
892912
106482
892915
106484
630773
892918
106486
106487
892921
106490
368634
892924
106494
892927
106496
630784
892930
106500
892933
892936
106504
106505
892939
892942
106510
106511
892945
106513
106514
892948
630806
892951
106520
892954
106522
892957
106527
892960
106529
630817
892963
368677
892966
106535
892969
106537
106539
892972
630828
106542
892975
106545
892978
106547
106548
892981
106551
892984
106554
892987
892990
106560
892993
892996
892999
106568
106569
893002
106572
893005
106574
893008
106578
893011
893014
106582
893017
106585
106587
893020
106588
893023
368735
106593
893026
106595
893029
106597
106599
893032
893035
106604
893038
106606
106607
893041
368754
893044
106612
106614
893047
106617
893050
893053
106622
893056
106626
893059
893062
106631
893065
106635
893068
893071
106640
893074
106643
893077
106647
893080
106648
106650
893083
106653
368797
893086
893089
106657
106659
893092
893095
106663
106665
893098
106666
893101
106669
893104
106673
893107
106675
893110
106680
893113
106681
893116
368829
893119
106687
106689
893122
106691
893125
106694
893128
893131
106699
106701
893134
368847
106704
893137
106707
893140
893143
106711
893146
106714
368859
893149
106719
893152
106720
893155
106723
893158
106726
368870
893161
106729
893164
106732
893167
106735
893170
106738
893173
106741
893176
106746
893179
106747
368891
893182
106750
893185
106754
893188
106758
893191
106759
893194
106762
893197
106765
106767
893200
106769
893203
106772
893206
106775
893209
893212
106780
893215
106783
893218
106786
106788
893221
106791
893224
106794
893227
893230
106799
893233
106801
893236
893239
368952
893242
106811
893245
106815
893248
893251
106819
368963
106821
893254
893257
106825
106827
893260
893263
106832
893266
106835
893269
106838
893272
106840
106842
893275
106844
893278
106846
893281
106850
893284
106852
893287
106855
368999
106857
893290
106858
893293
106861
106863
893296
106866
893299
893302
106870
893305
106873
893308
106876
893311
106879
106881
893314
106883
893317
106885
106887
893320
893323
106891
106895
893328
893331
369043
893334
106902
106903
893337
893340
106910
893343
106911
106912
893346
106915
893349
106917
369061
893352
893355
106923
893358
106926
893361
106930
893364
106934
893367
893370
106938
106939
893373
106943
893376
893379
106948
893382
369094
106951
893385
106954
893388
106956
106957
893391
106961
893394
369107
893397
106967
893400
106969
893403
106971
893406
106974
893409
106977
369121
106978
893412
106981
893415
106985
893418
106987
893421
106989
106991
893424
106993
893427
106996
106997
893430
106999
369144
893433
107002
893436
107005
893439
107008
107009
893442
107011
107012
893445
893448
107017
893451
107019
107021
893454
893457
107025
107026
893460
107029
369174
893463
107033
893466
107035
893469
107038
893472
107040
107041
893475
107043
107045
893478
107047
893481
107049
107051
893484
893487
631343
107056
893490
107059
893493
107062
893496
107065
893499
107067
107069
893502
107070
893505
107073
369217
893508
107076
107078
893511
893514
107084
893517
107086
893520
893523
107091
369235
107093
893526
893529
107097
107098
893532
893535
107103
107105
893538
107107
369252
893541
107111
893544
107114
893547
107117
893550
107120
893553
107123
893556
107126
893559
107129
893562
893565
107135
893568
107138
893571
107140
893574
107143
893577
107146
893580
107148
107149
893583
893586
107154
107155
369299
893589
893592
107161
893595
107163
107164
893598
107167
893601
893604
107173
893607
107176
107177
893610
107180
893613
107183
893616
107184
893619
107187
893622
893625
893628
107196
107198
369342
893631
107199
893634
107202
107204
893637
107207
893640
893643
107211
893646
893649
107219
893652
893655
107223
107225
893658
107227
369371
893661
107231
893664
893667
893670
107238
893673
107241
893676
369388
107245
893679
107249
893682
107251
893685
107254
369399
893688
893691
893694
893697
107265
107267
893700
107270
893703
107272
893706
107274
107276
893709
107278
893712
107280
893715
107284
369429
893718
107287
893721
107290
893724
893727
107297
893730
893733
107301
369445
107303
893736
107305
893739
107307
107308
893742
893745
893748
107316
107318
893751
107320
893754
107322
369467
893757
107326
893760
107328
893763
893766
107334
107335
893769
369482
893772
893775
893778
107346
107347
893781
107349
107351
369495
893784
893787
107356
893790
893793
369505
893796
893799
107368
893802
107370
107371
893805
107374
893808
107377
893811
107381
893814
107383
893817
107386
893820
107390
107391
893825
107394
893827
107397
893830
107400
893833
107402
893836
107406
893839
369552
893842
107412
893845
893848
107416
893851
893854
107422
107424
893857
107427
893860
893863
107431
893866
107434
107436
893869
893872
893875
893878
107446
893881
107449
107451
893884
107453
107454
893887
893890
107458
893893
107461
369605
893896
107464
893899
107467
107468
893902
107471
893905
893908
107476
107477
893911
107479
107480
369625
893914
107483
893917
107485
893920
107488
893923
107491
107493
893926
893929
107497
107498
893932
107500
893935
107504
893938
893941
107509
107511
893944
107512
893947
107516
893950
893953
107522
893956
107525
107526
893959
107528
107529
893962
893965
107534
893968
893971
107539
893974
107544
893977
107546
107547
893980
107550
893983
893986
369699
107556
893989
631845
893992
893995
893998
107566
631856
894001
107569
894004
107573
894007
894010
107578
631867
107580
894013
107583
894016
107585
894019
107589
894022
107590
631878
894025
107593
894028
107596
894031
369744
107601
631889
894034
107602
894037
107607
894040
107610
894043
107612
631900
894046
107614
107615
894049
107618
107619
894052
107621
369766
894055
107623
631911
107625
894058
107628
894061
894064
107633
894067
369779
107636
894070
107640
894073
107641
894076
107646
894079
107648
894082
107652
894085
107653
894088
107657
894091
107660
894094
107662
894097
107666
894100
107670
894103
107671
894106
107675
894109
107677
107678
894112
107681
894115
107684
894118
107687
894121
894124
107692
894127
107695
894130
107700
369844
894133
107701
894136
107705
107706
894139
107709
894142
894145
107713
107715
894148
894151
107719
369864
894154
107724
894157
107727
894160
894163
107732
107733
894166
107736
894169
107738
894172
107741
894175
107744
894178
107748
894181
894184
107752
894187
107756
107757
894190
107760
894193
107761
107763
894196
632054
894199
894202
107772
369916
894205
894208
107776
894211
107779
894214
107782
894217
107787
894220
894223
107791
894226
894229
107799
894232
107800
894235
107803
107805
894238
107807
107808
894241
369953
894244
107812
894247
107815
894250
107820
894253
894256
107824
369970
894259
107827
107828
107829
894262
894265
107834
894268
107837
894271
107839
107840
894274
107843
894277
107846
894280
107848
107850
894283
894286
107854
107856
894289
107859
894292
894295
107864
107865
894298
894301
107869
107870
894304
894307
107877
894310
894313
107881
370025
107883
894316
107886
894319
107887
107889
107890
894324
107893
107894
894327
107896
894330
370043
107900
894333
107903
894336
107906
894339
107909
894342
894345
107913
107915
894348
107917
894351
107920
894354
107922
107924
894357
894360
107929
894363
107932
107933
894366
107935
894369
894372
107941
894375
107944
894378
107946
107948
894381
107951
894384
894387
107955
370099
894390
107959
894393
107961
107963
894396
107964
894399
107968
894402
107970
894405
107973
894408
107976
894411
894414
107982
894417
107985
894420
107989
894423
107993
894426
894429
107998
894432
108001
894435
894438
108006
108008
370152
894441
108011
894444
894447
108015
894450
108020
894453
108022
894456
108025
894459
108027
108029
894462
894465
894468
108038
894471
894474
894477
894480
894483
108053
894486
894489
632347
894492
894495
108063
108064
894498
894501
108069
108071
894504
108074
894507
894510
108079
108080
894513
108083
894516
894519
108088
108089
894522
108091
894525
108095
894528
108097
894531
108100
894534
108103
894537
108105
108107
894540
108109
894543
108111
108113
894546
108116
894549
894552
108120
370264
894555
894558
894561
108130
108131
894564
108133
894567
894570
894573
894576
108144
894579
108148
894582
108151
894585
894588
108158
894591
370305
894594
894597
108165
894600
894603
108171
894606
894609
108177
894612
894615
108183
894618
108186
894621
108190
108191
894624
108194
894627
108196
894630
894633
108202
108203
894636
108204
108206
894639
894642
108210
108212
894645
108213
108215
894648
894651
108220
632508
894654
108222
894657
108226
370370
894660
108228
894663
632519
894666
108235
894669
108237
894672
108242
894675
108245
894678
108246
108248
894681
894684
108252
108254
894687
370400
894690
894693
108262
894696
108265
894699
108269
894702
108272
894705
894708
108276
894711
108279
108280
894714
894717
108285
632574
108287
894720
108289
894723
894726
108294
894729
108299
894732
108301
894735
894738
108306
108308
894741
108311
894744
108312
370458
894747
108315
894750
108318
108320
894753
108323
894756
108325
894759
108328
894762
370475
108332
894765
108334
894768
108337
894771
108339
894774
108342
108344
894777
894780
108348
894783
894786
894789
108359
894792
108362
894795
894798
370511
108368
894801
108369
894804
108373
894807
108375
108377
894810
108379
894813
370526
108383
894816
108386
894821
108389
894824
894827
894830
108399
370543
894833
108401
894836
108404
108406
894839
894842
108412
894845
894848
108418
894851
894854
108423
108424
894857
894860
108430
370574
894863
108432
894866
108436
894869
108439
894872
108442
894875
108445
894878
370590
108448
894881
108449
108451
894884
894887
370599
108456
894890
108460
894893
108462
894896
894899
108468
894902
108472
894905
894908
108476
894911
108481
894914
108482
894917
108485
108487
894920
108490
894923
108491
370637
894926
108494
894929
108498
894932
894935
894938
108508
894941
108510
894944
108512
894947
108517
894950
370662
108520
894953
108522
108523
894956
108526
894959
370671
108529
894962
108532
894965
894968
894971
108540
894974
108542
108543
894977
894980
108549
894983
108553
894986
108555
894989
108558
894992
108561
894995
108564
108565
894998
108568
895001
108571
895004
108572
108574
895007
108577
895010
108578
370723
895013
108581
895016
108584
895019
108587
108588
895022
108591
895025
108595
895028
108596
895031
108599
895034
108602
895037
108605
895040
108609
895043
895046
108616
895049
108618
895052
370765
632910
895055
108624
895058
108628
895061
108630
108631
895064
895067
108635
895070
108638
108640
895073
895076
108644
895079
108647
895082
108650
108652
895085
108654
895088
895091
108659
108661
895094
108663
895097
108666
895100
108670
895103
108671
895106
108674
895109
108677
108678
895112
108681
895115
108685
895118
108686
108688
895121
895124
108692
895127
108695
895130
895133
108701
108703
895136
108705
895139
108707
108708
895142
895145
895148
108716
895151
108719
895154
108723
895157
108726
108727
895160
108730
895163
108732
895166
370879
895169
108739
895172
108740
895175
108743
108745
895178
108746
895181
108751
895184
108754
895187
895190
895193
895196
108764
108766
895199
108767
895202
108772
370916
895205
895208
108778
895211
108780
895214
108784
895217
108786
108787
895220
895223
108793
895226
108795
895229
108798
108799
895232
895235
108803
108805
895238
108806
895241
108809
108810
895244
895247
108816
895250
895253
108823
895256
370968
895259
108829
895262
108832
895265
108835
895268
108838
895271
108841
895274
108843
895277
108846
108847
895280
895283
370995
895286
108854
108855
895289
895292
108860
108862
895295
108864
108865
895298
895301
108869
895304
108872
371018
895307
108876
895310
108878
895313
108882
895319
108887
108888
895321
108890
895323
895325
633181
108894
895327
108896
895329
108897
895331
108900
895333
108902
895335
108904
895337
108906
371050
895339
895341
108910
895343
108912
895345
895347
633203
108916
895349
108917
895351
108920
895353
895355
895357
108925
895359
895361
108929
895363
108931
895365
108933
108934
895367
108936
895369
895371
895373
108941
108942
895375
108944
895377
895379
895381
108949
895383
108951
371096
895385
895387
895389
108957
108958
895391
108960
895393
895395
895397
108965
895399
895401
895403
108971
895405
895407
895409
108977
371121
108978
895411
895413
108981
108982
895415
895417
108985
895419
895421
108989
895423
895425
108994
895427
108995
895429
108998
895431
371144
895433
109002
895435
109004
895437
895439
109008
895441
109009
895443
109012
895445
895447
109015
895449
109017
895451
895453
109021
895455
109024
895457
109026
895459
109027
895461
895463
109031
895465
109034
895467
109035
109036
895469
895471
109040
895473
109041
895475
109043
895477
895479
895481
109049
895483
895485
109053
895487
109055
109056
895489
109057
895491
109060
895493
895495
109064
895497
109066
895499
895501
109070
895503
895505
109074
895507
371219
109076
895509
109077
895511
895513
109082
895515
633371
109084
895517
895519
109087
895521
895523
109091
895525
109094
895527
109096
895529
895531
109100
895533
895535
109103
895537
109105
109106
895539
895541
895543
109111
895545
895547
633403
109116
895549
109118
895551
109120
895553
109122
895555
109123
633411
895557
895559
109128
895561
109130
895563
633419
109132
895565
895567
895569
109137
371282
895571
895573
109141
895575
895577
109145
895579
109148
895581
109150
895583
109151
895585
109153
633441
109154
895587
895589
895591
895593
109161
109162
895595
371308
895597
895599
895601
109169
895603
109171
895605
109173
895607
895609
109177
109178
895611
109180
895613
895615
109184
895617
109186
895619
895621
109189
895623
109191
109192
895625
895627
109195
895629
895631
109200
371344
895633
895635
895637
895639
109207
109208
895641
895643
109211
895645
109214
895647
895649
371361
109218
895651
895654
109222
895657
109226
895660
109230
895663
895666
109234
109235
895669
109238
895672
109241
109242
895675
895678
109246
895681
109249
895684
109254
895687
895690
895693
109262
895696
109266
895699
895702
109270
895705
895708
109276
109277
895711
109279
109281
895714
109284
895717
895720
109290
895723
895726
109294
109296
895729
109297
371443
895732
109301
895735
109304
895738
109308
895741
109310
895744
109313
895747
109315
895750
109318
109320
895753
109322
895756
109324
895759
109327
895762
109330
895765
109334
895768
109338
895771
109340
895774
109342
109343
895777
895780
109348
895783
109351
109352
371496
109353
895786
109355
895789
109357
895792
109361
109362
895795
109365
895798
109368
895801
109370
895804
109373
895807
895810
895813
109382
895816
109385
895819
109388
895822
109390
109392
895825
109394
109395
895828
109398
895831
895834
109403
895837
109405
109407
895840
371552
109410
895843
109411
895846
109416
895849
109418
109419
895852
109421
895855
109425
895858
371570
109427
895861
109431
895864
109433
895867
109435
109437
895870
109438
109439
895873
109441
109443
895876
109446
895879
109448
895882
109450
371594
895885
109454
895888
109457
109458
895891
109459
109461
109463
895896
895899
895902
109470
895905
109473
109475
895908
895911
109479
895914
371626
109483
895917
109487
895920
109488
895923
109492
895926
895929
109497
895932
109501
895935
109505
895938
895941
895944
109512
895947
109516
895950
109518
371663
895953
109521
895956
109524
895959
109527
109528
895962
109531
895965
109533
109535
895968
895971
109540
895974
109543
895977
109545
109547
895980
109549
371693
895983
109551
895986
109555
895989
109558
895992
109561
895995
109563
109564
895998
109567
896001
109570
109571
896004
109574
896007
109576
896010
109580
896013
896016
109584
896019
109587
896022
109590
896025
109593
109595
896028
109597
109598
896031
109601
896034
109604
896037
109606
896040
896043
109611
109612
896046
109614
109616
896049
896052
109620
896055
896058
371770
896061
109630
896064
896067
109635
896070
109638
896073
109641
896076
109644
896079
896082
896085
896088
109657
896091
109660
896094
109662
109664
896097
896100
896103
109671
109673
896106
109676
896109
896112
109680
109682
896115
109684
896118
109686
109688
371832
896121
109691
896124
109694
896127
109697
896130
109700
896133
896136
109705
896139
109709
896144
109713
109714
896147
109717
371861
896150
109719
109720
896153
109721
109723
896156
896159
109727
109729
896162
109732
896165
896168
109737
896171
109741
896174
109742
896177
109745
109747
896180
109749
896183
371897
896186
109755
109756
896189
109758
109759
896192
109761
896195
109763
109765
896198
109768
896201
109769
896204
896207
109775
371919
109777
896210
109780
896213
896216
109784
896219
109789
896222
896225
371937
109794
896228
896231
109801
896234
109803
109804
896237
109806
896240
109809
896243
896246
109814
109815
896249
896252
896255
634113
896258
896261
109831
371975
896264
109833
896267
109836
896270
109838
896273
109843
896276
109845
896279
109847
109849
896282
109851
896285
109853
896288
109856
109858
896291
109860
109861
372005
896294
896297
109867
896300
896303
896306
109876
896309
896312
109880
109881
896315
109884
896318
109886
109887
896321
109889
896324
109892
896327
109895
896330
109899
896333
109903
896336
109904
896339
109908
896342
109911
896345
109913
109915
896348
109916
896351
109919
896354
109922
896357
109925
896360
896363
109931
109933
896366
109935
109936
896369
896372
109942
896375
109945
896378
109947
896381
109949
109950
896384
109952
896387
372099
109957
896390
109958
896393
109961
109963
896396
109965
109966
896399
896402
109970
109971
896405
109974
896408
109977
896411
109979
896414
109982
896417
109986
896420
109990
896423
109992
109993
896426
109996
896429
896432
110000
896435
110004
896438
110006
896441
110011
896444
110014
896447
110016
896450
110019
896453
110022
110023
896456
896459
110027
110029
896462
110032
896465
110033
372177
110035
896468
896471
110040
896474
110042
896477
110045
896480
110048
896483
110051
896486
372200
896489
110058
896492
110060
896495
896498
110067
896501
110070
896504
896507
110076
896510
110080
896513
110082
896516
110084
896519
110087
110089
896522
110091
896525
110094
896528
110097
896531
110099
896534
110102
896537
110105
372250
896540
896543
110111
110112
896546
110114
110116
896549
896552
110121
896555
110124
896558
110126
110127
896561
110129
110130
896564
896567
896570
896573
896576
896579
110148
896582
110150
896585
110153
896588
896591
110159
110160
896594
110162
110164
896597
110166
896600
110169
110170
896603
896606
110175
896609
110177
896612
110182
896615
896618
110188
896621
372333
110191
896624
110192
110194
896627
896630
110199
896633
110201
896636
110205
896641
110209
896644
110212
896647
110215
110216
896650
110220
896653
110222
896656
110225
110226
896659
896662
110232
896665
896668
110236
634525
896671
896674
110243
110244
896677
110245
896680
110248
110250
896683
896686
110254
110256
372400
896689
110258
896692
110261
896695
110263
896698
110266
896701
110269
110271
896704
110274
372418
896707
110276
896710
634567
896713
110281
896716
110284
896719
896722
110292
896725
896728
110297
896731
896734
110303
896737
110305
110307
896740
896743
110313
896746
896749
110318
896752
110321
896755
110324
896758
896761
110331
896764
110332
896767
110335
110336
896770
896773
896776
110345
896779
110349
896782
896785
110354
896788
110357
110358
896791
110361
896794
110362
896797
110365
896800
110369
896803
110372
896806
110376
896809
896812
110381
896815
896818
896821
110389
110390
896824
110394
896827
110397
896830
110400
896833
896836
110406
896839
896842
110410
110411
896845
110414
110415
896848
896851
110421
896854
110423
896857
896860
110428
896863
896866
110434
634724
896869
110439
896872
896875
110445
896878
110448
896881
110450
896884
896887
110455
110457
896890
110460
896893
896896
110464
110465
896899
110468
896902
110472
896905
110474
634762
896908
110476
110477
896911
110480
896914
110484
896917
634775
896920
896923
110492
110493
896926
110495
896929
372641
110498
896932
110500
110502
896935
110504
896938
110507
110508
634796
896941
110510
110511
896944
110513
110514
372658
896947
896950
110520
896953
110523
896956
896959
110529
896962
110532
896965
896968
110536
896971
110539
110541
896974
110542
896977
896980
110550
896983
896986
110554
634844
896989
110557
110558
372703
896992
110560
110562
896995
634852
896998
372711
110568
897001
897004
110572
897007
110575
897010
110578
897013
110582
897016
110584
110585
897019
897022
897025
110593
110595
897028
110597
897031
897034
110602
110603
897037
110606
897040
110610
897043
897046
110615
110616
897049
110619
372763
897052
897055
897058
110626
897061
110630
897064
110633
897067
110635
897070
897073
110641
110643
897076
110646
897079
897082
110650
897085
110653
110655
897088
110658
897091
897094
634950
110663
897097
110666
897100
110670
897103
110672
897106
897109
110678
634967
897112
110681
897115
110684
897118
110686
110687
897121
110689
634978
897124
110692
110694
897127
372839
110696
897130
110698
897133
110701
110705
897138
110707
897141
110709
110711
897144
110713
897147
110716
110717
897150
110719
110720
897153
110723
897156
110724
897159
110727
110728
897162
110730
897165
110733
897168
110736
110737
635025
897171
110739
897174
110742
110743
897177
110746
897180
897183
110751
110753
897186
372898
897189
897192
110761
897195
110764
897198
110767
897201
110769
635058
110771
372915
897204
110773
897207
897210
110778
110779
897213
897216
110786
897219
110787
372933
897222
110790
110792
897225
897228
635084
897231
110800
110801
897234
110804
897237
110805
897240
110810
897243
110813
897246
110814
635104
897249
110818
897252
110820
897255
110825
897258
110827
635115
897261
897264
110832
897267
372979
897270
110840
897273
110843
897276
110844
897279
110848
897282
110850
110852
897285
110854
110855
897288
110858
897291
897294
897297
110865
110866
897300
635156
110869
897303
110872
110873
897306
897309
635167
897312
110881
897315
897318
110886
110888
897321
110890
897324
110894
897327
110895
897330
373044
897333
110901
110902
897336
635193
110906
897339
110909
897342
110912
897345
110915
897348
110916
110918
897351
897354
110922
897357
897360
110928
110930
897363
110931
110933
897366
897369
110937
897372
110941
110942
635230
897375
897378
110947
897381
110951
897384
897387
110957
897390
110959
635248
897393
110961
897396
110964
897399
110967
897402
110970
635259
897405
110974
897408
110977
110978
897411
897414
897417
110985
110987
897420
897423
110993
897426
373138
110995
897429
897432
111000
635288
897435
111004
897438
635296
897441
111010
897444
111013
897447
373160
111017
897450
111019
111020
897453
111023
897456
111026
897459
111029
897462
111030
897465
111033
635322
897468
111036
111037
897471
897474
111043
897477
111046
111047
897480
111049
897483
111052
897486
111054
111055
897489
897492
111061
897495
111064
635352
897498
111067
897501
111070
373214
897504
111073
897507
111076
111077
897510
111080
635368
897513
111081
897516
897519
111087
111089
897522
111091
373235
897525
897528
111096
635385
897531
111099
897534
111102
111104
897537
111107
897540
111110
897543
111112
897546
897549
111119
897552
111121
897555
111123
111125
897558
111126
897561
111131
897564
111133
897567
111136
897570
111138
897573
111142
897576
897579
111148
897582
111151
897585
111153
111155
635443
897588
897591
111160
111161
897594
111164
897597
111167
897600
111169
897603
111171
635460
897606
111174
373318
111176
897609
111179
897612
111180
897615
635471
111184
897618
111186
111188
897621
111189
897624
111193
897627
111195
373339
111197
897630
111200
897633
111202
111204
897638
111207
897640
897643
897646
111215
635504
897649
111218
897652
897655
111223
111224
897658
111226
897661
111231
897664
111232
897667
111236
897670
111238
111240
897673
111242
635531
897676
897679
111249
897682
111250
897685
897688
111258
897691
897694
111263
111264
897697
111267
897700
111268
373414
897703
111271
111272
897706
111275
897709
635565
111278
897712
111282
897715
111284
635572
897718
111288
897721
373434
897724
111292
635580
897727
897730
111300
897733
111303
897736
897739
111307
111308
897742
111311
897745
111313
373457
897748
111316
897751
111320
897754
111322
897757
111325
111327
897760
111328
897763
111331
111333
897766
111334
111336
897769
111339
897772
897775
111344
897778
897781
111349
111350
897784
111353
897787
897790
111358
897793
111361
897796
111364
897799
373511
111369
897802
111372
897805
111373
897808
111376
111377
897811
111379
897814
897817
111386
897820
111388
897823
635679
111392
897826
111394
111396
897829
111397
111399
897832
373545
897835
111404
897838
111407
897841
111410
897844
897847
111416
897850
897853
111421
897856
111424
111426
897859
111427
897862
111430
111432
897865
111435
897868
111438
897871
111441
897874
111442
111444
897877
897880
111448
897883
111453
635741
897886
111456
373600
897889
111458
897892
111462
897895
897898
111466
111468
897901
111471
897904
111474
897907
111477
897910
111479
897913
111482
373627
897916
111484
897919
111487
897922
111490
111492
897925
897928
111497
897931
111499
373644
897934
897937
111506
897940
111510
897943
111512
897946
111515
897949
111519
897952
111522
897955
897958
111528
897961
897964
111532
111534
897967
111536
897970
111539
897973
111543
897976
111544
897979
111547
111548
897982
111551
897985
111553
111554
897988
111556
897991
897994
111564
897997
111565
111567
898000
111570
898003
111573
898006
111575
111576
898009
111578
898012
111580
373725
898015
111584
898018
111587
898021
111590
898024
111593
898027
111595
111596
898030
111600
898033
111603
898036
111605
898039
111607
111609
898042
111610
111612
898045
898048
111617
898051
898054
111622
111624
898057
111625
898060
111628
898063
111631
898066
111634
111635
898069
111637
898072
111641
898075
111643
898078
111647
373791
898081
898084
111652
111653
898087
111655
111657
898090
111660
898093
111661
898096
111666
898099
373811
898102
111672
898105
898108
111677
898111
111680
898114
111682
898117
111686
111687
898120
898123
111691
898126
111694
111696
898129
111698
898132
111700
898137
111706
898140
111708
898143
111711
898146
111716
898149
898152
111720
898155
111723
111724
898158
111727
111728
898161
111730
111731
898164
111734
898167
111736
111737
898170
111739
111740
898173
111741
898176
898179
898182
111750
111752
898185
111753
898188
111757
898191
111761
898194
111764
898197
898200
111768
111770
898203
898206
111774
898209
111777
111779
898212
111782
373926
898215
111784
898218
111786
898221
898224
111794
898227
898230
111798
111799
898233
898236
111804
111806
898239
111807
898242
111811
898245
111815
898248
111816
898251
111819
898254
111824
898257
111827
898260
898263
111832
898266
373978
111835
898269
111838
111839
898272
636128
111841
111842
898275
898278
111846
111847
898281
111850
111851
898284
111854
898287
636144
111857
898290
898293
111861
111862
898296
111865
111866
898299
111869
374013
898302
111871
898305
111875
898308
898311
898314
111883
898317
111885
111886
898320
111889
898323
111891
111893
898326
111895
636184
898329
111898
111899
374043
898332
111901
898335
111904
898338
111907
898341
636197
898344
111912
898347
111916
374060
898350
111919
898353
111921
111922
898356
111925
636213
111926
898359
111928
898362
898365
636221
111935
898368
111938
898371
111941
636229
898374
111942
111944
898377
898380
111948
111949
898383
111952
374097
898386
111955
898389
111957
111958
898392
111961
111962
898395
111964
636252
898398
111967
898401
111969
111970
374114
898404
111973
898407
111976
898410
111979
898413
111981
111983
898416
111986
898419
898422
111990
111991
898425
111995
898428
111998
898431
111999
898434
112003
898437
374149
112007
898440
112010
898443
112013
898446
112014
374160
898449
112018
898452
112020
898455
112024
898458
112026
898461
112031
898464
112033
898467
112035
898470
112039
112040
898473
112043
898476
112045
898479
112049
898482
112051
112052
898485
112054
898488
112057
374201
898491
112059
898494
112062
898497
112065
112066
898500
898503
898506
898509
898512
112082
898515
112083
112084
898518
898521
112089
898524
112093
112094
898527
898530
112100
898533
112103
898536
112105
898539
374251
112109
898542
898545
112115
898548
112116
112118
898551
112120
112121
898554
112124
898557
898560
112128
374272
898563
112133
898566
112134
898569
112137
898572
898575
112143
898578
898581
374293
112150
898584
112152
112153
898587
112155
898590
112158
898593
898596
112165
898599
112168
898602
374314
112172
898605
112174
112175
898608
112177
898611
112180
898614
112182
112184
898617
374331
898620
112190
898623
898626
112196
898629
112199
112200
898634
112204
898637
112207
898640
898643
898646
112214
112216
898649
112218
898652
112220
898655
112223
374368
898658
112226
898661
112230
898664
112232
112234
898667
112236
898670
898673
112241
898676
112244
112246
898679
112248
898682
898685
112255
898688
898691
112260
112261
898694
898697
898700
112268
898703
112271
112272
374417
898706
112275
112276
898709
898712
112281
898715
898718
112287
898721
112289
112291
898724
112293
898727
898730
112298
112299
898733
112302
898736
112304
898739
112307
898742
112310
112312
898745
112313
112315
898748
112316
112318
898751
898754
898757
112325
112327
898760
898763
112332
374477
898766
112335
898769
112338
898772
112341
898775
112344
898778
112346
898781
112349
898784
112353
374498
898787
112355
898790
112359
898793
898796
112364
112366
898799
112367
898802
112370
112372
898805
112373
374518
112375
898808
112378
898811
112381
898814
112383
898817
112385
898820
112388
112389
898823
112391
112393
898826
112396
898829
112398
898832
898835
112404
898838
112406
898841
112409
898844
112412
112413
898847
112415
898850
112420
898853
898856
112426
898859
112428
898862
112430
112431
898865
112434
898868
112436
636724
112438
898871
112441
898874
112444
898877
112445
898880
112449
898883
112452
898886
898889
112457
112458
898892
112460
898895
112465
898898
898901
112469
112470
898904
898907
374619
112476
898910
112479
898913
898916
898919
112487
898922
898925
898928
898931
112499
898934
112502
112504
898937
374649
112506
898940
112509
112510
898943
898946
112514
898949
112518
898952
112521
898955
112525
898958
898961
112529
112531
898964
112533
898967
112536
898970
112538
898973
112542
898976
112545
374690
898979
112548
898982
112550
898985
112554
898988
112556
898991
898994
112563
898997
899000
899003
112571
899006
899009
112578
899012
112580
112581
899015
112583
112584
636872
899018
112588
899021
112591
899024
899027
112595
899030
112598
899033
112601
899036
112604
112605
899039
899042
112610
899045
112613
374759
899048
112618
899051
899054
112622
112623
899057
112626
899060
899063
112632
899066
112634
112635
899069
112637
112638
899072
112641
899075
112643
112645
899078
899081
112650
899084
112654
899087
112657
899090
112659
899093
899096
899099
899102
112671
899105
112673
112675
899108
899111
112679
112680
899114
112682
112683
899117
899120
112690
899123
112691
899126
112698
899131
899134
112703
899137
112706
899140
112710
899143
112712
899146
112714
899149
112717
112719
899152
112721
899155
112724
112725
899158
112728
899161
112730
112731
899164
112733
899167
112735
899170
112738
899173
112742
899176
112745
899179
112747
899182
112750
112752
374896
899185
112754
899188
112758
899191
899194
112763
899197
899200
112768
112770
899203
112771
112772
899206
112774
112776
899209
112777
899212
112780
112781
899215
112783
899218
112786
112788
899221
899224
899227
112796
899230
112798
112800
899233
112802
899236
112805
899239
112808
899242
899245
112813
899248
112816
112818
899251
899254
112822
112823
899257
112825
112826
899260
899263
112832
899266
112834
112836
899269
899272
112840
112841
899275
112845
899278
112848
899281
112850
899284
112852
899287
112855
112857
899290
112860
899293
112861
112863
899296
112864
899299
112869
899302
112872
375016
899305
112874
899308
112876
899311
112880
899314
112883
899317
899320
112888
899323
112892
899326
899329
112897
112898
899332
637189
899335
899338
899341
899344
112912
112914
899347
112916
899350
112919
899353
899356
112926
899359
899362
899365
112933
899368
899371
112940
112941
899374
899377
112947
899380
899383
899386
899389
112957
899392
899395
112965
899398
899401
112969
112971
899404
899407
899410
375122
112979
899413
112981
112983
899416
112984
899419
899422
112992
899425
112994
899428
112997
375142
899431
899434
113004
899437
113005
113007
899440
113010
899443
899446
113014
899449
113017
113019
899452
899455
637311
113025
899458
899461
113029
899464
113032
899467
113036
899470
375182
899473
637329
113042
899476
113045
113046
899479
113049
899482
113052
899485
113055
899488
113058
899491
113059
637347
899494
113063
899497
375209
637354
113067
899500
113069
113070
899503
899506
113074
899509
113079
899512
113082
899515
113085
899518
113088
899521
899524
899527
899530
113098
899533
899536
113106
899539
113108
899542
113110
899545
113114
113115
899548
899551
113119
899554
637411
113124
899557
113125
113127
899560
899563
113133
899566
113135
899569
113138
899572
113141
899575
899578
113147
637436
899581
113151
899584
113152
899587
899590
113158
899593
113161
899596
113164
899599
113168
899602
899605
113173
113175
899608
113178
899611
113180
899614
113184
899617
113186
113187
637475
899620
899623
113195
899628
113196
899630
899632
899634
113202
899636
113205
899638
899640
113208
899642
113211
899644
113213
899646
899648
899650
113218
113219
899652
113221
899654
899656
113225
899658
113226
899660
113228
113229
899662
113231
899664
113233
899666
899668
113236
113237
899670
899672
113241
899674
113243
899676
899678
113247
899680
899682
637538
899684
113252
899686
899688
113257
899690
637546
899692
113261
899694
899696
899698
899700
113268
899702
899704
113272
899706
113274
899708
113276
899710
113278
113279
637567
899712
899714
113283
899716
113284
899718
899720
899722
113290
375435
899724
899726
113295
899728
899730
113299
899732
113300
899734
899736
899738
113306
899740
899742
113310
899744
113312
113313
899746
899748
113316
899750
113319
899752
899754
113322
899756
899758
113326
113327
899760
899762
113330
899764
113333
899766
113334
899768
113336
113337
899770
375482
899772
113341
899774
113343
899776
113345
899778
899780
113348
899782
113350
899784
113353
899786
899788
637644
113357
899790
899792
899794
113362
899796
113364
899798
113366
899800
113369
899802
899804
113373
899806
113374
899808
113376
899810
899812
113381
899814
899816
113386
899819
899821
113390
899823
113392
899825
113394
899827
899829
113397
899831
899833
899835
113404
899837
899839
899841
899843
113411
899845
899847
899849
375561
899851
899853
899855
899857
113425
899859
113427
899861
113429
899863
113431
899865
113434
899867
113436
899869
899871
113440
899873
899875
113443
899877
899879
899881
113449
899883
113451
899885
899887
113456
899889
113457
899891
899893
113461
375605
899895
113463
899897
899899
113468
899901
899903
113471
375615
899905
899907
113475
899909
899911
113479
899913
113482
899915
899917
113485
899919
113488
899921
113490
899923
113491
899925
113493
899927
899929
113497
899931
899933
113501
899935
375647
113504
899937
113505
899939
113508
899941
899943
113512
899945
899947
113515
113516
899949
899951
899953
899955
113523
899957
113528
899961
113529
113531
899964
113532
899967
113537
899970
899973
899976
899979
113548
899982
113551
899985
113554
899988
113556
899991
899994
113563
899997
113565
375710
900000
113568
113570
900003
113572
900006
113574
113575
900009
113578
113579
900012
113581
113582
900015
113584
900018
900021
113589
637877
113590
900024
113593
113594
900027
900030
113598
900033
113602
900036
113606
900039
637895
113609
900042
900045
113614
900048
900051
113619
900054
113623
900057
900060
113630
900063
900066
900069
900072
113640
900075
113643
900078
113646
637935
900081
113650
113651
900084
900087
113655
900090
900093
113662
900096
900099
900102
113671
900105
113673
637963
900108
900111
113681
900114
113683
900117
113685
900120
113690
900123
113693
900126
113695
113696
900129
900132
113701
900135
900138
113707
113708
900141
113710
113711
900144
113713
900147
900150
113719
113720
900153
113722
900156
113724
900159
113728
900162
113730
113732
900165
113734
375878
113735
900168
113738
900171
113740
900174
113742
900177
113745
113746
900180
113748
113750
900183
113752
900186
113754
638043
113756
900189
900192
900195
113763
900198
113766
900201
113771
900204
113773
900207
900210
900213
113781
638069
900216
113784
900219
638077
900222
113791
900225
113795
900228
113797
900231
113800
113801
900234
900237
113806
900240
638096
113809
113810
900243
113812
900246
113814
638103
900249
900252
113821
900255
113825
900258
113827
638116
900261
113830
113831
900264
113834
900267
113837
900270
900273
113841
900276
113844
900279
900282
900285
113854
900288
113856
113857
900291
113860
900294
113863
113864
900297
113866
900300
638157
900303
113871
113873
900306
900309
113877
113879
900312
113882
900315
113885
900318
113886
638175
900321
113890
900324
113894
900327
376041
900330
900333
113902
900336
113905
900339
113908
900342
900345
113913
376057
113915
900348
900351
113920
113921
900354
113924
900357
113926
900360
638216
113930
900363
113933
900366
900369
113937
113939
900372
113941
900375
113945
900378
113947
113948
900381
113950
638239
900384
900387
113957
900390
113958
900393
113963
900396
900399
113969
900402
113971
900405
113973
113975
900408
900411
113979
900414
113982
900417
113987
900420
900423
113991
900426
113994
113995
900429
638287
900432
114002
900435
114005
900438
114008
900441
114010
900444
900447
114015
638305
900450
114018
900453
114021
114023
900458
114026
900461
900464
114033
900467
114035
900470
114038
114040
900473
114042
900476
114046
900479
900482
114050
900485
114053
900488
114058
900491
114059
114061
900494
900497
638353
114067
900500
114068
900503
114073
900506
900509
114078
900512
900515
114083
114084
900518
114087
114088
900521
114090
900524
114094
900527
114096
114097
900530
114100
900533
638389
114102
900536
900539
900542
114111
900545
114113
114115
900548
114117
900551
900554
638410
900557
114126
900560
114129
900563
114133
900566
114135
900569
114138
900572
638430
900575
900578
900581
114149
114150
900584
114153
900587
114155
114156
900590
114159
114160
900593
114162
900596
114165
900599
114168
900602
114170
114171
900605
114173
114174
900608
114177
900611
900614
114182
900617
114185
900620
900623
114191
900626
114195
900629
900632
114202
900635
114204
900638
114206
900641
114210
900644
114213
900647
638503
114217
900650
114220
900653
114223
900656
114226
900659
900662
114232
900665
900668
900671
114239
900674
114242
900677
114246
900680
114250
900683
114251
900686
900689
114259
900692
114261
900695
900698
114266
900701
114270
900704
900707
114275
900710
114278
114280
900713
114283
900716
114285
900719
114288
900722
900725
900728
900731
900734
114304
900737
900740
114309
900743
114311
900746
900749
114317
114319
900752
114320
114322
900755
900758
114326
900761
114331
900764
114333
900767
114336
900770
114338
114339
900773
900776
114344
114346
900779
114348
900782
900785
114353
900788
114357
900791
114360
900794
900797
900800
114368
900803
900806
114374
900809
114377
114379
900812
114382
900815
376527
900818
114386
114387
900821
114391
900824
114393
900827
114395
114397
900830
114400
900833
900836
114404
114405
900839
114408
900842
900845
114413
900848
900851
900854
114423
900857
114425
900860
114429
900863
114431
900866
114434
900869
900872
114440
114442
900875
900878
114448
900881
114450
900884
114454
900887
114455
900890
114458
114460
900893
114462
900896
114464
900899
114468
900902
114471
900905
114474
900908
900911
114479
114480
900914
114484
900917
114487
900920
114490
900923
114492
900926
114496
900929
114498
900932
114502
900935
114503
900938
114506
900941
114509
900944
900947
114515
900950
114519
114520
114521
900955
114523
900958
114528
900961
114531
900964
376676
114534
900967
114536
900970
114539
900973
900976
114545
900979
114547
900982
900985
900988
114557
900991
114559
114561
900994
376706
114563
900997
114565
901000
114568
114570
901003
901006
114574
114576
901009
114579
901012
114582
901015
114585
901018
114588
901021
901024
901027
114595
638884
901030
376742
114599
114600
901033
114602
901036
114604
114606
901039
114608
901042
114611
901045
114614
114615
901048
114616
901051
114619
114620
901054
114622
901057
901060
114629
901063
901066
114634
114636
901069
114639
901072
901075
114644
901078
114648
901081
114650
114651
901084
114654
901087
114655
901090
114658
901093
114661
114663
901096
114666
901099
114668
901102
114671
901105
114673
901108
114676
114678
901111
901114
901117
114685
901120
114689
901123
114691
901126
114694
901129
114698
901132
901135
901138
901141
114710
901144
114713
114714
901147
114716
114717
901150
901153
114721
639009
901156
114725
114726
901159
114727
114729
901162
901165
901168
114738
901171
114739
901174
901177
901180
114750
901183
114751
114753
901186
901189
114758
901192
114762
901195
901198
114766
114768
901201
114771
901204
114774
901207
114776
901210
114779
901213
114782
901216
114784
901219
114789
901222
114791
901225
114793
639082
901228
114798
376942
901231
114800
901234
114802
901237
114805
901240
114808
639096
114810
901243
901246
376958
114816
901249
114819
901252
114822
901255
114823
114825
901258
114828
901261
114830
901264
114832
901267
114835
114837
901270
639128
901273
901276
114845
901279
114848
114849
901282
901285
376997
114854
901288
114856
901291
114860
901294
901297
114867
901300
114869
114870
901303
114872
901306
114876
901309
114878
901312
901315
114883
901318
114886
901321
114889
114891
901324
114893
114894
901327
901330
114898
901333
114902
114903
901336
114906
901339
901342
114910
901345
114914
901348
114918
901351
114921
639209
901354
114923
114924
901357
901360
901363
114931
901366
114934
901369
901372
114942
901375
901378
114946
901381
114949
901384
114952
901387
114956
901390
114958
114960
901393
901396
114964
114966
901399
114968
901402
114970
114972
901405
114973
901408
114976
114977
901411
639267
114980
901414
114982
901417
114987
901420
901423
901426
114995
377140
901429
114997
901432
115002
901435
901438
115008
901441
901444
115012
901447
901452
115022
901455
901458
115026
115027
639315
901461
115030
901464
115034
901467
115035
115036
901470
901473
115041
115043
901476
115046
901479
115048
901482
115050
115052
901485
115054
901488
115056
639346
901491
115059
115061
901494
115063
901497
639354
901500
115069
901503
901506
115074
901509
115079
901512
901515
115083
639371
901518
115086
901521
901524
115092
639381
901527
115097
901530
115098
115100
901533
639391
901536
115104
901539
115109
901542
115110
901545
639401
901548
115116
115118
901551
115120
901554
115123
901557
115125
901560
115129
901563
901566
901569
115137
115138
901572
901575
115145
901578
901581
115149
115150
901584
115152
115153
901587
115156
901590
115160
901593
901596
901599
115167
901602
115171
901605
115175
901608
115176
901611
901614
115182
377327
901617
115187
901620
115190
901623
901626
115194
115195
901629
115199
901632
115202
901635
901638
115206
115208
901641
115209
901644
115212
115214
901647
115215
901650
115219
901653
115222
115223
901656
115225
901659
115228
901662
901665
115233
901668
901671
115240
115241
901674
115243
901677
115246
901680
115250
901683
901686
901689
901692
115260
901695
115263
901698
115266
115268
901701
115271
901704
115273
901707
901710
115278
115279
901713
115281
115283
901716
901719
901722
115290
901725
115294
901728
901731
115299
115301
901734
901737
115307
901740
115309
901743
115312
901746
115315
901749
901752
115322
901755
115324
901758
115327
901761
901764
115332
115334
901767
115336
901770
115339
901773
901776
115344
901779
115347
901782
115351
901785
901788
115358
901791
901794
115362
639651
901797
901800
115368
901803
901806
115375
901809
115379
901812
115381
901815
901818
115386
377530
115388
901821
115389
901824
115394
901827
115397
901830
115400
901833
115401
901836
115404
901839
115407
115408
901842
115410
901845
901848
115417
901851
901854
115422
115424
901857
115425
901860
115428
901863
377577
901866
115434
115436
901869
115438
115439
901872
115442
901875
901878
115446
115447
901881
115449
901884
115454
901887
115456
901890
901893
115462
901896
639752
901899
115468
901902
377614
901905
115474
901908
901911
901914
115482
901917
901920
115488
115490
901923
115492
901926
115495
901929
115499
901932
115501
901935
115503
115504
901938
901941
115509
901944
115513
901949
115518
901951
115521
901954
901957
901960
639816
115530
901963
115532
901966
115534
901969
115537
115539
901972
115542
901975
115543
639833
901978
901981
115549
115550
901984
115552
901987
115556
901990
115559
901993
115561
115563
901996
115565
901999
115568
902002
115571
902005
115575
902008
115576
902011
115580
902014
115583
902017
115585
902020
902023
115592
902026
115595
902029
902032
115600
902035
115604
902038
115606
115608
902041
115611
902044
115614
902047
115616
902050
115618
902053
115622
115623
902056
115626
902059
115627
115629
902062
902065
115634
902068
115638
902071
115639
115641
902074
902077
115646
902080
115649
902083
115652
902086
115654
115656
902089
115657
902092
115660
902095
115663
902098
115666
902101
902104
902107
115676
902110
115678
115679
902113
115681
902116
902119
115687
115688
902122
115692
902125
902128
115696
902131
115699
115701
902134
902137
902140
115708
115710
902143
902146
115715
902149
115718
902152
115720
115721
902155
115724
902158
902161
115730
115731
902164
115733
902167
115735
115737
902170
115738
115740
902173
115743
902176
115745
902179
115749
902182
902185
115753
115755
902188
902191
115760
115761
902194
902197
115765
115767
902200
115769
902203
902206
115774
115775
902209
115777
902212
115782
902215
115783
902218
902221
115790
115791
902224
115793
115794
902227
115797
902230
115799
902233
115801
902236
115805
902239
115807
902242
115810
377954
115811
902245
115814
902248
115818
902251
902254
115822
115823
902257
115825
115827
902260
115829
902263
377975
115832
902266
902269
902272
115842
902275
902278
115846
115848
902281
902284
115852
115853
902287
115856
902290
115858
902293
115863
902296
115864
115866
902299
115867
902302
902305
115874
640163
902308
115878
902311
902314
115882
115884
902317
115887
902320
115888
902323
902326
115895
902329
902332
115902
902335
902338
902341
115909
902344
115914
902347
902350
902353
902356
115924
115926
902359
115928
902362
115930
902365
902368
115938
902371
115941
902374
115944
902377
115947
902380
115949
902383
115952
902386
115956
902389
902392
902395
115963
115964
902398
115966
115967
902401
902404
115972
115974
902407
115975
902410
115979
902413
115982
902416
115986
902419
115989
902422
378134
902425
115993
115994
902428
115997
902431
115999
902434
116003
902437
116005
902440
116008
116010
902443
902446
116015
116018
902451
902453
116021
116022
902456
116024
902459
902462
116032
902465
902468
116036
902471
116039
902474
902477
116047
902480
902483
116051
902486
116054
116055
902489
116057
902492
116061
902495
902498
116066
902501
116070
902504
902507
116075
902510
902513
116081
902516
902519
116087
902522
902525
116093
902528
116096
116097
902531
116100
902534
116102
902537
116106
902540
902543
902546
116114
116116
902549
116118
902552
116121
116122
902555
116125
902558
116126
902561
116129
902564
116133
902567
116137
902570
902573
116141
116143
902576
116145
902579
116149
902582
116151
116152
902585
902588
116158
902591
116159
116161
902594
116164
902597
116165
116167
902600
902603
116171
116172
902606
116175
902609
116177
116178
902612
116181
902615
116184
902618
116187
640475
902621
116189
116191
902624
116193
902627
116195
378339
640485
902630
116200
902633
378345
116202
902636
116205
902639
116207
640495
116208
902642
116210
902645
116213
902648
378361
116218
902651
640508
116221
902654
116224
902657
116226
902660
116228
902663
116233
378377
902666
116235
116236
902669
640525
116239
902672
116240
116242
902675
902678
116248
902681
378394
116251
902684
116254
902687
116257
902690
902693
116261
116262
902696
378410
902699
902702
116271
116272
902705
116274
902708
116277
902711
902714
378426
902717
902720
116289
902723
116292
902726
116295
902729
116297
902732
116301
902735
116303
116304
902738
902741
902744
116313
902747
116317
902750
116319
902753
116321
902756
902759
902762
116331
116332
902765
116334
902768
902771
902774
116343
378488
902777
116347
902780
902783
116351
116353
902786
116354
902789
116357
902792
116360
902795
116364
116365
902798
902801
902804
116372
116374
902807
116375
116377
902810
116379
902813
116382
902816
116384
902819
116387
116389
902822
116391
902825
116393
116395
902828
116397
116398
902831
902834
116403
902837
116406
116407
902840
902843
116411
116413
902846
902849
116418
902852
116420
902855
116425
902858
116426
902861
902864
116432
902867
116435
116437
902870
116439
902873
116442
902876
116444
116446
902879
378591
116448
116449
902882
116451
902885
116453
902888
378601
902891
116460
902894
902897
116466
902900
116469
902903
116471
902906
116475
902909
116478
902912
116481
116482
902915
902918
378630
902921
116489
902924
902927
116496
902930
902933
116502
902936
116504
116505
902939
116507
640795
902942
902945
902948
116516
116518
902953
902955
902958
902961
116529
116530
116531
902964
902967
116536
902970
902973
116543
902976
116544
902979
116547
902982
116551
378696
902985
902988
902991
116560
902994
116563
902997
116565
116567
903000
116568
116570
903003
903006
116576
903009
116578
903012
116581
903015
116584
903018
116587
378732
903021
116590
903024
903027
116596
903030
116599
903033
903036
903039
116608
903042
903045
116614
903048
116618
903051
903054
116624
903057
116626
903060
116629
903063
116633
903066
116636
903069
116639
903072
903075
116643
116645
903078
116646
903081
116649
903084
116652
903087
116655
116656
903090
116658
116660
903093
116661
903096
116664
903099
116667
116669
903102
116671
903105
116673
903108
116677
903111
903114
116683
903117
640973
903120
116688
116690
903123
116692
903126
116694
116696
903129
903132
116702
640990
903135
116704
903138
903141
116710
903144
903147
116715
116717
903150
116719
903153
116721
903156
116726
903159
903162
116731
903165
116733
116735
903168
116738
903171
116741
903174
116742
378887
116744
903177
116745
903180
116748
903183
116751
116753
903186
903189
116758
903192
116760
116762
903195
903198
116767
903201
116769
903204
116772
903207
116775
116777
903210
116778
116780
903213
116783
903216
116786
903219
116789
903222
903225
116793
903228
116798
903231
116800
903234
116804
903237
116807
903240
903243
116811
641100
903246
903249
116817
903252
116822
903255
903258
116826
903261
378973
903264
116833
903267
116836
903270
116838
116840
903273
116842
116843
903276
116845
903279
116848
903282
116851
903285
378998
116855
903288
116857
903291
903294
116863
116864
903297
116867
903300
116869
903303
116871
903306
903309
116879
903312
903315
116883
116885
903318
903321
116889
903324
116893
116894
903327
116897
903330
903333
641189
903336
116906
903339
116908
379053
903342
116911
903345
116914
903348
116917
903351
116919
116921
903354
116924
903357
903360
116929
903363
116932
903366
379078
116935
903369
116937
903372
116941
903375
379087
116944
903378
116948
903381
116949
903384
116952
903387
116955
116957
903390
116958
903393
116963
903396
116965
903399
116967
903402
116970
116972
903405
641262
116975
903408
116976
116978
903411
116980
903414
116983
116984
903417
116986
903420
116988
903423
903426
116996
903429
116999
903432
903435
117005
903438
117007
903441
117009
117010
903444
117013
117014
903447
117016
117017
903450
117019
117022
903455
117023
117025
903458
117027
903461
117029
903464
117032
903467
903470
117038
117040
379184
903473
117042
903476
903479
117047
117049
903482
117050
903485
117053
117055
903488
117057
903491
117060
903494
903497
117065
903500
903503
903506
117074
117076
903509
117079
903512
903515
117084
903518
117086
117087
903521
117091
903524
117092
117094
903527
117096
903530
903533
903536
117104
117106
903539
379251
117108
903542
903545
117113
903548
117116
903551
117119
117120
903554
903557
903560
117129
903563
117131
903566
117134
903569
117138
903572
117140
903575
117145
903578
903581
117149
117150
903584
117152
903587
117155
903590
117158
117159
903593
117162
903596
117165
903599
117167
903602
117170
117171
903605
117174
117175
903608
117177
903611
117179
117181
903614
117182
903617
117185
117186
903620
903623
117191
903626
117196
903629
903632
903635
117205
903638
903641
117211
903644
117212
903647
117216
903650
117218
117220
903653
903656
117224
903659
903662
117230
903665
117234
903668
117238
903671
903674
117243
117244
903677
903680
117248
117249
903683
117251
641539
903686
379399
903689
117257
117259
903692
117261
903695
903698
117266
117267
117268
903701
903704
117272
903707
117275
903710
117278
903713
117281
903716
117284
117286
903719
903722
117290
903725
117293
117294
117295
903728
903731
903734
117302
117304
903737
117307
903740
641597
117310
903743
117313
903746
903749
641605
117318
903752
117321
903755
903758
903761
117329
903764
117334
641622
903767
903770
903773
117341
903776
117344
903779
117349
903782
117351
903785
117354
903788
117358
903791
117359
903794
903797
903800
117369
903803
117372
903806
117374
117376
903809
117379
903812
117380
903815
117383
903818
117387
903821
117389
117391
903824
117392
903827
117395
117397
641685
903830
117398
117400
903833
117402
903836
117404
379550
903839
117408
903842
117412
903845
117414
903848
641706
903851
117420
903854
117422
117424
903857
903860
117429
903863
117431
903866
117435
379580
903869
117438
903872
117442
903875
117443
903878
117447
117448
903881
903884
117453
903887
117456
117457
903890
117460
903893
117461
903896
117465
903899
117469
903902
903905
117473
903908
117476
903911
117479
117481
903914
117484
903917
117487
903920
117489
379633
903923
117491
903926
117495
903929
117497
903932
903935
117505
903938
117507
903941
117511
903944
117514
903947
117515
903950
903953
903955
903958
117526
903961
117529
903964
117534
903967
903970
117538
903973
117542
903976
117544
903979
903982
903985
903988
903991
117560
903994
117563
903997
117565
117567
904000
904003
904006
117574
904009
117579
904012
117580
117582
904015
117585
904018
904021
117590
904024
904027
117596
904030
904033
117603
904036
117606
904039
117607
117609
904042
904045
117614
904048
904051
117620
904054
904057
904060
117629
904063
117632
904066
117635
904069
117637
904072
904075
904078
904081
117650
904084
117652
904087
117656
904090
117660
904093
117661
904096
117666
904099
117668
904102
117670
904105
117673
904108
117677
117678
904111
117680
904114
117682
904117
117686
904120
904123
117691
904126
117696
904129
379841
117699
904132
904135
117703
904138
117706
904141
117711
904144
117714
904147
117716
904150
117718
117720
904153
904156
117724
117726
904159
117728
904162
117731
904165
117733
117735
904168
117737
904171
117739
117740
904174
117742
379886
117744
904177
117745
904180
117748
904183
904186
117755
904189
117758
904192
117761
904195
117763
904198
117766
904201
117771
904204
904207
117776
904210
117780
904213
117781
117783
904216
117784
117786
904219
117787
904222
117790
117792
904225
117793
904228
117796
904231
117799
117801
904234
117804
904237
904240
642098
904243
117812
904246
117815
904249
117818
904252
904255
117823
904258
117828
904261
904264
117832
904267
117837
904270
904273
904276
117844
904279
904282
117850
904285
117854
904288
904291
642148
904294
904297
117866
904300
117869
904303
904306
117876
904309
904312
117882
904315
904318
904321
117889
117891
904324
117892
642180
117894
904327
117896
904330
117899
117900
380044
904333
904336
117904
117906
904339
904342
380055
117912
904345
117914
904348
117917
904351
117920
904354
117924
904357
117926
904360
117928
117929
904363
117932
904366
117935
904369
117937
904372
117940
117941
904375
117945
904378
117946
117948
904381
117949
904384
117953
904387
117955
904390
117958
904393
117963
904396
904399
904402
117970
904405
117975
904408
117976
117978
904411
117979
117981
904414
117983
904417
117985
117987
904420
117988
904423
117991
117992
642280
904426
117995
904429
117998
904432
118002
904435
118005
904438
118008
904441
904444
904447
118019
904452
118020
380164
118022
904455
118025
904458
118028
904461
118030
904464
118032
118034
904467
118036
904470
118040
904473
904476
118045
904479
118049
904482
118052
904485
380197
118055
904488
118056
118058
904491
118059
642349
904494
118062
118064
904497
904500
118070
904503
904506
904509
118079
904512
118082
904515
118085
904518
118086
118088
904521
904524
118093
118094
904527
904530
118099
904533
118101
904536
904539
118107
118108
904542
118110
904545
118114
118115
904548
118118
904551
118119
118121
904554
118122
118124
904557
118126
904560
118128
904563
118133
904566
118135
904569
904572
118141
904575
904578
118147
904581
118151
904584
118154
904587
118155
904590
118159
118160
904593
904596
118165
904599
118167
904602
118171
904605
118174
904608
118178
904611
904614
118182
904617
118186
118187
904620
118189
904623
118192
118193
904626
904629
118198
904632
118201
904635
118203
904638
118206
118207
904641
904644
118212
118214
904647
118217
904650
118220
904653
904656
118224
118225
904659
118229
904662
904665
118233
118234
904668
118236
118237
904671
118240
118241
904674
118244
904677
118247
904680
118249
904683
118253
904686
904689
118259
904692
904695
118264
118265
904698
642554
118268
904701
118271
904704
118274
904707
118277
904710
118279
904713
118281
904716
904719
642577
904722
118292
904725
118295
904728
904731
118299
904734
118303
118304
904737
904740
904743
118311
904746
118315
904749
118317
904752
118321
380465
904755
118323
904758
118327
904761
118329
904764
118333
904767
118336
642624
904770
118339
904773
118341
904776
118344
118345
904779
118349
642637
904782
118351
904785
904788
118356
904791
118360
118361
904794
118363
904797
118366
118367
904800
904803
118373
904806
904809
118377
118379
904812
118380
904815
118383
118384
904818
118387
904821
118390
904824
904827
904830
118399
904833
118401
904836
904839
118409
904842
904845
118414
904848
118417
904851
904854
118422
118423
904857
118425
904860
118429
118430
904863
118432
118433
904866
118435
904869
380581
118438
118439
904872
118442
904875
118444
642732
904878
904881
904884
118452
118453
904887
118457
904890
118458
380604
904893
118461
118462
904896
118464
642753
904899
118467
118469
904902
118471
904905
118475
904908
118478
904911
118481
904914
118482
118484
904917
118485
118487
904920
118488
904923
118493
904926
118495
904929
118498
118499
904932
118501
118502
904935
118505
904938
904941
118509
904944
118512
904949
118517
118518
904951
904953
904955
904957
118526
904959
904961
118529
904963
118532
904965
904967
118535
904969
118537
904971
118539
904973
118541
904975
904977
118545
904979
118548
904981
904983
904985
904987
118555
904989
904991
118560
904993
904995
118563
904997
118565
904999
905001
905003
118571
905005
118574
905007
118576
905009
118578
905011
118579
905013
118582
905015
905017
118585
118586
905019
905021
118589
118590
905023
905025
118593
905027
905029
905031
118600
905033
118602
905035
118604
905037
118606
905039
905041
905043
118612
905045
905047
118616
905049
905051
118619
905053
380765
118622
905055
118623
905057
905059
118627
905061
118629
905063
118632
905065
118634
905067
118636
905069
118638
905071
118640
905073
118642
905075
905077
118645
905079
118648
905081
118649
905083
118652
905085
905087
118655
905089
118658
905091
118660
905093
905095
118664
905097
905099
118667
905101
118669
905103
118671
118672
905105
905107
905109
118678
905111
905113
905115
380827
118684
905117
905119
118687
905121
905123
118691
905125
118694
905127
905129
118699
905132
118701
905135
905138
118706
118707
905141
118711
905144
118712
905146
905148
118716
905150
905152
905154
118723
905156
905158
118726
118727
905160
905162
118730
905164
905166
118735
905168
905170
905172
905174
118743
905176
118744
380888
905178
118747
905180
905182
118750
905184
905186
118754
905188
118756
905190
118758
905192
118760
905194
118763
905196
905198
905200
905202
118770
905204
905206
118774
905208
905210
118779
905212
118780
905214
118782
905216
118784
905218
905220
118788
905222
118791
905224
118793
905226
118795
905228
905230
905232
118800
905234
905236
905238
380951
905240
118808
905242
118810
905244
905246
118814
643102
905248
118817
905250
118818
905252
905254
118823
905256
905258
905260
905262
118831
905264
118832
380977
905266
118835
905268
118836
905270
905272
905274
118842
905276
905278
118847
905280
118848
905282
118851
905285
905287
905289
118857
118858
905291
905294
118862
118863
905297
118865
905300
118868
118870
905303
118873
905306
118876
905309
118879
905312
118880
905315
643172
905318
118886
905321
118889
118890
905324
118893
118894
905327
118896
905330
118898
118900
905333
118902
905336
118904
118906
905339
118908
905342
905345
118913
118915
905348
118917
905351
118919
905354
118922
118923
905357
381071
905360
118928
118930
905363
118931
118932
905366
118936
905369
118939
905372
118941
905375
118943
118944
905378
118948
905381
118951
905384
118953
118954
905387
118957
905390
905393
118961
905396
118964
118966
905399
118967
905402
118970
118971
905405
118973
118975
905408
118978
905411
905414
118983
118984
905417
118987
905420
118989
118990
905423
381136
905426
118995
905429
118997
118999
905432
905435
119003
905438
119008
905441
119009
905444
119013
643301
905447
119015
119016
905450
119019
905453
905456
119025
905459
119027
119029
905462
119031
905465
905468
905471
119041
905474
119044
905477
119047
905480
119049
905483
119051
905486
119054
119056
905489
119057
119059
905492
905495
119063
119065
905498
905501
119070
905504
119072
905507
119076
905510
905513
119081
119082
905516
119085
119086
905519
905522
119090
905525
119093
905528
119096
119098
905531
905534
119102
119104
905537
119106
905540
119108
119110
905543
119113
905546
119116
905549
119118
905552
119120
905555
119124
905558
119127
905561
119129
905564
119132
905567
119135
119136
905570
119139
905573
119142
905576
119144
905579
119149
905582
119150
905585
119153
119155
905588
119158
905591
119161
905594
119163
119164
905597
905600
119168
905603
119171
905606
119174
119176
905609
119178
905612
905615
119183
905618
119188
905621
119190
905624
119192
119193
905627
119195
905630
119198
119199
905633
119201
905636
905639
119208
905642
905645
119213
905648
119216
905651
119220
905654
905657
119226
905660
119228
905663
119231
119232
905666
119236
905669
119239
905672
905675
119243
643532
905678
119246
119248
905681
119251
905684
119253
905687
119255
905690
905693
119263
905696
119265
643554
905699
381411
905702
119270
119271
905705
119273
905708
905711
119280
905714
905717
119286
905720
119288
119289
905723
119291
905726
119295
905729
119298
119299
905732
905735
119304
905738
119307
643596
905741
119311
905744
905747
119315
643604
905750
119320
905753
905756
119325
905759
119328
905762
119332
905765
119335
905768
905771
119339
119341
905774
119343
905777
119347
905780
905783
119353
905786
119355
119358
905791
119361
905794
119362
905797
119367
905800
119369
905803
905806
119376
905809
905812
119380
905815
119384
905818
119387
905821
119390
905824
119393
119394
905827
119397
905830
119398
119400
905833
119402
643690
905836
905839
119407
119409
905842
905845
905848
119418
905851
119420
905854
119423
905857
119426
905860
119430
905863
119432
905866
905869
905872
905875
119443
119445
643733
905878
119448
905881
905884
119454
905887
905890
119459
905893
119462
905896
119466
905899
119469
905902
905905
119474
119475
905908
119477
905911
905914
119482
119483
905917
905920
119488
905923
905926
119496
905929
119499
905932
119502
905935
119504
905938
119507
119508
905941
381654
119511
905944
119513
119514
905947
905950
119520
905953
119522
905956
119525
905959
119529
905962
119532
905965
119535
905968
119536
119538
905971
119539
905974
119543
905977
119546
905980
119550
905983
119551
905986
119554
905989
119557
905992
905995
119564
905998
906001
119570
381715
906004
119572
119573
906007
119576
906010
119580
906013
119582
906016
119585
906019
119588
906022
119590
906025
906028
119596
906031
119600
906034
119602
119603
906037
119606
906040
119609
906043
119612
906046
119616
906049
119618
381762
906052
119621
906055
119625
906058
906061
119631
906064
906067
119636
906070
119638
906073
119642
119643
906076
906079
119647
906082
119652
906085
119654
906088
119656
906091
906094
906097
119665
119666
906100
906103
119672
381817
906106
119676
906109
906112
119682
906115
119684
906118
119686
906121
119690
119691
906124
119692
119694
906127
119697
906130
119699
906133
119703
906136
119706
906139
119707
906142
119710
906145
119713
381859
906148
119716
119718
906151
119721
906154
906157
119725
119727
381871
906160
906163
906166
119734
119735
906169
906172
906175
119745
906178
906181
119751
906184
119753
906187
381899
119756
119757
906190
119760
906193
119761
119763
381907
906196
119766
906199
119768
906202
119772
906205
906208
119776
644065
119778
906211
119779
906214
119783
119784
906217
906220
119788
119790
906223
119791
906226
119795
906229
906232
381945
906235
906238
119807
906241
119809
644098
906244
119813
119814
906247
906250
119819
119820
906253
906256
119824
906259
119829
906262
119831
906265
119834
906268
906271
119840
119841
906274
119843
906277
119846
906280
119849
906283
119853
906288
119856
119858
906291
119859
906294
119863
906297
906300
119869
906303
119871
119873
906306
119876
906309
119878
906312
119881
906315
119883
644173
906318
119887
906321
119889
906324
119892
119894
906327
119896
906330
119900
906333
119903
906336
119904
119906
906339
119909
906342
382054
906345
119913
119915
906348
119917
906351
119919
906354
119922
906357
906360
119929
119930
906363
119932
906366
119935
906369
119937
119938
906372
119940
906375
119945
906378
119947
906381
119949
119951
906384
906387
119955
119957
644245
906390
119958
906393
119961
119963
906396
119964
906399
906402
906405
906408
906411
906414
119982
119983
906417
119985
906420
119990
906423
119992
906426
906429
119997
906432
120000
120001
382146
906435
120003
906438
906441
906444
906447
120015
906450
120018
120020
906453
120022
120023
906456
906459
120027
906462
120031
120032
906465
120035
906468
120037
906471
120039
906474
120043
906477
382191
906480
120048
906483
120052
906486
382199
906489
120058
906492
906495
120063
120065
906498
120067
906501
120070
906504
906507
120075
906510
120078
906513
120081
382225
906516
120085
906519
120088
906522
906525
120093
906528
120096
382241
906531
906534
120103
906537
120105
906540
120109
906543
120112
906546
120116
906549
120119
906552
120122
906555
120124
120125
382269
906558
120128
906561
120131
906564
120134
906567
906570
120138
906573
120141
644431
906576
120146
906579
120148
906582
644439
906585
120155
906588
120157
120158
906591
120160
120161
906594
906597
120165
906600
120168
120170
906603
906606
906609
120177
382321
644467
906612
120180
906615
120183
120184
906618
120187
906621
906624
120192
906627
120197
906630
120200
906633
120203
906636
120206
906639
120208
906642
120210
906645
906648
120216
906651
906654
120223
120224
906657
906660
120229
906663
120231
906666
120234
120235
906669
120237
906672
906675
120244
906678
120246
906681
120250
906684
120254
906687
120255
906690
906693
120262
906696
120265
120266
906699
120269
906702
906705
120275
906708
120278
906711
120280
120281
906714
120283
906717
120287
906720
120290
906723
120293
906726
120294
120296
906729
120298
906732
120300
120302
906735
644592
906738
120306
120308
906741
120311
906744
120313
906747
120315
906750
906753
120321
906756
120325
906759
120327
906762
120330
906765
120333
906768
120337
906771
120339
906774
120342
644631
120344
906777
120345
906780
120348
120350
120352
906785
906788
120356
906791
120360
120361
906794
120363
906797
644655
906800
120368
906803
906806
120375
906809
120377
906812
906815
906818
120388
906821
120391
906824
120394
382538
906827
120397
906830
120399
906833
120401
906836
120404
382549
120406
906839
120408
120409
906842
120411
120412
906845
120414
906848
120417
120418
906851
120421
906854
120422
120424
906857
120427
906860
120429
906863
906866
120434
906869
120438
906872
120442
906875
382589
906878
120446
120447
906881
906884
120453
120454
906887
906890
906893
120462
906896
120464
906899
120467
906902
120471
906905
120474
906908
120477
120478
906911
120480
906914
120482
906917
120485
906920
120488
906923
120491
906926
120496
906929
120499
906932
120501
120502
906935
120504
906938
120506
906941
120509
906944
120512
382656
906947
120515
120516
120517
906950
120519
906953
120523
906956
906959
120527
906962
120530
906965
120534
120535
906968
120538
906971
120540
906974
120542
120543
906977
120546
906980
120548
120549
906983
120551
120553
906986
120555
382700
906989
120557
120559
906992
906995
120563
120565
906998
120568
907001
120571
907004
382716
120574
907007
120577
907010
120579
120580
907013
907016
120584
907019
907022
120590
907025
382739
907028
907031
120599
907034
120602
120603
382747
907037
120605
907040
120608
644896
907043
120611
907046
120614
907049
120617
120619
907052
120621
907055
120623
382768
120625
907058
120627
907061
120630
907064
120634
907067
120635
120637
907070
120639
907073
120641
120642
907076
120645
907079
120648
120649
907082
120651
120652
907085
120654
907088
907091
120659
907094
120663
907097
120665
644953
907100
120668
907103
907106
120674
120675
907109
120678
907112
120680
382825
907115
120685
907118
120686
120688
907121
120690
907124
120693
120694
907127
120697
907130
907133
120701
907136
907139
120708
907142
120710
907145
120714
645003
907148
120718
907151
120721
907154
120724
907157
120726
907160
120728
907163
120732
907166
120735
907169
120738
907172
120741
907175
120744
907178
120747
907181
120750
907184
382897
120754
907187
120757
907190
120758
120760
907193
907196
120764
907199
120767
907202
907205
907208
120777
907211
907214
120784
907217
120786
907220
120789
120790
907223
907226
907229
120797
907232
120802
907235
120805
907238
120807
907241
120810
907244
120813
120814
907247
382959
120816
645105
907250
120819
907253
907256
120824
382969
907259
120827
907262
120830
120831
907265
120833
120835
907268
907271
907274
120843
907277
120846
120848
907282
120850
120851
120852
907285
120854
907288
907291
120859
907294
120863
907297
907300
120870
907303
907306
120875
907309
120878
907312
907315
120884
907318
907321
120889
907324
120894
907327
907330
120899
907333
120902
907336
120906
907339
907342
120912
907345
120914
907348
120918
907351
120921
907354
120924
907357
120927
907360
383072
907363
120931
120933
907366
120935
907369
120937
907372
120940
120942
907375
120944
120945
907378
907381
120951
907384
645240
907387
120956
907390
120959
120960
907393
120963
907396
907399
120968
907402
907405
907408
120976
120978
907411
120981
907414
120983
907417
907420
120989
120990
907423
120993
907426
120996
907429
907432
121002
383146
907435
121004
121005
907438
121008
907441
121009
907444
121012
121013
645302
907447
907450
907453
121021
907456
121024
907459
121028
121029
907462
645318
907465
121034
907468
121037
907471
121039
907474
907477
121045
121047
907480
121049
907483
121051
907486
121054
121056
907489
121057
907492
121060
121062
907495
907498
907501
383214
907504
121072
907507
121075
121077
907510
121078
645368
907513
121081
907516
121085
907519
121087
121088
907522
121091
907525
907528
121096
121098
907531
121100
907534
907537
121107
907540
121109
907543
121113
907546
121115
907549
121118
907552
121120
907555
121124
907558
907561
121129
121131
907564
907567
121135
121137
907570
121140
907573
121141
121143
907576
121145
907579
121148
121149
907582
121152
907585
121153
645441
121155
907588
907591
121160
121161
907594
907597
121165
907600
121169
907603
121172
907606
907609
121177
121178
907612
121181
121182
907615
121184
907618
121186
121187
907621
121190
907624
907627
907630
907633
121201
121202
907636
907639
121208
907642
645499
907645
121213
121214
907648
907651
121219
907654
907657
121225
907660
121230
907663
121232
907666
645522
121235
907669
121239
907672
121241
907675
121244
907678
121246
121248
907681
121251
907684
121254
907687
907690
907693
907696
121264
907699
121268
907702
121271
121272
907705
907708
121276
907711
121281
907714
907717
121285
907720
121290
907723
121292
907726
121294
121296
907729
121297
907732
121300
121301
907735
121303
907738
121307
907741
121309
907744
907747
121316
907750
907753
121321
907756
121325
907759
121329
907762
907765
121334
907768
121336
907771
121339
121341
907774
121342
907777
121345
121348
907782
121350
907785
907788
907791
121359
907794
121363
907797
121365
907800
121368
121370
907803
121372
907806
121374
121376
907809
907812
121382
907815
907818
121386
121387
907821
121390
907824
907827
121395
121396
907830
907833
907836
121405
121406
907839
121408
907842
907845
121413
907848
121416
121418
907851
121420
907854
907857
121427
907860
121430
907863
121433
907866
121434
907869
907872
907875
121444
907878
121446
907881
121449
907884
121452
121453
907887
121456
907890
121460
907893
907896
121466
907899
121467
907902
121470
907905
121473
121474
907908
121477
907911
121479
907914
121483
907917
121485
121487
645775
907920
121489
121490
907923
121492
907926
907929
121498
121499
907932
121502
907935
121505
907938
121507
907941
907944
121512
383658
907947
121515
907950
907953
121522
907956
645813
121526
907959
121528
907962
121532
907965
907968
383681
121538
907971
121541
907974
121544
907977
121546
645835
907980
121548
121549
907983
121552
907986
121554
383698
907989
121557
907992
907995
121563
907998
121567
908001
121569
121570
121571
908004
121574
908007
121576
908010
121578
908013
121583
908016
121584
908019
121587
121588
908022
121590
908025
121594
121595
908028
121598
908031
121599
383744
908034
121602
908037
121605
121607
383751
908040
908043
121613
908046
908049
121618
121619
908052
121622
645910
908055
121624
908058
121626
383770
121628
908061
121629
908064
908067
908070
121638
121640
908073
121641
121643
908076
908079
121648
908082
121650
121651
908085
908088
121656
908091
121659
121660
908094
121663
908097
121667
908100
121670
908103
908106
645963
908109
121677
121678
908112
908115
121683
908118
121686
908121
121691
908124
121693
908127
908130
121699
908133
121702
908136
121705
121706
908139
908142
121710
121712
383856
908145
121714
121715
908148
908151
908154
121722
908157
121725
908160
121728
908163
121731
121733
908166
908169
121739
908172
121742
908175
908178
121748
908181
121749
121751
908184
908187
121755
908190
121759
908193
908196
121765
908199
121767
121769
908202
121770
908205
121774
121775
908208
121778
908211
121779
383924
121781
908214
121784
908217
908220
121788
121790
908223
908226
121794
908229
908232
121800
908235
908238
121806
908241
121809
121810
908244
121814
908247
121815
908250
383963
908253
121821
908256
121824
121826
908259
908262
121830
908265
121834
908268
121836
121837
908271
908274
121844
908277
908282
121850
121851
646139
908285
121854
908288
121856
121857
908291
646147
908294
908297
121866
646155
908300
121869
908303
121872
908306
646163
908309
121877
121879
908312
121882
908315
908318
121886
908321
908324
121894
908327
908330
121898
908333
121902
908336
121905
908339
908342
121910
908345
121914
121915
908348
121918
908351
121921
908354
908357
908360
121930
908363
121933
908366
121936
908369
121937
908372
121942
908375
908378
121946
908381
121950
908384
908387
908390
908393
908396
121966
908399
908402
121971
908405
121975
908408
121976
121977
908411
908414
121982
908417
121985
646275
908420
121988
121989
908423
121992
908426
646283
908429
121998
121999
908432
908435
908438
122007
908441
122009
122010
908444
122013
908447
122016
908450
122019
908453
908456
908459
122027
908462
908465
122035
908468
122038
908471
122040
908474
122042
908477
122045
122047
908480
646336
122049
908483
122051
122053
908486
908489
122057
122058
908492
122060
908495
122063
646351
122065
908498
908501
122069
122071
908504
122072
908507
122076
908510
122078
908513
122083
908516
122085
122086
908519
908522
908525
122093
122095
908528
122097
908531
122099
908534
908537
908540
122108
122110
908543
122111
908546
908549
122118
908552
122120
908555
122124
908558
122128
908561
122129
122131
908564
122134
908567
122137
908570
908573
122141
908576
908579
908582
122150
908585
908588
122156
122158
908591
122160
908594
122164
908597
908600
908603
122171
908606
122175
908609
122179
908612
908615
122184
122185
908618
122187
122188
908621
122190
908624
122193
908627
122195
908630
122199
122200
908633
122203
908636
122205
908639
122209
908642
122210
908645
908648
908651
122219
122221
908654
908657
122225
908660
122230
908663
122232
908666
122234
908669
122237
908672
122242
908675
122245
908678
122248
908681
122250
908684
122252
908687
908690
122258
122260
908693
122261
908696
122264
908699
122269
908702
122272
908705
122273
384419
908708
908711
646567
122280
908714
122283
908717
384430
908720
908723
908726
122295
908729
384441
122298
908732
122300
908735
908738
122306
122308
384452
908741
122311
908744
908747
122317
908750
122319
384463
908753
122322
908756
122325
908759
122329
908762
122330
384474
908765
122333
908768
122337
908771
122341
908774
122343
908777
384492
122349
908782
908784
908787
908790
646646
384503
122360
908793
908796
122365
908799
908802
384514
122371
908805
122374
122375
908808
122377
908811
122380
384525
908814
908817
908820
122390
908823
384536
908826
122394
908829
122398
122399
908832
908835
122403
384547
908838
908841
908844
122412
384558
908847
122416
908850
122419
122420
908853
908856
122424
384569
908859
122428
122429
908862
122431
908865
122434
646722
908868
122436
384580
908871
122441
908874
122444
908877
908880
908883
122452
908886
122455
122456
908889
384602
122459
908892
122461
908895
122463
908898
122466
908901
384613
122471
908904
122474
908907
908910
122478
122479
384624
908913
122481
908916
122485
908919
122487
122489
908922
908925
122494
908928
122496
122498
908931
122500
908934
122502
908937
122505
122507
908940
122509
908943
122512
122513
908946
122515
908949
122517
122519
908952
908955
122524
122525
908958
122528
908961
908964
122532
908967
122536
908970
908973
908976
122545
908979
646836
908982
908985
122554
908988
122558
908991
122560
122561
908994
908997
122565
122567
909000
122570
909003
909006
122575
909009
122579
909012
909015
122583
909018
122586
909021
122589
909024
122593
909027
122596
909030
909033
122601
909036
122604
122605
909039
122608
909042
122612
909045
122613
909048
909051
122621
909054
909057
122626
646914
909060
909063
122633
909066
646922
122636
909069
122638
909072
122641
909075
122644
122645
909078
122647
122648
909081
122651
909084
909087
122655
909090
122659
909093
909096
122665
909099
122667
122669
909102
122670
909105
122675
909108
909111
122679
909114
122682
909117
909120
122688
909123
122693
909126
122695
909129
122697
909132
909135
122703
909138
122706
122708
909141
122710
909144
122714
909147
122716
647004
909150
122720
909153
122722
909156
909159
122727
909162
122730
909165
122734
122735
909168
122737
909171
122740
909174
909177
122746
909180
909183
122751
122753
909186
909189
122758
909192
122761
909195
122764
909198
122768
909201
122769
909204
122772
122773
909207
909210
122780
909213
909216
122784
909219
122789
909222
122792
909225
122793
122795
909228
909231
122799
647087
122800
909234
122803
909237
122805
909240
122809
909243
122812
909246
647102
909249
122817
909252
122820
909255
122823
122825
909258
909261
122831
909264
122833
909267
122835
122837
909270
909273
122841
909276
122844
122845
909279
122848
909282
122850
909285
122855
909288
122857
909291
122859
122861
909294
122863
122864
909297
909300
122870
909303
122872
122873
909306
122876
909309
122878
909312
122881
909315
122885
909318
122886
909321
122890
909324
909327
122896
909330
122898
122899
909333
122902
909336
909339
122909
909342
122910
909345
122913
909348
122918
909351
909354
909357
122925
122926
909360
122928
122930
909363
122932
909366
122934
909369
122937
122938
909372
122941
909375
909378
122946
909381
122951
909384
122954
909387
122956
909390
122958
909393
122962
122963
909396
909399
122968
909402
909405
122974
909408
122978
909411
122980
909414
122983
122984
909417
122987
909420
122990
909423
122992
909426
122994
385139
909429
122997
909432
123000
909435
123004
909438
909441
123009
123011
909444
909447
123015
647304
909450
909453
123021
909456
647312
123025
909459
123027
123029
909462
909465
123033
909468
123036
123038
909471
123040
909474
123044
909477
123045
909480
909483
123051
123052
123053
909486
909489
123057
909492
123060
909495
123064
909498
123066
647354
909501
123070
123071
909504
909507
123076
909510
123078
123079
909513
909516
123084
909519
909522
909525
123095
909528
123097
909531
909534
123102
123103
909537
123106
909540
909543
123111
909546
123116
909549
123117
909552
123121
909555
123123
909558
123126
909561
647418
909564
123133
909567
123136
909570
909573
123141
647431
909576
123144
123146
909579
123147
909582
123150
909585
123154
909588
123157
909591
123160
909594
123164
909597
123167
909600
123168
909603
123173
909606
909609
123177
123178
647467
909612
123180
123181
909615
123185
909618
123187
909621
123190
909624
909627
123195
123197
909630
123198
123200
909633
123201
123203
909636
123205
909639
123207
909642
123212
909645
123213
909648
123217
909651
123220
909654
123222
909657
123226
909660
123229
909663
123232
909666
123235
909669
123237
123239
909672
123241
909675
909678
123246
909681
123249
123251
909684
123254
909687
909690
123258
909693
123263
909696
123265
909699
123268
909702
123270
909705
123273
123275
909708
123278
909711
123279
909714
123284
909717
123287
909720
123289
909723
123291
909726
123294
123296
909729
909732
123300
647590
909735
909738
123306
909741
123309
123310
909744
123312
123314
909747
123315
909750
123319
909753
123322
647611
909756
123325
909759
123327
123329
909762
123330
647619
909765
123333
123335
909768
123337
909771
647627
123340
909774
909777
123345
909783
123352
909786
909789
909792
123360
123362
909795
123365
909798
123367
123368
909801
123370
909804
123372
123373
909807
123377
909810
909813
123382
123383
909816
123386
909819
123388
909822
123390
123392
909825
123394
909828
647684
123398
909831
123401
909834
123404
647692
909837
123406
909840
123408
123410
909843
123413
909846
123414
123416
909849
123418
909852
123422
909855
647711
123424
909858
123427
123428
909861
123431
909864
909867
123436
123437
909870
123440
909873
909876
123445
909879
123447
647737
909882
123450
123451
909885
123455
909888
123457
909891
909894
123463
909897
909900
123468
123470
909903
123471
909906
123474
123476
909909
123479
909912
123481
123482
909915
123483
909918
909921
123489
123491
909924
909927
123495
647783
385641
909930
123498
909933
123501
909936
647794
909939
123507
123508
385652
909942
909945
909948
123516
909951
385663
123520
909954
123523
909957
123527
909960
123528
123530
385674
909963
123531
123533
909966
909969
123538
909972
123541
385685
909975
909978
909981
123550
909984
385696
909987
909990
909993
123561
123563
385707
909996
123565
123566
909999
123569
910002
910005
123573
910008
123577
910011
910014
123584
910017
910020
123589
910023
910026
123594
910029
123599
910032
123602
910035
123604
910038
123608
910041
123610
123611
910044
123613
910047
123616
910050
123618
123619
910053
123622
123623
910056
123626
910059
910062
123632
910065
910068
123638
910071
123639
910074
123643
910077
910080
910083
910086
123656
910089
910092
123661
123662
910095
123664
910098
123666
910101
123669
123671
910104
123674
910107
123676
910110
123678
647967
910113
910116
123684
910119
647975
123688
123689
910122
123692
910125
910128
910131
123699
910134
123703
910137
123705
385850
910140
123708
123710
910143
123713
910146
123715
910149
123717
910152
123721
910155
123724
910158
123726
910161
123730
648018
910164
123733
910167
123735
123736
910170
123740
910173
123743
910176
123744
910179
123747
910182
123751
910185
123754
123755
910188
910191
123759
910194
123763
910197
123765
910200
123769
910203
910206
123774
123775
910209
123778
910212
648068
123782
910215
910218
123788
910221
910224
910227
123797
910230
123799
910233
910236
910239
910242
123810
910245
910248
123816
123818
910251
123821
910254
123824
910257
123826
910260
123829
123830
910263
123832
910266
123834
123836
910269
123837
910272
910275
910278
123846
910281
123849
123851
910284
910287
123857
910290
123860
910293
123863
910296
123864
910299
123867
910302
123871
910305
123874
910308
123878
910311
123879
910314
123882
910317
123885
910320
123888
648176
123889
910323
123892
910326
123894
910329
123897
910332
123901
910335
123903
123904
910338
123907
910341
123910
910344
123912
910347
123915
910350
123918
910353
123921
123923
910356
123926
910359
123928
910362
123931
910365
123933
648221
123934
910368
910371
123939
123941
910374
123942
648231
123944
910377
123946
910380
123949
910383
123953
910386
123955
910389
123958
910392
123962
910395
910398
123968
910401
123970
910404
123974
910407
123976
910410
123978
910413
123981
910416
123984
123986
648274
910419
910422
123991
123992
910425
910428
123996
910431
386143
648287
124001
910434
124003
910437
124006
910440
124008
124010
910443
124012
910446
124015
910449
124017
910452
910455
124023
124025
910458
124028
910461
910464
124032
910467
124035
124036
910470
124038
124040
910473
124041
910476
124045
124046
910479
124048
910482
124050
910485
124053
910488
124056
124058
910491
910494
124062
124063
910497
124066
910500
124068
648356
910503
124071
124073
910506
910509
124079
910512
124081
910515
124084
910518
124088
910521
124089
910524
124092
648382
910527
124097
910530
910533
124102
648390
910536
124104
910539
124107
910542
124110
124111
910545
124113
124114
910548
124116
910551
124119
124120
910554
124122
124123
910557
910560
124128
910563
124133
910566
648422
124136
910569
910572
124141
910575
124144
124145
910578
124148
910581
124151
910584
124153
910587
124157
910590
386304
910593
910596
124164
124166
910599
910602
124170
386315
124172
910605
124173
910608
124176
124178
910611
910614
124182
910617
910620
910623
124191
910626
910629
124197
124198
910632
910635
124203
910638
124207
124208
910641
910644
124212
124213
124214
910647
910650
124218
910653
910656
124226
386370
910659
124227
124229
910662
124232
910665
124233
910668
910671
648527
910674
124242
124243
910677
124246
910680
124248
910683
124251
910686
124255
910689
124259
910692
124262
910695
124263
910698
124268
910701
124270
910704
124272
910707
648563
124276
910710
910713
124282
124283
910716
124285
910719
124289
910722
910725
124293
910728
124297
910731
910734
910737
124307
910740
124309
910743
124313
910746
124314
124316
910749
124319
910752
124322
910755
648611
910758
910761
124331
910764
124332
910767
124337
910770
910773
124342
124345
910778
910781
124349
910784
124353
124354
910787
124356
910790
124358
124359
910793
124362
910796
124365
910799
124368
910802
124371
910805
124373
910808
124377
910811
124380
910814
124383
124384
910817
124387
910820
124389
124390
910823
124393
910826
124395
910829
910832
124401
910835
124405
910838
124407
124408
910841
124410
124411
910844
124412
648701
910847
124415
910850
124420
910853
910856
124425
910859
124428
124429
910862
124431
910865
124434
124435
910868
910871
124439
910874
124443
910877
910880
124450
910883
124452
910886
124454
124455
910889
124458
910892
124460
910895
124463
910898
124467
124468
910901
124471
910904
124474
910907
124477
910910
124478
910913
124482
910916
124485
910919
124489
910922
910925
124494
910928
124498
910931
124500
910934
124503
910937
124507
910940
124509
910943
124512
910946
124514
124515
910949
124519
910952
124520
910955
124523
910958
124526
910961
124530
124531
910964
124534
910967
910970
124538
910973
124542
124543
910976
910979
124548
910982
124550
910985
124553
124555
910988
910991
124561
910994
124562
386706
910997
124567
911000
911003
124571
124573
648861
911006
124576
911009
124577
911012
911015
124583
911018
124586
124588
911021
124589
911024
124592
911027
124595
124597
911030
911033
124601
911036
124605
911039
124607
911042
124610
124612
911045
124615
911048
124616
124618
911051
124620
124621
648909
911054
124623
911057
124625
911060
911063
124632
124633
911066
124636
911069
911072
124640
911075
911078
911081
124650
911084
124653
124654
911087
124656
911090
911093
124662
911096
911099
911102
124671
124672
911105
911108
124677
911111
124679
124681
911114
911117
124685
911120
124688
124689
911123
124691
124692
911126
124694
911129
124697
911132
124702
911135
911138
124707
911141
124709
124711
911144
911147
124715
124717
911150
911153
911156
124724
911159
124728
124729
911162
124731
911165
124734
911168
124736
124737
911171
124741
911174
124742
124744
911177
124745
124747
911180
911183
124752
911186
124755
911189
649047
911192
124760
124761
911195
124765
911198
124768
911201
124771
911204
124773
911207
124775
911210
124778
911213
124782
911216
124786
911219
124788
911222
124791
911225
124793
911228
911231
124799
911234
911237
124807
911240
649096
911243
124811
911246
124814
649104
911249
124817
124818
911252
124821
911255
124823
124825
911258
911261
124829
911264
124833
386977
649121
911267
124836
911270
124840
911275
649131
124844
911277
911279
124847
124848
911281
124850
911283
124851
911285
124853
649141
911287
386999
124856
911289
124857
911291
911293
124861
911295
124863
649151
124864
911297
911299
124868
911301
911303
124871
911305
124873
124874
911307
911309
124877
911311
124880
911313
124881
911315
124883
911317
911319
124888
911321
911323
124891
911325
911327
124895
124896
911329
911331
124899
911333
124902
911335
124903
911337
124905
911339
124908
911341
124910
911343
124912
911345
911347
124916
911349
124918
911351
911353
911355
124923
911357
124926
911359
911361
124929
911363
124931
911365
124933
911367
911369
124938
911371
124939
911373
124941
911375
911377
911379
911381
124950
911383
911385
124953
911387
124955
911389
911391
124959
911393
124961
911395
124963
911397
911399
911401
124969
911403
124971
911405
911407
124976
911409
911411
124979
911413
124981
124982
911415
911417
124986
911419
124987
911421
124990
911423
911425
124993
911427
911429
124997
124998
911431
911433
125001
911435
911437
125006
911439
125008
911441
911443
911445
125013
911447
125016
911449
911451
911453
911455
387167
911457
125025
125026
911459
911461
125029
911463
911465
125034
911467
911469
125038
911471
911473
911475
125043
911477
911479
125047
911481
911483
125052
911485
911487
387199
911489
911491
125059
911493
125062
911495
387207
125064
911497
911499
911501
911503
387215
911505
125073
911507
911509
911511
125079
911513
125081
911515
911517
125085
911519
125088
911521
125089
911523
125092
911525
387237
125094
911527
911529
125098
911531
125099
911533
911535
125103
911537
125106
911539
911541
125109
911543
125111
911545
911547
125115
911549
911551
125120
911553
911555
911557
125125
911559
125128
911561
125129
911563
125132
911565
125133
911567
125136
911569
125137
911571
125139
125140
911573
911575
125144
911577
125146
911579
125148
911581
125149
911583
911585
911587
125156
911589
911591
125159
911593
125161
125162
911595
125163
911597
911599
911601
125170
911603
125171
911606
125174
911609
125177
125178
911612
125181
911615
125185
911618
911621
125190
649479
911624
125192
911627
125195
125197
911630
911633
911636
125204
911639
125209
911642
125211
911645
125214
125215
911648
125218
911651
125220
911654
911657
125227
911660
125228
125230
911663
125232
911666
125234
911669
125237
911672
125242
911675
911678
125247
125248
911681
125250
125251
911684
911687
649543
125256
911690
125258
125259
911693
125262
911696
125264
125266
911699
125268
911702
911705
125273
125275
911708
125277
911711
125280
125281
911714
125284
911717
125286
911720
911723
125292
911726
125294
125295
911729
125298
911732
125301
911735
125303
911738
911741
125309
125310
125311
911744
125313
911747
125316
911750
125319
911753
125323
911756
911759
125328
911762
911765
125333
125334
911768
125337
125338
911771
125339
125341
911774
125342
911777
125347
911780
125349
911783
911786
125355
911789
125357
911792
125362
911795
125364
125365
911798
125367
125368
911801
649658
911804
911807
125375
125377
911810
911813
125381
125383
911816
125385
911819
125388
125389
911822
125390
125392
911825
125395
911828
125397
911831
125399
911834
911837
125405
911840
125408
125410
911843
911846
125414
911849
125417
911851
911853
125422
911855
911857
125425
125426
911859
911861
125429
911863
125432
911865
911867
125436
911869
911871
911873
125441
911875
125444
911877
911879
125447
125448
911881
911883
911885
911887
125456
911889
911891
911893
125461
911896
125466
911899
125469
911902
911905
125473
911908
125477
911911
125479
911914
125482
911917
125485
125486
911920
125489
125490
911923
125493
911926
125496
911929
125498
911932
125501
911935
125503
125505
911938
125507
911941
911944
125512
911947
125515
649803
911950
125520
911953
125523
649811
911956
911959
125527
911962
911965
125535
911968
911971
125539
911974
911977
125546
911980
125549
911983
911986
125556
911989
125558
911992
125560
911995
125565
911998
125568
912001
912004
125574
912007
125575
912010
125580
912013
125581
912016
125585
912019
125588
912022
912025
125593
912028
125596
125597
912031
125599
125601
912034
912037
125605
912040
912043
125611
125613
912046
125615
912049
125618
912052
912055
912058
912061
125630
912064
125632
125634
912067
912070
125638
125640
912073
125641
649930
912076
125645
125646
912081
125651
912084
912087
125656
912090
125658
912093
125663
912096
125665
912099
125668
912102
125671
912105
125673
125675
912108
125677
912111
912114
125684
912117
125687
912120
125689
912123
125692
912126
125695
912129
125699
912132
125702
912135
125703
912138
912141
125709
125711
912144
125713
912147
125716
912150
125718
912153
125721
125722
912156
125725
912159
912162
125731
125732
912165
125735
912168
912171
125739
125741
912174
125743
912177
912180
912183
912186
125754
912189
125758
125759
912192
125761
912195
125763
125765
387909
912198
912201
125770
912204
125772
912207
125777
912210
125778
125780
912213
125782
912216
125785
912219
912222
125790
912225
125794
912228
125796
912231
125801
912234
125804
912237
125807
912240
125809
125810
912243
125812
125813
912246
125815
912249
125818
125819
912252
125821
912255
125825
912258
125826
125828
912261
125829
912264
125834
912267
125837
912270
912273
125843
912276
125845
912279
125847
912282
125851
912285
125853
125855
912288
125856
125858
912291
912294
912297
125866
912300
912303
125873
912306
125874
912309
125877
912312
125881
912315
125883
912318
125886
912321
125889
912324
125892
125893
912326
125895
912328
125897
912330
912332
912334
125903
912336
125905
912338
125907
912340
125909
912342
125911
912344
912346
125914
125915
912348
912350
125919
912352
912354
125922
650210
912356
125925
912358
912360
912362
912364
650220
912366
125934
912368
125938
912371
912374
125942
650230
912377
125945
912380
125948
650238
912383
125951
912386
125956
912389
125959
912392
912395
650251
125965
912398
125967
912401
912404
125974
912407
125976
912410
125980
650268
912413
125983
912416
125985
125986
912419
125987
912422
125991
912425
125995
912428
125998
912431
126000
912434
126002
912437
126006
912440
126009
912443
126011
912446
126015
912449
912452
912455
126024
912458
126026
126028
912461
912464
126032
126034
912467
126036
912470
126039
912473
126042
912476
912479
126047
912482
126051
126052
912485
912488
126056
912491
126059
912494
126062
126063
912497
126066
912500
126068
126070
650358
912503
912506
912509
126077
912512
126081
912515
126085
912518
912521
912524
126092
912527
126096
126097
912530
912533
126102
126103
912536
126105
912539
126107
912542
126112
912545
126113
912548
126118
912551
126120
912554
126125
912558
912561
126129
126131
912564
912567
912570
912573
126142
912576
126144
126146
912579
912582
126150
912585
126154
912588
126156
126158
912591
126161
912594
126163
912597
126165
126166
912600
126170
912603
126172
912606
912609
388321
912612
126181
912615
126184
912618
912621
126191
912624
126193
126194
912627
912630
126198
912633
126202
912636
912639
126207
126209
912642
126210
126212
912645
126213
912648
126216
126217
912651
126219
388363
912654
126224
912657
912660
126228
912663
912666
126235
912669
126237
912672
126240
912675
126244
912678
126246
126248
912681
126250
912684
126252
912687
126256
912690
126258
126259
912693
912696
126265
912699
126268
912702
126271
912705
126273
126274
912708
126276
126278
912711
126281
912714
912717
912720
126288
912723
126291
912726
126295
912729
126299
912732
126300
912735
912738
912741
126309
912744
126314
912747
126316
912750
126319
912753
912756
126324
126325
650614
912759
912762
126331
912765
126334
912768
126338
912771
126341
912774
912777
912780
126348
912783
126352
126353
912786
912789
126358
912792
126360
912795
126363
912798
126368
912801
126370
126371
912804
912806
126374
912808
388520
126377
912810
126378
912812
912814
126383
912816
126384
912818
912820
126389
912822
126390
912824
126392
912826
126395
912828
912830
126398
912832
912834
126402
126403
912836
912838
126407
912840
126408
912842
912844
912846
388558
912848
126417
912851
912854
126422
126423
912857
126426
388571
912860
126429
126430
912863
912866
126435
912869
912872
126440
126442
912875
126444
912878
126447
388592
912881
912884
126452
126453
650742
912887
126456
912890
126459
912893
126463
912896
126464
912899
126467
126468
912902
650758
126472
912905
126475
912908
912911
912914
126482
126483
912917
126485
912920
126488
650777
912923
126492
126493
912926
126495
126496
388640
912929
912932
126500
126502
912935
388648
912938
126506
912941
126511
912944
126512
912947
126515
912950
912953
126521
912956
126525
912959
126529
912962
126532
912965
912968
126537
912971
126540
912974
126542
650832
912977
126546
912980
126548
126550
912983
912986
126554
912989
126559
912992
126561
912995
126563
912998
126567
913001
126569
913004
126574
913007
126577
913010
126578
913013
126581
650871
913016
126585
913019
126589
913022
126591
913025
126595
913028
126597
913031
126599
126602
388746
126603
913037
126605
126607
913040
913043
126611
913046
126614
126616
913049
126619
388763
913052
126622
913055
126624
913058
126627
913061
126629
126630
388774
913064
126632
913067
913070
126638
126639
913073
913076
126644
913079
126648
126649
913082
126652
913085
126655
913088
913091
126661
913094
650950
126664
913097
126666
126667
913100
913103
126671
913106
650963
126676
913109
388821
126678
913112
126681
126682
913115
126684
913118
126687
126688
913121
126690
126691
913124
126694
913127
913130
126698
913133
913136
126706
913139
913142
126710
388854
126712
913145
913148
126716
126718
913151
126719
913154
126723
126724
913157
913160
126729
913163
126732
913166
126734
388880
913169
126737
126739
913172
126740
126741
913175
126743
913178
126747
913181
126749
126751
913184
913187
388900
913190
126759
913193
126761
126762
913196
126765
913199
388911
913202
126772
913205
126775
913208
126778
913211
126779
126781
913214
126783
913217
913220
126789
913223
126791
126792
913226
126794
913229
126798
913232
913235
126803
913238
126808
388952
913241
126809
126811
913244
126814
913247
126816
913250
388963
913253
126821
913256
913259
126827
126829
913262
126831
913265
126834
913268
126836
913271
913274
913277
388989
126846
913280
913282
126850
126851
913284
913286
913288
913290
126858
913292
126860
913294
913296
126864
913298
126866
913300
913302
126871
913304
126873
913306
913308
913310
913312
126881
913314
389026
126883
913316
913318
913320
913322
126891
913324
913327
126896
913330
126900
389044
913333
126901
913336
126904
913339
126908
913342
126911
389055
913345
126914
913348
126916
913351
126919
913354
126922
126924
913357
126926
913360
913363
126933
913366
126936
913369
126938
913372
126940
389084
126941
913375
126943
126944
913378
126947
126948
389092
913381
913384
126952
913387
126956
913390
126958
913393
126961
651250
913396
913399
126967
126968
913402
126970
913405
126974
389118
913408
126977
913411
913414
126982
913417
126985
913420
126988
651276
126989
913423
126991
913426
913429
913432
127001
913435
389148
127005
913438
127006
913441
127010
913444
127012
127014
913447
127016
127017
913450
127020
389164
913453
913456
651314
913459
127028
913462
127030
127032
913465
127033
127035
913468
389181
127038
913471
913474
127042
913477
127046
913480
127048
913483
651340
127053
913486
913489
127058
913492
127060
651348
913495
913498
127066
127067
913501
913504
127072
913507
127075
651365
127078
913512
127080
913514
127084
913517
127086
127087
913520
127088
913523
127093
913526
389239
913529
127098
913532
127102
913535
913538
127106
127108
913541
127111
913544
127112
389256
913547
127117
913550
127119
913553
127122
127123
389267
913556
651413
913559
913562
913565
127135
913568
127138
913571
127140
913574
127142
913577
127145
913580
913583
913586
127155
127156
389300
913589
127157
913592
127160
913595
127163
913598
127168
913601
913604
127173
651461
913607
127176
913610
127178
127180
913613
127182
389327
913616
127186
913619
127188
913622
127192
913625
127194
913628
913631
913634
127202
913637
127206
913640
127208
913643
913646
127215
127216
913649
389361
127219
913652
913655
389368
913658
913661
127230
913664
127232
389376
913667
127235
127237
913670
127238
127240
913673
127243
913676
127245
913679
127248
913682
127250
913685
913688
127256
913691
127259
127261
913694
913697
651554
913700
127268
913703
127271
913706
127274
913709
127279
913712
127281
127282
913715
127284
913718
127287
913721
913724
127293
913727
913730
127298
127300
913733
913736
127304
913739
127309
913742
913745
127315
913748
127316
127318
913751
127321
913754
913756
913758
127327
913760
127329
913762
127331
389475
913764
913766
913768
127337
913770
913772
127340
913774
127342
913776
913778
913780
127349
913782
127351
913784
127353
913786
913788
913790
127358
913792
913794
127362
913796
913798
127367
913801
127369
913804
127372
127373
913807
127375
913810
127378
127380
913813
127382
127383
913816
127385
913819
127387
913822
127390
913825
389537
127394
913828
127396
127398
913831
913834
127402
127403
913837
127407
913840
913843
127412
913846
127416
913849
127419
913852
913855
127423
127424
913858
913861
127429
913864
127432
127434
913867
913870
127440
913873
913876
913879
913882
127451
913885
127453
913888
127457
913891
127459
127461
913894
913897
127465
127467
913900
127469
913903
127471
127473
913906
127474
651762
913909
127478
127479
913912
127481
913915
127483
127485
913918
651774
913921
127489
913924
127492
913927
913930
127499
913933
127501
913936
127506
913939
913942
127510
127512
913945
127514
913948
127516
127518
913951
127521
913954
127523
913957
127525
913960
913963
913966
127534
127535
913969
127539
913972
127540
127542
913975
913978
127547
913981
127550
913984
127553
913988
127556
913991
913994
651850
913997
914000
127570
914003
127572
914006
127574
127575
914009
127578
651866
127579
914012
914015
127583
914018
651874
127588
914021
127590
914024
127593
651882
914027
914030
127598
914033
914036
127605
914039
127607
914042
127610
914045
127615
914048
914051
914054
127624
914057
914060
127629
914063
127632
914066
127636
914069
127638
914072
914075
127645
914078
127647
914081
127651
914084
127654
914087
127656
914090
127659
914093
127662
914096
127666
914099
127667
914102
127670
127671
914105
127674
914108
127677
914111
127679
127680
914114
127683
651971
914117
127686
914120
127688
127690
914123
127693
914126
127696
914129
127697
127699
914132
127700
651990
914135
127703
127704
914138
914141
127709
914144
127714
914147
127716
914150
127719
914153
127722
127723
914156
127725
914159
914162
127730
914165
127733
914168
914171
127739
127741
914174
127744
914177
127746
914180
127750
914183
127753
914186
127756
914189
914192
127761
914195
127763
914198
127767
914201
914204
914207
127777
914210
389924
914213
127782
127783
914216
914219
914222
127790
127792
914225
127794
914228
389940
914231
914233
914235
127804
914237
914239
127807
127808
914241
127810
914243
914245
127813
914247
127816
914249
127818
914251
127820
914253
914255
127823
914257
127825
914259
127827
914261
127829
914263
127831
914265
127834
914267
127836
389980
914269
127838
914271
127839
127840
914273
127842
914275
914278
127846
914281
127849
389993
914284
914287
127856
914290
914293
914296
127864
390009
914299
127867
127868
914302
127871
127872
914305
127873
390017
914308
914311
127879
127880
390025
914314
127882
127884
914317
127886
914320
127888
914323
127893
914326
914329
127898
914332
914335
390048
914338
127906
914341
127910
127911
914344
127914
914347
127917
914350
127918
127920
914353
127923
914356
127925
914359
127928
914362
127930
914365
127933
914368
127937
914371
127940
914374
127942
914377
127945
914380
127949
914383
127952
914386
127954
914389
127957
127958
914392
127960
914395
127964
127965
914398
127967
127968
914401
914404
914407
127975
127977
914410
127980
914413
127981
914416
127985
914419
127987
127989
914422
127992
914425
127995
914428
914431
127999
914434
128002
914437
652293
914440
128008
914443
128011
128013
914446
128015
128016
914449
128018
914452
128021
914455
128023
914458
128026
914461
128030
128032
914465
652321
914467
128035
128037
914470
914473
128041
914476
128044
128046
652334
914479
914482
128050
914485
128053
128054
914488
128056
914491
914494
128062
914497
128066
914500
914503
128071
914506
128074
128076
914509
128078
914512
128082
914515
128083
128085
914518
652374
128088
914521
128090
914524
128093
914527
128096
128097
914530
128100
914533
128101
914536
128104
914539
914542
914545
128113
914548
914551
914554
128122
914557
128126
914560
128129
914563
128132
914566
914569
128138
128139
914572
914575
914578
128146
914581
914584
128154
914587
128155
914590
128159
914593
128162
914596
128166
914599
128168
914602
128172
652460
914605
128174
914608
128176
914611
914614
914617
128186
914620
128188
128190
914623
128193
914626
914629
128197
914632
914635
128203
914638
128206
128208
914641
128211
914644
128213
914647
128215
914650
128220
914653
914656
128225
914659
128227
128228
914662
128230
914665
914668
128236
128238
914671
914674
128244
914677
128246
914680
128249
914683
128252
914686
128254
652543
128256
914689
128259
914692
914695
128263
914698
128267
128268
914701
128271
914704
128274
914707
914710
914712
128281
914714
914716
128285
914718
914720
914722
914724
128293
914726
128294
128295
914728
914730
128298
914732
128300
914734
914736
914738
914740
128309
914742
914744
128312
914746
128315
914748
128317
914750
914752
128321
914754
128322
914757
914760
128328
914763
128332
128333
914766
914769
128337
128338
914772
128340
914775
128343
914778
128346
914781
128349
128350
914784
128353
914787
128355
128356
914790
914793
128363
914796
128366
914799
914802
128370
914805
128375
914808
128376
390520
914811
128379
914814
914817
128386
914820
128389
128390
914823
128393
914826
914829
128398
128399
914832
128401
914835
128405
914838
914841
128410
914844
128414
914847
128415
128417
914850
128420
914853
128421
128423
914856
128425
914859
128427
128429
914862
128432
914865
914868
128436
128437
914871
128439
128440
914874
128443
914877
128446
914880
128448
128449
914883
128451
128453
652741
914886
914889
128459
914892
914895
914898
914901
652758
914904
128474
914907
914910
128479
128480
914913
128482
914916
128485
914919
128488
914922
652778
914925
914928
128496
128498
914931
128500
914934
128502
914937
128505
128508
128509
914942
128511
914945
128515
914948
128516
128518
914951
128521
914954
128522
128524
390668
914957
914960
128528
128530
914963
128531
914966
128534
128536
914969
128538
914972
128542
914975
914978
128547
914981
128549
914984
128553
914987
914990
128558
914993
128561
128563
914996
128565
914999
915002
128571
915005
128573
652861
915008
128578
915011
128580
652869
915014
128583
915017
128585
128587
915020
652877
915023
128592
915026
128595
915029
128599
915032
128601
915035
128604
915038
128606
128608
915041
128610
915044
128612
915047
128617
915050
128618
128620
915053
128621
128623
915056
128624
128626
915059
128629
915062
128632
915065
128635
915068
128637
915071
128639
128641
915074
128644
915077
128646
915080
128649
915083
128653
915086
128656
915089
128659
915092
128661
652949
915095
128663
915098
128666
128667
915101
128670
915104
128673
915107
915110
128679
915113
915116
915119
915122
128690
915125
128693
128694
915128
128697
915131
128699
128701
915134
128703
915137
128705
915140
128709
915143
915146
128714
915149
128717
915152
128721
915155
915158
128726
915161
128731
915164
128732
915167
128735
915170
128739
915173
128742
128743
915176
128745
915179
128747
128749
915182
128750
915185
128753
915187
128756
915189
128757
915191
128760
915193
915195
128763
915197
128765
915199
128768
915201
915203
128771
915205
915207
128775
915209
128778
915211
128779
915213
128781
915215
128783
915217
915219
915221
915223
915225
915227
128795
915229
128798
915232
128800
128802
915235
128804
915238
915241
128810
915244
128814
915247
915250
128819
915253
128821
128823
915256
128826
915259
128828
915262
128830
128832
915265
128834
915268
128838
915271
128839
128841
390985
915274
128843
915277
128845
128847
915280
915283
915286
128854
128856
915289
128858
915292
128862
915295
128864
915298
128866
128867
915301
128869
915304
915307
128876
915310
915313
128882
915316
915319
128887
915322
128890
915325
128894
915328
915331
128899
915334
128902
128903
915337
128905
128906
915340
915343
128912
915346
128914
915349
128918
915352
915355
128925
915358
128928
653216
915361
915364
128932
915367
128935
128937
915370
915373
128942
915376
128946
915379
915382
128950
128952
915385
915388
128958
915391
915394
391107
915397
128965
915400
915403
128973
915406
128975
915409
128977
128980
391125
128982
915415
915417
128985
128986
915420
128988
128990
915423
128991
915426
128994
128996
915429
391143
915432
129000
129002
915435
129004
129005
915438
391150
129007
653295
915441
129010
915444
129013
915447
653303
915450
129020
915453
129022
129023
915456
915459
129027
915462
129030
129031
915465
129033
129035
915468
129037
129038
915471
129041
915474
129044
915477
129047
915480
129048
915483
129051
129052
915486
129054
915489
915492
915495
129063
391207
129065
915498
129068
915501
129071
915504
129072
915507
129075
129076
915510
129078
915513
129082
915516
129085
129086
915519
391232
915522
129091
915525
129095
915528
129098
915531
129099
129101
915534
129104
915537
915540
915543
129111
915546
129114
653404
915549
129118
915552
129120
915555
129124
915558
129127
391271
915561
129129
915564
129134
915567
129135
915570
129140
915573
129143
915576
915579
129147
915582
129150
915585
129153
129155
915588
129156
915591
129159
129161
915594
915597
129166
129167
915600
915603
129172
915606
129174
129176
915609
129177
915612
129180
129182
915615
915618
129186
915621
391334
915624
129193
915627
915630
391342
129199
915633
129201
915636
129206
915639
915642
129210
129212
915645
129213
915648
915651
391363
915654
129224
915657
129226
129227
915660
129229
915662
915664
129232
915666
915668
129236
915670
915672
915674
915676
129244
915678
915680
915682
129251
915684
129253
915686
129255
915688
129257
653545
915690
915692
129260
915694
129262
915696
129264
653553
915698
129267
915700
129269
915702
129271
915704
129274
915707
915710
129278
129280
915713
129283
915716
129284
915719
129289
915722
915725
129293
915728
391440
129298
915731
129300
915734
915737
129305
915740
129308
915743
129311
915746
129316
915749
129317
915752
129321
915755
129324
915758
129328
915761
129330
915764
129332
915767
915770
915773
129342
915776
129345
915779
129347
915782
129350
915785
129353
129355
915788
129356
915791
129360
915794
915797
915800
129368
915803
129371
915806
129375
915809
129379
915812
915815
915818
129386
915821
915824
129392
915827
129395
915830
129399
915833
129401
915836
915839
129407
129408
915842
129410
129412
915845
129415
915848
129416
915851
129419
129421
915854
129424
915857
915860
129428
129430
915863
129433
915866
129435
915869
129437
915872
129440
915875
129443
915878
129446
915881
129449
129450
915884
129452
915887
129456
915890
129459
915893
129461
653749
129462
915896
129465
915899
129467
129469
915902
129471
915905
129474
915908
129478
915911
915914
129482
129484
915917
915920
129490
915923
129491
915926
129494
915929
915932
129500
915935
129505
915938
129508
915941
915944
129514
915947
129517
915950
129518
129520
915953
129521
915956
129526
915959
129528
391673
915962
129530
915965
915968
129536
129537
915971
129541
915974
129543
915977
391691
915980
129548
915983
653839
915986
129555
915989
129558
653847
915992
915995
129564
915998
129567
653855
916001
916004
129574
916007
129576
916010
129578
129579
916013
916016
129584
916019
391731
916022
129590
916025
129595
916028
129596
916031
129599
916034
129602
129604
916037
129605
916040
129608
916043
916046
391759
916049
129617
129619
653907
916052
129621
129622
916055
129625
916058
129628
916061
129631
916064
129634
916067
129636
916070
129640
916073
129642
916076
129645
916079
129648
129649
916082
916085
916088
129658
916091
129660
129661
916094
129664
916097
129665
916100
916103
916106
129676
916109
129678
916112
129681
916115
129683
916118
129688
916121
916124
129692
916127
391839
129696
916130
129698
129700
916133
129702
916136
916138
129706
129707
916140
916142
916144
129712
916146
129714
129715
916148
916150
129719
916152
391865
916154
916156
129724
129725
916158
916160
129729
391873
916162
916164
129733
916166
916168
129736
916170
129738
916172
916174
129743
916176
916178
129746
916180
391892
916183
129751
916186
129755
391899
916189
916192
129761
916195
129763
916198
129766
391912
916201
129769
129770
916204
129773
916207
129777
916210
129780
916213
916216
129786
916219
129789
916222
129790
129791
916225
129795
916228
129797
916231
129801
916234
129802
916237
129805
916240
129808
391953
129810
916243
916246
129816
916249
129818
916252
129820
129822
916255
129824
916258
129826
391971
916261
129829
916264
129832
916267
129835
916270
129840
916273
129842
916276
916279
129847
916282
129852
916285
129854
916288
129856
916291
129859
129861
916294
129863
916297
129867
916300
392012
916303
129871
129872
916306
654163
129876
916309
916312
129881
916315
916318
129886
916321
129889
129890
392035
916324
129892
129893
916327
916330
129899
916333
129903
916336
129904
916339
129909
916342
916345
916348
129917
916351
916354
129922
129924
916357
129926
916360
129929
916363
129933
916368
129936
916370
129939
392083
129940
916373
129942
916376
129944
654233
129946
916379
129948
916382
916385
129953
654241
916388
129957
392101
916391
916394
129963
916397
129965
129967
916400
654256
916403
129971
129972
916406
129974
916409
129977
916412
129980
129981
916415
129985
916418
129987
916421
916424
129992
916427
916430
129999
916433
130002
916436
130005
392149
916439
130007
916442
130010
130012
916445
916448
130017
916451
130019
130021
916454
916457
916460
130028
130030
916463
130033
916466
916469
130039
916472
392185
130042
916475
130044
916478
130046
916481
130049
130051
916484
916487
130057
916490
130058
916493
130061
392206
916496
916499
916502
130070
916505
130075
916508
130078
916511
130080
916514
392226
916517
130085
130086
916520
130089
916523
916526
130094
916529
130098
916532
916535
130103
130105
916538
130108
916541
916544
130112
130114
916547
130116
916550
130119
916553
130121
130123
916556
130126
916559
130128
916562
130132
916565
130134
916568
130138
916571
916574
130142
130144
916577
130146
916580
916583
916586
392299
916589
916592
130160
130162
916595
130163
916598
130168
916601
130171
916604
130174
916607
916610
130178
130179
916613
916615
130183
916617
916619
130187
916621
130190
916623
916625
916627
130196
916629
130198
916631
916633
130202
916635
916637
130205
916639
130207
916641
130209
916643
916645
130213
916647
916649
130217
916651
130219
916653
916655
130224
916657
130227
916660
130228
130230
916663
916666
130234
916669
130237
916672
130241
916675
916678
130247
916681
130250
916684
916687
130257
916690
130260
916693
916696
130265
916699
130269
916702
130271
916705
130275
916708
130278
916711
130280
916714
916717
130285
916720
916723
130291
916726
130296
916729
130299
916732
130302
916735
130305
916738
130308
916741
916744
130314
916747
916750
130318
130320
916753
130323
916756
130325
916759
130328
916762
130330
916765
916768
130338
916771
130340
916774
130342
654630
130344
916777
130345
916780
130348
130350
916783
130352
130353
916786
130356
916789
916792
916795
130365
916798
916801
130369
916804
130373
130374
916807
916810
130380
654668
916813
130381
130383
916816
130384
916819
130388
654676
916822
130391
916825
130393
916828
654684
916831
130400
916834
916837
916840
130408
130409
916845
916847
916850
130420
916853
916856
130425
130426
916859
654716
130429
916862
130432
916865
130433
916868
654724
130438
916871
130441
916874
130444
654732
916877
130445
916880
130449
916883
916886
130455
916889
916892
130460
130462
916895
130465
916898
916901
130470
916904
130472
916907
130477
916910
916913
130483
654771
916916
130486
916919
130488
916922
130491
916925
916928
916931
130501
916934
130502
130504
916937
916940
130509
916943
130512
916946
654804
916949
130518
916952
130521
916955
130524
654812
916958
130526
130527
916961
130529
130531
916964
130532
130534
916967
392680
130537
916970
916973
916976
130546
916979
130549
916982
916985
916988
130556
916991
130559
130561
916994
916997
917000
917003
130571
130573
917006
130576
917009
130579
917012
130581
917015
917018
130588
917021
917024
130592
130593
917027
130595
917030
130598
917033
917036
130605
917039
130608
917042
917045
130614
917048
130617
917051
130621
917054
130622
130624
917057
130626
917060
130628
130629
917063
917066
130634
917069
917072
917075
130644
917078
917081
130649
130650
917084
130652
917087
130656
917090
130659
917092
392805
917094
917096
130665
917098
917100
917102
130671
917104
130673
917106
917108
130677
917110
917112
130680
917114
917116
917118
130686
917120
130688
917122
917124
130692
654981
917126
130695
917128
130697
917130
130699
917132
917134
130703
917137
917140
917143
130713
917146
130716
917149
130717
655005
917152
130720
130721
917155
917158
130726
130727
917161
130729
130731
917164
130734
392878
917167
917170
130740
917173
130742
917176
130746
917179
130748
392892
917182
130751
917185
130753
130754
917188
917191
917194
130762
917197
130765
917200
917203
130771
130773
917206
130774
130776
917209
917212
130780
392924
130782
917215
917218
917221
130789
130791
917224
130793
917227
130795
130796
917230
130798
917233
130801
130802
917236
130806
917239
130809
917242
917245
130813
130814
917248
130816
917251
917254
130823
917257
130825
917260
130828
655117
917263
130832
130833
917266
130836
917269
130837
917272
917275
130844
917278
130847
917281
130849
917284
130852
130853
917287
130857
917290
130860
917293
130861
393005
917296
130864
917299
130867
130869
917302
130871
917305
130874
917308
130878
917311
917314
130883
917317
130886
130888
917322
917325
130893
130895
917328
917331
130900
917334
130904
917337
130906
130907
917340
130909
917342
917344
130912
917346
917349
130917
393063
917352
130921
917355
130924
917358
130928
917361
130930
130931
917364
917367
130936
917370
130940
917373
917376
130944
917379
130949
917382
917385
917388
130956
917391
130959
917394
130962
917397
130966
393111
917400
130968
917403
130972
917406
917409
130979
917412
130980
917415
130983
130985
917418
130986
917421
130990
917424
130992
130993
917427
130996
917430
393142
130999
917433
131003
917436
393150
917439
131007
131008
917442
131010
917445
917448
131016
917451
131019
917454
131022
393167
917457
131026
917460
917463
131032
393177
917466
131034
131036
917469
131038
917472
131041
917475
393187
131044
131045
917478
131047
917481
917484
131052
393197
131054
917487
917490
131058
917493
917496
917499
131069
917502
131071
917505
131073
131075
917508
131077
131078
917511
917514
131082
131083
917517
131086
917520
131088
131090
917523
131093
917526
917529
131097
917532
917535
131105
917538
131108
917541
131110
917544
917547
131117
917550
917553
131121
917556
131124
131125
917559
131128
131129
917562
131131
917564
917566
917568
917570
917572
131141
917574
131143
917576
917578
131146
917580
917582
131150
131151
917584
131152
917586
131155
917588
917590
131158
917592
131160
917594
917596
917598
131166
131167
917600
131169
917602
131171
917604
917606
131176
917609
131178
131179
917612
131182
917615
131185
917618
131187
917621
131189
655479
917624
917627
917630
131198
131200
917633
917636
917639
131207
917642
131211
917645
917648
917651
131221
917654
131222
917657
131226
917660
131229
917663
131232
917666
131235
917669
917672
131240
917675
131244
917678
917681
131249
655538
917684
917687
131255
917690
917693
917696
917699
131267
131269
917702
917705
131273
655562
917708
131276
131278
917711
131281
917714
655570
131283
131284
917717
917720
131289
917723
917726
131294
131295
917729
917732
131300
131302
655590
917735
393447
131304
917738
131307
917741
131309
917744
131313
917747
917750
131318
131319
655607
917753
131322
917756
917759
131328
917762
131330
131332
917765
917768
131336
917770
131339
917772
131341
917774
917777
131347
917780
917783
131352
917786
917791
131360
917793
917795
917797
131365
917799
131368
917802
131370
917804
917806
131374
917808
131377
917810
131379
917812
917814
917816
131385
917818
131387
917820
917822
917824
131392
917826
917828
917830
917832
917834
131402
917836
131404
393548
917838
131406
917840
131408
917842
131410
131411
917844
131413
917846
131414
917848
131416
917850
131418
917852
917854
131422
917856
131424
917858
131426
917860
131429
917862
917864
917866
131435
917868
917870
131438
917872
917874
917876
917878
917880
131448
917882
917884
917886
131455
917888
917890
131458
917892
917894
917896
131464
917898
131467
917900
393612
917902
131470
917904
131473
917906
917908
917910
917912
917914
917916
131484
393629
917918
131486
917920
917922
917924
131492
131493
917926
917928
131497
917930
131499
917932
131501
917934
917936
917938
917940
917942
131510
655798
917944
131514
131517
655806
131519
131524
131526
655814
131529
131530
917968
131536
917970
917972
917974
131543
917976
131544
917978
917980
131548
917982
131550
917984
131553
917986
917988
131556
917990
917992
131560
917994
917996
131565
917998
131567
918000
131569
918002
918004
918006
918008
131576
131577
918010
918012
131580
918014
131582
918016
131585
918018
918020
655876
131589
918022
918024
131593
918026
131595
918028
131596
918030
131598
918032
131600
918034
131602
918036
918038
131607
918040
918042
131611
655899
918044
918046
918048
918050
918052
131620
918054
131622
918056
131624
918058
131627
918060
131628
918062
918064
131633
918066
131635
918068
918070
131639
918072
131641
131642
918075
918077
918079
131648
918081
131650
918083
131651
918085
131654
918087
131656
131657
918090
131660
918093
131661
131663
918096
131665
918099
131667
918102
131671
918104
131672
918107
131675
131676
918110
131678
131680
918113
918116
918119
131689
918122
131692
918125
918128
131697
918131
131700
918134
918137
131707
918140
131709
918143
131711
131712
918146
131714
131715
918149
131717
131718
918152
131720
918155
131725
918158
131727
918161
131730
918164
131732
918167
131737
918170
131740
918173
131743
918176
131745
918179
131749
918182
918185
918188
131756
918191
918194
131762
131764
918197
131766
918200
131768
131770
918203
918206
131774
918209
131777
918212
131782
656070
918215
131783
131785
918218
131788
918221
131791
918224
131792
131794
918227
131795
131797
918230
131800
918233
918236
918239
918242
131810
131812
918245
393959
918248
131817
918251
131819
918254
131822
918257
131827
918260
131829
918263
131833
918266
131834
918269
131837
918272
918275
131843
131845
918278
131847
918281
131849
918284
656142
918287
131855
918290
131858
131860
918293
131863
918296
131866
918299
131868
131869
918302
131872
918305
131874
918308
131876
918311
918314
918317
131885
131887
918320
918323
131891
131893
918328
918331
131899
131900
918334
131902
918337
918340
131908
131910
918343
131912
918346
918349
131919
918352
918355
131925
918358
131926
131928
918361
131930
918364
918367
131935
131937
918370
918373
131943
918376
131944
131946
918379
131947
918382
131950
918385
918388
131958
918391
131960
918394
131962
918397
131966
918400
918403
131973
918406
131976
918409
918412
131981
918415
918418
918421
131990
918424
918427
131995
131997
918430
132000
918433
656290
918436
132005
918439
132009
918442
918445
918448
918451
132019
918454
918457
132025
918460
918463
132032
132033
918466
132036
918469
132038
918472
132042
918475
918478
132047
918481
918484
132052
918487
132055
132057
918490
132059
656347
918493
132061
918496
132064
132065
918499
132067
918501
918503
132071
132072
918506
132075
918509
132078
918514
132082
132084
656372
918517
918520
132090
918523
132091
918526
132094
132096
918529
918532
132101
918535
132103
918538
132106
132107
656396
918541
132109
918544
132113
918547
132115
656404
918550
132118
132120
918553
132121
132123
918556
918559
132127
394271
132128
918562
132132
918565
132135
918568
394281
918571
918574
132142
918577
394291
656435
918580
132149
918583
132152
918586
918589
132157
918592
394304
132161
918595
132163
918598
132167
918601
132169
918604
132172
132174
918607
132176
394321
918610
918613
132181
918616
132186
918619
132188
918622
918625
918628
132196
918631
132199
918634
918637
132205
132207
918640
132210
918643
918646
132216
918649
918652
918655
918658
132226
132228
918661
132231
918664
132232
132234
918667
132235
132237
918670
132240
918673
132243
918676
132244
918679
918682
132250
132252
918685
918688
918691
132260
918694
132262
918697
132266
132267
918700
132270
918703
918706
132275
918709
132278
918712
132281
132282
918715
132284
918718
132287
918721
918724
132294
918727
918730
132299
918733
132301
132303
918736
918739
132309
918742
918745
132313
656601
918748
918751
132319
918756
918759
132327
918762
132331
918765
132334
918768
132337
918771
918774
132344
918777
132347
918780
132348
918783
132351
132353
918786
132354
132356
918789
132359
918792
132360
918795
132363
918798
132366
132367
918801
918804
132372
918807
132376
918810
132378
132379
918813
918816
132384
918819
656675
132388
918822
132390
918825
132393
132395
918828
132398
918831
132400
918834
132402
918837
132406
918840
132410
918843
132412
656700
132413
918846
132416
918849
132417
132418
918852
132421
918855
918858
132428
918861
132429
918864
918867
132435
918870
132438
918873
132442
918876
132445
132446
918879
394591
132448
132449
918882
132451
918885
132453
918888
132456
132458
918891
132461
918894
132462
132464
918897
132465
918900
132470
918903
132472
918906
132475
132476
918909
132477
132479
918912
918915
132484
918918
132486
918921
132489
132491
918924
132493
918927
132495
918930
132498
918933
918936
132504
918939
132510
918944
132512
918947
132515
132517
918950
132520
918953
132523
918956
132524
918959
132528
918962
918965
918968
132536
918971
132540
918974
132542
918977
918980
132548
918983
132551
132552
918986
918989
132557
918992
132561
918995
132563
918998
132567
919001
919004
132572
132574
919007
132576
919010
132578
919013
919016
132585
919019
132587
132588
919022
132591
919025
132594
919028
132598
919031
132599
919034
132604
919037
132607
919040
919043
132611
132612
919046
919049
919052
132622
919055
132624
132625
394769
919058
132628
919061
132630
132631
919064
919067
132635
919070
132639
919073
132641
394786
919076
132644
132645
919079
919082
132650
919085
919088
132657
919091
132659
132660
919094
132662
132663
919097
919100
132669
132670
919103
132673
919106
132676
919109
919112
132680
132682
919115
919118
919121
132689
919124
919127
132696
919130
132698
919133
132701
919136
132704
919139
919142
132712
919145
132714
919148
919151
132719
132721
919154
132724
919157
132725
919160
132729
132730
919163
132732
132733
919166
919169
132737
919172
132741
132742
919175
132744
919178
919181
919184
132752
394896
132754
132756
919189
132757
132759
919192
132760
919195
132764
919198
132766
657056
919201
919204
919207
919210
919213
132783
919216
919219
132787
132789
919222
132792
919225
132795
919228
919231
132800
919234
132802
919237
132805
132807
919240
132809
919243
919246
132816
919249
132819
919252
919255
132823
132824
132825
919258
132827
919261
919264
132832
132834
919267
919270
132839
657127
919273
394985
919276
132845
919279
132847
657135
132849
919282
132850
919285
132854
657143
919288
132856
132858
919291
132860
919294
132863
132864
919297
919300
132869
919303
132871
919306
919309
132878
919312
919315
132883
132884
919318
132888
919321
919324
132894
919327
132895
132897
919330
919333
132901
919336
132904
919339
132907
132909
919342
919345
132913
395058
919348
132918
919351
132921
919354
132924
919357
132926
919360
132929
919363
919366
132936
919369
919372
132941
919375
132945
919378
132947
919380
132949
132950
919383
919386
132954
132956
919389
132958
919392
919395
132963
919398
132967
919401
919404
132972
919407
132977
919410
919413
132982
919416
132984
132986
919419
919422
132992
919425
132995
919428
919431
919434
133003
919437
133005
133007
919440
133008
919443
133011
133012
919446
133015
919449
133018
919452
133020
133022
919455
919458
919461
133029
919464
133033
919467
133035
919470
657326
133039
919473
133041
919476
133045
919479
919482
133050
919485
133055
919488
133057
919491
133060
919494
133064
919497
133066
919500
133068
919503
919506
133074
133075
919509
133078
919512
919515
919518
133088
919521
133091
919524
133092
919527
919530
133098
133100
919533
133102
657390
133103
919536
133105
919539
133107
133108
919542
133111
919545
919548
133117
919551
133119
133121
657409
919554
133122
133124
919557
133127
919560
133129
133130
919563
133133
919566
133134
919569
919572
133141
919575
919578
133146
919581
133149
133151
919584
133154
919587
919590
133159
919593
133162
919596
133165
133166
919599
133169
919602
133171
133172
919605
133175
919608
133178
919611
133180
919614
133182
919617
133186
133187
919622
133191
395335
919625
133194
919628
133196
133198
919631
919634
133202
919637
133205
919640
133208
919643
133213
919646
133216
919649
133219
919652
133220
133222
919655
919658
133226
919661
133231
919664
133234
919667
133235
133237
919670
133239
133240
919673
133242
919676
133244
133246
919679
395393
919682
133250
919685
133255
919688
133257
395401
919691
133260
919694
133262
133264
919697
133265
133267
919700
133270
919703
919706
133274
395418
919709
133277
919712
133280
919715
133283
919718
133288
919721
133290
919724
133292
133293
919727
133296
919730
133299
919733
133302
919736
133304
919739
133309
919742
133311
919745
133315
919748
919751
133319
919754
133322
919757
919760
133328
133330
919763
919766
133335
919769
395481
133339
919772
133341
919775
133343
919778
133347
919781
133351
919784
133353
133354
919787
133356
919790
133358
395502
919793
133362
919796
919799
133368
919802
133370
919805
133374
133377
919810
133379
919812
919815
133383
133384
919818
133386
133388
919821
133390
919824
919827
919830
133398
919833
133403
919836
919839
133407
919842
133411
919845
919848
133416
133418
919851
133419
919854
919857
133425
657714
919860
133430
919863
133433
919866
133434
919869
919872
133441
919875
133443
133445
919878
133447
919881
133451
919884
133454
919887
919890
133460
919893
133461
919896
133464
133465
133466
919899
133469
919902
133472
919905
133473
919908
133477
133478
919911
919914
133482
657772
919917
133485
919920
919923
133492
919926
133495
919929
133499
919932
919935
133503
133505
919938
657796
919941
133510
919944
133512
133514
919947
133517
919950
919953
133523
919956
133525
657814
919959
133527
133528
919962
133531
919965
133533
919968
133537
919971
133540
919974
133543
919977
919980
133549
919983
919986
133554
919989
133559
919992
133560
919995
919998
920001
133569
133570
920004
133573
920007
133575
920010
133579
920013
133581
920016
133584
133586
920019
133588
133589
920022
133591
920025
133594
920028
133598
920031
133601
920034
133604
920037
133605
133607
920040
133609
920043
133613
920046
920051
133620
920054
133623
920057
133625
920060
920063
133631
133632
920066
920069
133639
920072
133642
920075
133643
920078
920081
133651
920084
133652
133654
920087
133656
920090
133660
920093
133662
920096
133666
920099
133667
133669
920102
133671
133672
920105
920108
133678
920111
920114
133684
920117
133686
920120
133689
657977
920123
133692
920126
920129
133697
133699
920132
133701
920135
133703
920138
920141
920144
133712
920147
920150
920153
920156
920159
920162
920165
133733
920168
133736
133738
920171
920174
658032
920177
133747
920180
133749
395894
920183
133753
920186
133755
920189
133758
920192
133761
920195
920198
133767
920201
133769
133771
920204
133772
133774
920207
133776
133777
920210
133779
133780
920213
133783
920216
920219
133788
920222
133791
133792
920225
920228
133796
133797
920231
133800
395944
920234
133802
920236
133804
133805
133808
920241
133809
133811
920244
133812
133814
920247
133815
920250
133818
920253
133822
920256
920259
133828
133829
920262
133831
395976
920265
133835
920268
133838
920271
133839
133840
658129
920274
920277
133847
920280
133848
920283
920286
133855
920289
920292
133860
133861
920295
920298
133866
920301
133869
133870
920304
133873
920307
133877
920310
920313
133881
133882
920316
133884
920319
133888
920322
133891
133892
920325
920328
133896
133898
920331
133901
920334
133903
920337
920340
133908
920343
920346
133914
920349
133917
920352
133920
920355
133923
133924
920358
133927
920361
133929
133931
920364
396076
133933
920367
133936
920370
133938
920373
133941
133943
920376
133946
920379
133948
133949
920382
920385
920388
133956
133958
920391
920394
920397
133965
133967
920400
920403
133972
133973
920406
133975
920409
133979
920412
133981
920415
920418
133987
920421
920424
658280
133994
920427
133996
920430
133999
658287
920433
396145
134003
920436
134005
134006
658294
920439
920442
920445
134013
920448
920451
920454
134022
920457
134025
920460
920463
134031
920466
134034
920469
134037
920472
134040
920475
134046
134047
920480
134048
134050
920483
134053
920486
134056
920489
920492
134061
920495
134065
920498
134068
920501
134069
920504
920507
134075
134076
920510
134078
134079
920513
134082
920516
920519
134089
920522
920525
134094
920528
134096
920531
134099
920534
134103
920537
134105
920540
134108
920543
134112
920546
134114
920549
134118
920552
920555
134123
920558
920561
134130
134131
920564
134134
920567
134135
920570
134138
920573
134141
134143
920576
920579
134148
134149
920582
134151
920585
134153
134155
920588
134156
134158
920591
134161
920594
134164
920597
920600
658456
134169
920603
920606
134174
134175
920609
920612
134180
920615
134184
920618
134188
920621
920624
134193
920627
134197
920630
134200
920633
920636
134205
396350
920639
134207
920642
134210
134211
920645
134213
920648
134216
920651
134220
920654
134223
920657
134227
920660
134229
396373
920663
134232
920666
920669
134238
920672
134241
920675
134245
920678
134248
920681
920684
134253
920687
134255
134257
920690
920693
134261
658549
920696
134265
920699
134267
920702
134270
920705
920708
134276
396420
134278
920711
134280
920714
134282
134284
920717
134287
920720
396433
920723
134293
920726
920729
134297
134298
920732
920735
134304
920738
920741
920744
134312
134314
920747
134315
920750
134318
134320
920753
134322
920756
134324
920759
134328
920762
920765
134333
920768
920771
134339
134341
920774
134342
920777
134345
920780
920783
920786
134354
134356
920789
920792
134362
920795
134363
920798
134368
920801
920804
920807
920810
134379
920813
134382
920816
396528
920819
134387
134388
920822
134391
920825
134394
920828
134396
658684
920831
134401
920834
134403
134404
920837
396549
920840
920843
920846
134414
658702
134415
920849
134418
920852
920855
920858
920861
134430
920864
134434
920867
134436
920870
134438
134440
920873
134443
920876
134445
920879
134447
920882
134452
920885
134455
920888
134457
920891
134459
920894
134462
134463
920897
134466
920900
134468
920903
134471
920906
134476
134478
920911
134481
920914
920917
920920
134488
134490
920923
920926
134494
920929
134498
920932
134500
134501
920935
134505
920938
134507
920941
134509
920944
920947
134515
920950
920953
134521
134522
920956
920959
134527
920962
134531
920965
134533
134534
920968
134536
920971
134539
134540
920974
920977
920980
920983
134552
134553
920986
134555
920989
134558
920992
134561
920995
134564
920998
921001
134569
921004
921007
134576
921010
921013
134581
921016
921019
134587
921022
134590
921025
134595
921028
921031
134601
921034
921037
134607
921040
134610
921043
921046
134615
921049
134617
134619
921052
921055
921058
921061
134630
921064
134632
921067
134636
134637
921070
921073
921076
134644
921079
134649
921082
134651
921085
921088
134656
921091
134660
134662
921096
921098
921101
921104
134673
134674
921107
921110
134679
134680
921113
134682
921116
134686
921119
134688
921122
921125
134694
921128
134696
134698
921131
921134
134702
134704
921137
134706
921140
134709
658997
921143
134713
921146
134715
921149
134719
921152
921155
134725
921158
134727
921161
921164
921167
134735
921170
921173
134742
921176
134745
921179
134748
134749
921182
659038
134752
921185
396898
134755
921188
134756
921191
134761
921194
134763
921197
134765
134767
921200
921203
134771
921206
134775
921209
134777
921212
134781
921215
134785
921218
921221
659079
921224
134792
921227
134795
921230
134799
921233
921236
921239
134809
659097
921242
134810
921245
134813
921248
921251
134819
921254
134824
396968
921257
134825
921260
134830
921263
921266
134834
921269
134837
921272
134842
921275
134845
921278
921281
134851
921284
134853
921287
134857
921290
659146
921293
134861
921296
134864
921299
134867
921302
134872
921305
921308
134877
134878
921311
921314
134883
921317
134887
921320
921323
134891
134893
921326
134896
921329
659187
921332
921335
134904
134905
921340
134909
921343
134913
921346
134915
134916
921349
134918
921352
921355
134924
659213
921358
921361
134929
134931
921364
921367
134937
921370
134938
134940
921373
921376
134944
134945
921379
921382
134951
921385
134953
397097
921388
134956
921391
134959
921394
134964
921397
134967
921400
921403
134972
921406
134974
659262
921409
921412
921415
134983
921418
134987
921421
134991
921424
134993
921427
921430
134999
921433
921436
921439
135008
921442
921445
921448
135016
921451
659308
921454
135023
135024
921457
135026
921460
135029
921463
135032
921466
135034
921469
135038
921472
921475
135043
135045
921478
135046
921481
135051
921484
135053
659341
921487
921490
921493
921496
135064
659353
921499
135068
921502
135071
921505
135074
135075
921508
921511
135079
921514
135082
921517
921520
135088
135089
135091
921525
135095
921528
921531
135100
921534
135102
135103
921537
135107
921540
135108
921543
135111
921546
921549
135118
921552
135121
921555
135123
135125
921558
921561
135130
921564
135132
135134
921567
135137
921570
135140
921573
135141
921576
135145
921579
135149
921582
135152
921585
921588
135156
135158
921591
135159
921594
135163
921597
135165
135167
921600
135169
921603
135171
135173
921606
135175
921609
135178
921612
135181
135182
659470
921615
397328
921618
135186
135188
921621
921624
135192
135194
921627
135196
921630
921633
135201
921636
135205
397350
921639
135207
921642
135210
135212
921645
135215
921648
135218
921651
135220
921654
135223
921657
135226
921660
921663
135231
135233
659521
921666
135236
921669
135237
921672
921675
921678
397392
921681
135251
921684
135252
135254
921687
135256
397400
921690
135259
921693
135262
921696
921699
921702
135272
921705
135274
135275
921708
135277
921711
135279
921714
135283
921717
135286
921720
135290
921723
921726
135295
135296
921729
921732
135300
135302
921735
135305
921738
921741
135311
921744
135314
921747
135317
921750
659608
921753
135322
921756
135325
921759
921762
135330
135332
921765
135333
135336
921770
921773
135341
397486
921776
135344
921779
135347
135349
921782
921785
135355
921788
135357
921791
135361
921794
135362
921797
135365
135367
921800
659657
921803
135373
921806
135376
921809
921812
135380
921815
135384
397529
921818
135386
921821
921824
135392
659680
135394
921827
135395
135397
921830
135400
921833
135403
921836
135405
921839
135407
659696
135409
921842
921845
921848
135416
921851
135420
921854
135423
921857
135426
135427
921860
135430
921863
135432
135433
921866
135436
921869
135439
921872
135441
921875
135443
921878
135447
921881
921884
135453
135454
921887
135457
921890
135460
921893
135462
921896
921899
135468
921902
135471
921905
135473
921908
135477
921911
135479
921914
135482
135484
921917
135487
921920
921923
135492
921926
135495
921929
135497
921932
135500
921935
135503
135505
921938
921941
921944
135513
921947
921950
135521
921955
135524
921958
135526
921961
135530
921964
921967
135537
921970
135539
921973
921976
135544
135546
921979
921982
135551
921985
135555
921988
135558
921991
135560
921994
135563
921997
135567
922000
135570
922003
922006
922009
135577
135579
922012
922015
922018
135586
922021
922024
135593
922027
135595
922030
659886
135599
922033
922036
922039
135609
922042
922045
135614
922048
135617
922051
922054
922057
135625
922060
922063
135633
922066
135635
922069
135637
659925
135638
922072
135640
135642
922075
135645
922078
135646
922081
135649
922084
922087
135655
135657
922090
135658
922093
135662
922096
659953
922099
135668
922102
135670
135671
922105
135674
922108
922111
135681
922114
135684
922117
135687
922120
135688
135690
922123
135691
922126
135694
135695
922129
135697
135699
922132
135701
922135
922138
135706
922141
135709
135710
922144
135713
922147
135716
397861
922150
135719
922153
922156
135724
922159
135727
135728
922162
135731
135732
922165
135735
922168
135736
922171
135739
922174
135742
922177
922180
135748
397894
922183
135752
922186
135755
922189
135757
922192
135760
135762
922195
135765
135767
922200
922203
135772
922206
135775
922209
922212
922215
135783
135785
922218
922221
135790
922224
135793
922227
922230
135799
922233
135801
135803
922236
922239
135808
922242
135810
660098
922245
135814
922248
135818
922251
922254
135822
135824
922257
397969
922260
135829
922263
922266
135834
135835
922269
135838
922272
135841
922275
135844
922278
922281
922284
135853
922287
922290
135858
922293
135861
922296
922299
135868
922302
922305
135873
922308
660165
922311
135880
922314
135882
922317
135885
922320
135890
922323
135893
922326
135896
922329
398041
922332
135901
922335
135904
922338
135908
922341
135909
922344
135912
922347
135915
922350
135919
922353
135923
922356
922359
135929
660217
922362
922365
922368
922371
135940
922374
135943
922377
135947
922380
135948
135950
922385
135953
922387
135955
922390
135958
135960
922393
135963
922396
135964
922399
135969
922402
135972
922405
135974
922408
922411
660269
922414
135982
135983
922417
135986
922420
135988
135989
922423
135991
135992
922426
135994
922429
135997
922432
922435
136004
922438
136006
136007
922441
136009
922444
922447
136016
922450
136019
136020
922453
922456
136024
136026
922459
660316
136029
922462
136030
136032
922465
136034
136035
922468
136038
922471
136041
922474
136043
922477
922480
136048
136050
922483
922486
136054
922489
136059
922492
136061
922495
136064
136065
922498
136067
922501
136071
922504
922507
136075
136077
922510
136080
922513
398227
922516
136084
136086
922519
136087
660377
922522
136090
136091
398235
922525
136093
922528
136097
136098
922531
136101
922534
922537
922540
136108
922543
136111
136113
922546
136116
922549
136117
398263
922552
136121
922555
922558
136127
922561
922564
136133
660422
922567
136136
922570
922573
660429
922576
136144
922579
922582
136151
922585
136155
922588
136158
922591
136160
922594
922597
136167
922600
922603
136171
922606
922609
136177
922612
136180
136182
922615
136184
922618
922621
922624
136192
922629
136198
922632
136200
922635
136205
922638
922641
136209
136210
136211
922644
922647
136217
922650
660507
922653
136222
922656
136224
922659
136227
136229
922662
922665
136234
922668
136238
922671
136240
922674
398388
922677
136245
922680
136249
922683
922686
136255
922689
136258
922692
922695
136264
922698
922701
136269
136271
922704
136273
922707
136275
922710
136279
922713
136281
398427
922716
922719
136288
922722
136291
922725
136294
136295
922728
136297
922731
136299
922734
136302
922737
136305
398451
922740
922743
136313
922746
136315
136316
922749
136319
922752
136320
922755
136324
922758
136327
922761
136331
922764
136334
922767
136335
922770
136338
922773
136342
922776
136346
922779
136348
922782
136351
922785
136354
136355
922788
136357
922791
922794
136362
922797
136366
136367
922800
922803
136372
136373
922806
922809
136378
922812
136380
136382
922816
922819
922822
136390
922825
136395
922828
136396
922831
136399
922834
136403
922837
136407
922840
922843
136411
136413
922846
136416
922849
136418
922852
922855
136423
136425
922858
136427
922861
136431
922864
136432
136434
922867
922870
136439
922873
136441
922876
136444
922879
660735
136449
922882
136452
922885
922888
136456
136458
922891
136461
922894
136462
922897
136466
922900
136469
136470
922903
922906
136475
922909
136479
922912
136481
922915
922918
660774
922921
136489
136490
922924
136493
922927
136496
922930
136499
922933
660791
922936
136505
922939
136508
922942
136510
922945
136513
136514
922948
136517
922951
136520
922954
922957
136525
136527
922960
922963
136531
136532
922966
136534
136536
922969
136538
922972
136541
922975
136543
922978
136546
398692
922981
136550
922984
136552
136553
922987
922990
136558
922993
136561
922996
136564
136565
922999
136567
923002
136570
923005
136574
923008
923011
136579
923014
136584
923017
136586
923020
136590
923023
136592
923026
136595
136596
923029
660887
923032
136601
923035
136603
136605
398749
923038
136607
923041
136611
923044
136614
923047
923050
136618
923053
136623
136625
923058
136627
136628
923061
136629
660918
136631
923064
136632
923067
923070
923073
136641
923076
660933
923079
136649
923082
923085
660941
136654
398799
923088
923091
136661
923094
136662
136664
923097
136666
923100
136669
923103
136672
136673
923106
136676
923109
923112
923115
136683
923118
136688
923121
660978
923124
136692
136694
923127
923130
136698
923133
136702
923136
136704
923139
136708
923142
136711
136712
923145
136714
136715
923148
136717
923151
136719
136721
923154
923157
136725
136727
923160
923163
136731
136732
923166
136734
136736
923169
923172
136741
923175
923178
136747
923181
136749
136751
923184
923187
136757
398901
923190
136760
923193
136763
923196
136765
923199
136768
923202
136770
923205
136774
923208
923211
136780
923214
136782
923217
136785
923220
923223
136791
923226
136794
136796
923229
923232
136800
923235
136805
923238
923241
136809
923244
923247
136816
923249
923252
136820
923255
136825
923258
136827
923261
136829
923264
136833
923267
923270
136840
923273
923276
136845
923279
136847
923282
136851
923285
136854
923288
136858
923291
136860
136861
923294
923297
923300
136868
923303
923306
136875
923309
136877
136879
923312
923315
136884
923318
923321
923324
399036
136893
923327
136895
923330
136898
923333
136902
136903
923336
136906
923339
136909
923342
923345
136913
136915
923348
923351
923354
136923
923357
136925
661213
923360
136928
923363
136931
136932
923366
923369
923372
136940
923375
136943
136945
923378
136947
923381
136949
923384
136953
399098
923387
661245
923390
136958
923393
136962
923396
136965
923399
923402
136970
399114
923405
136974
136975
923408
923411
661267
136980
923414
136983
923417
136986
923420
136989
923423
136991
923426
923429
923432
137000
923435
137003
661291
137005
923438
137008
923441
137010
923444
137013
137014
923447
923450
137019
399164
923453
923456
137024
923459
923462
137032
923465
661321
137035
923468
923471
137040
137041
923474
923477
137047
923480
137050
923483
137051
923486
137057
923491
923494
137062
137064
923497
137067
923500
923503
923506
137075
661364
923509
137078
923512
137080
923515
137085
923518
137086
923521
137089
137090
923524
137093
399237
137094
923527
137097
923530
137099
137100
923533
923536
137104
923539
923542
137112
923545
923548
137116
137118
923551
137121
923554
137122
923557
137125
923560
137128
923563
137132
923566
137135
923569
137137
923572
137140
923575
137143
923578
137146
923581
137149
137150
399295
923584
137152
923587
137155
661445
923590
137159
923593
137162
137163
923596
137165
923599
661455
137169
923602
923605
399318
923608
137176
137178
923611
137180
137181
923614
137183
923617
137187
923620
137189
923623
137191
923626
137194
923629
923632
137200
923635
923638
923641
137211
923644
923647
137216
923650
137218
137219
923653
137221
661509
923656
923659
923662
923665
137234
137235
923668
661525
923671
137241
923674
137243
137246
923679
137247
923682
137251
923685
137255
923688
137258
923691
137260
923694
137264
923697
661554
137267
923700
137268
923703
137273
923706
923709
137277
923712
137281
923715
137283
661572
137285
923718
137287
923721
137291
923724
923727
137296
923730
923733
137301
923736
923739
137308
923742
137311
137312
923745
137314
923748
923751
923754
137322
923757
923760
137328
661616
137330
923763
137331
923766
137334
923769
137338
137339
923772
137342
923775
923778
137348
923781
923784
137352
137354
923787
137356
923790
923793
137361
923796
137364
137366
923799
661655
137369
923802
137371
923805
661663
923808
137376
137377
923811
137379
923814
137383
923817
137385
923820
137388
923823
137392
923826
137394
137396
923829
137397
923832
923835
137403
137405
923838
137407
923841
137409
137411
923844
923847
137415
137417
923850
923853
137423
923856
137426
923859
137427
399571
923862
137431
923865
137433
923868
923871
923874
137442
137444
923877
923880
137448
137450
923883
923886
137456
923889
137458
923892
137461
137462
923895
137464
399609
923898
661754
923901
137470
923904
137473
137474
923907
923910
137478
137480
923913
137482
923916
137485
137487
399631
923921
661779
923924
137493
923927
137495
923930
137498
661787
137500
923933
137502
923936
137504
923939
923942
137512
923945
923948
923951
137521
923954
137524
923957
137526
923960
137528
661816
137530
923963
923966
137535
137536
923969
137539
923972
137540
137541
923975
137544
923978
137546
137548
923981
923984
137552
923987
923990
923993
399706
923996
137564
137566
923999
924002
137571
924005
137573
661862
137575
924008
137576
924011
137579
924014
137583
924017
137585
924020
137588
661878
924023
137592
924026
924029
137598
924032
137600
137602
924035
137605
924038
137607
924041
924044
924047
399759
924050
137618
924053
924056
137624
137625
924059
137628
661917
924062
137630
924065
137633
137635
924068
137638
924071
661927
137640
924074
137642
137644
924077
137645
924080
137650
924083
924086
137654
924089
137657
924092
137662
924095
137663
924098
137666
924101
137670
924104
137672
924107
137677
924110
924112
137680
924114
137682
924116
924118
137686
137687
924120
924122
137690
924124
924126
137695
924128
137697
924130
137699
924132
924134
924136
137704
924138
137706
924140
924142
137710
924144
137712
924146
137714
924148
137717
924150
924152
137720
137721
924154
137723
924156
924158
137726
924160
137728
137729
924162
924164
137732
924166
924168
924170
924172
137741
924174
137743
924176
137745
924178
924180
137749
924182
924184
137753
924186
924188
137757
924190
137758
924192
137760
924194
924196
137764
924198
137767
924200
924202
137770
137771
924204
137773
924206
924208
137777
924210
137779
924212
924214
137782
924216
137784
924218
924220
924222
137790
137791
399935
924224
137793
924226
137794
137795
924228
924230
137799
399943
924232
924234
137802
924236
924238
137807
399951
924240
924242
924244
137813
924246
399959
924248
662104
137817
924250
137819
924252
137821
924254
924256
137824
924258
662114
924260
137828
924262
924264
137832
924266
137835
924268
137838
924271
137840
924273
137842
924275
924277
924279
924281
137850
924283
924285
137854
924287
137856
924289
924291
924293
137861
662150
924295
137864
924297
924299
924301
924303
924305
137873
924307
924309
137877
924311
137879
137880
924313
137881
924315
924317
137885
924319
924321
924323
924325
137893
924327
924329
137897
662185
137898
924331
924333
924335
924337
137906
924339
137907
924341
137909
924343
137911
924345
137913
924347
137915
137916
924349
924351
137919
924353
137922
924355
924357
137926
924359
400071
137928
924361
924363
924365
137933
924367
400079
662223
924369
137938
924371
924373
924375
137943
924377
137946
924379
924381
137949
924383
137952
924385
137954
924387
137956
924389
137958
924391
924393
137962
924396
137964
924399
137967
137969
924402
137972
924405
137974
924410
137978
137980
924413
137982
924416
137984
137986
924419
137987
400132
924422
137991
924425
137993
662282
924428
137997
924431
924434
138002
138003
400147
924437
138005
138006
924440
138008
138010
924443
138012
138013
924446
138016
924449
924452
138020
924455
138025
924458
138027
924461
924464
138034
924467
662323
138037
924470
924473
138043
662331
924476
138045
924479
138048
924482
138051
924485
138054
924488
138057
924491
662347
924494
924497
138065
138067
924500
138070
924503
924506
924509
138078
924512
138081
924515
138084
924518
924521
138090
924524
924527
138096
924530
138099
138100
924533
138102
924536
138104
138106
924539
138107
662395
924542
138110
138112
924545
924548
924551
138120
924554
924557
138125
924560
924563
138131
138133
924566
924569
138137
924572
138141
924575
138143
924578
138147
924581
138149
924584
138154
924587
138155
924590
138158
138159
924593
138162
924596
138164
138165
924599
138169
924602
138172
924605
138175
924608
138176
924611
138181
924614
138182
138183
924617
138187
924620
924623
138191
138193
924626
138195
924629
138199
138200
924634
138202
138203
924637
138205
138206
924640
138208
924643
924646
138214
138216
924649
138217
400363
924652
138220
138221
924655
138224
924658
138227
924661
138229
662518
138231
924664
138232
138234
924667
138237
924670
138240
924673
138242
138243
924676
138245
662533
138246
924679
924682
924685
138254
924688
138257
924691
138259
138260
924694
138263
662551
924697
138265
924700
924703
138271
138272
924706
662563
924709
138279
924712
924715
138284
924718
138286
924721
138289
924724
138294
924727
138297
924730
400442
138299
924733
138303
924736
138305
924739
138307
924742
138310
138312
924745
924748
138318
924751
138320
924754
138323
138324
924757
138326
924760
138328
924763
138332
924766
924769
138339
924772
924775
924778
138346
924781
138349
924784
138354
924787
138356
924790
138358
138360
924793
924796
138364
138366
924799
138367
138369
138371
924804
138373
400518
924807
924810
138381
138382
924815
138384
924818
138387
924821
138389
924824
138394
924827
138396
924830
138398
924833
138401
924836
138406
924839
924842
138410
138412
924845
138415
924848
924851
924854
138422
924857
138426
924860
138430
924863
138431
924866
138434
138435
924869
138438
138439
924872
138442
924875
138444
138445
924878
138447
924881
138449
138451
924884
138454
924887
924890
924893
138461
924896
138464
924899
138467
138468
924902
924905
138475
924908
138476
924911
138480
924914
138482
138483
924917
662774
138487
924920
400632
138490
924923
924926
138495
924929
138497
138498
924932
924935
138503
138504
662793
924938
138506
138508
924941
138511
924944
138512
924947
138516
924950
924953
138522
924956
138526
924959
138529
924962
138531
924965
138534
924968
138537
924971
138541
924974
138543
924977
138546
924980
138550
924983
924986
138555
138556
924989
138559
924992
138562
924995
138565
924998
400710
925001
138570
925004
138572
400718
925007
138575
925010
138578
925013
138581
925016
138584
138586
925019
138589
925022
138590
925025
138593
925028
925031
138599
138600
925034
138602
138604
925037
925040
925043
138611
138613
925046
138616
925049
925052
138620
138621
662912
925057
138625
925060
138628
925063
925066
138635
925069
662926
925072
138640
925075
925078
925081
138649
138651
925084
138654
925087
138656
400800
925090
925093
138661
138663
925096
138666
925099
138667
138669
925102
662960
925105
925108
138676
138677
925111
138680
925114
138682
925117
925120
138689
925123
138692
925126
925129
138697
138699
925132
925135
138703
925138
138706
138707
925141
138709
925144
138713
925147
925150
138719
925153
138722
925156
138726
925159
138727
925162
138730
138731
925165
138733
138734
925168
138736
925171
138739
400883
925174
138742
925177
138745
925180
138748
925183
138751
138753
925186
400898
925189
138757
925192
925195
925198
925201
138769
138771
925204
138772
925207
138775
925210
138780
925213
138783
925216
138785
925219
138787
138789
925222
138792
925225
138795
925228
925231
925234
138803
925237
925240
138812
925245
925247
925250
138818
138819
925253
138821
925256
138825
925259
138828
925262
138831
925265
138833
138834
925268
925271
138839
925274
138843
138844
925277
138847
925280
138850
925283
138853
925286
925289
138858
925292
138860
925295
138863
138865
925298
138868
925301
138869
138871
925304
138873
663161
925307
138876
925310
138879
925313
138881
138883
925316
925319
138887
925322
925325
138893
925328
138896
138898
925331
138900
925334
138903
138904
925337
138906
925340
925343
138912
925346
138914
925349
138918
925352
138922
925355
925358
138926
925361
138930
925364
138934
925367
138935
138937
925370
138938
925373
925376
138944
925379
138947
925382
138952
925385
925388
401100
138957
925391
138959
138961
925394
138962
401108
925397
138965
138967
925400
138968
925403
138972
925406
138974
138975
925409
925412
925415
138984
925418
138988
925421
925424
138993
925427
138995
925430
139000
925433
139001
925436
401150
925439
139008
139009
925442
139011
925445
925448
139017
925451
139020
925454
925457
925460
139028
925463
139032
925466
139036
925469
139037
925472
139041
925475
139045
925478
925481
925484
139052
925489
139057
139059
925492
925495
139065
925498
925501
401214
925504
139072
925507
139076
925510
139079
139080
925513
139083
401227
925516
139084
139086
925519
925522
139091
925525
139093
925528
925531
925534
139103
925537
139107
925540
925543
139113
925546
139116
925549
401263
925552
139122
925555
139124
925558
139128
925561
139130
139131
925564
139133
925567
139136
925570
139138
925573
139141
663429
925576
139144
925579
139147
925582
139152
925585
139155
925588
663445
925591
139159
925594
925597
139167
925600
925603
139171
925606
925609
139179
925612
925615
139184
925618
139186
139188
925621
139190
925624
925627
139196
925630
139198
925633
139203
925636
139204
925639
139207
925642
139210
925645
139214
925648
925651
925654
139223
925657
925660
925663
139232
925666
139236
925669
139239
925672
401386
139244
925677
925679
663536
139249
925682
925685
139255
925688
139258
925691
139260
925694
139262
139263
401407
925697
139266
925700
139269
925703
401415
925706
139274
139275
925709
139278
401423
925712
139280
925715
139283
139285
925718
139287
925721
925724
139292
139294
925727
139296
925730
925733
139301
925736
139306
925739
139309
925742
139311
925745
139313
925748
139316
139318
925751
925754
925757
139325
139327
925760
139329
925763
925766
139334
401480
925769
139337
139338
925772
139340
925775
401488
139345
925778
139347
925781
139350
925784
139352
925787
925790
139359
925793
139363
401507
925796
139366
925799
139369
925802
925805
139373
925808
139377
925811
139379
139381
925814
925817
925820
401533
925823
925826
139394
925829
925832
139400
925835
925838
139407
139408
925841
139410
925844
139412
925847
139416
925850
139418
139420
925853
925856
139424
139426
925859
925862
139430
139432
925865
401579
925868
925871
139441
925874
139444
925877
401590
139447
925880
925883
925886
139455
925889
139458
139459
925892
925895
139465
925898
139467
925901
925904
139473
139474
925907
925910
139478
663766
925913
139482
925916
925921
139490
925924
139492
925927
139495
139496
925930
139499
925933
139502
925936
139505
925939
925942
139512
925945
925948
139516
925951
139520
925954
139523
925957
139526
925960
139528
925963
139533
925966
139534
139536
925969
139539
925972
925975
139544
139545
925978
925981
925984
139553
925987
139557
925990
139559
925993
139561
925996
139566
925999
926002
139570
139572
926005
139574
926008
139578
926011
139581
926014
926017
663873
139586
926020
139589
926023
139593
926026
926029
139598
926032
139600
926035
926038
926041
926044
926047
139616
926050
139618
401763
139620
926053
139623
926056
139624
139626
926059
139627
401771
663916
926062
139630
926065
139633
926068
139636
139637
926071
139639
139641
926074
139644
926077
926080
139648
139649
926083
139653
926086
139655
926089
139657
926092
139661
926095
139663
926098
926101
401814
139671
926104
139674
926108
139676
926111
139681
926114
139684
926117
139686
926120
139689
926123
139691
663979
926126
926129
139698
139699
926132
139701
926135
139705
926138
139708
926141
139710
926144
139713
926147
139717
926150
401864
926153
139723
926156
139726
926159
139727
926162
139731
926165
139733
926168
926171
139741
926174
139743
926177
139747
926180
139750
926183
139752
926186
139756
926189
139759
926192
139761
926195
139765
926198
139767
926201
139771
926204
139772
926207
139776
139777
926210
139780
926213
139782
926216
139785
926219
139787
139788
926222
926225
139793
926228
139797
926231
139801
926234
926237
139805
926240
139809
926243
139811
139812
926246
139814
926249
926252
139821
926255
139823
139825
926258
401972
926261
139831
926264
926267
139836
926270
926273
139843
926276
926279
139847
926282
139850
926285
926288
139857
926291
926294
139862
926297
926300
926303
402017
926306
139874
139875
926309
139878
926312
139880
926315
402027
139885
926318
664176
926321
139891
926324
926327
139895
926330
926333
139901
926336
139904
926339
139908
926342
139910
926345
926348
139916
139920
926353
139922
926356
139925
402070
926359
139928
926362
926365
664222
139935
926368
139936
926371
139939
402083
139941
926374
139943
139944
926377
139946
926380
139949
926383
139952
926386
139956
926389
926392
139960
139962
926395
139963
664253
926398
139966
139968
926401
139971
926404
139973
926407
139975
926410
139980
926413
926416
139985
926419
139988
926422
139990
926425
139994
926428
139997
926431
139999
140001
926434
926437
140006
926440
402152
926443
140012
926446
140015
926449
140018
926452
140021
926455
140025
926458
140028
926461
140030
926464
140033
402178
926467
140037
926470
140039
926473
402186
926476
140044
926479
140047
926482
140050
140052
926485
926488
140058
926491
140061
926494
926497
140065
926500
140068
926503
140073
926506
402218
926509
140078
140079
926512
140082
926515
140084
926518
140086
140088
926521
926524
140093
926527
140097
664385
926530
140100
926536
140106
926539
140109
926542
140112
926545
140113
140115
926548
926551
140121
926554
140123
926557
140125
140126
926560
140128
926563
140131
140132
140133
926566
140135
926569
140137
140138
926572
140140
140142
926575
140144
926578
140146
140148
926581
140150
140151
926584
140153
926587
926590
140158
140160
926593
140162
140163
926596
140166
926599
664455
926602
140170
140172
926605
140174
926608
140176
926611
140179
402323
926614
140183
926617
140185
926620
140190
926623
926626
140194
140196
926629
926632
140201
926635
926638
140207
926641
926644
140212
140214
664502
926647
402359
926650
140218
926653
926656
140225
926659
926662
140231
926665
140234
140235
926668
140238
926671
140239
926674
140243
926677
140245
140247
926680
140249
926683
140252
926686
140254
926689
140257
926692
140260
140262
926695
402407
140264
926698
926701
140270
140271
664559
926704
926707
140277
926710
140279
926713
140281
140283
926716
140284
926719
140288
926722
926725
926728
140296
140297
926731
140299
140301
926734
926737
140305
926740
926743
140311
926746
926749
926752
140322
926755
140325
926758
140328
926761
140331
926764
926767
926770
926773
926776
926781
140351
926784
402497
140354
926787
140356
926790
926793
140361
926796
926799
140368
140369
926802
140371
926805
140373
926808
140378
926811
140381
926814
140384
926817
140385
140387
926820
140390
926823
140392
926826
140394
926829
140398
926832
140400
926835
140403
926838
140406
140407
926841
140409
926844
140412
926847
926850
140419
926853
140422
926856
140425
926859
140428
926862
926865
140435
926868
140437
926871
140439
926874
140443
926877
140445
140446
926880
140449
926883
140451
926886
926889
140457
926892
140460
926895
140464
926898
140467
926901
140471
926904
926907
140477
926910
140480
926913
926916
140484
926919
140487
926922
926925
140495
926928
140498
926931
140501
926934
926937
140505
926940
140508
140509
926943
140511
402657
926946
140516
926949
140518
926952
140520
926955
926958
926961
140530
140531
926966
926968
140536
140537
926971
926974
140542
926977
140546
926980
926983
140552
926986
140554
140555
926989
140559
926992
402705
664850
926995
140564
926998
140566
927001
927004
140572
927007
140577
927010
927013
140582
927016
927019
140587
927022
140590
927025
140593
927028
140596
927031
140600
140601
927034
140603
927037
927040
140608
927043
927046
927049
140618
927052
927055
927058
927061
927064
927067
140635
140637
927070
140639
927073
140643
927076
927079
140648
927082
927085
927088
140656
927091
140659
140660
927094
140662
927097
140665
140667
927100
927103
140673
927106
140676
927109
140678
927112
140682
927115
140685
927118
140687
664975
927121
140690
927124
927127
140695
140697
927130
140699
402843
140700
927133
140703
927136
927139
140708
927142
140710
927145
140713
927148
140716
927151
927154
140723
927157
140725
927160
927163
140732
927166
140734
140736
927169
140738
927172
140741
927175
140744
927178
665034
140747
402892
927181
140749
140751
927184
927187
140756
402900
927190
140759
927193
140761
665050
927196
140764
927199
140768
927202
140770
140771
927205
402917
140775
140777
927210
140778
927213
140783
402927
927216
140785
927219
140789
927222
927225
402937
140794
927228
140796
927231
140800
927234
402947
140804
927237
140805
927240
140809
927243
927246
140814
140815
927249
140817
927252
140820
927255
140823
927258
140826
927261
927264
140832
665121
140834
927267
140835
140837
927270
927273
140841
140843
927276
140844
140846
927279
140847
927282
140850
140852
927285
140854
927288
140856
927291
140860
927294
927297
140865
927300
927303
140871
927306
140874
140876
927309
927312
927315
140884
927318
140886
927321
140890
927324
140892
140893
927327
927330
140898
140900
927333
140903
927336
140905
927339
140907
927342
140910
140911
927345
140914
927348
140916
140918
927351
927354
140923
927357
140926
927360
927363
140931
140933
927366
140936
927369
140938
927372
140941
927375
927378
140946
140948
927381
927384
140953
927387
927390
140960
140962
927395
140963
927398
927401
140969
140970
927404
927407
140975
927410
140979
140980
927413
140983
927416
927419
927422
140990
927425
140994
927428
927431
141000
927434
141003
927437
141005
927440
141009
665297
927443
141011
927446
141015
927449
927452
141020
141022
927455
141023
927458
141027
927461
141031
927464
927467
141035
927470
141039
927473
141042
927476
141044
665333
927479
141048
927482
927485
141053
927488
141056
927491
141061
927494
665352
927497
141067
927500
141069
927503
141072
927506
927509
141078
141079
927512
141081
927515
141084
927518
141088
927521
927524
141092
141094
927527
927530
927533
141102
927536
141105
927539
141107
141109
927542
141112
927545
141114
927548
141116
141118
927551
927554
141122
141123
927557
141126
141127
927560
927563
403275
141132
927566
141135
927569
141139
927572
141141
927575
927578
141146
927581
141149
927584
927587
141156
927590
141158
927593
141161
141163
927596
141166
927599
927602
141170
927605
141174
927608
141177
927611
141179
141181
927614
141182
927617
141185
141186
927620
141188
927623
141191
665481
927626
403339
927629
141197
927632
141203
927637
141207
927640
141209
927643
141212
141213
927646
927649
141217
141218
927652
927655
141223
665512
927658
141226
927661
927664
141232
927667
927670
141238
141239
927673
141242
665530
927676
141245
141246
927679
927682
141250
141252
665540
927685
141253
141255
927688
141258
927691
141261
927694
141262
927697
927700
141270
927703
141272
927706
927709
141278
927712
141281
927715
927718
141286
141288
927721
927724
141292
927727
141295
141297
927730
927733
141301
141303
927736
141306
927739
141308
927742
141310
403454
927745
927748
141316
141318
927751
927754
927757
141326
927760
141328
141329
927763
141331
927766
141334
141336
927769
141339
927772
927775
141343
927778
141346
141348
927781
141349
141351
927784
141352
927787
141355
141357
927790
927793
141361
927796
141364
927799
141367
141369
927802
141371
927805
141374
927808
141377
141378
927811
141381
927814
141384
927817
927822
927824
141393
927827
927830
141398
141399
927833
927836
141404
141406
927839
141408
927842
141411
927845
141413
927848
927851
927854
141423
141424
927857
141427
927860
141428
927863
141431
927866
141434
927869
141437
927872
141440
927875
141444
141445
927878
141446
141448
927881
927884
141453
927887
141455
403599
141457
927890
141458
927893
141463
403607
927896
141466
927899
141468
927902
141471
141472
927905
927908
927911
927914
927917
141486
927920
141488
927923
141493
927926
141494
141496
927929
141499
927932
927935
141503
927938
141506
927941
141509
141511
927944
927947
141515
927950
141520
927953
141522
927956
927959
141527
141529
927962
927965
141533
927968
141538
927971
141540
927974
141542
141543
927977
141545
927980
141549
927983
141551
927986
141556
927989
141559
927992
927995
927998
141567
928001
141570
928004
141574
928007
141577
928010
928013
403726
928016
928019
928022
141591
928025
141593
928028
141596
928031
141599
928034
141603
928037
141605
928040
141608
928043
141611
928046
928049
928052
141621
928055
928058
928061
141629
141631
928066
141634
141636
928069
141637
928072
928075
141645
928078
665934
928081
928084
928087
141655
665943
928090
141659
928093
141662
928096
141664
928099
141667
928102
141670
141671
928105
141675
928108
141676
141678
928111
141680
928114
141684
928117
141687
928120
141690
928123
141692
141693
928126
141695
928129
141697
141699
928132
141702
928135
141703
141705
928138
141708
928141
141711
928144
141713
928147
141715
141717
928150
928153
928156
141724
141726
928159
141728
928162
141732
928165
928168
141736
928171
141740
928174
141742
928177
141746
928180
928183
141752
928186
928189
141757
141759
928192
141760
928195
141765
928198
141768
928201
141770
928204
928207
141777
928210
141779
141780
928213
928216
141784
141786
928219
928222
928225
928228
141796
928231
141799
928234
141802
141803
928237
141806
928240
141808
928243
141812
928246
141815
141816
928251
928253
928256
928259
141827
928262
141830
928265
928268
141836
928271
141839
141840
928274
928277
141845
141846
928280
141848
928283
141851
928286
141854
928289
141858
928292
141860
141862
404006
928295
141864
928298
141866
928301
141869
928304
404016
928307
141875
928310
141878
141879
928313
141882
404026
928316
928319
141887
928322
404034
141892
928325
928328
141897
928331
141900
928334
141903
404047
928337
141905
928340
141908
928343
141911
141912
928346
928349
141917
928352
141920
404064
928355
141923
141925
928358
928361
141929
928364
141934
928367
141937
928370
928373
928376
928379
141948
928382
141952
928385
141954
928388
141956
928391
141960
928394
928397
141966
928400
141970
928403
928406
928409
928412
928415
141984
928418
141986
928421
141989
141990
928424
141994
928427
141996
928430
142000
928433
142002
928436
142004
142005
928439
142007
142008
928442
404154
142012
928445
142014
928448
142016
928451
928454
142022
928457
666313
142027
928460
928463
142031
928466
142036
928469
928472
666328
142041
928475
142044
142045
928478
142047
928481
142051
928484
142053
928487
142055
666343
142057
928490
142059
142060
142062
928495
142063
142065
928498
142068
928501
142070
928504
142073
928507
142076
928510
928513
142081
928516
142084
928519
142087
142089
928522
928525
928528
142096
142098
928531
142100
142101
928534
928537
142107
928540
666396
928543
928546
928549
142117
928552
142121
928555
142125
928558
142127
928561
142130
142131
928564
142133
928567
142137
928570
142138
928573
142141
928576
142145
928579
142147
928582
142150
928585
142153
142154
928588
928591
142159
928594
142162
666452
928597
142167
928600
142169
928603
142171
142172
928606
142174
142176
928609
142178
142179
928612
928615
142183
142184
928618
142188
928621
928624
142194
928627
142197
928630
142200
928633
142202
928636
142206
928639
142208
142209
928642
142212
928645
142213
928648
142216
928651
142220
928654
142223
928657
142226
928660
142229
928663
142232
928666
142236
928669
142239
928672
928675
928680
142249
928683
142252
142253
928686
142255
928689
142259
928692
928695
928698
404410
142268
928701
142270
928704
142273
928707
928710
142280
928713
142282
142283
928716
928719
928722
142290
142291
928725
142293
142295
928728
928731
142300
928734
142302
928737
142307
928740
142309
142310
928743
666599
142312
928746
928749
142317
142319
928752
928755
142325
928758
142326
928761
928764
142333
928767
142335
142337
928770
142340
928773
928776
142344
928779
142347
928782
928785
142354
142355
928788
928791
142359
142361
928794
928797
142365
142367
928800
928803
142371
928806
928809
928812
928815
142384
928818
928821
142391
928824
404538
928827
142397
928830
142399
928833
142403
928836
928839
142408
142409
928842
404554
142411
928845
142414
928848
928851
142419
142421
928854
142423
928857
142425
928860
142428
142429
404573
928863
142431
142433
928866
142435
928869
142439
928872
142441
928875
142445
928878
142447
142448
928881
928884
142453
928887
142455
142457
928890
142459
928893
142461
928896
928899
142469
928902
142471
928905
928908
142476
142478
928911
142480
928914
142483
404628
928917
928920
142491
928925
928928
142496
928931
142499
928934
142503
928937
928940
142509
928943
142512
928946
142514
928949
142519
928952
142521
928955
404667
142525
928958
928961
928964
928967
142536
928970
142539
928973
142543
928976
142546
928979
928982
142550
142552
928985
142555
928988
928991
142559
928994
142563
928997
142566
929000
142569
929003
929006
142576
929009
929012
142580
929015
142585
929018
929021
142589
929024
142593
142594
666882
929027
142596
929030
142600
929033
142601
404746
929036
929039
142608
929042
929045
142614
404759
929048
142616
142618
929051
929054
142623
929057
142625
929060
142628
929063
142631
929066
929069
142639
929072
142642
929075
929078
142646
142648
929081
142649
929084
142654
929087
929090
929093
142661
929096
142664
929099
929102
142671
929105
929111
929113
142683
929116
929119
142687
929122
142690
142692
929125
142695
929128
929131
929134
929137
929140
142709
142710
929143
142711
929146
142714
929149
142717
142719
929152
142720
929155
142723
667013
929158
142727
929161
142731
929164
142733
929167
929170
929173
929176
142746
929179
142748
929182
929185
142753
929188
929191
142761
929194
142763
929197
142766
929200
142768
929203
142771
929206
142774
929209
929212
929215
142784
929218
142787
929221
142790
929224
142792
142794
929227
929230
142798
929233
142801
142802
929236
142805
929239
142807
142809
929242
142811
929245
929248
142816
929251
929254
142824
929257
142827
929260
142829
142830
929263
929266
929269
142838
929272
142841
929275
142843
667131
929278
929281
142849
929284
929287
929290
929293
929296
929299
142868
929302
142872
929305
142874
929308
142876
142877
929311
142880
929314
142884
929317
929320
142889
929323
142893
929326
142896
929329
929332
142901
405046
929335
142903
929338
142906
929341
142910
929344
142913
142914
929347
929350
142921
929355
142924
929358
405072
929361
142931
929364
142932
929367
142935
929370
929373
929376
142946
929379
142947
929382
929385
929388
142956
929391
142959
929394
929397
405110
142967
929400
929403
142972
929406
142976
929409
929412
142981
929415
929418
929421
929424
405136
142993
929427
142996
929430
142998
143000
405144
929433
929436
143004
929439
143007
929442
143010
929445
929448
405161
929451
929454
143023
929457
929460
929463
143033
929466
143035
929469
143037
143039
929472
929475
143043
929478
143048
929481
929484
143052
929487
143056
929490
143058
929493
143061
929496
143064
143065
405209
929499
143067
929502
143071
929505
143075
929508
929511
143081
929514
929517
143085
143087
929520
143088
143090
929523
143091
929526
929529
143098
929532
929535
143103
929538
143106
143109
929543
143113
405257
929546
929549
143117
929552
143120
929555
143123
143125
929558
143127
929561
143129
929564
143132
929567
929570
143139
929573
143142
929576
143144
143146
929579
143148
929582
929585
143153
929588
143157
929591
143159
929594
143162
143164
929597
143167
929600
143169
929603
929606
143174
929609
143179
929612
929615
143183
143185
929618
143187
929621
929624
143193
929627
143195
929630
143198
143199
929633
929636
143204
405350
929639
143207
143209
929642
929645
929648
143216
929651
143219
143221
929654
929657
143225
143227
929660
143229
929663
143231
143233
929666
929669
143238
929672
143241
929675
143245
929678
143247
929681
143251
929684
143252
929687
143255
143256
929690
143259
143260
929693
929696
143266
929699
143268
929702
143270
929705
143275
929708
143278
929711
143280
929714
143283
929717
143285
143287
929720
929723
143292
929726
143295
929729
929732
143301
929735
143303
143305
929738
143307
929741
143311
929744
929747
143315
143317
929750
143318
929753
929756
929759
929762
143330
929765
143335
929768
143338
929771
143341
929774
929777
143346
929780
143349
929785
143353
929788
143356
929791
143359
929794
143362
929797
143365
929800
667658
929803
143372
929806
929809
143378
929812
143381
929815
143384
929818
667676
929821
143389
143390
929824
929827
667684
143397
929830
143400
929833
929836
143404
929839
143408
929842
929845
405558
667702
143415
929848
143418
929851
143420
929854
929857
405570
929860
143429
929863
929866
929869
143437
667725
929872
143440
929875
143443
929878
929881
143450
929884
143453
929887
143457
929890
143459
929893
143461
143462
929896
667753
929899
143469
929902
929905
143474
929908
143477
929911
143480
929914
929917
143485
667774
929920
143489
929923
143491
143493
929926
143495
929929
929932
143500
405646
929935
929938
143506
143507
929941
929944
143514
929947
929950
143518
405662
929953
143523
929956
143526
405670
929959
929962
929965
143533
405678
929968
143536
143537
143540
929973
929976
143544
143545
929979
143549
929982
929985
929988
143558
929991
143560
929994
143562
667851
929997
930000
143568
930003
143572
930006
143574
930009
667867
930012
930015
143583
143585
930018
143586
143588
930021
930024
143592
143594
930027
667883
143596
930030
143598
143599
930033
143602
143603
930036
930039
143607
143609
930042
667899
930045
143613
930048
143617
930051
930054
405767
930057
143627
930060
930063
143631
930066
143635
930069
143637
930072
405786
930075
143643
930078
143646
930081
143651
930084
143653
930087
930090
143659
930093
143661
143663
930096
143665
930099
930102
143672
930105
930108
930111
143680
930114
143683
143684
930117
143687
930120
143689
930123
930126
143696
930129
930132
143702
930135
143704
930138
143706
143707
667996
930141
930144
143714
930147
143717
930150
143720
930153
143723
930156
930159
930162
143732
930165
143733
930168
930171
143740
143741
930174
143742
930177
143745
930180
143750
930183
143751
143753
930186
930189
668045
930192
143760
930195
668051
143764
930198
143766
143768
930201
930204
143773
930207
930210
143779
143780
930215
143785
930218
143787
930221
143790
930224
143793
930227
930230
930233
143803
930236
930239
930242
143811
668099
930245
143815
930248
143817
930251
143820
930254
143823
930257
143825
930260
143829
930263
143832
930266
143835
930269
930272
143840
668129
143842
930275
143843
930278
143847
930281
143849
930284
930287
143857
930290
930293
930296
143864
930299
143867
930302
143871
930305
930308
143877
930311
143881
930314
143882
143884
930317
930320
143888
930323
143892
930326
143895
930329
143897
930332
930335
930338
930341
143911
930344
143913
930347
143916
930350
143919
930353
143921
930356
143925
930359
930362
143932
930365
930368
143936
143938
930371
930374
143942
930377
143945
406089
143946
930380
143949
930383
143952
930386
143955
930389
143957
143959
930392
143961
930395
930398
143966
143968
143970
930403
143972
930405
406117
930407
930409
143977
930411
143980
930413
930415
143984
930417
143986
406130
930419
930421
930423
143991
930425
930427
930429
143997
143998
930431
930433
144001
930435
144004
930437
930439
144008
930441
144010
930443
930445
930447
930449
144017
930451
144019
930453
144021
930455
930457
144025
406170
930459
144027
930461
144029
930463
144032
930465
930467
144035
930469
930471
144040
930473
930475
144043
930477
144045
930479
930481
930483
930485
144053
930487
144055
930489
930491
144059
930493
144061
930495
144063
930497
144065
930499
144067
930501
144069
668357
144070
930503
144072
930505
930507
144075
930509
144078
930511
144080
930513
930515
144083
930517
144086
930519
930521
930523
930525
930527
144095
930529
144097
930531
930533
144101
930535
930537
144105
930539
144108
930541
144110
930543
406256
668400
930545
144113
930547
930549
144117
930551
144120
930553
144122
930555
144124
930557
144126
930559
930561
930564
930566
144135
930568
144137
930570
144139
930572
930574
930576
144144
930578
144146
668435
930580
144148
930582
144151
930584
930586
144155
930588
930590
930592
930594
144162
930596
930598
930600
930602
144170
930604
144173
930606
930608
930610
930612
144181
930614
930616
144184
668472
930618
930620
144188
930622
144190
144191
930624
144193
930626
144195
406339
930628
930630
144198
144199
930632
930634
144202
930636
930638
144207
930640
930642
144211
930644
930646
144214
930648
930650
144218
930652
930654
144223
930656
144224
930658
144226
930660
930662
668519
930664
930666
144234
930668
144236
930670
930672
930674
144243
930676
930678
668534
144247
930680
930682
144250
144251
930684
144253
930686
930689
144259
930692
144262
930695
144265
930698
668556
930701
930704
144272
930707
930710
144278
930713
930716
930719
930722
930725
930728
144296
144298
668586
930731
144301
930734
144302
930737
930740
144308
930743
144312
930746
144315
930749
144319
930752
144320
930755
144323
144324
930758
930761
144330
930764
144332
930767
144336
930770
930773
144341
668629
144342
930776
930779
144348
930782
144350
930785
144353
930788
144356
930791
144361
930794
144362
930797
144367
930800
144368
930803
144371
930806
930809
144378
930812
144381
930815
144385
930818
144387
930821
144390
930824
144392
406537
930827
930830
144400
930833
930836
144404
930839
144407
930842
144410
406554
930845
930848
144416
930851
144419
930854
144423
930857
144426
930860
144429
406574
930863
144431
930866
930869
930872
144441
930875
144443
668731
144445
930878
144448
930881
930884
144453
930887
144456
930890
930893
144462
930896
930899
144468
930902
930905
144475
930908
144478
930911
930914
144482
144484
930917
144487
930920
144489
930923
930926
144498
930931
930934
144503
930937
144506
930940
144509
668797
930943
144511
144513
406657
930946
144516
930949
144517
930952
144521
406665
930955
144524
930958
144527
930961
406673
930964
144532
144533
930967
930970
144538
144540
930973
930976
144545
930979
930982
144550
930985
144555
930988
144557
930991
144559
144560
930994
144564
930997
931000
931003
144571
931006
144575
931009
144578
931012
144581
931015
144584
931018
144587
931021
144590
931024
931027
144596
931030
144600
931033
406745
931036
144605
144606
931039
144609
931042
144611
931045
144613
931048
668905
931051
144620
931054
144623
931057
668915
931060
144629
931063
931066
931069
144637
931072
931075
144643
931078
144646
931081
144651
931084
931087
144657
931090
931093
144662
931096
144664
144666
931099
144668
931102
144670
931105
144674
931108
144676
931111
931114
144682
144685
931119
144688
931122
144691
931125
144693
931128
144697
931131
144701
931134
931137
931140
668997
144710
931143
144711
931146
144715
931149
144717
931152
144720
931155
931158
931161
931164
144734
931167
144737
931170
144739
931173
144741
144742
931176
931179
144747
144748
931182
144751
931185
144754
931188
144757
931191
144759
144761
931194
144762
144764
931197
144766
931200
144768
144770
931203
144772
931206
144775
931209
931212
144781
931215
931218
144786
931221
144790
144791
931224
144794
931227
144797
931230
931233
144802
144803
931236
144806
931239
144807
144809
931242
144811
931245
144814
931248
931251
931254
669110
144823
931257
144825
931260
931263
144831
931266
144834
931269
144838
931272
144840
931275
144843
931278
144846
144848
931281
931284
144854
931287
931290
931293
931296
931299
144868
407012
931302
931305
144875
931308
144876
931311
144879
931314
144882
144884
931317
931320
144889
931323
144891
931326
669182
144895
931329
144897
144899
931332
931335
144903
931338
144908
931341
144911
931344
669200
144913
931347
144916
931350
931353
931356
144924
144928
931361
931364
144933
931367
931370
144938
931373
144942
931376
144945
931379
144947
407091
931382
144951
931385
407099
931388
931391
931394
144963
931397
144967
931400
931403
144971
144973
931406
144976
931409
144978
931412
144982
931415
931418
144988
931421
144990
931424
931427
669283
931430
931433
145002
931436
145005
931439
931442
931445
931448
931451
145019
145020
931454
931457
669313
931460
145028
931463
145032
145033
669321
931466
931469
145039
931472
145041
931475
145045
931478
931481
145049
145051
931484
145053
145054
931487
407200
931490
145059
669347
931493
145062
931496
145065
931499
145067
669355
145068
931502
145071
931505
145073
145074
931508
145077
931511
145080
931514
145083
931517
145085
931520
145090
931523
145092
931526
145096
931529
145098
931532
669388
145101
931535
145103
931538
145106
931541
931544
145115
931549
145118
931552
145121
931555
145124
931558
145127
145128
931561
931564
145134
931567
145137
931570
145139
931573
145142
931576
145144
931579
145147
145149
931582
931585
145153
931588
145156
931591
145159
931594
145162
145164
931597
931600
145169
931603
145171
931606
931609
145177
145179
931612
145182
931615
931618
145187
931621
145189
931624
145193
931627
145195
407341
931630
145198
931633
145201
145203
931636
407349
931639
145208
931642
931645
931648
145218
931651
145220
931654
931657
145226
931660
931663
931666
145235
931669
931672
145240
145242
931675
931678
669534
145247
931681
931684
145254
931687
931690
145259
145260
931693
145263
931696
145264
931699
145267
931702
145270
145272
931705
931708
145276
145278
931711
931714
931717
145287
931720
145288
145290
669578
931723
145292
931726
931729
145299
931732
931735
145305
931738
931741
931744
145312
931747
145315
145316
931750
145319
931753
931756
931759
145327
669617
931762
931765
145334
931768
145337
669625
931771
931774
145344
931777
145346
931780
145348
669637
931783
931786
145355
931791
145359
145361
931794
145363
931797
145367
931800
145370
931803
145373
931806
931809
931812
145380
931815
145383
145384
931818
145387
931821
145391
931824
145393
931827
145395
931830
145399
931833
407545
931836
145405
145406
931839
931842
931845
145414
931848
145418
931851
145420
931854
931857
145426
931860
145428
145430
931863
145433
931866
145435
931869
145437
931872
145440
145442
931875
145443
931878
669735
931881
145450
931884
145454
931887
931890
145460
931893
145463
931896
931899
145467
931902
145472
931905
931908
145478
931911
145479
931914
145483
145484
931917
931920
145489
931923
145491
407635
931926
145494
931929
145497
407643
931932
931935
145504
931938
145507
407651
931941
145510
931944
145512
931947
145515
931950
145520
931953
145522
145523
931956
145526
931959
931962
145532
931965
931968
145538
931971
145541
931974
145544
669833
931979
145547
931982
145551
145552
931985
931988
145557
931991
145559
407703
931994
145562
145564
931997
145566
932000
932003
145571
932006
932009
932012
145581
932015
145585
932018
145586
932021
145590
932024
145592
932027
145597
932030
145600
932033
145601
145602
932036
145606
932039
145609
932042
145612
932045
932048
669905
145618
932051
145620
932054
145624
932057
145626
932060
145629
669917
932063
145633
932066
145635
932069
145637
932072
932075
145643
932078
932081
145650
932084
145653
932087
145655
932090
932093
932096
145664
932099
932102
145671
932105
145673
145674
932108
145676
145678
932111
932114
145683
932117
145687
932120
145690
932123
145692
932126
145695
932129
145699
932132
145700
145702
932135
145704
932138
145706
145708
932141
932144
932147
932150
145720
932153
145722
932156
145725
932159
932162
932165
145734
932168
145736
932171
145739
932174
932177
932180
145750
932183
932186
145756
932189
145758
932192
145762
932195
932198
932201
145769
145771
932204
932207
145775
932210
145778
932213
145781
145783
932216
145788
932221
145790
145791
932224
145794
932227
145796
932230
145800
932233
145803
932236
932239
145809
932242
932245
145814
407959
932248
932251
932254
670112
932257
932260
145828
932263
145833
932266
145835
932269
145838
932272
145840
932275
145843
145845
932278
145846
932281
145849
932284
145852
145854
932287
932290
145859
932293
145861
932296
145864
932299
145869
932302
145871
145872
932305
932308
145876
932311
932314
932317
408029
932320
932323
145893
408037
932326
145895
932329
932332
932335
145904
145905
932338
408052
932341
932344
145914
932347
145915
145917
932350
145919
145920
932353
145923
932356
932359
145927
145928
932362
145931
932365
145933
932368
145936
932371
145939
145941
932374
145944
932377
932380
145948
932383
145953
932386
670243
932389
145958
932392
145962
932395
932398
145966
145968
932401
932404
670260
145974
932408
145976
145978
932411
145981
932414
145983
932417
670273
145987
932420
145990
932423
145991
932426
145994
145996
932429
932432
146000
670290
932435
146003
146005
932438
932441
146011
932444
146013
932447
932450
146019
670307
932453
932456
932459
932462
146031
932465
146034
932468
146036
146038
932471
932474
146042
932477
146045
670334
932480
146049
932483
146052
932486
932489
932492
932495
932498
146067
932501
146071
932504
670361
146074
932507
932510
146079
932513
146082
146083
932516
932519
146088
146089
932522
146091
932525
146093
932528
146097
932531
146101
932534
932537
146107
932540
932543
932546
146114
146116
932549
932552
146122
932555
146123
932558
146127
670415
932561
146131
932564
146133
932567
146136
932570
146138
146140
932573
932576
146144
932579
932582
146151
932585
146153
932588
146158
932591
146161
932594
932597
146165
932600
146168
146170
932603
932606
146175
932609
932612
146180
932615
146183
932618
146188
932621
932624
146192
932627
932630
146198
146200
932633
146202
932636
932639
146209
932642
932645
146213
932648
146219
146220
932653
146223
932656
146226
932659
146227
932662
932665
146233
146235
932668
146236
146237
932671
146240
932674
932677
146246
932680
146248
932683
146251
146253
932686
932689
146259
932692
146260
932695
146263
932698
146268
932701
146269
932704
932707
146275
670563
146276
932710
146280
932713
408426
146283
932716
932719
146289
932722
932725
932728
146297
932731
146301
932734
146302
932737
932740
146308
932743
146311
932746
932749
146318
932752
146320
408464
146322
932755
932758
408472
932761
146331
932764
932767
408480
146337
932770
932773
146341
146342
932776
146344
146345
932779
146347
932782
146350
146351
932785
932788
146356
932791
932794
146363
146364
932797
146367
932800
146368
408512
146370
932803
146373
932806
408520
932809
932812
932815
146383
408528
932818
146387
932821
932824
146393
932827
146396
932830
146401
932836
932839
146407
932842
146412
932845
932848
146416
932851
146419
932854
408567
146424
932857
932860
146429
932863
146431
146433
932866
932869
146437
932872
932875
932878
932881
146450
932884
146452
932887
146455
408600
932890
146459
932893
146461
932896
146464
408608
932899
146467
932902
146470
932905
146474
932908
146477
932911
146479
146481
932914
146484
932917
670773
146487
932920
146488
932923
932926
146495
932929
146499
932932
146500
932935
146505
932938
146506
146508
932941
146511
932944
146514
932947
146516
932950
146519
146520
932953
670809
146523
932956
932959
146529
932962
146531
146532
932965
146533
146535
932968
146538
932971
146541
932974
146542
146544
932977
932980
670837
932983
932986
146555
146556
932989
146559
932992
146560
146562
932995
146565
932998
146567
146568
933001
146570
933004
933007
146575
146577
933010
933013
146581
146583
933016
933019
146587
933022
146591
933025
933028
146596
146597
933031
933034
146603
933037
146605
933040
146608
933043
146611
933046
146614
933049
146617
146619
933052
933055
146624
933058
933061
933064
408777
933067
146636
933070
146638
933073
933076
146646
933081
933084
933087
146657
408801
933090
146660
933093
933096
146664
146666
933099
933102
933105
146673
933108
146676
146677
933111
146679
670968
933114
146682
146684
933117
146686
933120
146688
670976
146689
933123
933126
146694
933129
933132
146700
146701
933135
933138
146706
146708
933141
146710
933144
146712
933147
933150
146718
933153
933156
146724
933159
146727
146728
933162
146732
933165
933168
146737
146738
933171
146741
933174
933177
146745
933180
146749
933183
146753
671041
933186
933189
146757
933192
146760
933195
146764
933198
146766
933201
408913
933204
146772
146774
933207
146775
146777
933210
146780
933213
146783
933216
146786
933219
671076
933222
146790
933225
146793
933228
146796
933231
146799
146801
933234
933237
933240
671097
933243
146811
933246
146814
146815
933249
146818
933252
146821
146822
933255
933258
933261
146829
146830
671118
933266
933269
146838
933272
933275
146843
933278
146846
146848
933281
671139
933284
146852
933287
146856
933290
146860
933293
146862
933296
146865
933299
933302
146871
671160
933305
146875
933308
933311
146879
933314
146882
146884
933317
146886
933320
146890
933323
146891
671181
933326
146895
933329
146899
933332
146902
933335
146904
933338
146906
933341
146909
146911
933344
671202
933347
146915
146917
933350
933353
933356
146926
933359
146928
933362
146930
146931
671220
933365
933368
146938
933371
146939
933374
146943
933377
146945
146947
933380
146949
671238
933383
146952
933386
933389
146958
933392
146960
933395
146963
146965
933398
671256
933401
146971
933404
146974
933407
146976
933410
146980
933413
146983
933416
146985
146986
671274
933419
146988
933422
146990
146992
933425
933428
146998
933431
147000
933434
147002
671292
933437
147006
933440
933443
147011
147013
933446
933449
147017
933452
671310
933455
147025
933458
147027
933461
147031
933464
671321
933467
147035
933470
147040
933473
147041
147043
933476
933479
147047
933482
147050
933485
147053
671343
933488
147058
933491
933494
147062
933497
147067
933500
147069
147070
933503
147072
933506
933511
147081
933514
671372
933517
933520
147088
147090
933523
147093
933526
933529
147099
933532
147101
933535
147103
147104
933538
147106
671394
933541
933544
147113
933547
147115
933550
147119
933553
147123
933556
933559
933562
409275
933565
933568
147138
933571
147139
933574
147144
933577
933580
147150
933583
933586
933589
147157
933592
147161
933595
147164
933598
147168
933601
147170
933604
147173
933607
933610
933613
933616
147184
147185
933619
147189
933622
409334
147192
933625
671482
933628
933631
933634
147202
147204
933637
147207
933640
933643
933646
147214
409358
933649
933652
409366
933655
671511
933658
147226
147228
933661
933664
147234
671522
933667
147236
933670
933673
147242
409386
933676
147245
933679
147248
933682
147250
933685
147255
933688
933691
409403
147262
933696
147265
933698
933701
147270
147271
933704
671562
933707
933710
147278
933713
147283
933716
671573
933719
147289
933722
933725
147293
147295
933728
933731
147299
933734
933737
147306
933740
147308
147310
933743
933746
933749
147317
933752
147321
933755
933758
933761
147331
933764
933767
147335
147337
933770
933773
147341
933776
933779
671636
147349
933782
147351
147352
933785
147354
933788
147356
147358
933791
147360
933794
147363
933797
147366
933800
147369
933803
933806
933809
147378
933812
147381
933815
147384
933818
147387
933821
933824
147392
147393
933827
933830
147398
933833
147401
147403
933836
933839
147408
933842
147410
933845
147413
933848
147416
147418
933851
147421
933854
147423
933857
147427
933860
933863
933866
147434
147436
933869
147437
933872
933875
933878
147448
933881
147449
409594
933884
933887
147456
933890
409602
147459
933893
933896
409610
933899
147467
933902
147470
147472
933905
147474
933908
147476
933911
147481
933914
933917
147485
147486
933920
147489
933923
933926
147496
933929
933932
147501
933935
147503
147507
933940
147509
933943
147511
933946
147514
671802
933949
147517
147519
933952
147521
933955
147525
933958
147528
409672
933961
147529
933964
671820
147534
933967
147535
933970
147539
933973
147541
147543
671831
933976
933979
147548
933982
147551
409695
933985
147553
933988
147557
933991
933994
933997
147567
934000
147568
934003
934006
671863
147576
934009
147578
934012
934015
147585
671873
934018
147588
934021
147590
934024
147594
934027
934030
147600
934033
934036
147604
934039
147607
147609
934042
934045
147614
671902
934048
147616
934051
147619
934054
147622
934057
147625
147626
934060
147629
147630
934063
934066
147634
934069
934072
147642
934075
147644
934078
147646
934081
147649
147651
934084
934087
934090
934093
934096
147664
147666
934099
147668
147669
671957
934102
147670
147672
934105
147674
934108
147676
934111
147680
671968
934114
934117
147685
147687
934120
147689
147691
934125
147695
934128
147697
934131
934134
147703
934137
147706
934140
147710
934143
147712
934146
934149
147717
934152
409866
934155
147725
934158
934161
147729
147730
934164
147734
934167
147736
934170
934173
147742
934176
147744
672034
934179
147747
147749
934182
934185
934188
147757
934191
147759
934194
934197
147765
147767
934200
147769
934203
147771
147773
934206
147774
147776
672064
934209
934212
934215
147783
934218
147788
934221
147791
934224
147792
409938
934227
934230
147798
147799
934233
147801
672090
147803
934236
147806
934239
934242
934245
147815
934248
934251
147821
934254
934257
934260
934263
147833
934266
934269
672126
934272
147840
934275
147845
934278
934281
147851
934284
934287
147857
934290
147860
934293
934296
147864
147865
934299
934302
934305
147873
147875
934308
147876
934311
147879
934314
147882
672172
934317
147885
934320
147888
934323
147892
934326
934329
147897
934332
934335
147903
147905
672193
934338
147908
934341
147911
934344
934347
147916
934350
147918
934353
147921
934356
147924
672214
934359
147929
934362
147932
147933
934367
934370
147938
147940
934373
410086
934376
934379
672235
934382
934385
147955
934388
147957
934391
934394
147962
147964
934397
147967
934400
672256
147969
934403
147971
147973
934406
147975
934409
147977
934412
934415
934418
147988
934421
672277
147990
934424
147993
934427
934430
410143
148000
934433
148002
934436
934439
148007
934442
148010
672298
934445
148014
934448
148016
148018
934451
934454
148023
410168
934457
934460
934463
672319
148033
934466
148035
934469
148039
934472
934475
934478
148046
410192
934481
148049
934484
672340
148054
934487
148055
410200
148057
934490
148059
934493
934496
934499
934502
148071
934505
672361
148075
934508
148078
934511
148080
148081
934514
934517
148087
410231
934520
934523
148093
934526
148095
934529
148098
934532
148100
148102
934535
148105
672393
934538
934541
934544
148113
934547
148117
934552
148120
934555
934558
148126
672414
934561
148129
934564
148133
934567
148135
934570
148138
934573
148141
148142
934576
148144
934579
934582
148150
148151
934585
148153
934588
148157
672446
934591
148159
148160
934594
934597
148165
148166
934600
148169
148170
934603
934606
148174
148176
934609
672467
934612
148181
934615
934618
934621
148189
934624
148194
934627
934630
148199
934633
934636
934639
934642
148210
672499
934645
934648
148216
934651
148219
934654
148223
934657
148226
934660
934663
148231
934666
148234
148236
934669
148238
148239
934672
934675
672531
934678
148246
934681
148249
148251
934684
148253
410397
934687
934690
934693
934696
148265
934699
148268
934702
148271
672560
934705
148274
934708
934711
148279
934714
148284
934717
934720
672578
934723
148293
934726
148296
934729
148299
934732
148302
934735
148303
148305
934738
934741
148310
934744
148314
934747
934750
148318
672606
934753
148321
148323
934756
148326
934759
410471
934762
148331
934765
934768
934771
148339
672629
934774
148343
934777
148346
934780
148348
934783
672639
148352
410496
148353
934786
934789
148358
148359
148361
934794
148364
934797
934800
934803
934806
148374
148376
934809
148379
934812
148380
148382
934815
934818
148386
148387
672675
934821
934824
148392
934827
148395
934830
148399
934833
148401
148402
934836
148404
148406
934839
148407
148408
934842
148411
934845
148413
148415
934848
672704
148418
934851
148420
934854
934857
148425
934860
934863
934866
148434
672722
934869
148437
148438
934872
934875
934878
148446
148447
934881
148449
148450
672738
934884
148452
934887
934890
148458
148460
934893
934896
148465
934899
148468
672756
934902
148471
934905
148473
934908
148476
934911
148480
934914
148482
934917
672774
934920
148489
934923
934926
148494
934929
148497
148499
934932
934935
148503
934938
934941
934944
148513
934947
148515
672803
934950
148519
934953
148523
934956
148526
934959
148528
934962
148530
148532
934965
672821
934968
148536
934971
934974
148543
672832
148546
934980
934983
148551
934986
934989
148558
934992
672850
934995
148564
934998
148567
935001
148570
148571
935004
672861
935007
935010
148578
148580
935013
148581
935016
935019
935022
148590
148591
935025
935028
935031
148599
935034
148602
672890
935037
148605
148607
935040
935043
935046
148615
935049
935052
672908
148622
935055
935058
935061
935064
935067
148637
935070
935073
148641
148643
935076
148645
672934
935079
148648
935082
935085
148655
935088
148657
672945
935091
148659
148661
935094
148663
935097
672953
148667
935100
148670
935103
148672
148673
935106
148676
935109
935112
148682
935115
148685
935118
148686
148688
935121
148691
935124
148694
672982
935127
935130
935133
148701
148703
935136
148704
148705
935139
148707
148708
410852
935142
148711
935145
148713
935148
673004
935151
148720
935154
148723
935157
148726
935160
935163
148731
148733
935166
148734
148736
935169
935172
148741
935175
148743
148744
935178
935181
148751
935184
148752
935187
148757
935190
935193
935196
673052
935199
148767
148768
935202
148771
673060
935205
935208
148776
148778
935211
410923
935214
148784
935217
148787
410931
935222
935225
148793
148795
410939
935228
148798
935231
148800
673089
935234
935237
935240
935243
148811
935246
935249
935252
935255
673111
148824
935258
148826
148828
935261
935264
148832
148834
935267
935270
935273
673129
148843
935276
148844
935279
148847
935282
148852
935285
148855
935288
935291
148860
148861
935294
148864
935297
935300
673158
935303
148872
935306
935309
148878
935312
148881
935315
935318
148888
673176
935321
148891
935324
935327
148897
935330
148899
935333
148901
935336
935339
148909
935342
673198
148912
935345
935348
935351
148919
935354
935357
148926
935360
148928
673216
935363
148932
935366
935369
148937
935372
148940
148941
935375
148943
935378
673234
935381
148951
935384
148953
935387
935390
148958
148959
935393
148963
935396
148964
673252
148966
935399
148969
935402
148970
148973
935406
935409
411122
935412
935415
148983
935418
148986
935421
148989
935424
148992
673281
148994
935427
148997
935430
935433
149001
935436
935439
149007
935442
673299
935445
149013
149014
935448
149018
935451
149021
935454
149023
935457
149025
935460
149029
935463
149033
935466
149035
935469
149038
149039
935472
411186
935475
673333
935478
149047
935481
149051
935484
149052
935487
149057
935490
149060
935493
411205
149062
673351
935496
149064
149066
935499
149067
149069
935502
149072
935505
149074
935508
935511
673369
935514
149082
935517
149086
935520
935523
149091
149093
935526
149095
935529
673387
935532
149100
935535
149103
935538
149106
149108
935541
935544
149113
935547
673405
935550
935553
935556
149124
935559
149128
935562
149130
935565
149133
149135
935568
149137
673426
935571
149140
149141
935574
149142
149144
935577
149145
935580
149148
673437
935583
935586
935589
149157
149159
935592
149162
935595
935598
149166
673455
935601
149170
935604
935607
149176
935610
149179
935613
935616
935619
149187
935622
149190
935625
149194
935628
149197
935631
673489
935634
149204
935637
149206
935640
149209
935643
149212
935648
149217
935651
673507
935654
935657
149225
935660
149228
149230
935663
149232
935666
149235
673524
935669
149238
935672
149241
935675
149244
149245
935678
935681
149250
935684
149252
935687
149257
935690
149259
673547
935693
149261
149262
935696
149265
935699
149269
935702
149271
935705
149274
935708
149277
673565
935711
935714
935717
149287
935720
673576
935723
149291
935726
149294
935729
149297
935732
149302
935735
149305
935738
673594
149308
935741
935744
149313
149314
935747
149316
935750
149319
149320
935753
149322
935756
673612
149325
935759
149328
935762
149330
935765
149333
935768
149337
935771
149340
149341
935774
673630
149343
935777
935780
149350
935783
935786
935789
149358
935792
149360
935795
149364
935798
411510
149368
935801
149370
149371
935804
935807
149375
149377
935810
149379
935813
673670
935816
149385
149386
935819
149388
935822
935825
149396
149399
935832
673688
149402
935835
149404
935838
149408
935841
149411
935844
149413
935847
149416
935850
149419
673708
935853
149422
935856
411568
935859
935862
149431
935865
149434
935868
149436
673726
935871
935874
935877
149446
935880
411592
935883
149453
935886
935889
149458
935892
673748
935895
149464
149465
935898
411610
149467
673756
935901
149471
935904
149473
935907
149476
935910
935913
149483
935916
673774
935919
935922
149491
935925
149494
935928
149497
935931
935934
149503
935937
149506
935940
149510
935943
935946
149515
935949
673806
149519
935952
149521
149522
935955
149524
935958
935961
935964
935967
935970
149538
935973
149543
935976
935979
149547
673835
935982
149552
935985
935988
935991
149561
935994
149564
935997
936000
149568
149570
936003
936006
673864
936009
149577
936012
936015
149583
149584
936018
149586
936021
149590
936024
149593
936027
149595
936030
149600
936033
149601
936036
149604
673894
936039
149607
149609
936042
936045
936048
149618
936051
936054
936057
149625
936060
149628
149629
411773
149630
936063
936066
149635
673923
149636
936069
149640
936074
149642
936077
149645
149646
936080
149648
936083
936086
149655
936089
149657
936092
936095
149663
936098
936101
149669
936104
149672
149674
936107
149675
673965
936110
149679
936113
149681
149682
936116
411828
936119
149687
149689
936122
149690
936125
673983
936128
149697
936131
149699
149701
936134
149703
936137
149705
149707
936140
149709
936143
674001
936146
936149
149717
936152
149721
936155
936158
936161
149729
149731
936164
149732
936167
149737
936170
149740
936173
674030
936176
149746
936179
936182
149751
936185
149754
936188
149756
936191
936194
149762
149764
936197
149766
936200
149770
674058
936203
936206
936209
149778
149779
936212
149781
411925
936215
149783
936218
674075
936221
149789
936224
149792
936227
149795
936230
936233
149803
936236
674093
936239
149809
936242
149812
936245
936248
936251
149820
936254
149823
674111
936257
149828
936262
149830
149832
936265
149835
936268
149838
936271
149840
674129
936274
149844
936277
149846
936280
149849
936283
149851
936286
936289
149859
674147
936292
149860
936295
936298
149867
936301
936304
149874
936307
149876
674165
936310
149878
149880
936313
149882
936316
149885
936319
149888
936322
936325
149894
674183
936328
149897
936331
149899
936334
936337
149905
936340
674197
936343
149913
936346
936349
149919
936352
936355
936358
149926
936361
149929
936364
412076
936367
149935
674225
936370
412083
936373
149941
936376
149944
149945
412090
936379
149949
936382
936385
149953
674243
936388
149958
936391
149960
936394
936397
936400
936403
149972
674261
936406
149974
936409
149977
936412
149981
936415
149984
936418
936421
149991
674279
936424
149994
936427
936430
150000
936433
674290
150003
936436
936439
150007
150009
936442
936445
150015
936448
936451
150019
936454
936457
150026
936460
674318
936463
936466
150034
936469
150039
936472
150042
936475
936478
674335
936481
150050
936484
150053
936487
150057
936490
674346
150060
936493
150063
936496
936499
150067
936504
150074
936507
150075
936510
150078
150079
936513
150081
936516
150085
936519
150087
674375
150089
936522
936525
150093
936528
936531
150101
936534
936537
936540
412252
150110
936543
936546
150115
936549
150117
936552
150121
936555
150123
936558
150127
674415
936561
936564
936567
150136
936570
150139
936573
150143
936576
936579
150147
936582
150150
936585
150153
936588
674444
150157
936591
936594
936597
936600
150168
936603
150171
674460
936606
150175
936609
150179
936612
150181
936615
150184
936618
936621
150189
150190
936624
936627
150195
936630
936633
412345
150202
150203
936636
936639
936642
150212
936645
150213
150215
936648
674504
936651
936654
150224
936657
150227
936660
936663
150232
936666
150236
936669
150238
936672
150240
936675
150243
936678
150247
936681
150249
150250
936684
936687
150259
936692
936694
150263
936696
936698
936700
150268
936702
936704
150272
936706
936708
150276
674565
936710
936712
150280
150281
936714
936716
150284
150285
936718
936720
150288
674576
150289
936722
936724
150292
936726
936728
936730
150298
150299
936732
936734
936736
936738
150307
936740
150308
936742
150311
674599
936744
936746
150314
150315
936748
936750
150318
936752
150320
936754
936756
936758
936760
936762
150330
936764
150332
936766
150335
674623
936768
412480
936770
150339
936772
936774
936776
150344
936778
936780
150348
150349
936782
936784
150352
674641
936786
412498
150355
936788
936790
936792
936794
150363
936796
150365
936798
936800
150369
936802
936804
936806
150375
936808
936810
936812
150380
150381
674669
936814
150383
936816
150385
936818
936820
936822
150391
936824
936826
936828
936830
936832
150400
936834
936836
936838
150407
936840
150409
936842
150411
936844
936846
150415
936848
936850
150418
936853
674709
150422
936855
936857
936859
936861
150429
936863
150431
936865
150433
936867
150436
936869
936871
150440
936873
674729
936875
936877
936879
936881
150449
150450
936883
936885
150454
936887
936889
150458
936891
936893
150461
936895
150464
936897
936899
936901
936903
150471
936905
150474
936907
936909
936911
936913
674769
150482
936915
150484
936917
936919
150487
936921
150489
936923
674779
150492
936925
936927
150496
936929
936931
936933
936935
150504
936937
150506
936939
150508
936941
674797
936943
936945
936947
150515
936949
150518
936951
936953
150521
936955
936957
150526
936959
936961
936963
150531
936965
936967
936969
936971
936973
150542
936975
150544
936978
150548
936981
150550
936983
150551
936985
150554
674842
936987
936989
936991
150560
936993
936995
936997
150565
674853
936999
150567
150568
937001
150570
937003
150573
937006
937009
150578
937012
150582
937015
150583
937018
674874
937021
150591
937024
937027
150595
150596
674885
937030
937033
150603
937036
937039
150607
937042
150611
937045
674902
937048
150616
937051
150620
937054
150623
937057
937060
150628
150630
937063
150633
937066
937069
150639
937072
150641
937075
937078
937081
412793
150650
937083
937085
150653
937087
150656
937089
937091
150660
937093
674950
937095
937098
150667
937101
937104
150673
937107
937110
150678
150680
674968
937113
937116
937119
937122
412834
150691
674979
937125
150694
937128
150698
937131
150700
150701
937134
150703
937137
150706
937140
937143
937146
150715
675003
937149
150718
937152
150721
937155
937158
150727
150728
937161
150731
412875
937164
937167
150735
675023
937170
150738
150740
937173
937176
150744
150745
937179
150747
937181
412893
937183
150752
937185
937187
937189
150758
937192
150763
937197
937200
150768
937203
937206
150774
675062
937208
937210
937212
937214
937216
150786
937219
150788
937222
937225
150794
937228
150796
675084
412942
937231
150799
937234
150803
937237
150805
150807
937240
150810
937243
150813
937246
675102
150816
937249
150818
937252
150822
937255
150824
937258
150827
937261
150829
937264
937267
150835
150837
675125
937270
412983
150840
937273
937276
937279
937282
150852
937285
150853
937288
150857
937291
150859
937294
150863
937297
413009
675154
150867
937300
937303
150872
937306
150876
937309
937312
937315
675171
150885
937318
937321
150891
937324
937327
150895
150896
937330
150898
150900
937333
150901
150903
937336
150904
150906
937339
675195
150909
937342
150912
937345
413058
937348
937350
150918
150919
937352
937354
150922
937356
150924
937358
150926
937360
937362
150931
675219
937364
937366
150934
937370
150939
937373
150941
937376
150944
937379
150949
937382
150951
937385
150953
937388
150958
937391
413104
937394
150962
937397
150965
937400
675256
937403
150972
937406
150976
937409
150978
150979
937412
150982
937415
150985
675273
937418
150988
937421
150991
937424
413137
937427
150996
150997
937430
150999
937433
937436
151005
413149
937439
675297
937442
151010
151012
937445
937448
151016
937451
151019
937454
937457
151025
151027
675315
937460
151029
937463
151033
937466
151034
937469
151038
937472
151041
937475
151044
675332
937478
937481
151051
937484
151053
937487
151056
937490
937493
151063
937496
937499
151067
675356
151069
937502
937505
937508
151077
937511
151079
937514
151083
937517
675374
937520
151089
937523
151091
937526
937529
675385
151099
937532
937535
151104
151105
937538
151108
937541
937544
937547
151115
151116
937550
937553
151121
413266
151123
937556
151126
937559
937562
675418
151132
937565
151134
937568
151137
937571
151140
937574
151144
937577
675435
937580
151148
937583
937586
937589
151158
937592
937595
151163
937598
151166
151167
937601
151171
937604
413317
937607
151179
937612
937615
151183
937618
151187
937621
675477
937624
151193
937627
151196
151197
937630
151200
937633
151203
937636
151205
937639
151209
937642
151210
151212
937645
151214
937648
937651
937654
151222
937657
151225
151226
937660
151228
937663
151231
937666
151236
937669
151238
937672
151242
937675
937678
151246
937681
151250
675539
937684
151254
937687
151255
937690
151260
413404
937693
937696
151264
675553
937699
151268
937702
151272
937705
151274
151275
937708
151277
937711
151280
937714
937717
151286
937720
937723
151292
937726
151294
937729
151298
937732
151300
151302
937735
151304
675593
937738
151307
937741
413453
151310
151311
937744
151313
937747
937750
151318
937753
151322
675611
937756
151324
151325
937759
151327
151329
937762
413476
937765
937768
151336
937771
151339
151341
937774
937777
151345
937780
413492
151349
937783
675639
937786
937789
937792
937795
151363
937800
675657
151370
937803
151372
937806
151375
937809
675667
937812
937815
151385
937818
151388
937821
675678
937824
151393
937827
151395
937830
151399
937833
937836
151404
937839
937842
675700
937845
937848
937851
937854
151422
151423
937857
151427
937860
151429
937863
151432
675721
937866
937869
151438
937872
151440
937875
151445
937878
937881
151449
937884
151452
675740
151453
937887
151456
937890
151458
937893
675751
937896
151464
937899
151467
937902
151470
151471
937905
937908
151476
937911
151480
937914
151484
937917
151486
937920
151488
151490
937923
937926
937929
937932
151501
937935
151503
937938
937941
937944
151513
937947
151516
937950
937953
151521
937956
937959
937962
151532
937965
675822
151535
937968
151537
413682
937971
151540
937974
151542
937977
151546
151547
937980
937983
151553
937986
675843
151556
937989
151557
151559
937992
937995
937998
938001
151571
938004
675860
151573
938007
151575
151577
413721
938010
938013
151581
151582
938016
151586
938019
151588
675877
938022
938025
151594
938028
938031
151599
151600
938034
151603
938037
413749
151606
938040
151610
151612
938045
151615
938048
151616
151618
938051
151619
938054
151623
938057
151627
938060
151628
938063
151631
675921
938066
938069
151639
938072
938075
938078
151648
675936
938081
151651
938084
938087
151655
938090
151660
938093
938096
151664
151666
938099
938102
151672
938105
151674
675962
938108
151676
938111
938114
151683
938117
151685
938120
151689
938123
151692
938126
938129
151698
938132
938135
938138
151706
938141
151710
938144
151712
938147
151715
938150
151718
938153
151721
151723
938156
151726
938159
151728
676016
938162
151730
938165
151735
938168
151737
938171
151739
938174
151743
151744
938177
151746
938180
413894
938183
151751
676040
151753
938186
938189
151758
938192
151761
676050
938195
938198
938201
151769
151771
938204
151773
676061
938207
151776
938210
151780
938213
151782
938216
938219
151787
938222
938225
151795
938228
938231
938235
938237
151805
938240
151808
151809
938243
151811
151812
938246
151816
938249
413961
938252
151822
938255
151824
938258
151828
938261
938264
938267
151836
676125
938270
938273
151841
151843
938276
151846
938279
151849
938282
151852
938285
938288
938291
151859
676147
151861
938294
151863
938297
151865
151867
938300
151869
414013
938303
151871
938306
151874
938309
938312
151880
938315
151884
151885
938318
151887
151888
676176
938321
151889
938324
151892
151894
938327
151896
151897
938330
151899
938333
151903
938336
151906
938339
151909
938342
938345
151913
676202
151915
938348
938351
151919
151921
414065
938354
151924
938357
151925
938360
151928
938363
151932
676220
938366
151936
938369
151937
938372
938375
151945
938378
676236
938381
151950
938384
938387
938390
151958
938393
151963
938396
151964
676254
938399
151968
414112
938402
151971
938405
151973
151975
938408
151978
938411
151980
151981
938414
938417
151987
938420
151990
938423
938426
151994
151996
938429
938432
152001
938435
152004
938438
152007
938441
152010
938444
152013
938447
152015
152017
938450
938453
152022
938456
152024
152025
676314
938459
152028
152029
414173
938462
152031
938465
152035
938468
676324
152037
938471
938474
938479
152049
938482
152051
152052
938485
152054
938488
938491
676347
152061
938494
152064
938497
152067
938500
938503
152072
938506
414218
938509
152078
938512
152081
414225
152082
938515
676372
938518
152087
938521
152091
938524
152093
938527
152095
938530
152099
152100
938533
676389
152103
938536
152106
938539
152107
938542
938545
938548
152116
938551
152121
938554
152122
938557
152126
938560
938563
152132
938566
152135
938569
152137
938572
152141
938575
676432
152145
938578
152148
938581
152149
938584
152152
152154
938587
152157
938590
414303
152160
938593
938596
152164
152166
938599
938602
938605
938608
152176
152177
938611
152181
938614
152183
938617
938620
152189
938623
152193
938626
938629
152198
938632
676490
938635
938638
152206
938641
152209
938644
152212
938647
152217
938650
152218
938653
676509
152222
938656
152224
938659
152227
938662
152231
938667
152235
938669
152239
938672
938675
152245
938678
152248
938681
152251
938684
938687
152255
938690
152258
152259
938693
938696
152264
676552
152266
938699
152269
938702
938705
152273
938708
152276
938711
938714
152282
152283
938717
152286
938720
152288
938723
938726
152295
676584
938729
938732
152300
152302
938735
938738
152306
938741
152311
938744
676602
938747
152316
938750
938753
152321
152322
938756
152325
676614
938759
938762
938765
152333
152334
938768
676625
938771
938774
152344
938777
152346
938780
152348
938783
152351
938786
152354
938789
676646
938792
152362
938795
938798
152366
152368
938801
152371
938804
152374
938807
152377
938810
938813
152382
152383
938816
152386
938819
414531
152389
938822
152392
938825
938828
152397
938831
938834
152402
938837
938840
152410
938843
152413
938846
152414
938849
152418
676707
938852
152422
938855
938858
414570
938861
676718
938864
152434
938867
938870
152438
938873
152441
152443
414587
938876
152446
938879
152448
938882
152452
938885
152454
152455
938888
938891
152459
938894
152463
938897
152466
676754
938900
152468
938903
152472
938906
152476
938911
938914
152484
938917
152487
938920
152490
938923
152492
938926
152495
938929
152497
938932
152501
938935
152503
938938
152507
938941
676798
152511
938944
152513
938947
152515
152517
938950
152520
938953
152522
938956
152524
938959
152528
676816
938962
152531
938965
152534
938968
152537
152538
938971
414683
152541
938974
938977
938980
152548
152550
938983
152552
938986
152554
152556
938989
152558
152559
938992
676849
152562
938995
938998
152567
939001
414714
939004
676862
939007
152575
939010
152578
939013
152581
939016
414729
939019
152588
676876
939022
939025
414737
152595
939028
152598
939031
152600
152601
939034
152602
939037
939040
939043
676899
152612
939046
939049
152619
939052
939055
939058
152628
939061
414774
939064
152634
939067
152635
152637
939070
152640
939073
676929
152642
939076
939079
939082
152650
939085
152653
939088
152658
939091
939094
152664
939097
152666
939100
152668
939103
152672
152673
939106
152675
939109
152678
939112
939115
152683
676972
939118
939121
152690
939124
939127
152695
152697
939130
939133
152701
676990
939136
939139
939142
152711
939145
152713
939148
152717
939151
152719
677007
939154
152722
152724
939157
152727
939160
939163
939166
939169
152737
939172
152741
939175
152745
939178
939181
152750
939184
152754
939187
152757
939190
152760
939193
152762
152763
939196
152765
677054
939199
939202
939205
152775
939208
939211
152781
939214
152784
939217
939220
939223
152791
939226
939229
152797
152798
939232
152800
152802
939235
939238
152807
939241
677097
152810
939244
939247
152815
152817
939250
939253
939256
152825
939259
152827
152829
939262
152832
939265
152833
939268
152838
677126
939271
152840
939274
939277
939280
152849
939283
152852
939286
677143
939289
152857
939292
152861
939295
152863
415009
939298
677154
152868
939301
152871
939304
939307
152875
939310
152878
152879
939313
152881
939316
152886
939319
152889
939322
939325
152894
939328
677184
152897
415041
939331
152899
152900
939334
152902
939337
152905
152906
939340
152908
677200
939345
152913
152915
939348
939351
152919
415063
939354
939357
152925
939360
152930
939363
152932
939366
677222
939369
152938
939372
152942
939375
415087
152945
939378
152947
939381
677237
939384
152953
152954
939387
152957
939390
939393
677250
939396
939399
152967
152968
939402
677260
939405
415117
939408
152977
152978
939411
939414
152983
152984
939417
939420
939423
152991
152992
939426
152995
939429
152998
939432
153001
939435
153004
939438
153007
939441
153010
939444
153012
939447
153015
415160
153017
939450
677307
939453
153023
939456
153024
939459
153029
939462
939465
153034
939468
153037
939471
153041
939474
153042
153044
939477
153047
939480
939483
153053
939486
153054
939489
153057
153059
939492
939495
939498
153066
939501
153069
153071
939504
153072
677360
939507
939510
153078
939513
153081
939516
153084
939519
153087
939522
153091
677380
939525
153095
153096
415241
939530
939533
153101
153103
939536
153106
939539
415251
153108
939542
153110
153112
939545
153114
939548
153116
153117
939551
153120
153121
939554
153123
939557
153127
939560
939563
153131
153133
939566
939569
153139
939572
939575
153145
939578
153147
939581
153150
153151
939584
939587
939590
153159
153160
939593
415305
939596
153164
153165
677454
939599
153168
939602
153170
939605
153173
153175
939608
153176
153177
415321
939611
153181
939614
153184
939617
153185
939620
153190
939623
153193
939626
939629
153199
939632
939635
153203
153205
939638
415350
153207
939641
677499
939644
153212
939647
153216
939650
153220
939653
153221
939656
415368
153225
939659
153227
939662
153230
939665
677521
939668
153237
939671
153241
939674
153244
939677
153245
677534
939680
939683
153251
153253
939686
153256
939689
153257
153259
939692
939695
153265
939698
153266
415412
939701
153270
939704
153273
939707
153277
939710
153278
939713
153281
939716
939719
153288
153289
939722
153291
939725
153293
939728
153297
939731
939734
153302
153304
939737
415451
939740
153308
153309
939743
153311
677599
153313
939746
415459
153316
939749
939752
153320
939755
153324
939758
153326
153328
939761
677619
939764
153333
939767
153336
939770
153338
153340
939775
153343
939778
939781
153349
939784
153353
939787
153355
939790
153359
939793
939796
153365
939799
153367
939802
153371
939805
939808
153376
939811
153380
939814
677671
153384
939817
939820
153388
939823
939826
153394
939829
153397
153399
939832
939835
939838
415550
939841
153409
939844
153414
939847
939850
153418
677708
939853
153423
939856
153426
939859
153428
939862
415575
153432
939865
939868
677725
939871
415583
153440
939874
153442
153444
939877
153446
939880
153448
939883
153451
939886
153455
939889
153458
939892
939895
939898
153468
415612
939901
939904
153474
939907
153475
939910
153478
939913
153481
939916
153485
939919
939922
153492
677780
939925
153495
939928
939931
153499
939934
153503
939937
153506
939940
153508
677798
939943
153511
939946
415658
939949
153519
939952
153521
939955
153526
939960
939962
415674
939965
153533
939968
153536
939971
153539
939974
153543
939977
153545
939980
153549
939983
153553
939986
939989
153557
939992
153561
939995
153565
939998
677854
940001
415713
940004
153573
940007
940010
415723
940013
153583
940016
153584
940019
153589
940022
153592
940025
153595
940028
153597
940031
940034
153604
940037
153606
940040
153608
940043
153611
153613
940046
153616
940049
677907
940052
153620
153622
940055
153624
940058
940061
153629
153631
940064
940067
153635
940070
153638
940073
153641
940076
153644
940079
153647
153648
940082
153651
940085
153653
940088
153656
153657
940091
153659
940094
153662
153663
940097
153666
940100
940103
153672
940106
153676
940109
940112
153682
940115
153685
940118
940121
940124
940127
153695
153697
940130
153699
153700
940133
940136
153704
940139
940142
153710
940145
153714
940148
940151
940154
153723
940157
153725
153726
940160
153729
940163
153731
678019
940166
153735
940169
940172
940175
153745
940178
153746
940181
940184
940187
153756
415900
940190
153758
940193
153761
153763
940196
153764
415910
940199
153767
940204
678060
153774
940207
153776
940210
153778
940213
153781
940216
153785
940219
153789
940222
940225
940228
153796
940231
153799
153800
940234
415946
940237
940240
153808
153809
940243
153813
940246
940249
153817
940252
153821
940255
153824
940258
153826
940261
153829
940264
153832
940267
153837
415981
678125
940270
153839
940273
153841
940276
940279
153848
153849
940282
940285
153854
940288
153857
940291
940294
153862
940297
153865
678155
940300
153869
940303
940306
153874
416019
153876
940309
153878
940312
153882
940315
940318
153888
940321
153891
940324
153894
940327
940330
153899
940333
153902
940336
153904
940339
153907
940342
153911
940345
153915
940348
153918
940351
940354
153923
153924
940357
678213
153927
940360
153928
940363
153932
940366
153934
416078
940369
153937
940372
678230
940375
153944
940378
153946
153948
940381
153951
940384
153953
153956
940390
940393
940396
153964
153966
940399
153967
940402
153971
940405
153974
416119
940408
678266
940411
940414
153983
416127
940417
153987
940420
940423
153991
678281
940426
153996
940429
416143
940432
154002
940435
154004
940438
154006
940441
154009
678298
940444
154012
940447
154015
940450
154018
940453
940456
154025
940459
154027
940462
154031
940465
154033
154035
940468
154036
154038
940471
678329
940474
940477
154046
416191
940480
154050
940483
154052
940486
940489
154057
678345
154059
940492
940495
154064
940498
154066
678354
154067
940501
940504
154072
940507
940510
940513
940516
154085
940519
154087
940522
154091
940525
154094
940528
154096
940531
154100
940534
678392
940537
154106
940540
940543
940546
940549
154117
154118
940552
154121
940555
154123
154125
940558
940561
678417
940564
940567
154137
940570
678426
940573
154141
940576
940579
154149
940582
154151
940585
940588
154156
154158
940591
154161
940594
940597
154165
940600
154170
416314
940603
154173
940606
940609
154177
940612
154181
940615
154183
154185
416329
940618
940621
154189
678478
940624
940627
154196
940632
154201
940635
416347
154204
940638
154208
940641
940644
154214
940647
416359
154217
940650
154218
940653
154223
940656
154225
940659
154229
940662
678520
940665
940668
154236
940671
940674
154242
940677
940680
940683
154251
940686
154254
154255
940689
154257
940692
940695
154264
940698
154266
940701
940704
154272
940707
940710
154280
940713
940716
154286
940719
154287
154289
940722
940725
154295
940728
154298
940731
940734
154302
154304
940737
154307
940740
940743
154312
940746
154316
940749
940752
154322
940755
940758
154326
940761
154329
154331
940764
154333
154334
940767
154336
940770
940773
154343
940776
678634
940779
154347
940782
154352
940785
940788
940791
154361
940794
940797
154366
940800
154369
154370
940803
154373
940806
154374
940809
940812
154381
154383
678671
940817
154387
940820
940823
154393
940826
154395
940829
154398
154399
940832
154402
940835
154403
940838
940841
154409
940844
154412
940847
154416
940850
154420
940853
154423
940856
154424
416570
940859
154428
940862
940865
154435
678723
940868
154436
940871
154439
154441
940874
154444
940877
416589
154446
940880
154449
940883
154451
154452
940886
940889
154457
940892
678750
940895
154463
940898
940901
154471
940904
940907
154477
940910
940913
154482
940916
154484
678773
154486
940919
154489
940922
154491
154492
940925
154495
940928
940931
154501
940934
940937
154505
154507
940940
154508
940943
154511
940946
940949
678805
154518
940952
154521
940955
940958
154527
940961
940964
154532
940967
154535
154537
940970
154540
940973
154543
940976
940979
154549
940982
154551
940985
154553
154555
940988
154556
940991
940994
154563
678851
416708
940997
154565
154567
941000
154569
941003
941006
154575
941009
154578
416722
154579
941012
941015
941018
154588
678876
941021
154589
941024
154594
941027
941030
941033
941036
154606
941039
941042
154610
678899
416756
941045
154615
941048
154617
941051
154619
941054
941059
154628
941062
941065
154633
941068
154636
154638
941071
941074
941077
154646
941080
941083
154651
154653
941086
941089
941092
154660
941095
941098
154667
941101
941104
941107
941110
154678
941113
154681
941116
678974
941119
154687
154689
941122
154692
941125
154695
941128
941131
154699
941134
154702
941137
154706
941140
154708
941143
941146
154715
941149
154717
941152
941155
154724
941158
941161
154730
941164
941167
154737
941170
154739
941173
154741
941176
154745
941179
154749
679037
941182
154752
941185
154755
941188
941191
154761
941194
154763
941197
154765
154767
941200
154770
941203
941206
154774
679063
154776
941209
154779
941212
941215
154783
941218
154787
941221
154791
941224
154794
941227
941230
154800
941233
941236
154804
154806
941239
679099
154812
941245
416957
154814
941247
941250
154820
941253
941256
154824
941259
154828
679116
941262
154831
154832
941265
154835
941268
154838
941271
941274
154842
941277
941280
154848
941283
154851
154853
941286
154855
941289
154858
941292
154860
154861
941295
154864
941298
154867
941301
941304
154873
941307
154876
941310
154879
941313
154883
941316
941319
154887
154889
941322
941325
154893
154895
941328
154897
941331
941334
941337
941340
154910
679198
941343
154912
941346
154915
941349
154919
941352
154922
941355
154923
154925
941358
154928
941361
941364
154932
154933
941367
154937
941370
154939
941373
154941
941376
154944
154945
941379
941382
941385
154953
941388
154957
941391
154959
941394
154962
679251
941397
941400
941403
941406
941409
941412
154982
941415
154985
941418
154988
941421
154991
941424
154992
941427
154995
941430
155000
941433
941436
155006
941439
155008
941442
155010
941445
941448
941451
679307
941454
155023
941457
941460
941463
155031
155033
941466
155035
941469
155037
679325
941472
941475
941478
155046
155047
941481
155050
155052
941486
941489
155058
941492
155061
679349
941495
155065
941498
155067
941501
155069
941504
155074
941507
155077
941510
155080
941513
417225
155082
941516
941519
941522
155090
155092
941525
679381
155094
941528
155097
417241
941531
155101
941534
941537
155105
941540
941543
155111
941546
941549
941552
155120
941555
155125
941558
155126
941561
155130
679418
941564
155133
155134
941567
941570
941573
941576
155144
941579
155147
155149
941582
941585
155155
941588
941591
679448
941594
155163
941597
155167
941600
155170
941603
155172
941606
941609
155177
941612
155180
155181
941615
155184
941618
155187
155188
417332
941621
155191
941624
155193
941627
155197
941630
941633
941636
941639
155208
941642
941645
155214
941648
155217
941651
155221
941654
155224
941657
155225
155227
941660
155230
941663
941666
155234
155236
941669
679525
155238
155241
941674
941676
155246
941679
155247
941682
155251
155252
941685
941688
155256
941691
155261
941694
941697
941700
155269
941703
941706
155276
941709
155279
941712
941715
155283
941718
155288
941721
155289
941724
155294
941727
941730
155298
679587
941733
155302
941736
155304
155306
941739
155308
155309
941742
941745
155313
941748
941751
155321
941754
941757
155327
941760
679616
155330
941763
155332
941766
941769
155337
941772
155340
941775
941778
155348
941781
941784
155354
941787
155356
941790
155358
155359
941793
941796
679652
941799
155367
941802
155370
941805
155373
941808
155378
941811
941814
155382
941817
155386
679674
941820
155388
155390
941823
155391
155393
941826
155394
941829
155398
941832
155401
941835
679692
941838
155406
941841
155409
941844
941847
155415
941850
417562
155419
941853
155421
941856
155424
941859
941862
155431
941865
155433
941868
155436
155437
941871
155439
941874
155442
679730
941877
155445
941880
155450
941883
155453
941886
155456
941889
155458
155459
941892
155461
941895
155464
941898
941901
941904
679760
155474
941907
155477
941910
941913
155481
941918
155487
155488
941921
941924
155492
155494
941927
155497
941930
155499
941933
155501
155503
941936
155505
941939
155507
941942
155511
941945
155514
941948
155516
941951
155520
941954
941957
417669
941960
155528
941963
941966
155536
941969
155538
941972
155542
941975
155544
941978
155546
941981
941984
155554
941987
155556
941990
155558
941993
941996
155565
679854
941999
417712
942002
155570
942005
942008
942011
942014
155584
942017
155587
942020
155590
942023
155591
942026
155594
942029
155598
942032
942035
155603
155605
942038
155607
942041
155609
155611
942044
942047
942050
155618
942053
155623
942056
942059
155629
942062
155631
417775
942065
155634
942068
942071
155639
155640
942074
155644
679932
942077
155645
942080
942083
155651
942086
155656
942089
155657
942092
155660
942095
155665
942098
679955
942101
155669
942104
155676
942109
155678
942111
942114
155682
942117
942120
942123
942126
155694
155696
942129
942132
155701
942135
155705
942138
155707
942141
155709
942144
155712
942147
680005
942150
155719
942153
155721
942156
155724
942159
155727
942162
155730
942165
942168
155737
942171
155739
155741
942174
942177
942180
155748
155750
942183
942186
942189
155757
155759
942192
155761
942195
155764
942198
942201
155769
942204
155773
942207
155775
942210
155778
155779
942213
155781
942216
942219
155787
155789
942222
942225
155793
942228
942231
680088
155801
942234
155803
942237
155806
942240
155808
942243
155811
942246
155814
155816
942249
942252
155820
942255
155823
155825
942258
155828
417972
942261
155831
942264
155834
942267
942270
155838
942273
155841
942276
155846
942279
155849
942282
155852
942285
942288
155856
942291
155860
942294
155862
942297
155865
680155
942300
155868
942303
155871
942306
418018
942309
942312
155881
942315
155884
680173
942318
155888
942321
155891
942324
155893
942327
155896
942330
155899
942333
155902
942336
155904
418049
942339
942342
942345
155914
155915
942348
942353
155921
942356
942359
155927
942362
155932
942365
155934
942368
942371
155940
942374
942377
155945
155947
942380
942383
155951
942386
155955
942389
155959
942392
155962
942395
155963
942398
155966
942401
155970
942404
942407
942410
155979
942413
155982
942416
155985
942419
942422
155991
942425
942428
155996
942431
156000
942434
942437
156006
156007
942440
156009
942443
942446
942449
156018
156019
942452
156021
942455
156025
942458
156028
942461
942464
942467
156035
418181
942470
156039
942473
156041
942476
156045
942479
942482
942485
156054
942488
156058
942491
156059
156061
942494
942497
942500
942503
156073
942506
942509
156079
942512
156082
942515
942518
156087
942521
156090
942524
156092
942527
942530
156099
942533
156101
156103
942536
942539
418251
156108
680396
942544
942547
156116
942550
942553
156123
942556
156124
680413
942559
156128
942562
156130
156131
942565
942568
942571
156139
156140
942574
156142
156143
942577
942580
156149
942583
156151
942586
418298
942589
942592
942595
942598
156166
942601
680458
156171
942604
942607
156176
942610
680466
156179
942613
156181
942616
942619
156188
942622
942625
156194
942628
156198
942631
942634
156204
942637
942640
942643
156211
418355
942646
156215
942649
942652
156220
942655
156224
942658
156227
942661
680518
942664
156233
942667
156235
942670
156238
942673
942676
156244
156246
942679
156248
942682
942685
156253
942688
156257
942691
156259
156260
942694
156262
942697
942700
156268
156270
942703
156273
942706
942709
942712
156281
942715
942718
942721
156290
942724
156292
156294
942727
942730
156300
942733
156302
942736
156305
680594
942739
942742
156311
942745
156314
942748
156316
156318
942751
942754
156322
942757
156325
156327
942760
156329
942763
156333
942766
156334
156336
942769
156338
156339
942772
156340
942775
156343
942778
942781
156350
156353
942786
942789
156357
156359
942792
156360
942795
680653
942798
942801
156370
942804
156373
156374
942807
156377
942810
942813
156381
680670
156383
942816
942819
942822
156390
156392
942825
942828
156397
942831
156400
680688
942834
156403
942837
156405
942840
156408
942843
156411
942846
156415
942849
942852
156420
156422
942855
156425
942858
942861
156430
942864
942867
156435
942870
942873
156442
942876
156446
680734
942879
942882
156450
156452
942885
156455
942888
156457
942891
156461
942894
156463
942897
942900
942903
156472
156473
942906
942909
942912
156481
942915
156484
942918
156488
942921
156490
156491
942924
942927
156495
156497
942930
942933
156501
418646
942936
156506
942939
942942
156510
680799
942945
156515
942948
942951
156519
942954
942957
156525
942960
156529
942963
156533
942966
156536
942969
942972
942975
942977
942979
942981
156549
942983
156551
942985
156553
156554
942987
942989
942991
156559
942993
942995
942997
156565
942999
156567
943001
156570
943003
943005
943007
943009
156578
943011
943013
156581
943015
943017
943019
156587
943021
156589
943023
156592
943025
943027
943029
943031
156599
156600
943033
943035
156603
943037
680893
943039
156608
943041
156610
943043
943045
156613
943047
156615
943049
156617
943051
156619
943053
943055
156623
943057
156625
943059
418771
680915
156628
943061
943063
943065
943067
156635
943069
156637
943071
156640
943073
943075
943077
943079
943081
156650
943083
156652
943085
943087
156656
943089
943091
943093
156662
943095
943097
156665
943099
943101
156669
943103
156672
943105
156673
943107
156676
943109
943111
156679
943113
680969
156682
943115
156684
943117
418830
943119
943121
943123
156692
943125
943127
156695
943129
943131
943133
156701
418846
680990
943135
943137
943139
156707
943141
943143
943145
943147
156715
943149
156718
943151
943153
156721
943155
943157
943159
156728
943161
943163
943165
943167
156735
943169
156738
943171
943173
156741
943175
156744
943177
156745
943179
943181
943183
156752
943185
943187
156755
156756
943189
943191
943193
156761
943195
943197
943199
943201
943203
943205
418917
156774
943207
943209
156778
943211
943213
943215
156784
943217
681073
943219
943221
943223
943225
156793
943227
156795
943229
943231
156799
943233
943235
156804
943237
681094
943239
943241
156810
943243
943245
943247
943249
156818
943251
943253
943255
943257
943261
156830
943263
943265
156833
943267
156835
156836
943269
943271
943273
156842
943275
943277
943279
156848
943281
156850
943283
943285
156853
943287
156855
156856
943289
156858
943291
943293
156861
943295
943297
156865
943299
156867
156868
943301
156870
943303
156872
943305
943307
156876
943309
943312
681169
943314
156882
943316
943318
156886
943320
156889
943322
943324
943326
943328
156896
943330
156898
943332
156900
681189
943334
943336
156904
943338
156907
943340
156909
943342
943344
156913
943346
943348
156916
943350
156919
943352
943354
156922
943356
681212
943358
156926
943360
156928
943362
943364
156932
943367
943369
156937
943372
943374
156943
943377
943379
943381
156949
419093
943383
943385
943387
156955
943389
943391
156960
943393
156962
943395
943397
156965
943399
943401
156970
943403
943405
943407
156976
943409
681266
943411
943413
156981
943415
156983
943417
419129
156986
943419
943421
156990
943423
156992
943425
943427
156995
943429
156997
943431
943433
943435
419148
943437
157005
943439
157007
943441
157009
157010
943443
681300
943445
157014
943447
943449
157017
943451
157020
943453
943455
157023
943457
943459
157027
943461
157032
943465
943468
157036
157038
943471
157041
943474
157042
157044
943477
157047
943480
943483
943486
157054
157056
943489
157057
943492
943495
157064
943498
157067
681355
157068
943501
943504
157072
943507
157075
157077
943510
157078
943513
943516
943519
157087
943522
157091
943525
157094
681382
943528
157098
943531
157099
157101
943534
157102
943537
157107
943540
943543
157111
681399
157113
943546
157114
157116
943549
943552
157120
943555
943558
157127
943561
943564
419277
943567
943570
943573
157143
943576
943579
943582
157150
943585
157154
157155
943588
157157
943591
157159
943594
419308
943597
157167
943600
943603
157172
943606
157175
943609
943612
157180
157182
419326
943615
157183
943618
943621
943624
419336
681480
157193
943627
157196
943630
157198
943633
943636
157204
943639
157208
943642
157211
943645
943648
943651
943654
157222
157223
943657
157227
943660
157229
943663
157231
943666
943669
157239
943672
157241
943675
943678
157247
943681
157251
943684
157254
943687
943690
157258
681546
943693
157262
157263
943696
157265
943699
943702
943706
157274
157275
943709
681566
943712
157282
943715
943718
157287
943721
157290
943724
157293
943727
157295
157297
943730
943733
157302
943736
943739
157307
157309
943742
157311
943745
943748
943751
943754
943757
943760
157328
943763
157333
943766
157335
943769
157337
157339
943772
943775
157343
157344
943778
157346
943781
157350
943784
157352
943787
157357
943790
157358
943793
157361
157363
943796
157366
943799
157369
943802
943805
157375
943808
157378
943811
157381
943814
157383
943817
157386
943820
943823
681681
943826
157395
943829
943832
157402
943835
157404
943838
157406
157408
943841
943844
943847
157416
943850
943853
943856
157425
943859
157429
943862
157431
943865
157433
943868
943871
943874
157444
943877
157445
681733
943880
157448
157450
943883
943886
157454
157455
943889
157459
943895
943898
943901
943904
157474
943907
943910
157480
681768
943913
943916
157485
943919
943922
157492
943925
157493
943928
157498
943931
157499
943934
943937
157505
943940
157510
681798
943943
157513
943946
157515
943949
943952
943955
943958
157527
681815
943961
157531
943964
157533
943967
157536
943970
157539
943973
943976
943979
943982
943985
157553
943988
157556
943991
157559
157561
943994
157564
681852
943997
157567
944000
944003
157573
944006
157576
944009
157579
944012
681869
944015
157583
944018
419730
157588
944021
157589
157591
944024
944027
419739
944030
157599
944033
157602
944036
944039
944042
157612
944045
157614
944048
681904
157618
944051
944054
944057
157625
157627
681915
944060
944063
157631
157633
944066
944069
944072
944075
157644
944078
944081
157649
944084
944087
157655
944090
157659
944093
157661
944096
157664
944099
681956
157669
944102
157671
944105
157674
944108
157676
944111
157679
944114
157683
944117
157687
944120
157689
157690
944123
157692
944126
157695
944129
944132
157701
157704
944137
157706
944140
157708
944143
944146
944149
682006
944152
944155
157725
944158
944161
157730
944164
944167
157736
944170
157739
682027
944173
157741
944176
157745
944179
944182
157751
944185
157753
944188
157758
944191
682048
944194
944197
944200
157769
944203
157773
944206
944209
157777
944212
157780
682069
157782
944215
157783
944218
157787
157788
944221
157791
944224
944227
944230
682086
944233
944236
944239
157808
944242
157811
944245
157814
944248
944251
944254
157822
944257
157827
944260
944263
157831
944266
682123
944269
157837
944272
157842
944275
157845
944278
944281
157850
944284
157852
157853
944287
157857
944290
157860
944293
944296
157865
944299
157869
944302
944305
944308
157876
157878
944311
157881
944314
682172
944317
157886
157887
944320
944323
157893
944326
157896
944329
157897
944332
157901
944335
157904
944338
944341
157911
944344
157914
944347
157916
944350
944353
157922
157923
944356
157926
944359
944362
157931
944365
944368
944371
157941
944374
157942
157944
682232
944377
944380
157948
944383
944386
944389
157957
157959
944392
944395
420109
682253
944398
944401
944404
944407
944410
157979
420124
944413
944416
157984
682273
944419
157988
944422
944425
157994
420139
944428
157997
944431
157999
158001
944434
944437
944440
944443
158012
944446
944449
158017
944452
158021
944455
158025
944458
158027
944461
158029
944464
158032
944467
944470
158038
944473
158042
944476
158045
944479
420192
944482
158050
944485
158053
944488
158058
944491
158061
944494
158062
944497
158066
158067
944500
158069
944503
944506
158074
944509
158079
944512
158081
944515
944518
682374
158087
944521
158091
944524
158092
158094
944527
944530
944533
158103
944536
420248
158105
944539
158109
944542
944545
158114
944548
682404
944551
944554
158123
158124
944557
158127
944560
158129
944563
158131
158133
944568
158136
944571
158139
158141
944574
158142
944577
158146
158147
944580
158150
944583
158152
158153
944586
944589
158157
682445
944592
158160
158161
944595
158163
944598
158167
944601
944604
158174
944607
944610
158178
944613
944616
944619
158187
158189
944622
158190
944625
158195
944628
158197
944631
944634
158202
158204
944637
944640
158208
944643
158211
944646
158215
944649
158219
944652
944655
944658
682514
944661
944664
944667
944670
158238
158239
944673
158243
944676
158246
944679
158248
944682
158250
420395
944685
158253
158254
944688
944691
158259
158261
944694
158263
944697
158265
944700
158270
944703
158272
944706
158275
944709
158277
158279
944712
158281
158282
944715
158285
944718
944721
158289
944724
158293
944727
158296
944730
158298
944733
944736
158305
944739
158307
944742
158310
944745
158314
944748
158317
944751
158321
944756
158324
944759
158327
158329
944762
944765
158335
944768
158338
944771
158341
944774
944777
944780
944783
158352
944786
944789
944792
944795
158363
682651
944798
944801
158370
158371
944804
158374
944807
158376
944810
944813
158381
158383
944816
944819
158388
944822
158390
944825
158395
944828
944831
158401
944834
158404
944837
944840
158409
944843
944846
944849
944852
158420
158422
944855
944858
944861
158430
158431
944864
944867
158437
944870
158440
944873
944876
158444
158446
944879
158449
944882
158451
944885
944888
944891
158459
944894
158463
944897
944900
158468
158470
944903
158473
944906
158475
158476
944909
158479
944912
944915
682771
158485
944918
944921
944924
944927
158495
944930
944933
158501
158503
944936
944939
944942
158510
944945
158513
158515
944948
944951
158521
944954
944957
158527
944960
944963
158533
944966
420678
158535
944969
944972
944975
158545
944978
158548
944981
944984
158553
944987
158555
944990
158559
944993
158564
944998
158567
945001
158571
945004
945007
158576
945010
945013
945016
158585
945019
158587
682877
945022
158590
945025
945028
158596
945031
945034
158602
945037
945040
682897
945043
158613
945046
945049
158618
945052
945055
945058
158626
945061
945064
158633
158634
945067
158637
945070
158639
945073
158642
945076
158646
945079
682937
945082
158650
945085
945088
945091
945094
945097
420809
158666
158667
945100
158670
945103
945106
158675
158676
682964
945109
158678
945112
158680
158681
945115
945118
158686
158688
945121
945124
158692
945127
158696
945130
945133
158702
945136
945139
158708
945142
945145
158715
945148
158718
945151
945154
158722
945157
158726
945160
945163
158731
158733
945166
158734
945169
945172
158740
945175
158743
945178
158746
945181
158750
945184
158752
158754
945189
158758
945192
945195
945198
158768
945201
158770
945204
945207
158775
945210
945213
158781
420927
945216
945219
945222
158790
158791
945225
158794
945228
945231
158799
158801
945234
945237
158805
945240
158808
945243
945246
158814
945249
158817
945252
158820
945255
158823
945258
158827
945261
158829
158831
945264
158834
945267
945270
945273
158841
945276
945279
945282
945285
945288
158858
945291
945294
158864
945297
158865
945300
158868
945303
158871
158873
945306
158876
945309
945312
158880
945315
945318
158886
158888
945321
158891
945324
158893
158894
945327
945330
945333
158902
683190
158903
945336
158906
945339
945342
945345
158913
945348
945351
158921
945354
945357
158925
158926
945360
158928
945363
945366
158936
945369
945372
158940
945375
158944
945378
158946
945381
683237
945384
158954
945387
945390
945393
158963
945396
945399
945402
945405
945408
158976
158978
945411
945414
158983
945417
158987
945420
158989
945423
158993
945426
158995
945429
945434
159002
945437
159005
945440
159009
945443
945446
159014
945449
945452
159020
159022
945455
159025
945458
159026
683316
945461
159030
945464
159032
945467
945470
945473
945476
159045
945479
159048
945482
945485
159053
159055
945488
159057
945491
159060
945494
945497
159065
945500
945503
683360
945506
159076
945509
945512
159080
683370
945515
945518
159087
945521
159090
945524
159092
159093
945527
159096
945530
945533
159101
945536
945539
159107
159109
945542
945545
159113
159114
683402
945548
945551
159119
945554
945557
945560
159129
945563
159131
159132
945566
945569
945572
159141
945575
159144
945578
159146
945581
945584
159152
945587
945590
159159
945593
945596
945599
159169
945602
159171
945605
945608
159177
683465
159178
945611
159181
945614
159183
945617
945620
159188
945624
945626
945629
945632
159200
945635
945638
159206
945641
159210
945644
159213
945647
159215
945650
945653
159222
945656
945659
159227
945662
945665
159234
945668
159236
945671
945674
945677
945680
159248
159250
945683
159252
945686
159254
945689
159257
945692
945695
159264
945698
159266
945701
159269
159271
945704
159272
945707
945710
945713
159281
945716
159284
945719
945722
159290
945725
945728
159296
159297
945731
945734
159304
945737
159307
945740
421454
945743
159313
945746
159316
945749
159318
945752
945755
159324
945758
421472
945761
945764
159332
945767
421480
159337
945770
159339
945773
945776
683633
159346
945779
945782
945785
421498
945788
945791
945794
159364
945797
159367
945800
945803
159371
945806
159376
945809
421521
159379
945812
945815
159383
945818
945821
159391
945824
945827
945830
159398
945833
945836
421549
945839
945842
159410
945845
159414
159415
945848
159417
945851
159419
159421
945854
945857
159425
421570
945860
159428
159429
945863
945868
159437
945871
945874
159442
159444
945877
945880
159448
159449
945883
159452
945886
945889
159457
945892
945895
159464
945898
945901
159471
945904
945907
945910
159478
945913
159481
945916
945919
159487
945922
945925
159494
945928
159497
945931
945934
159503
421647
945937
159505
945940
683796
159510
945943
945946
159516
945949
159519
421663
945952
945955
683812
945958
159526
945961
945964
159533
945967
159535
421679
945970
945973
159542
159543
945976
159545
945979
945982
421695
159552
945985
159555
945988
159558
945991
945994
159563
945997
946000
946003
159573
946006
946009
946012
159580
946015
159584
946018
946021
159590
946024
946027
159597
946030
159598
946033
159601
946036
946039
946042
946045
946048
159619
946055
159623
946058
159626
946061
159631
946064
159633
946067
159636
946070
946073
159641
159642
946076
159645
159646
946079
421792
159649
946082
946085
159653
946088
946091
159659
159661
946094
159663
946097
946100
159668
159670
946103
159671
946106
946109
946112
159680
946115
159683
159685
946118
159688
946121
159690
946124
159692
946127
421841
946130
946133
421847
946136
946139
946142
946145
946148
159718
946151
946154
159722
946157
946160
946163
159732
159733
946166
159736
946169
946172
159740
946175
159743
946178
159747
946181
159751
421895
946184
946187
159755
946190
159758
159760
946193
159761
946196
159764
946199
946202
159770
946205
946208
946211
159780
421925
946214
159784
946217
159786
159787
946220
946223
159791
946226
946229
159799
946232
159802
946235
159804
946238
159806
946241
159809
946244
159814
946247
946250
946253
159821
946256
946259
946262
159832
946265
159835
946268
946271
159840
946274
946277
159845
159846
946280
946283
159853
946286
159855
946289
159858
946292
159861
159863
946297
946300
946303
159872
946306
946309
159877
946312
159880
946315
159885
946318
946321
946324
159893
946327
946330
159899
946333
946336
159904
159905
946339
159907
946342
946345
946348
159918
946351
946354
159922
946357
159926
946360
159930
946363
946366
159936
946369
159937
946372
159940
946375
159943
946378
159947
159948
946381
159951
946384
946387
946390
159958
946393
946396
159966
946399
159967
946402
159970
946405
946408
159977
946411
159979
946414
946417
946420
159989
946423
946426
684282
946429
159999
946432
946435
160005
946438
160007
946441
422153
946444
946447
160017
946450
160020
946453
160021
160023
946456
946459
946462
160031
946465
946468
160037
946471
160041
946474
946477
946484
422196
160053
946487
160057
946490
946493
946496
160066
946499
160069
946502
946505
160073
946508
160077
946511
160079
946514
160083
946517
160086
422231
946520
946523
160093
946526
946529
946532
160100
946535
946538
160108
946541
946544
946547
946550
946553
946556
422268
946559
946562
946565
160134
946568
946571
160140
946574
684431
946577
160145
946580
160148
160149
946583
160152
946586
160155
946589
160157
946592
160160
160162
946595
160165
946598
160168
946601
422315
946604
160173
684461
946607
160177
946610
160179
946613
160183
946616
160184
160186
422330
946619
946622
946625
946628
160198
946631
160200
946634
946637
160205
946640
422352
160209
684497
946643
160211
946646
160216
946649
946652
160221
946655
946658
160227
946661
160230
946664
946667
160235
946670
160238
422382
160240
946673
160242
946676
160244
946679
160247
946682
946685
160254
946688
946691
160259
946694
160263
946697
946700
160270
946703
946706
160275
946709
160277
946712
160280
422425
946715
946718
160288
946721
160290
946726
160295
946729
160298
946732
946735
160304
946738
946741
160310
946744
160313
946747
160315
160316
946750
160320
946753
946756
160325
946759
160329
946762
946765
946768
160337
160338
946771
946774
160342
946777
160345
946780
946783
946786
946789
946792
946795
160364
946798
160368
946801
946804
946807
946810
946813
422527
946816
160384
946819
160387
946822
160392
946825
946828
160396
160397
946831
946834
160404
946837
160407
946840
684697
160410
946843
160411
946846
160415
946849
160418
946852
160421
946855
684713
946858
160426
160427
946861
160429
160431
946864
946867
160437
946870
160438
946873
160443
946876
160446
946879
160447
422593
946882
946885
160455
946888
946891
946894
160464
684752
946897
160465
946900
160468
160470
946903
946906
160475
160478
946913
160481
946915
946917
160485
946920
160488
160489
946923
160491
160492
946926
946929
160499
946932
160502
946935
160503
946938
946941
160509
160510
946944
160513
946947
160517
946950
946953
160523
946956
160525
946959
160527
160529
946962
946965
160533
160535
946968
160538
946971
160540
160541
946974
160543
946977
160547
946980
160550
946983
160551
946986
946989
160557
422701
160559
946992
160561
946995
160563
946998
422711
947001
160571
947004
160573
947007
947010
160578
947013
947016
160584
947019
947022
160592
947025
160593
947028
160596
160598
947031
160601
947034
160602
947037
160605
684895
947040
947043
160611
160612
160613
947046
947049
160617
947052
160620
947055
160624
947058
160627
160628
947061
160631
947064
947067
160635
947070
160639
947073
947076
160644
160645
947079
422793
947082
160650
947085
947088
947091
160659
160661
947094
160664
947097
160666
947100
947103
160673
947106
947109
160677
947112
947115
160683
947118
160687
160688
947121
160691
947124
947127
160695
947130
947133
160703
947136
160706
947139
160709
947142
947145
160713
947148
160717
947151
160719
160721
160723
947156
160724
947159
160728
947162
160730
160732
947165
947168
160738
947171
160740
947174
160743
947177
160745
160747
947180
947183
947186
160755
947189
160758
947192
422906
947195
947198
947201
947204
160772
947207
160777
947210
160780
947213
160781
160783
947216
160784
947219
947222
160792
947225
685082
160795
947228
160797
947231
947234
160804
947237
947240
947243
160811
947246
160814
947249
947252
947255
160823
160825
947258
160828
947261
160831
947264
160833
160834
422978
947267
160836
947270
160838
160840
947273
160842
947276
160846
947279
160848
947282
422996
947285
947288
947291
160860
947294
947297
160865
160867
947300
947303
947306
160876
947309
160878
947312
947315
160883
947318
160887
947321
160889
947324
160894
947327
947330
160899
947333
947336
160905
160906
160910
947343
160912
947346
160916
947349
160919
947352
947355
160924
947358
160926
160928
947361
947364
160932
160933
947367
160935
423079
160937
947370
947373
947376
947379
160949
947382
160951
947385
947388
160958
947391
160960
947394
947397
423109
160966
947400
947403
160973
423117
947406
160976
947409
160978
947412
947415
160985
947418
160988
947421
947424
160992
160993
947427
685285
947430
160999
423143
947433
161001
947436
947439
423151
947442
161012
947445
161015
947448
947451
161019
161021
947454
161024
947457
947460
947463
947466
947469
161039
947472
423184
161042
947475
685332
161045
947478
947481
947484
161053
161054
947487
947490
947493
161061
947496
947499
161067
161069
947502
947505
161074
947508
947511
161080
685369
947514
161083
947517
161087
947520
947523
947526
161094
947529
161099
947532
947535
161105
947538
947541
947544
161112
947547
161115
947550
161118
947553
161123
947556
161125
947559
161128
947562
947565
161133
947568
947571
161140
161141
947574
161143
947577
161149
947582
947585
161154
947588
947591
161161
947594
161163
161164
947597
947600
161170
947603
947606
161174
161176
947609
947612
947615
947618
423330
947621
947624
161192
947627
947630
947633
161203
947636
947639
161208
947642
161210
161211
947645
161213
947648
161218
947651
947654
161222
161224
947657
947660
423374
947663
947666
947669
161237
947672
947675
947678
161247
947681
161249
947684
161254
947687
161256
947690
161259
947693
161262
947696
161264
947699
161269
423413
947702
947705
161273
947708
423421
947711
161279
947714
161283
947717
947720
423433
161290
947723
161291
161293
947726
161295
947729
161298
947732
161302
947735
947738
161306
161307
947741
161311
947744
161313
947747
161317
947750
947753
161321
161323
947756
161325
161326
947759
947762
161332
947765
161335
947768
947773
161343
947776
947779
947782
161351
947785
947788
947791
947794
161363
947797
947800
947803
161372
947806
161375
947809
161379
947812
161382
947815
161384
947818
161387
423531
947821
161389
947824
947827
161395
947830
161398
161400
947833
161403
947836
161404
947839
947842
947845
161413
947848
161417
947851
161420
685709
947854
947857
947860
161429
161430
947863
161431
161433
947866
161436
947869
161439
947872
161440
685730
947875
161443
947878
161446
161448
947881
947884
161452
161454
947887
161456
161457
947890
947893
161461
947896
947899
161467
947902
161471
947905
947908
947911
161481
947914
947917
423629
947920
947923
161492
947926
161496
947929
161499
947932
161501
947935
161504
947938
161507
161508
947941
161511
947944
947947
161515
161517
947950
947953
947956
161526
947959
161528
947962
947965
161534
947968
947971
947974
947977
161547
947980
947983
161553
947986
161556
947989
423701
947992
161561
947995
161563
947998
161567
948001
423713
161571
948004
161573
948007
948010
161580
948015
948018
161587
948021
948024
161592
948027
161596
948030
161598
161600
948033
685889
948036
161604
948039
948042
161611
948045
161615
948048
161616
948051
161619
948054
161624
948057
161625
948060
948063
161631
948066
161635
948069
161639
948072
948075
948078
948081
161651
948084
948087
161655
161657
948090
948093
948096
948099
161669
948102
948105
161674
948108
161676
161678
948111
948114
948117
948120
948123
948126
948129
948132
161702
948135
161705
948138
948141
948144
161714
948147
161716
948150
161719
948153
161722
161723
948156
161726
948159
161729
948162
161732
948165
161735
948168
948171
161740
948174
161742
948177
161746
948180
948183
161751
948186
161756
948189
161757
161759
948192
161762
948195
423908
948198
161766
948201
161771
161774
948207
161775
948210
161779
948213
161783
948216
161786
948219
948222
948225
948228
948231
161800
948234
161803
948237
161806
686094
948240
161809
161810
948243
686100
948246
161816
948249
948252
161820
161822
948255
948258
161826
686116
948261
948264
161832
948267
161836
948270
161838
948273
948276
686132
161846
948279
161848
948282
161852
948285
948288
161856
948291
686149
948294
948297
948300
948303
161872
948306
161874
161875
948309
686165
948312
161880
948315
161885
948318
161888
948321
161891
948324
686181
948327
424039
948330
161898
948333
948336
161905
948339
161907
161909
948342
161910
161912
424056
948345
161914
948348
948351
161919
948354
161922
948357
161925
424069
948360
161929
948363
161931
948366
948369
948372
424086
948375
161943
948378
948381
161951
948384
161953
161954
948387
686243
948390
161959
424103
948393
948396
161965
161966
948399
948402
948405
948408
948411
161979
161980
948414
161982
948417
161985
424130
948420
161988
948423
161992
948426
948429
161999
948432
948435
162003
162004
948438
162006
948441
162010
948444
424157
162015
948449
162018
948452
948455
162025
948458
162028
948461
162030
948464
162034
948467
162035
948470
162038
948473
162042
948476
162044
948479
948482
162050
948485
948488
162058
686346
948491
162060
948494
948497
162066
424211
948500
162068
686356
162069
948503
948506
162074
162075
948509
948512
162080
162081
948515
162084
948518
948521
162091
948524
948527
686385
948530
162100
948533
948536
162104
948539
948542
162110
162112
948545
162113
948548
162116
948551
162119
948554
162124
948557
162127
948560
948563
162133
948566
162136
948569
948572
162141
948575
162145
948578
948581
162149
162151
948584
162154
948587
162156
948590
948593
686451
948596
948599
162168
948602
948605
162173
948608
162176
162178
948611
948614
162182
162183
948617
162187
948620
948623
948626
948629
162199
686487
948632
162200
948635
948638
162207
948641
948644
162214
948647
424359
162216
948650
162220
948653
162221
948656
948659
948662
162231
948665
948668
162238
948671
948674
162243
948677
162245
948680
162248
948683
162251
948686
948689
162258
948692
162262
948695
162265
948698
948701
162269
162271
948704
948707
162275
948710
162280
948713
162283
948716
162286
948719
162289
948722
162291
948725
162293
162295
948728
948731
162299
162300
948734
162303
162304
948737
162306
162307
948740
162309
948743
162313
948746
162316
948749
162318
948752
948755
162324
948758
162327
948761
162329
948764
162333
162334
948767
948770
948773
948776
948779
948782
948785
686642
948788
162357
948791
162359
948794
162363
948797
162366
948800
948803
948806
162374
948809
948812
162380
162382
948815
162384
948818
162388
948821
162390
948824
162393
948827
162396
948830
162398
162400
948833
162402
948836
948839
162409
948842
948845
948848
162418
948851
948854
162424
948857
424569
162426
948860
162430
948863
948866
162436
948869
162438
948872
686728
948875
162443
948879
948882
162450
948885
162454
162455
948888
948891
424605
948894
162462
948897
162465
686753
948900
162470
948903
948906
162476
948909
162479
948912
948915
162483
162484
948918
948921
162489
424633
948924
162493
948927
162495
948930
162498
948933
948936
948939
948942
162512
948945
162513
162514
948948
162517
162518
948951
686808
948954
162523
948957
162527
948960
948963
162531
948966
948969
948972
948975
162543
686833
948978
948981
162549
948984
162553
686842
948987
162555
162556
948990
162559
162560
948993
948996
948999
162568
949002
162571
162572
949005
949008
162576
949011
162580
949014
162584
949017
162585
949020
162589
162590
949023
949026
162594
949029
162598
949032
949035
162604
949038
949041
162610
949044
949047
949050
162618
162620
424764
949053
162623
949056
949059
424772
949062
162634
162651
686939
162653
162654
162656
162666
949106
162674
949108
162676
949110
162679
949112
162684
162688
162689
424837
162698
162700
162702
162707
162710
162712
162715
687006
162719
162723
162725
162728
424872
162729
162733
424893
162750
162754
162757
162762
162764
424914
162774
162778
162779
949212
949214
162783
949216
162785
949218
949220
162788
949222
424935
949224
949226
162794
949228
162797
949231
162799
949234
949237
162805
162807
949240
949243
424956
949246
949249
949252
162821
949255
162823
162825
949258
162826
949261
949264
162833
424977
949267
162837
949270
949273
162841
949276
162845
949279
162847
949282
162852
949285
162853
424998
949288
949291
162860
949294
162862
949297
162865
687154
949300
949303
162872
425016
949306
162875
949309
162877
949312
949315
162883
949317
162886
949319
162888
949321
425034
949323
949325
949327
162895
949329
162898
949331
949333
949336
162906
949339
162908
425052
949342
162912
949345
949348
162916
949351
949354
162924
949357
425070
162927
949360
162929
162930
949363
162933
949366
949369
162939
949372
949375
425088
949378
162948
949381
949384
949387
162955
162956
949390
949393
162961
425106
949396
162965
949399
162969
949402
949405
425117
949408
162978
949411
949414
162982
162983
949417
162986
949419
162987
949421
949423
162991
949425
425139
949430
949433
163001
949435
163003
949437
949439
163007
949441
949443
163011
949445
949448
687305
949451
163019
163021
949454
425168
949457
163025
163027
949460
949463
163032
949466
949469
163037
163039
949472
163041
949475
949478
425190
687335
949481
949484
163054
949487
949490
949493
949496
949499
163068
949502
163072
949505
163074
949508
949511
163079
949514
163083
949517
163085
163086
949520
163090
949523
163092
949526
163094
949529
949532
687388
949535
163103
163104
949538
163106
163107
949541
949544
949547
163115
163116
949550
949553
949556
163125
163126
949559
949562
949565
163134
425278
949568
163138
949571
163141
949574
163143
949577
163145
949580
163148
163150
949583
163151
163153
949586
163156
949589
163157
949591
163160
949593
949595
425307
949597
163165
949599
163167
949601
163170
949604
163173
425318
949607
163177
949610
163180
949613
949616
163184
949619
949622
163192
949625
949628
163196
949631
163201
949634
949637
163205
949640
163208
949643
163212
949646
425358
163216
949649
163219
949652
949655
163225
425369
949658
163227
949661
163230
949664
163232
949667
163235
163236
949670
163239
949673
163243
949676
163246
949679
949682
163250
163251
949685
163254
949688
949691
163260
949694
163262
949697
163265
949700
163268
949703
949706
163274
949709
163277
949712
949715
949718
163286
425432
949721
163290
949724
163292
949727
163297
949730
163299
949733
949736
163304
949739
687596
949742
163311
949745
163313
949748
163316
949751
163319
949754
949757
163326
949760
163330
949763
949766
163335
949769
163337
949772
949775
163345
949778
949781
163349
163350
163351
949784
687641
949787
949790
163359
949793
163362
949796
163366
949799
949802
163370
163371
949805
163373
163375
949808
163376
949811
163379
949814
163384
949817
163386
949820
949823
949826
163396
949829
163398
949832
949835
163404
949838
163408
949841
163410
949845
163414
949848
949851
949854
163424
949857
163425
949860
949863
163431
949866
163435
949869
949872
163440
163441
949875
163443
949878
163447
163448
949881
949884
163452
425598
949887
949890
949893
163463
949896
163465
949899
163467
949902
425616
949905
163475
949908
949911
163480
949914
425627
949917
949920
949923
949926
163495
949929
163497
163499
949932
163501
949935
163504
949938
949941
687799
949944
949947
163515
425659
163516
949950
163519
949953
687810
949956
163524
425669
163526
949959
163528
949962
163530
949965
163535
949968
163538
949971
949974
163543
949977
163547
949980
163550
949983
163553
949986
425698
949989
949992
163560
163561
949995
949998
163566
163567
950001
163570
950004
950007
950010
163578
950013
950016
163585
163586
950019
950022
950025
163594
950028
950033
163602
950035
163605
950038
163608
950041
425753
950044
163614
950047
950050
163620
425764
950053
950056
163626
950059
163627
950062
163631
687919
950065
163633
950068
163637
950071
163639
163641
950074
950077
163645
163647
950080
163648
950083
950086
163655
950089
163658
950092
950095
163663
687952
163665
950098
163666
950101
163670
950104
163674
950107
163677
950110
163680
950113
950116
163684
425830
950119
163687
950122
163691
950125
163694
950128
163697
950131
163700
950134
163702
163703
950137
163705
950140
163709
950143
163712
950146
163714
425860
950149
163719
950152
950155
163724
950158
163728
950161
950164
950167
163735
950170
163739
950173
163742
425886
950176
163744
163745
950179
950182
163750
950185
163755
950188
163756
950191
163760
950194
163764
950197
950200
163768
163769
950203
163773
950206
163776
950209
425922
950212
163780
950215
950218
950221
163791
950224
950227
163795
950230
950233
950236
950239
163808
950242
163812
950245
163814
950248
163817
950251
163820
950254
425968
950257
163825
950260
163828
163829
950263
950266
950269
163838
163839
950272
163844
950277
425989
163846
950280
950283
163851
950286
950289
163857
950292
163860
163862
950295
163864
950298
163866
426010
163868
950301
950304
163872
950307
163877
950310
950313
163883
950316
950319
163887
426031
163888
950322
163890
163892
950325
163894
950328
163896
163898
950331
163900
950334
950337
163905
950340
426052
950343
163911
950346
163916
950349
163919
950352
950355
950358
163927
163928
950361
426073
950364
688220
163933
950367
163937
950370
950373
163942
950376
163945
950379
950382
426094
163951
950385
163954
950388
163958
950391
950394
950397
950400
163969
950403
163971
426115
163972
950406
163975
950409
163979
950412
163981
950415
163984
950418
163986
950421
950424
426136
163994
950427
950430
163998
163999
950433
950436
164005
950439
164008
950442
950445
164013
426157
164015
950448
164016
164018
950451
950454
950457
164025
950460
950463
164032
164033
950467
950469
164038
950472
164042
950475
426189
950478
688336
950481
950484
950487
164057
950490
164060
950493
950496
164064
426210
950499
950502
164071
688359
950505
164073
164075
950508
950511
164080
950514
164084
950517
950520
164088
950523
950526
164094
164095
950529
426242
164099
950532
164100
950535
950538
164107
950541
164109
164111
950544
164113
950547
164116
950550
426263
950553
164122
950556
950559
164128
164129
950562
164131
950565
164135
950568
164137
950571
164139
950574
164142
950577
164147
950580
950583
426295
950586
950589
164157
950592
164162
950595
164165
950598
950601
164170
950604
164172
950607
950610
164178
950613
164182
426327
950616
164184
950619
164187
164189
950622
950625
164193
164195
950628
950631
164201
950634
950637
164206
164207
950640
164210
950643
426356
950646
950649
164217
950652
164222
950655
164225
950658
164228
950661
164230
426374
950664
688520
164233
164234
950667
164237
950670
164240
950673
164243
950676
950679
164247
164249
950682
164252
950685
950688
164258
426402
950691
164260
164261
950694
164263
950697
950700
164268
950703
164271
950706
950711
164279
426425
950714
950717
950720
950723
164291
426435
164293
950726
164294
688582
164296
950729
164299
950732
164300
950735
164303
164305
950738
164308
950741
164311
950744
164313
950747
164315
950750
164319
950753
164323
950756
950759
426471
164328
164329
950762
164331
950765
950768
164338
950771
950774
164343
950777
164345
164346
950780
164348
950783
164352
950786
688643
164356
426500
950789
950792
164360
950795
950798
164366
164368
950801
950804
164372
426518
950807
950810
164380
950813
164382
950816
950819
164387
950822
426534
950825
950828
164397
950831
164399
950834
164402
950837
164405
950840
426552
950843
164413
950846
164416
950849
688706
950852
164420
164421
950855
164423
950858
426570
950861
164429
950864
164433
950867
950870
164438
950873
950876
688732
950879
164447
164448
950882
950885
164454
426599
950888
164456
950891
164460
950894
950897
950902
164471
164472
950905
426617
164475
950908
164478
950911
164480
950914
164482
426628
950917
950920
164489
950923
164493
950926
950929
164497
164499
950932
164502
426646
950935
950938
164506
950941
164511
950944
426657
950947
164517
950950
164520
950953
164522
950956
950959
164527
950962
950965
164534
950968
688826
950971
950974
426686
164543
950977
950980
164549
164550
950983
950986
164555
950989
164557
164558
950992
426704
950995
950998
951001
164569
951004
951007
951010
164578
951013
951016
164585
426730
951019
164589
951022
164590
951025
951028
426741
951031
164599
164601
951034
164603
688891
951037
164605
426749
164607
951040
164609
951043
164613
951046
164615
951049
164619
951052
951055
164623
951058
951061
164629
951064
164632
426778
951067
164635
164637
951070
951073
164642
951076
164645
951079
951082
164651
164652
951085
951088
426800
164658
951091
164659
164661
951094
951097
164667
951100
951103
164673
951106
951109
951112
164680
951115
164684
951118
164686
951121
164689
951124
951127
164697
951130
951133
951136
426848
951139
164707
951142
426856
951147
164716
164717
951150
164720
951153
951156
164724
164726
951159
164729
951162
951165
164734
951168
164737
951171
426885
951174
164743
951177
164745
951180
164749
164750
951183
164752
951186
164755
951189
164758
951192
164761
951195
164763
426907
951198
164766
951201
164769
951204
164774
951207
951210
164779
951213
426925
164783
951216
951219
951222
164790
164792
951225
164793
951228
164798
951231
164800
164801
951234
951237
164805
164807
951240
426954
951243
951246
951249
164818
951252
951255
164825
951258
426972
951261
951264
951267
951270
164840
951273
164843
951276
164846
951279
951282
164850
426994
164852
951285
164854
164855
951288
164858
951291
951294
951297
164867
951300
427012
164870
951303
164873
951306
951309
164877
689166
164879
951312
164882
951315
164884
951318
164886
427030
951321
164890
951324
164892
951327
951330
164899
951333
164902
427048
951337
164906
951339
164909
951342
164911
951345
164913
951348
951351
164919
164921
951354
951357
164925
164927
951360
164929
951363
164933
427077
951366
951369
164937
951372
164941
951375
164945
951378
164947
951381
164951
427095
951384
951387
164955
951390
164960
951393
164963
951396
164966
951399
164969
951402
951405
951408
164977
951411
164979
951414
164983
951417
427129
164986
951420
164990
951423
164993
951426
951429
951432
165001
951435
165003
427147
165004
951438
165006
951441
165010
951444
165012
951447
165015
951450
165019
951453
427165
165022
165023
951456
951459
165027
165028
951462
165030
951465
165033
165035
951468
165038
951471
427183
165041
951474
951477
165046
165047
951480
951483
165052
951486
951489
427201
165058
951492
165061
165062
951495
165065
951498
165066
165068
951501
951504
165072
951507
165075
165076
951510
427222
165080
951513
165081
165083
951516
165084
951519
165087
165088
427233
951522
951525
165094
165095
951528
165097
951531
165100
165101
951534
165103
165104
951537
427251
951540
165109
165110
951543
165113
951546
951549
165117
951552
165120
165121
689409
951555
165124
951558
951561
165129
951564
165132
951567
165137
951570
165139
951573
165141
427285
165142
951576
165145
951581
165150
951584
165154
951587
165156
951590
165159
427303
951593
165162
951596
165164
165166
951599
951602
165170
165172
951605
165173
951608
427320
165177
951611
165179
951614
165182
689470
951617
165185
951620
165188
951623
165192
951626
165196
951629
427343
951632
951635
951638
951641
165209
165211
951644
165212
165214
951647
165217
427361
951650
951653
165221
165223
951656
951659
427372
165229
689517
951662
951665
165233
951668
165238
951671
951674
165242
165243
951677
165246
427390
951680
165249
951683
951686
165256
951689
951692
165260
165262
951695
427408
165265
951698
165267
951701
951704
165272
165273
951707
165275
951710
165280
951713
165281
427426
951716
165284
689572
165285
951719
165288
165289
951722
951725
165294
951728
165296
165297
951731
165300
951734
165304
951737
165306
165307
951740
165309
165310
951743
165313
951746
165314
165316
951749
165317
951752
165322
427466
951755
165325
951758
165326
689614
951761
165329
165330
951764
165334
951767
689626
165339
951772
427484
165342
951775
165343
951778
165346
165348
951781
165349
951784
165352
951787
165356
165357
951790
165359
427504
951793
165361
165363
951796
165366
689654
951799
951802
165370
951805
165373
689662
165375
951808
427522
951811
165381
951814
165382
951817
165385
165386
951820
165389
951823
165393
951826
951829
951832
165400
427544
951835
165403
951838
165406
427552
951841
165409
951844
689700
165413
951847
165415
165416
951850
165420
951853
165423
951856
427570
951859
951862
165430
951865
165433
951868
165437
951871
165439
165441
951874
165443
165444
951877
951880
165448
165449
951883
165451
165452
951886
165455
951889
165457
427602
165459
951892
165460
951895
951898
165467
951901
165469
951904
165473
951907
165477
951910
951913
165481
951916
165486
951919
427631
165488
165489
951922
165491
951925
165494
951928
165498
951931
165501
951934
165502
951937
165505
951940
165509
165510
951943
165513
951946
165516
427660
951949
951952
165520
165521
689809
165522
951955
165524
951958
165527
165528
951961
165530
165531
951964
165534
951967
951970
165538
951973
165542
951976
427690
951979
165548
951982
951985
165555
951988
951991
165560
951994
165562
165564
951997
952000
952003
165572
952006
165574
427719
952009
165580
952014
165584
952017
165585
165587
952020
952023
165593
952026
165594
165596
952029
165599
952032
952035
165604
952038
165607
952041
165610
165611
952044
689901
952047
165616
427761
952050
165618
165619
952053
952056
165624
952059
165628
952062
952065
165634
165635
427779
952068
952071
165640
165641
952074
165643
165644
952077
165647
952080
165648
952083
427797
952086
165654
952089
165658
689946
952092
952095
165663
952098
165666
689954
165668
952101
165670
165671
952104
952107
165675
952110
165678
952113
165681
165682
427826
952116
165684
165685
952119
165688
952122
689980
952125
165693
165695
952128
165696
952131
165699
952134
165702
952137
165705
952140
689996
165709
427854
952143
165711
952146
165714
165715
952149
165717
165718
952152
165721
952155
165724
952158
165726
165727
427871
952161
952164
165732
165733
952167
165735
165736
690024
952170
952173
165741
952176
165744
427889
952179
165747
165748
952182
165750
165751
952185
952188
165757
165758
952191
952194
165763
427907
952197
165766
165767
952200
165770
952205
952208
165777
952211
427925
952214
165783
952217
165786
165787
952220
690076
165790
952223
165791
165793
952226
165796
952229
165797
427943
952232
165800
952235
952238
165806
952241
165809
165811
952244
165813
952247
165817
427961
952250
165820
952253
952256
165826
952259
165827
952262
165832
952265
427979
952268
165838
952271
165840
952274
165843
165844
952277
165847
952280
427993
952283
165853
952286
952289
165857
165858
952292
165862
952295
165864
165865
952298
165868
952301
952304
952307
165875
165876
428021
952310
165878
165879
952313
165883
952316
165884
952319
165887
165889
952322
952325
165893
428039
952328
165897
952331
165900
952334
165903
952337
165907
952340
165909
952343
165913
428057
952346
952349
952352
165922
952355
165925
952358
952361
165929
165931
428075
952364
165932
952367
165936
952370
165939
952373
165941
428086
165943
952376
952379
165947
952382
165950
165951
952385
952388
165958
952391
165961
952394
165962
952397
165966
952400
165969
165970
428114
952403
165973
952406
952409
165977
165979
952412
165981
952415
165984
165985
952418
428131
165988
952421
165990
952424
165993
165994
952427
165997
952430
428142
952433
952436
690293
166006
952439
952442
166010
952445
690304
166017
952450
166020
952453
952456
166025
952459
428171
952462
166032
952465
952468
166038
952471
166039
952474
166042
166043
952477
166046
166047
952480
952483
166051
952486
166054
166056
690344
952489
952492
952495
166064
952498
166066
428211
952501
166069
166070
952504
166073
952507
166076
952510
166079
952513
166082
166083
952516
166086
952519
166089
952522
166092
952525
952528
166096
428240
166098
952531
166101
952534
166102
166104
952537
952540
166108
166110
952543
166112
428256
952546
166115
166116
952549
952552
166121
166122
952555
690411
166125
952558
166126
166128
952561
166130
952564
166133
952567
166135
952570
952573
952576
166144
166145
952579
166147
952582
166152
952585
166155
952588
428300
952591
166161
952594
952597
166165
166166
690455
952600
166168
952603
166171
166172
952606
166175
166176
952609
166179
952612
952615
166183
690471
166185
952618
166188
952621
952624
952627
166197
952630
952633
952636
166204
690494
952641
166209
952643
166211
952646
690502
166215
166216
952649
428361
166219
952652
166222
952655
166224
952658
166226
428372
952661
166230
952664
166232
952667
690523
166236
166237
952670
166239
952673
952676
166246
952679
166249
952682
428395
166252
952685
166253
952688
166256
166258
952691
166260
952694
166263
952697
952700
166268
952703
166271
952706
428419
952709
166277
952712
166280
166281
952715
166284
952718
166288
952721
166289
166291
952724
690580
428437
952727
166295
166297
952730
166299
952733
952736
166305
166306
952739
166309
952742
166312
952745
166313
952748
166316
952751
166320
428465
952754
952757
166326
952760
166330
952763
952766
166334
952769
166338
952772
166341
952775
166345
952778
166348
952781
166351
952784
166354
952787
166357
952790
952793
166361
428505
166363
952796
690652
166365
952799
952802
166371
166372
952805
952808
166376
952811
166379
166380
428525
952814
166383
952817
166385
952820
166388
166389
952823
166392
166393
952826
166396
952829
166399
952832
166400
166402
952835
166403
952838
166407
952841
166409
166410
952844
166413
952847
166416
952850
166418
166420
952853
428565
952856
166424
690714
952859
166427
166428
952862
166430
428575
952865
166435
952868
690724
166437
952871
166441
952874
166444
952877
166446
952880
166448
166449
428593
166452
952885
952888
166456
952891
166460
952894
166463
166464
952897
166467
952900
952903
166471
952906
166474
166475
952909
166478
166479
952912
166481
166482
952915
166485
952918
166486
952921
166489
952924
166493
428638
952927
166497
952930
166498
952933
166501
952936
428649
952939
952942
166511
166512
952945
166514
952948
952951
166520
166521
952954
952957
166526
428670
166527
952960
952963
166532
952966
166534
166536
952969
428681
166538
690827
952972
166540
166542
952975
952978
166546
952981
166549
952984
166552
166553
428698
952987
952990
166558
952993
166561
166563
952996
166566
952999
166569
953002
166570
953005
166573
953008
166576
166577
953011
166581
953014
166584
953017
166585
953020
166588
166590
953023
166591
953026
953029
166597
953032
166600
428746
953035
166603
953038
166606
166608
953041
166609
953044
166613
690901
953047
166615
166617
953050
166620
428764
953053
953056
166624
166625
953059
166628
953062
428775
166632
953065
166635
953068
953071
166639
166641
166643
953076
953079
166647
953082
166651
953085
166655
428799
953088
166657
953091
166659
166660
953094
166662
166663
953097
166665
166667
953100
953103
166672
953106
166675
428819
953109
166677
953112
166681
690969
953115
166684
953118
166686
166688
953121
166689
166690
953124
166692
953127
166696
953130
166698
953133
166701
953136
166704
953139
166707
166709
953142
166711
953145
428858
166715
953148
953151
166719
166720
953154
166724
953157
166727
953160
166728
953163
166733
953166
166734
428880
953169
166737
166738
953172
166740
953175
166744
953178
166746
166748
953181
166749
953184
166754
428898
953187
166757
953190
166758
953193
166761
953196
166764
953199
166768
166769
953202
166771
953205
166774
166775
953208
166777
428921
953211
166780
953214
166784
953217
166787
953220
166790
953223
166793
953226
953229
166797
166799
953232
166801
953235
166804
166805
953238
428950
166808
953241
166809
953244
953247
166815
953250
166818
953253
428967
953256
166824
166825
953259
953262
166830
166832
953265
953268
166836
953271
166839
953274
166842
166843
953277
166846
166847
428991
953280
166850
953283
166852
953286
166854
953289
166858
953292
166860
166862
953295
166864
166865
953298
953301
166869
429015
953304
166874
953307
166876
953310
166880
953313
166881
953316
166884
166885
166888
953321
166889
953324
953327
166895
953330
166898
166900
953333
166901
953336
166904
166906
953339
166908
429052
953342
166910
166911
953345
953348
953351
953354
166922
953357
429069
166926
953360
166930
953363
953366
166934
953369
166938
953372
166942
953375
166943
166945
953378
953381
166949
429093
166950
953384
953387
166957
953390
166958
166960
953393
166962
166963
953396
166966
953399
429111
953402
166970
166971
953405
953408
166977
953411
166979
166981
953414
166983
429128
953417
953420
166989
953423
166993
953426
166996
953429
166999
953432
167000
953435
167004
953438
167007
167008
429152
953441
167011
953444
167012
953447
167015
953450
167020
953453
167023
953456
167024
429170
953459
167027
953462
167030
953465
167035
953468
167037
429181
953471
167040
167041
953474
167044
953477
167045
167046
953480
167048
953483
167052
167053
953486
167056
953489
167059
953492
167061
953495
167065
953498
167066
953501
167069
429214
953504
167073
953507
167075
167078
953513
167081
167082
953516
167084
953519
429231
167089
953522
167092
953525
167093
167095
953528
167096
167097
953531
167100
953534
167103
167104
953537
167106
953540
167108
167110
953543
953546
167116
953549
167119
953552
167120
953555
167123
691413
953558
167126
167127
953561
429273
167130
953564
167133
953567
953570
167138
953573
167141
167142
953576
953579
167148
691436
953582
167151
167152
953585
167155
953588
167156
953591
167160
953594
167162
953597
167165
691453
953600
167170
953603
167171
953606
167174
167175
953609
167178
953612
167181
167182
953615
167185
953618
167186
167188
953621
167191
429335
953624
167192
167194
953627
167196
953630
167198
167200
953633
167202
167203
953636
167205
429349
953639
167207
953642
167210
691499
953645
167213
167214
953648
167216
167217
691506
953651
953654
167223
953657
167226
953660
167229
167230
953663
167233
953666
167236
953669
691525
167239
953672
167240
953675
167243
429389
953678
167247
953681
953684
167252
953687
953690
167258
167259
953693
167261
167262
429407
953696
953699
167269
953702
167272
953705
953708
167276
953711
167279
167280
953714
167282
953717
953720
167290
953723
429435
953726
167294
953729
167297
953732
167302
953735
953738
167307
953741
429453
953744
167314
953747
953750
167318
429463
167320
167321
953755
691611
167324
953758
167326
953761
167330
429474
953764
167332
167333
953767
167335
167336
953770
953773
167341
953776
167344
953779
167347
167348
953782
167350
167352
429496
953785
167354
953788
167356
953791
167360
167361
953794
167363
953797
953800
953803
167373
429517
953806
167374
953809
167377
167378
953812
167381
953815
167383
953818
167386
167387
953821
691679
953824
429536
953827
167395
953830
167399
953833
167402
167403
429547
953836
167405
167406
953839
167408
953842
167411
167412
953845
953848
167416
953851
167419
953854
167422
953857
167425
167427
953860
167428
691718
953863
167432
953866
167435
953869
167438
953872
953875
167443
167445
953878
167447
953881
167449
953884
167453
953887
167456
953890
167458
167460
953893
953896
167466
953899
167469
953902
167470
953905
429618
953908
167476
167477
953911
167480
167481
953914
167483
953917
167486
167487
953920
167490
953923
167491
167493
953926
167494
429639
953929
167497
167498
953932
167501
953935
167505
953938
167508
953941
167511
953944
167512
429656
953947
167516
953950
953953
167521
953956
167524
953959
167528
429673
953962
167531
167532
953965
167535
953968
167538
953971
167541
953974
167544
953977
953980
167548
953983
167551
953986
167555
953989
167557
167559
953992
167562
953995
167564
953998
167567
954001
167571
954004
429717
954007
167575
954010
167578
954013
167581
167582
954016
167585
954019
167588
429732
954022
167591
167592
954025
167595
954028
167596
954031
167599
954034
167602
954037
167605
954040
167609
167610
954043
954046
429758
954049
167617
167619
954052
167621
954055
167625
954058
167628
954061
167629
167631
954064
167632
954067
167635
954070
167639
954073
167642
167643
954076
167645
954079
167648
954082
954085
167654
954088
167657
954091
167661
954094
167662
954097
167665
167666
954100
429812
167670
954103
167671
954106
954109
167678
167679
954112
167682
954115
167683
167685
954118
167686
167687
954121
167689
167691
954124
429836
167694
954127
167695
954130
167698
954133
429846
167703
954136
167704
167706
954139
954142
954145
429857
954148
167716
954151
167720
167721
954154
954157
167725
167726
954160
167729
954163
954166
167736
954169
954172
954175
167744
954178
167747
167748
954181
167752
954186
167754
167755
954189
167757
954192
954195
167764
954198
167767
954201
954204
167774
954207
167776
429921
954210
167778
954213
167781
167782
954216
167785
954219
954222
167792
954225
954228
167796
954231
429943
167800
954234
167804
954237
954240
167808
954243
167811
167812
954246
167814
167816
954249
954252
167820
167822
954255
954258
167827
429972
954261
167829
954264
167832
954267
167835
167837
954270
167840
954273
167843
954276
167844
167846
954279
167847
954282
167850
954285
167854
429998
954288
167856
954291
167859
954294
167862
954297
167865
954300
167868
167869
954303
167871
430016
954306
167874
167876
954309
167877
954312
167881
167882
954315
167884
954318
692174
167888
430032
954321
167889
954324
167892
954327
167896
692185
954330
167899
167900
954333
167901
167903
954336
430050
954339
692196
167909
954342
167910
954345
167913
167915
954348
167916
954351
692207
167920
954354
167922
954357
167925
954360
167928
167930
692218
954363
954366
167934
954369
167939
167940
692229
954374
167942
954376
167945
954378
167946
954380
167949
954382
954384
167952
167953
954386
954388
167956
954390
167959
692247
954392
954394
167962
167963
954396
954398
167966
430110
167967
954400
167969
954402
692258
954404
167972
954406
167975
954408
167976
430120
954410
167978
167979
954412
167981
692269
954414
167983
954416
954418
954420
954422
954424
167992
692280
167993
954426
954428
167996
167997
954430
430143
954432
168000
168001
954434
692291
954436
168005
954438
168006
954440
954442
168011
954444
954446
168014
692302
954448
168017
954450
168018
954452
168020
954455
168023
168024
430168
692313
954458
168027
954461
168031
954464
168032
954466
168035
954468
168036
692324
954470
954472
430185
954474
168043
954476
168044
954478
692335
954480
954482
168051
954484
954486
168054
168055
954488
954490
168058
954492
168061
954494
954496
954498
168066
954500
692357
954502
954504
168073
954506
168075
954508
168077
954510
168079
954512
692368
954514
168083
954516
430228
954518
954520
954522
168091
692379
168093
168094
954527
954529
168098
954531
168100
954533
168101
954536
168104
954538
168106
954540
168108
954542
954544
954546
168115
954548
954550
954552
168120
954554
168122
954556
168125
954558
168127
954560
168129
954562
168131
954564
954566
168135
954568
954570
168138
954572
954574
168142
430286
954576
168144
168145
954578
954580
168148
954582
954584
168152
954586
168155
954588
954590
168159
954592
430305
954594
168162
954596
168165
954598
954600
168169
954602
168171
954604
168172
954606
168175
954608
954610
168178
168179
954612
954614
168182
954616
954618
954620
168188
168189
954622
168191
954624
168192
954626
954628
954630
168198
168199
954632
954634
168202
168203
954636
168204
430348
954638
168206
168207
954640
954642
168211
954644
168214
954649
168217
954651
168220
954653
168221
954655
168223
168226
168227
954661
168230
954663
954665
168233
954667
430380
954669
954671
168240
954673
954675
168243
954677
168246
954679
954681
168249
954683
168251
954685
430398
954687
954689
168258
954691
954693
168262
954695
954697
168265
168266
430410
954699
954701
168269
954703
954705
168273
954707
954709
168277
430421
954711
168280
954713
168282
954715
168283
168285
954718
954720
168288
954722
954724
168292
168293
954726
954728
954730
168298
430442
954732
168300
954734
954736
954738
168307
954740
954742
168310
954744
954746
168314
168315
954748
168317
954750
954752
168320
954754
954756
954758
168326
954760
954762
168330
954764
168332
954766
168335
954768
168336
954770
168339
954773
168343
954777
954779
168347
954781
168349
954783
168351
954785
954787
168356
954789
954791
430503
168360
954793
954795
954797
168366
954799
168368
954801
168370
430514
954803
168371
954805
168374
954807
954809
168377
954811
168380
954813
954815
168383
168384
954817
954819
168387
168388
954821
954823
168391
954825
954827
168395
954829
954831
168399
168400
954833
168402
954835
168403
954837
430550
954839
168407
954841
168410
954843
168411
954845
168413
954847
168415
954849
168417
168418
954851
954853
168422
954855
954857
168426
954859
954861
168429
954863
168432
954865
954867
168436
954869
168438
168439
954872
954874
168442
954876
168445
954878
954880
954882
430594
168451
954884
954887
168455
954890
168459
954893
168462
168463
954896
168465
954899
168468
430612
168469
954902
168471
168472
954905
954908
168478
954911
168479
168481
954914
168483
954917
168486
954920
168488
954923
168492
168493
954926
168494
168496
954929
168499
954932
430645
954935
168504
954938
168506
954941
168510
954944
168512
168514
430658
954947
954950
954953
168521
954956
168524
168525
168526
954959
168528
430672
954962
168531
954965
168535
954968
168538
954971
168539
954974
168542
168544
954977
168547
954980
954983
168551
430695
954985
954987
168556
954989
168558
954991
168560
954993
954996
168565
954999
955002
168570
168572
955005
168575
955008
168576
955011
430725
955014
168582
168583
955017
955020
168589
168590
955023
955026
955029
168599
955032
955035
168603
955038
692894
955041
955044
168613
955047
168615
955050
168618
955053
168623
955056
168624
430768
168626
955059
168627
955062
955065
168633
955068
168636
168637
955071
168640
955074
430786
955077
168647
955080
168648
955083
168651
168652
955086
168655
955089
168658
955091
168659
430803
955093
168662
168663
955096
955098
168666
955100
955102
168670
955104
955106
168674
168675
955109
168678
955112
168680
955115
168683
168685
955118
955121
168689
168691
955124
168694
955127
955130
168698
955133
168701
955136
168705
430850
955139
168707
955142
168710
955145
955148
168716
955151
168719
168720
955154
168722
168723
955157
168725
168727
955160
168729
955163
168731
168733
955166
168736
955169
168739
955172
168741
955175
168743
168745
955178
168747
168748
955181
430893
168751
955184
168752
168754
955187
168757
955190
168758
955193
168761
168762
955196
955199
955202
168770
168772
955205
168774
955208
168776
430922
955211
168779
168780
955214
168784
955217
168785
168786
955220
168789
955223
955226
168794
168795
430939
955229
168798
955232
168801
955235
168805
955238
430950
168807
955241
955244
168814
955247
955250
168818
955253
168821
955256
168825
955259
168827
955262
168831
168832
955265
955267
430980
955269
955271
168839
168840
955274
168842
955277
168845
168846
955280
168849
168850
955283
168851
430996
168853
955286
955289
955292
168860
168861
955295
168863
168865
955298
168867
168868
955301
168871
955304
168872
431018
955307
168875
955310
955313
168881
955316
168884
168886
955319
431033
955322
168890
168891
955325
168894
955328
168897
168898
955331
168900
168901
955334
431046
168904
955337
168907
955340
168909
955343
168911
431056
955346
168914
955349
168918
168919
955352
168921
168922
955355
168924
168925
955358
168928
955361
168929
955364
168934
955367
955370
168938
955373
168941
168943
955376
955379
168947
955382
168950
168951
955385
168953
168955
955388
168958
955391
431103
168961
955394
955397
168967
955400
168969
955403
955406
168976
955409
168979
955412
168982
955415
168985
955418
168988
955421
168991
955424
168994
955427
168995
955430
168998
168999
955433
955436
169005
169006
955439
169008
955442
431156
955445
169014
169015
955448
169018
955451
169019
169021
955454
169023
955457
169026
955460
169029
169030
955463
431176
169033
955466
169035
955469
169038
955472
169041
955475
169043
169045
955478
955481
169050
955484
169052
955487
955490
955493
169061
955496
169064
955499
169067
169068
955502
169071
955505
169073
169075
955508
955511
169083
955516
169086
955519
169088
955522
169090
955525
169093
169094
955528
169097
955531
169100
169101
955534
169103
955537
169105
431250
955540
693396
955543
169111
955546
169114
955549
169118
693407
955552
169121
955555
169125
955558
169126
955561
169129
693418
955564
169133
169134
955567
169136
955570
955573
693429
169143
955576
169144
955579
169149
955582
169151
431295
693440
955585
169155
955588
169158
955591
169159
955594
169162
693451
169164
955597
955600
169168
169169
955603
169172
431317
955606
693462
169176
955609
169179
955612
169182
955615
955618
431330
169187
955621
169189
169190
955624
169192
169193
955627
169195
955630
169198
955633
955636
169205
169206
955639
955642
169210
955645
169214
169215
955648
169217
955651
169221
955654
955657
955660
169228
955663
169232
955666
169234
169236
955669
169238
955672
169240
955675
169243
169245
955678
169247
955681
169249
431395
955684
169253
955687
955690
169259
169260
955693
955696
169264
955699
169267
431415
955704
169273
169274
955707
955710
169278
169280
955713
169281
955716
169284
169286
955719
169289
955722
955725
169294
955728
169296
169297
955731
169301
955734
169303
169304
955737
169306
955740
169309
955743
169313
955746
169314
955749
169317
693605
955752
169320
955755
169323
431467
169324
955758
169327
169328
955761
169330
955764
169334
955767
169336
955770
955773
169343
955776
169346
955779
169349
955782
955785
169353
169354
955788
169357
955791
169359
431504
169361
955794
169364
955797
169365
955800
169369
955803
955806
169375
955809
431521
955812
169380
169382
955815
169383
955818
169386
955821
169390
169391
955824
169394
955827
169395
955830
169398
955833
169401
955836
169404
169405
955839
169408
955842
169411
169412
955845
169415
955848
169418
955851
169419
169421
955854
169422
955857
169425
169427
955860
169430
955863
431576
169433
955866
169434
169435
955869
169438
955872
169440
169442
955875
169443
955878
169446
169448
955881
431594
955884
955887
169455
169456
955890
169458
955893
169463
955896
955899
955902
169472
955905
169474
169475
955908
169478
955911
169480
955914
169483
955917
169487
955920
169490
955923
169491
169493
955926
169495
955929
169497
955932
955935
169503
169504
955938
431650
169507
955941
169509
169511
955946
169515
169516
955949
169519
955952
169520
169522
955955
955958
169526
955961
169529
955964
169532
955967
169536
955970
169539
955973
169542
955976
169546
955979
169549
955982
955985
169553
955988
169556
955991
169559
431703
955994
169562
169563
955997
169567
956000
169568
169570
956003
956006
169574
956009
956012
169580
169581
956015
169584
169585
956018
169586
956021
169589
169590
956024
169592
956027
169595
169597
956030
956033
169602
956036
169606
956039
169608
956042
169610
693898
169611
956045
169614
956048
169617
169618
956051
169621
956054
169622
956057
169625
956060
169629
956063
169632
956066
169636
956069
956072
169640
956075
169643
956078
169647
956081
169649
956084
169652
169654
956087
169656
956090
169660
956093
169661
169663
956096
956099
169668
956102
169671
431815
956105
169674
956108
169678
956111
169679
956114
169682
169684
956117
956120
169689
956123
169693
956126
169694
956129
169698
956132
169700
169702
956135
169704
956137
169706
956140
169709
956143
169712
431856
169713
956146
169715
169716
956149
956152
169720
169722
956155
169724
956158
169726
956161
169729
956164
956167
169735
169736
956170
169739
956173
956176
169744
956179
169747
956182
169752
956185
169755
956188
956191
169760
169761
956194
169764
956197
169766
956200
169768
956203
694059
169772
956206
169774
956209
431921
169778
956212
694070
956215
169784
956218
169787
956221
169790
169791
956224
956227
956230
169799
956233
169803
956236
169806
956239
431951
956242
169811
169812
956245
169814
169815
956248
956251
169821
956254
169822
956257
169825
169827
956260
956263
169833
956266
169835
956269
694125
169839
956272
956275
169844
956278
169846
169848
956281
169850
956284
169854
956287
169855
169857
956290
169860
956293
169861
169862
956296
432009
169866
956299
169869
956302
956305
169873
956308
169876
169878
956311
169880
956314
169882
432026
956317
956320
956323
169891
956326
169894
169895
956329
169899
956332
956335
169903
169904
956338
169906
956341
169909
956344
169912
956347
169915
956350
432062
169919
169920
956353
169923
956356
169925
956359
169929
956362
169932
956365
432077
169934
956368
169938
956371
169939
956374
169942
169943
956379
169947
169948
956382
169950
432094
169951
956385
169953
169954
956388
169957
956391
169961
956394
169962
169964
956397
956400
169968
956403
169971
169972
956406
956409
169978
956412
432125
169982
956415
169984
956418
169987
169988
956421
169990
169991
956424
956427
169995
169997
432141
956430
169998
956433
170001
170002
956436
170006
432150
956439
956442
170011
956445
170013
956448
170016
956451
170019
170020
956454
170022
956457
170025
170026
956460
956463
170031
956466
170034
956469
170037
956472
170040
956475
170044
432188
170045
956478
170048
956481
170049
956484
170052
956487
170055
170056
956490
170059
956493
956496
170065
956499
432213
956502
170072
956505
170073
170075
956508
170076
432222
956511
170079
170080
170081
956514
170083
956517
170086
170087
956520
170089
956523
170092
956526
170094
170096
956529
170097
956532
956535
170103
170104
956538
170106
956541
170110
956544
170114
956547
170115
170117
956550
170118
170120
956553
170121
956556
170126
956559
956562
432274
170131
170134
956567
170135
956569
170138
956572
956575
170143
170145
956578
956581
170149
956584
170153
170154
956587
170155
956590
956593
170162
956596
170166
956599
170167
170169
956602
170170
432316
956605
170173
694461
170175
956608
170178
956611
170179
170181
956614
956617
170186
170187
956620
170190
956623
170192
956626
956629
956632
170202
956635
956638
170206
170207
956641
170210
956644
170213
956647
956650
170220
956653
170223
956656
956659
170227
170229
956662
170231
170232
956665
170235
956668
956671
170241
956674
956677
170245
170246
956680
170249
170250
956683
170252
956686
170255
956689
170258
956692
170261
956695
170264
956698
170268
956701
170269
170271
956704
170272
170273
956707
170276
956710
170280
956713
170283
956716
170286
432430
956719
170289
956722
956725
170293
170294
956728
956731
170301
956734
170302
956737
956740
170309
956743
956746
170315
956749
170319
956752
170321
956755
432467
170324
956758
170327
956761
170331
956764
170332
956767
170335
956770
170339
956773
170341
170343
956776
170345
170346
956779
956782
170350
170351
956785
170354
956788
170358
956791
170361
956794
956797
170365
170367
956800
956803
170373
956806
432519
170376
170377
956811
170380
956814
956817
170385
956820
170389
170390
956823
956826
170395
956829
170397
956832
170400
170402
432546
956835
170405
956838
170407
956841
170411
956844
170413
956847
170417
956850
956853
170423
956856
170424
432569
956859
956862
956865
170434
170435
956868
170437
170438
956871
170441
956874
694732
956877
170445
956880
170450
956883
170453
956886
170455
170456
956889
432601
170459
956892
170462
956895
956898
170466
694754
170467
956901
170470
956904
170474
956907
170475
170477
956910
956913
170481
170483
956916
170485
956919
170488
956922
170492
956925
956928
170496
170498
956931
956934
170502
432647
170504
956937
170507
956940
170510
956943
956946
956949
170517
170519
956952
956955
170523
956958
170526
170528
432672
956961
956964
956967
170536
956970
170538
956973
170542
170543
956976
956979
956982
432695
956985
170554
956988
170558
956991
956994
170562
956997
957001
170571
957004
957007
170575
957010
957013
170581
957016
170584
957019
170588
957022
170591
957025
170594
957028
170598
957031
170600
170601
957034
170604
957037
957040
957043
170613
957046
170614
957049
170617
957052
170621
957055
170625
957058
170626
432770
957061
170629
957064
170632
694922
957067
957070
957073
170642
957076
170644
170645
957079
170648
170649
957082
170652
957085
170654
957088
957091
170661
957094
170664
957097
694954
957100
170668
957103
170673
957106
694962
957109
170677
957112
170681
694970
957115
170685
957118
170686
957121
170689
432833
170690
957124
170693
170694
957127
957130
957133
170703
957136
694992
170706
957139
957142
170710
957145
170713
432859
957148
170716
170718
957151
170720
957154
170722
170723
957157
170726
957160
170728
170730
957163
957166
170734
957169
170739
957172
170741
957175
170744
957178
170747
957181
170750
170751
432895
957184
170753
170754
957187
170757
957190
957193
170762
957196
170764
957199
432912
170769
957202
170771
170772
957205
170775
957208
170776
957211
957214
170782
957217
170786
957220
170788
957223
170792
170793
957226
170796
957229
170799
957232
957235
170803
957238
170807
957241
170810
170811
957246
170814
957249
957252
170821
957255
170824
957258
170828
957261
957264
170832
957267
170835
170836
957270
170840
957273
170841
170843
957276
170846
957279
957282
170850
432994
170852
957285
170855
957288
170856
957291
170860
957294
957297
170866
957300
170868
170870
957303
170873
957306
170874
957309
170878
170879
957312
170881
957315
170884
957318
170887
957321
957324
170892
957327
170896
170897
957330
170900
957333
433047
957336
170904
170905
957339
170908
957342
170910
957345
170914
957348
170917
170918
957351
170920
170921
957354
957357
170926
957360
170928
957363
170931
170932
957366
170934
957369
170937
957372
957375
170943
957378
170946
170947
957381
170951
957384
170952
957387
170957
957390
433103
170960
957393
170961
957396
170964
170966
957399
170968
957402
170970
170972
957405
170974
170975
957408
433121
170978
957411
957414
170982
957417
170985
957420
170988
957423
170991
170992
957426
170994
957429
170997
170998
170999
957432
171001
433145
171004
171005
957438
171008
957441
171011
957444
171014
957447
171017
957450
171020
957453
171022
957456
171025
957459
171028
957462
171031
171032
957465
433177
957468
957471
171040
957474
171042
957477
171045
171046
957480
171049
957483
171051
957486
171054
957489
171057
171058
957492
171062
957495
171064
957498
171066
171068
957501
171069
433214
957504
957507
171075
957510
171078
171080
957513
171081
957516
171084
171086
957519
171088
957522
171091
171092
957525
171094
957528
171098
957531
433244
171101
957534
957537
957540
171110
957543
171111
171113
957546
171114
957549
171118
957552
171122
957555
957558
171128
957561
171131
957564
171133
957567
171135
957570
171138
957573
171143
957576
957579
957582
171150
957585
171153
171154
957588
171156
957591
171159
957594
171163
171164
957597
957600
171169
171170
957603
171173
957606
957609
171177
433321
171178
957612
957615
171185
957618
171188
957621
171189
957624
171193
957627
171196
171197
957630
171200
957633
171201
957636
171204
957639
171209
957642
171212
957645
171213
171215
957648
171217
957651
171219
171220
957654
171223
957657
171225
171227
957660
171228
957663
171231
171232
957666
957669
171237
433383
957672
171240
171242
957675
171244
171247
957680
171249
957683
171253
957686
957689
171257
171258
957692
171260
957695
171264
171265
957698
171267
171268
433412
957701
171271
957704
171273
957707
171275
171276
957710
171279
957713
171281
957716
171284
957719
171288
957722
171291
957725
957728
171296
957731
171299
957734
171302
433448
957737
171305
171306
957740
171308
171310
957743
171312
957746
957749
171317
171319
957752
171322
957755
171325
957758
433470
957761
171329
957764
171333
171334
957767
171336
957770
171338
171340
957773
957776
433488
957779
957782
171350
171352
957785
957788
171357
957791
171360
171361
957794
171363
171364
957797
957800
171369
171370
957803
171372
957806
171375
695664
957809
171378
171379
957812
171381
433526
957815
171385
957818
171386
957821
171389
957824
171392
957827
171395
957830
171398
171400
957833
171402
957836
171405
957839
171409
957842
433556
957845
171413
171414
957848
957851
171419
171420
957854
171422
171424
957857
171425
957860
171430
957863
171432
171433
957866
171436
957871
171439
957874
171442
171443
957877
171447
957880
171448
171450
957883
171451
957886
171454
957889
171458
957892
171460
171461
957895
957898
171466
171468
957901
171469
957904
171472
957907
171476
957910
171479
171480
957913
171482
957916
171484
171486
957919
171489
957922
171492
957925
957928
171496
171498
957931
171501
957934
171502
957937
171505
433650
957940
171508
171509
957943
171511
171512
957946
171515
171516
957949
171519
957952
171520
957955
171523
957958
171527
171528
957961
171531
957964
957967
171535
957970
171539
171540
957973
171543
957976
171544
171546
957979
957982
171550
957985
171554
957988
171556
957991
171560
957994
171562
957997
958000
171568
171569
958003
171573
958006
171576
958009
171579
958012
958015
433728
958018
171587
958021
171590
171591
958024
958027
171595
958030
171600
958033
171603
958036
958039
171607
433751
958042
171611
171612
958045
171614
958048
171617
958051
171621
958054
171624
958057
958060
171628
958063
958066
171634
171636
958069
958072
171640
171642
958075
958078
171647
958081
171649
958084
171652
171653
958087
433801
958090
171658
171659
958093
171663
958096
171664
171666
958099
958102
171670
958105
171673
958108
171676
171679
958113
171682
958116
171684
171686
958119
171687
958122
171691
958125
171693
958128
171696
171698
958131
958134
171702
958137
171706
958140
171709
958143
171713
958146
171716
958149
171717
958152
171720
958155
171723
171724
958158
171726
958161
171729
958164
171732
958167
958170
171738
171739
433884
958173
171742
171743
958176
958179
171749
958182
171751
958185
171753
958188
171758
958191
171759
171761
958194
171762
171764
958197
171765
958200
171768
171769
958203
171771
958206
171774
958209
171777
958212
171782
958215
958218
171786
696076
958221
171790
958224
171792
171793
958227
171796
171797
958230
171800
958233
171801
171802
958236
171804
958239
433951
958242
958245
171814
171815
958248
171818
958251
171820
171821
958254
171823
958257
433969
171826
958260
171829
171830
696118
958263
171831
171833
958266
958269
171838
958272
171841
958275
171844
958278
958281
958284
171853
958287
171857
958290
171859
958293
171862
171863
958296
958299
171867
171868
171870
958304
171872
958307
171877
958310
171879
958313
171883
958316
171884
171886
958319
171888
958322
171890
171891
958325
958328
171896
958331
171900
958334
171903
958337
171906
171907
958340
958343
171912
958346
171915
171916
958349
171918
171919
958352
958355
171923
958358
171926
171928
958361
171930
958364
171934
958367
171937
958370
171939
958373
171941
958376
171944
171945
958379
171948
958382
171952
958385
171955
958388
171956
958391
171959
171960
958394
958397
171965
171966
958400
171968
171969
958403
171971
171972
958406
171975
171976
958409
958412
171980
171981
958415
171984
958418
171986
696275
958421
171989
171990
958424
171993
958427
171997
958430
171998
958433
958436
172005
958439
172009
958442
172010
958445
172013
172014
958448
172017
172018
958451
172020
172021
958454
172024
958457
172025
696313
958460
172029
958463
172031
958466
172035
172036
958469
696326
172039
958472
958475
172044
958478
172047
434192
958481
958484
172054
958487
172055
172057
958490
696347
172060
958493
172063
958496
172064
434209
172066
958499
958502
172071
958505
172074
958508
172078
958511
172079
172080
958514
172083
172084
958517
172086
958520
172090
958523
172093
958526
172094
172095
958529
172099
958532
172100
958535
172103
172105
958538
172107
696395
958541
172109
434254
172112
958546
172115
696403
958549
434262
172119
958552
958555
172123
958558
172126
172127
958561
172129
172131
958564
172134
958567
958570
172139
958573
958576
172146
958579
172149
958582
172151
172152
958585
172154
958588
172157
172158
958591
172161
958594
958597
172165
958600
172168
172170
434314
958603
172172
958606
172175
172176
958609
172178
172179
958612
958615
172183
172184
958618
958621
172189
958624
172192
172194
958627
172195
172196
958630
172198
958633
172201
958636
172204
958639
172208
958642
958645
696501
172214
958648
958651
172221
958654
172222
172224
958657
958660
172228
172229
696518
958663
172231
958666
172235
958669
172238
958672
172240
172241
696529
958675
172244
172245
958678
434390
958681
172249
958684
172254
958687
172255
958690
172260
958693
172263
958696
172264
958699
958702
172271
958705
172273
958708
958711
172279
958714
958717
172286
172287
958720
696576
172289
172290
958723
958726
172295
958729
172299
958732
172300
958735
172303
172305
434449
958738
172308
958741
172309
172311
958744
172312
958747
172315
172316
958750
172319
958753
172321
696609
434466
958756
172324
172326
958759
172329
958762
172332
958765
172333
172334
958768
172336
958771
172339
172340
434484
958774
172344
958777
172345
172347
696635
958780
958783
172351
958786
172354
172355
958789
172358
958792
172362
958795
172363
172365
958798
172367
696655
958801
172370
958804
172374
958807
172375
172377
958810
172378
696666
172379
958813
172382
958816
172384
434530
958819
172388
958822
958825
172394
172395
958828
172398
958831
172399
958834
172403
172404
958837
172407
958840
172409
958843
172411
172412
958846
172415
172416
958849
172419
696707
958852
172421
958855
172424
958858
172426
958861
172430
696718
958864
172432
958867
172435
172436
958870
172438
958873
172441
958876
172446
958879
172447
958882
172450
434595
172452
958885
172455
958888
696744
172457
172458
958891
958894
958897
172465
172466
958900
172468
172470
958903
172473
958906
958909
172477
958912
172480
958915
958918
172487
958921
172489
172490
172491
958924
172493
696781
172494
958927
172497
958930
172498
958933
172501
958936
172505
958939
172508
958942
696799
172512
958945
958948
172517
958951
172519
172520
958954
172522
696810
172523
958957
172526
958960
172528
172529
958963
172531
958966
172534
958969
958972
172540
172543
958977
172545
434689
958980
172549
958983
172551
696839
958986
172554
172555
958989
172558
696847
958992
172562
958995
958998
434711
959001
172569
172571
959004
959007
172575
172577
959010
172579
959013
959016
172584
696873
172586
959019
172589
959022
172592
959025
172593
959028
172597
959031
172600
959034
172603
959037
172605
172606
959040
172609
172610
959043
959046
172615
696903
959049
172617
172618
959052
172620
172621
434765
959055
172623
959058
959061
172629
172631
696919
959064
172634
959067
172637
959070
959073
172641
172642
434786
959076
172644
172646
959079
696936
959082
172650
172651
959085
172654
959088
172656
959091
172661
959094
172663
959097
172666
172667
959100
172669
959103
172672
959106
172674
959109
172677
172679
959112
959115
172684
172685
959118
172687
959121
172690
959124
172694
959127
172695
959130
172698
172699
959133
172702
172703
959136
172706
696994
959139
172709
959142
172711
959145
172715
959148
172716
959151
172719
959154
172722
697011
959157
172725
434869
172727
959160
172729
172731
959165
172734
697022
959168
172736
172738
959171
172741
959174
172744
959177
172746
434890
959180
172750
959183
172753
959186
172756
959189
172759
959192
172760
959195
172765
959198
697055
172768
959201
172769
172771
959204
172772
172774
959207
172777
959210
959213
172781
959216
172785
959219
172787
959222
172790
172792
959225
697082
959228
959231
172799
959234
172802
959237
172806
959240
172810
959243
172812
172813
959246
172815
959249
959252
172821
434965
959255
172825
959258
172826
697116
959261
172829
959264
172833
959267
697123
172836
959270
172838
172840
959273
434985
172842
697131
959276
172845
959279
172847
959282
172850
959285
172853
172855
959288
172858
959291
959294
172864
435008
959297
172865
172867
959300
172868
959303
172871
959306
172874
172875
959309
172878
959312
172881
959315
172884
959318
172887
172888
959321
172891
959324
959327
959330
172899
959333
172901
959336
172904
172905
959339
172907
959342
172911
172912
959345
172914
959348
172916
172918
435062
959351
959354
172922
959357
172926
959360
172928
172929
959363
172932
172933
959366
959369
172937
959372
172942
697230
959375
959378
172946
959381
172951
959384
435096
959386
172955
959388
172956
959390
172959
959393
172963
959396
172964
959399
172967
172968
959403
172972
172973
959406
172975
172976
959409
172979
959412
172980
959415
172983
172985
959418
172987
959421
172989
172991
959424
172993
959427
172995
959430
172999
959433
173002
959436
697292
173005
959439
173007
435151
173009
959442
959445
959448
173016
959451
173019
959454
959457
173026
959460
173029
959463
173032
959466
173034
435178
959469
959472
959475
173043
959478
173046
959481
173050
435195
959484
173052
173053
959487
173055
959490
173058
959493
173062
959496
173065
959499
959502
173070
959505
173073
173074
959508
173076
173077
959511
173080
173081
959514
173084
959517
173087
959520
959523
173092
959526
173096
959529
959532
959535
173103
173105
959538
173107
959541
173111
959544
173113
959547
959550
173118
959553
959556
173124
173126
959559
959562
173130
435276
959565
173134
959568
173136
173137
959570
173139
959572
173141
959574
173142
959577
173145
959580
173149
959583
173151
173153
173154
173155
173157
173158
173162
173166
173169
173172
173181
173183
173185
173187
173188
173191
435342
173199
173201
173204
173207
173210
173212
173217
435362
173219
173220
173224
173227
173229
173232
173236
173239
173245
173246
173252
173253
173255
173259
173261
173264
173265
173267
173270
173275
173277
173280
173285
173287
173288
959722
173290
959724
173293
959726
959728
173296
173297
959730
959732
173301
959734
959736
173304
959738
959740
959742
173310
959744
173312
959746
173315
959748
173317
959750
173318
959752
173320
173321
959754
959756
173324
959758
173326
173327
959760
959762
173330
173331
959764
435477
959766
173334
959768
959770
173338
959772
173340
173341
959774
959776
173345
959778
173347
959780
173349
959782
173351
959784
959787
173355
959789
173358
959791
173360
959793
173362
959795
173363
959797
959799
173368
959801
959803
173372
959805
959807
173376
959809
959811
173379
173380
959813
173381
959815
959817
173385
435529
959819
959821
173389
959823
697679
173392
959825
173394
959827
173395
959829
173397
959831
959833
959835
173403
959837
173406
959839
173407
697695
959841
959843
173411
959845
173414
959847
173417
959850
173418
959852
173420
435564
173421
959854
959856
173424
959858
173426
959860
173428
959862
173430
959864
173433
959866
173435
959868
959870
173438
173439
959872
959874
173443
959876
173445
959878
697735
959880
173449
959882
173450
435594
959884
959886
959888
959890
173458
959892
173460
697748
959894
173463
959896
959898
435611
959900
173468
959902
959904
173472
959906
173475
959908
697764
959910
173478
959912
173481
959914
173482
959916
173484
697772
173485
959918
959920
173488
959922
173491
959924
697780
959926
173494
173495
959928
959930
173498
959932
959934
173502
959936
173504
435648
959938
173507
959940
173508
959942
959944
173512
959946
173514
697803
959948
173517
959950
173518
959952
173521
435665
959955
959957
959959
959961
959963
173531
959965
173535
959968
173538
959971
173539
959974
959977
173545
173547
959980
173549
173550
959983
173552
173553
959986
173556
435700
959989
959992
173561
959995
959998
173566
435711
960001
173570
960004
173572
960007
173575
960010
173578
960013
173582
173583
960016
173586
960019
173587
960022
173590
173591
960025
960028
173596
173597
960031
173599
960034
173603
960037
960040
173608
435752
960043
173612
173613
960046
173615
960049
173618
960052
173621
173622
960055
173625
960058
960060
173629
960062
960064
173632
960066
960068
173637
960070
960072
173640
960074
960076
173644
960078
960080
173648
173650
960083
173653
960086
960089
173657
435802
960092
173660
173661
960095
173664
173665
960098
173667
173668
960101
173671
960104
173672
960107
173675
960110
173679
435823
960113
173682
173683
960116
173686
960119
173687
960122
173690
960125
173693
173695
960128
173697
960131
435844
173701
960134
173702
960137
173707
960140
173710
960143
960146
173715
960149
173717
173718
960152
435865
173722
960155
173725
960158
173727
960161
173730
173731
960164
960167
173735
173737
960170
173738
435882
960172
960174
960177
173746
960179
960181
960183
173751
173752
960185
173754
960188
173757
173758
960191
173760
173761
960194
960197
173765
960200
960203
173773
960206
435919
173776
960209
173779
960212
173782
960215
173785
960218
173788
960221
173790
960224
173793
960227
173795
173796
960230
173798
960233
173801
173803
960236
960239
173809
960242
173811
173812
960245
173814
960248
173818
960251
173819
173821
960254
173824
435968
960257
173825
960260
173828
960263
173832
960266
173835
960269
173838
173839
960272
960275
173843
173844
960278
173847
173848
960281
173851
960284
960287
173855
960290
173858
960293
173861
960296
173865
960299
173868
960302
173871
173872
960305
960308
173876
960311
173880
960314
173884
436028
960317
173886
960320
173890
960323
960326
173895
173896
960329
173897
960332
173900
173901
960335
436049
960338
173906
960341
173909
960344
173914
960347
173916
960349
173918
960351
173919
960353
173921
173922
960356
173925
436069
960359
173929
960362
173930
173932
960365
960368
173936
960371
960374
173942
960377
173945
960380
173948
960383
173952
173953
960386
173955
960389
173957
960392
173962
960395
173963
960398
173968
960401
173969
960404
173973
960407
173975
960410
173978
960413
173983
960416
173985
173986
960419
698275
173989
960422
960425
173993
960428
173996
173998
960431
173999
960434
174002
174003
960437
174007
960440
174008
174010
960443
174011
960446
174014
174015
960449
174017
960452
174022
960455
174025
960458
174026
436170
960461
174029
174031
960464
174033
960467
174035
960470
174040
960473
960476
174045
960479
174048
960482
960485
174054
174055
960488
436200
174058
960491
174060
174061
960494
960497
174065
960500
174068
960503
174071
960506
174075
960509
960512
174080
174082
960515
174085
960518
960521
174089
174091
960524
174092
960527
174097
436241
960530
174100
960533
174101
174103
960536
174106
960539
174107
960542
174112
960545
174113
960548
174117
960551
960554
960557
960560
174129
174130
960563
174133
960566
174135
698423
960569
174137
960572
174141
174142
960575
174145
960578
960581
960584
174152
174153
960587
174157
960590
960593
174162
174165
960598
174166
436310
174168
960601
174169
960604
174173
960607
174176
174177
960610
174179
960613
174181
174183
960616
174185
960619
174188
174189
960622
174191
960625
174194
174195
960628
174198
960631
174200
960634
174203
960637
174205
174207
960640
174210
960643
960646
174214
960649
174218
960652
174220
174222
960655
174224
960658
174226
174228
960661
960664
960667
960670
174238
960673
174241
960676
174245
174246
960679
174249
960682
174250
960685
174254
960688
174256
960691
174259
174261
960694
960697
174265
174266
960700
174268
960703
174271
960706
174274
174276
960709
174278
174279
960712
174281
174282
960715
174285
960718
960721
174289
960724
174292
174293
960727
174296
960730
174299
960733
174302
174303
436447
960736
174306
960739
174308
174309
960742
960745
174314
960748
174318
960751
174321
960754
960757
174325
174326
960760
174328
960763
174331
960766
174335
960769
174339
960772
174341
960775
960778
174346
174347
960781
174353
960786
174355
960789
174358
174359
960792
960795
174363
174365
960798
174366
960801
174369
174371
960804
174373
960807
174377
960810
960813
960816
174384
174386
960819
174388
960822
174391
174392
960825
174394
174395
960828
174398
960831
174400
174401
960834
174403
960837
960840
174409
174410
960843
174413
960846
174416
960849
174418
960852
174422
960855
436567
174424
960858
174427
960861
174430
960864
174433
174434
960867
174437
960870
174438
960873
174441
960876
174444
174445
960879
174448
174449
960882
174451
698740
960885
174454
174455
960888
174457
960891
174460
174461
960894
174464
960897
174465
960900
174468
960903
174471
960906
174474
174475
960909
174479
960912
174480
960915
174483
174484
960918
174487
960921
174489
174491
960924
174494
960927
174495
960930
174499
960933
174501
174503
960936
174506
960939
174508
960942
174512
960945
174513
960948
174516
960951
174520
960954
174524
960957
174527
960960
174528
436673
960963
174532
960966
174534
960969
174537
960972
960975
174545
960978
174546
174548
960981
436693
174550
960984
174552
174554
960987
174555
960990
174558
174559
960993
174562
960996
174564
174566
960999
961002
174570
961005
698862
174575
961008
174577
961011
174581
961014
961017
174587
961020
436733
961023
174591
174592
698880
174594
961028
174596
961031
174600
961034
174603
961037
174607
961040
174608
698898
961043
174611
961046
174614
436760
961049
698905
174618
174619
961052
174622
961055
174623
961058
174626
174627
961061
174630
961064
174633
961067
174635
961070
174638
174640
961073
174641
174643
961076
174646
961079
174648
961082
174651
961085
174654
961088
174658
961091
961094
174662
961097
174665
174667
961100
961103
174672
174673
961106
698962
174675
961109
174678
174679
961112
174681
961115
961118
174688
961121
174691
961124
174693
961127
174696
961130
174699
698987
961133
174702
174703
961136
961139
174707
174708
961142
174711
961145
961148
174717
961151
174719
174720
961154
174722
961157
174725
174726
961160
174728
174729
961163
174731
174732
961166
961169
699026
961172
961175
174743
174745
961178
174747
961181
174751
961184
174753
961187
174755
961190
174758
174759
961193
174762
961196
174765
174766
961199
174768
174769
961202
174771
961205
174775
961208
174776
961211
174779
174781
174783
961216
174785
961219
174787
961222
174790
174791
961225
174794
961228
961231
174800
174801
699089
961234
174803
174804
961237
961240
174809
699097
961243
174811
174813
961246
174814
961249
174817
961252
174821
961255
174825
961258
174826
961261
174829
699118
961264
174832
961267
174836
961270
961273
174842
436986
961276
174844
174845
961279
174848
174849
961282
174852
961285
174854
961288
174857
174858
961291
961294
174862
174864
961297
174865
961300
174868
961303
174872
174873
961306
174876
961309
961312
174881
961315
174883
174885
961318
174887
961321
174889
437033
174890
961324
174892
961327
174895
961330
174898
961333
174903
961336
961339
174907
699195
174909
961342
174912
961345
174915
961348
174916
174918
961351
174919
174921
961354
961357
174926
174927
961360
174930
961363
174932
174933
961366
174935
961369
174937
961372
174941
961375
174945
961378
961381
174949
174951
961384
174952
961387
174955
961390
174958
961393
174961
961396
174964
174966
961399
437112
174969
961402
174970
174972
961405
961408
174976
961411
174979
961414
174982
961417
174985
174987
961420
174988
961423
961426
174994
174995
961429
174998
174999
961432
175001
961435
175003
175005
961438
175006
961441
175010
961444
175012
437156
961447
175015
175016
961450
175019
961453
175022
437166
175025
961458
961461
961464
175032
175034
961467
175036
961470
175040
961473
175042
175043
961476
175046
961479
175047
175049
961482
961485
175053
437198
961488
175057
175058
961491
961494
175064
961497
175067
961500
175070
961503
175071
175073
961506
175074
175076
961509
175079
961512
175081
961515
175083
961518
175086
961521
175090
961524
175093
961527
175097
961530
961533
175101
175102
961536
175104
961539
175108
961542
175111
961545
175113
961548
175116
437261
961551
175120
961554
175123
961557
175126
961560
961563
175131
961566
175134
961569
175138
175139
961572
699428
961575
175143
961578
175146
175147
961581
175150
961584
175154
961587
175155
175157
961590
699446
175159
961593
175162
961596
175165
961599
175169
961602
961605
175174
961608
175178
961611
175180
961614
175182
961617
175186
961620
175188
175190
961623
175193
961626
175194
175196
961629
175197
699486
175199
961632
175202
961635
175205
961638
175207
961641
175211
175213
961647
175217
961650
175220
961653
175222
961656
175224
175225
699514
961659
961662
961665
175233
175235
961668
175236
961671
175241
961674
175243
961677
175246
961680
175249
175250
961683
175252
961686
961689
175257
961692
175262
961695
175264
961698
175267
961701
175270
961704
175273
175274
961707
175277
961710
175279
961713
175282
961716
175285
437429
961719
175287
175288
961722
961725
175293
175294
961728
175297
961731
175300
961734
175303
961737
175306
699594
961740
175308
961743
175313
961746
175316
961749
961752
175320
961755
175324
961758
175327
961761
175329
175331
961764
699620
175333
961767
175335
175336
961770
175338
699628
961773
175342
961776
175345
175346
961779
175348
175349
961782
175351
175352
961785
175354
961788
961791
175359
699647
175361
961794
175362
961797
699654
175367
961800
175370
961803
961806
175374
175376
961809
175378
175379
699667
961812
175382
961815
175383
175385
961818
961821
175389
175391
961824
175394
961827
961830
175399
961833
175402
961836
175405
961839
175408
961842
175411
961845
175414
961848
961851
175419
699708
961854
175422
961857
175425
961860
175430
961863
175433
961866
175434
175436
961869
699726
175439
961872
961875
175443
961878
175446
175448
437592
961881
175450
961884
175452
175456
961889
961892
175460
961895
175463
175464
437608
961898
175467
961901
175469
961904
175474
961907
961910
175478
699767
175480
961913
175481
175483
961916
175486
961919
961922
961925
961928
175496
175497
961931
175500
961934
175502
699790
961937
175505
961940
175508
175509
961943
175512
961946
175515
175516
961949
175518
961952
175522
961955
175525
961958
175527
961961
175531
961964
175534
961967
961970
175538
961973
175542
961976
175545
961979
175548
961982
175550
699838
961985
961988
175557
961991
175560
961994
175564
961997
175566
962000
699856
175569
962003
175571
175573
962006
175574
175576
962009
962012
175580
175582
962015
175583
175585
962018
962021
175589
962024
175592
175593
962027
175595
175596
962030
175599
962033
175602
962036
175606
962039
175608
175609
962042
175611
962045
175613
962048
175616
699904
175618
962051
962054
962057
175626
962060
175629
962063
175632
962066
962069
175637
175638
962072
175640
962075
175643
175644
962079
962082
175651
699940
962085
175653
175654
962088
175657
962091
175659
175660
962094
962097
175666
962100
175670
962103
175673
699961
962106
175676
962109
175677
175679
962112
175680
962115
175683
175685
962118
175687
175688
962121
175690
962124
175693
699981
962127
175696
962130
175700
962133
175703
962136
962139
175707
175709
962142
175710
962145
175714
962148
962151
175719
175721
962154
175723
962157
175727
962160
175729
175730
962163
175733
962166
175734
175736
962169
175739
962172
175741
962175
962178
175748
962181
962184
175753
962187
175757
962190
175758
962193
175762
962196
175765
700054
962199
175769
962202
175770
962205
175775
962208
175776
962211
175779
962214
175783
962217
175786
175787
962220
175789
962223
175793
962226
962229
175798
175799
962232
175801
962235
962238
175807
175808
962241
175810
962244
175812
962247
175816
962250
175818
962253
962256
175824
175825
962259
175828
962262
175831
175832
962265
962268
175836
962271
175839
962274
175842
175843
962277
962280
175848
962283
175851
962286
175855
962289
175857
962292
175860
962295
175864
962298
175866
175867
962301
175870
962304
175874
962307
175875
962310
175878
175879
962313
175881
175882
962316
175886
962321
175889
962324
175893
175894
962327
175895
175897
962330
175898
962333
175901
962336
175905
962339
175908
175909
962342
175911
962345
175913
962348
962351
962354
175922
962357
175926
962360
175929
962363
175932
175933
962366
438078
962369
175937
175938
962372
962375
175943
175944
962378
175947
175948
962381
962384
175952
962387
175955
962390
175958
175960
962393
175962
962396
175966
962399
175967
962402
175972
962405
175974
962408
175976
175977
962411
962414
175982
962417
175985
962420
962423
175992
962426
175995
175996
962429
175999
962432
176000
176002
962435
176005
962438
962441
176009
176010
962444
176012
962447
176015
962450
176019
176020
962453
176022
962456
176025
962459
176028
962462
176030
962465
176033
962468
176036
176038
962471
962474
176042
962477
176045
176047
962480
176048
176050
962483
176053
962486
176056
962489
176059
962492
176060
962495
176064
962498
176067
176068
962501
176071
962504
176072
176074
962507
176075
176076
962512
962515
438227
176084
176085
962518
962521
176090
962524
176092
962527
176095
962530
176098
962533
176102
962536
176105
962539
176108
962542
176110
176111
962545
176113
438257
962548
176116
176117
962551
176120
176121
962554
176123
962557
176125
962560
176128
962563
176132
962566
176135
962569
176137
176138
962572
962575
176144
962578
176147
700435
176148
962581
438293
176151
962584
176154
962587
176155
176157
962590
176159
962593
176162
962596
176165
962599
962602
176171
962605
176174
962608
176176
176178
962611
176179
962614
176182
176183
962617
176186
176187
962620
176190
962623
962626
176196
962629
962632
176200
962635
176203
176204
962638
176207
962641
176210
176211
962644
176213
962647
176217
962650
176219
962653
176222
962656
176224
176226
962659
176227
962662
176230
176231
962665
962668
962671
176241
962674
176242
962677
176247
962680
962683
176252
962686
176255
962689
176258
962692
176261
962695
176263
962698
176267
962701
176270
962704
700560
176273
962707
176275
962710
176278
962713
176283
962716
176286
962719
176289
962722
176290
962725
176293
176294
962728
176296
176297
962731
962734
176303
176304
962737
176307
962740
176308
962743
176312
176313
962746
176315
962749
176318
176319
962753
176322
176323
962756
962759
176327
962762
176330
962765
176333
176334
962768
962771
176341
962774
176342
962777
176345
700633
962780
176348
438493
962783
176352
176353
962786
176356
962789
176358
700647
962792
176362
962795
176365
438509
962798
176368
962801
962804
176372
962807
962810
176378
962813
176381
962816
176384
176385
962819
176387
962822
176391
700679
962825
176393
176395
962828
176396
176398
962831
962834
176402
176404
438548
962837
962840
176408
962843
176412
962846
176414
176416
962849
962852
176420
176421
962855
176425
962858
962861
176429
962864
176432
176433
962867
176437
962870
176439
176440
962873
176442
176443
962876
176446
962879
176448
962882
176450
176452
962885
176454
176455
962888
176456
962891
176459
176461
962894
962897
176465
176467
962900
962903
176471
700760
176473
962906
962909
176478
962912
176482
962915
176484
962918
176486
962921
176491
962924
176494
962927
962930
176498
176499
962933
176502
176503
962936
176506
176508
962941
176509
962944
176512
176513
962947
176516
962950
176518
176519
962953
176523
962956
962959
176529
962962
700818
176531
962965
176533
962968
176537
962971
176541
962974
176542
962977
176545
438691
962980
176550
962983
176552
962986
176554
176556
962989
176559
962992
962995
176564
176565
962998
176567
176568
963001
176571
963004
176573
963007
176575
176577
963010
700866
963013
176582
963016
176584
176586
963019
176589
963022
176591
963025
176593
176595
963028
176597
963031
176600
963034
176604
963037
176605
963040
176608
700897
963043
176611
176612
963046
176615
176616
963049
700905
176619
963052
176622
963055
176625
963058
176626
963061
176629
963064
176632
700922
963067
963070
176638
176640
963073
963076
700932
176645
963079
176647
176649
963082
176652
963085
176653
700942
963088
176657
963091
176659
176661
963094
176664
700952
963097
176666
963100
176670
963103
963106
176674
176676
963109
176679
963112
176682
963115
176685
963118
176687
963121
176690
963124
176692
963127
963130
176698
176700
963133
176702
176703
963136
963139
176707
963142
176710
963145
176713
963148
176716
176717
963151
176720
176721
963154
963157
176727
963160
176730
963163
176731
963166
176734
438878
176736
963169
176738
176739
963172
176742
963175
176744
176745
963178
176748
963183
176751
963186
176754
176755
963189
176757
176759
963192
963195
176765
963198
963201
176769
176770
963204
176773
176774
963207
176777
963210
176780
963213
176781
176783
963216
963219
176787
176788
963222
176791
963225
176795
963228
176796
963231
176799
176800
963234
176804
963237
176807
963240
963243
176812
963246
176815
176816
963249
176819
963252
176820
176822
963255
176825
963258
176828
963261
176831
963264
963267
176835
963270
176838
963273
176841
176843
963276
176845
963279
176848
963282
176850
176852
963285
176855
963288
176858
963291
963294
963297
176866
963300
176869
963303
176873
963306
176874
963309
176879
963312
176880
963315
176883
963318
176887
963321
176890
963324
176892
963327
176895
176896
963330
176899
176900
963333
963336
176905
176906
963339
176907
963342
176910
963345
701202
963348
176916
963351
963354
176922
963357
176926
963360
176928
176930
963363
176932
963366
176935
439081
963371
176939
176940
963373
176942
963375
176943
963377
176946
963379
963382
176950
963385
176953
176955
963388
176958
963391
176959
963394
176962
963397
176966
176967
963400
963403
176971
176972
963406
176975
176976
963409
176979
963412
963415
176983
439128
176985
963418
176986
963421
176989
176990
176991
963424
176994
963427
176995
963430
963433
177003
963436
177004
963439
177009
963442
177011
963445
177014
701303
963448
177016
177017
963451
177021
439165
963454
963457
963460
177030
963463
177033
963466
177034
963469
177037
963472
177041
963475
177044
963478
963481
177049
963484
177053
963487
177057
963490
177058
963493
177061
963496
963499
177068
963502
177070
963505
177074
963508
177076
963511
701367
177081
963514
963517
177086
963520
177090
963523
177091
177093
963526
177094
701384
963529
177097
963532
177100
177101
963535
177104
963538
177106
177107
963541
177109
177110
963544
177114
963547
177116
177117
963550
177120
963553
963556
177124
963559
177128
177129
963562
963565
963568
177136
963571
177139
963574
177142
963577
177146
963580
177148
963583
177151
177153
963586
963589
177157
963592
177160
963595
177163
177164
963598
177166
177167
963601
177171
963604
963607
177177
963610
177179
963613
963616
177184
177186
963619
177187
963622
177190
177192
963625
177194
177195
963628
963631
177201
963634
177202
963637
177205
963640
177208
963643
177212
963646
177216
963649
177219
963652
177222
963655
177224
963658
177227
177228
963661
177231
963664
963667
177236
963670
177239
177240
963673
177242
963676
177245
963679
177248
963682
963685
177253
177255
963688
177258
963691
177259
963694
177262
177263
963697
177266
963700
963703
177271
177273
963706
177276
963709
177277
177278
963712
177280
177282
963715
177285
963718
177286
963721
177290
177291
963724
177294
963727
177297
963730
177298
177300
963733
177303
963736
177305
963739
177307
963742
177310
177311
963745
177314
963748
177316
963751
177320
177321
963754
177322
177324
963757
963760
177329
177330
963763
963766
177336
963769
177338
963772
963775
177343
963778
177347
963781
177350
177351
963784
177353
963787
963789
177360
177361
439505
177364
177368
177369
177372
177376
177379
177382
439526
177385
177386
177388
177393
177400
177402
177404
177405
177408
177412
177416
177417
177420
177421
177423
701714
177427
177429
177432
177439
177442
177446
177448
177453
177456
177462
177469
177470
177472
177473
177476
177479
177482
177486
177487
177489
177492
177493
177497
963933
177501
963935
963937
963939
177507
963941
963943
177511
963945
963947
963949
177517
963951
177520
963953
963955
177524
963957
963959
963961
177530
963963
177531
963965
177534
963967
963969
963971
177539
177540
963973
439685
963975
177544
963977
963979
177547
963981
963983
177551
177552
963985
963987
177555
963989
963991
177559
963994
963996
963998
177566
964000
177568
964002
177571
964004
964006
177574
177575
964008
964010
177578
964012
964014
177582
964016
177585
964018
177587
964020
177588
964022
964024
177593
964026
177594
964028
177596
177597
964030
964032
177600
964034
964036
177605
964038
177606
964040
177608
964042
177610
177611
964044
177613
964046
964048
964050
964053
177621
964055
177623
177624
964057
964059
177627
177628
964061
964063
964065
177634
964067
177635
964069
177637
964071
177640
964073
964075
964077
177646
964079
964081
177649
177650
964083
964085
177654
964087
964089
177657
964091
964093
177661
964095
964097
177665
964099
964101
964103
177672
964105
964107
964109
964111
177680
964113
177681
964115
964117
177686
964119
964121
177690
964123
964125
964127
177695
177696
964129
964131
177699
964133
964135
177704
964137
177705
964139
177708
964141
177710
964143
177711
177712
964145
177714
964147
964149
177718
964151
964153
177722
964155
177724
964157
177726
964160
177729
964162
177730
964164
177732
964166
964168
177736
964170
702026
177739
964172
964174
177743
964176
177744
964178
439890
177747
964180
177748
702036
964182
177751
964184
177752
439896
964186
177755
964188
964190
177758
702046
964192
177760
964194
964196
177765
964198
964200
177768
439912
964202
702059
964204
964206
177774
964208
177777
964210
177779
964212
177780
964214
177782
964216
439928
964218
177786
964220
702076
177789
964222
964224
177792
177793
964226
964228
177796
964230
964232
177800
177801
439945
964234
964236
177804
964238
964240
177808
964242
177811
964244
177813
964246
177815
964248
439961
964250
177818
964252
177821
964254
177822
964256
177825
964258
964260
177828
964262
177830
964264
439977
964266
964268
177836
964270
177838
964272
177841
964274
177842
964276
177845
964278
177846
964280
177848
964282
964284
177852
177853
964286
964288
177856
177857
964290
964292
177860
964294
177863
964296
964298
177867
964300
964302
177870
964304
964306
964308
177877
964310
177879
964312
964314
964316
964318
177886
177887
177888
964321
177890
964323
177891
964325
177894
964327
440039
964329
964331
177899
964333
964335
177903
177904
964337
964339
177907
177908
964341
964343
177911
964345
964347
964349
177917
964351
964353
177921
177922
964355
177924
964357
177926
964359
964361
964363
177931
964365
177933
964367
964369
177937
177938
964371
964373
177941
964375
964377
177946
964379
964381
964383
964385
964387
964389
964391
177960
964393
964395
177964
964397
177965
964399
177967
964401
177970
964403
964405
177973
177974
964407
964409
177977
964411
177980
964413
964415
177984
964417
177986
964419
964421
964423
177992
964425
177993
964427
964429
440142
964431
177999
964433
178002
964435
964437
178005
178006
964439
178008
440152
964441
964443
178011
178012
964446
178015
964448
178017
964450
178019
964453
178022
964456
178024
964459
964462
178030
964465
178033
964468
178036
178037
440181
178038
964471
178040
964474
178043
964477
178046
964480
178049
964483
178051
178052
964486
178055
964489
178058
702346
964492
964495
178063
178064
964498
964501
178070
964504
178074
964507
178075
964510
178078
178080
964513
178082
964516
178085
178086
964519
964522
178092
964525
178094
964528
178097
964531
964534
440247
964537
178105
964540
178108
964543
178111
964546
178114
964549
178119
964552
178121
964555
178124
964558
178126
178128
964561
964564
178133
964567
178136
178137
964570
440283
964573
178141
964576
178145
964579
178148
964582
178150
964585
178154
178155
964588
178158
964591
964594
178164
964597
964600
178168
178169
964603
178171
964606
178174
964609
178177
178178
964612
964615
178183
964618
964621
178190
964624
178194
964627
178195
178197
964630
178200
964633
178203
964636
178204
178205
964639
178207
178208
964642
178212
964645
178213
964648
178218
964651
178219
964654
178222
178223
964657
178225
964660
178230
964663
964666
178234
178236
702524
964669
178238
964672
178240
964675
964678
178247
964681
178250
178252
964685
702541
964687
178255
964690
178258
964693
178261
178263
964696
964699
178269
964702
178270
964705
178274
964708
964711
178280
964714
964717
178286
964720
964723
178291
964726
440438
178295
178296
964729
178298
964732
964735
178305
964738
964741
964744
178312
964747
178315
178316
964750
178319
964753
178321
964756
178324
178325
964759
178328
178329
964762
964765
964768
178336
178338
964771
178341
964774
964777
178345
964780
178348
964783
178352
964786
964789
178358
178359
964792
178361
964795
702651
178365
964798
178366
178368
964801
178369
964804
178372
964807
964810
178378
440524
964813
178383
964816
964819
178388
964822
964825
178393
178395
964828
964831
178399
964834
178402
964837
178405
440549
964840
178409
964843
178412
178413
964846
178416
964849
964852
178420
178422
964855
178425
964858
964861
964864
964867
178438
964871
178440
964874
178443
964877
964880
178450
964883
702740
178453
964886
178454
964889
964892
178460
440604
178461
964895
178463
964898
178468
964901
178471
964904
178472
178473
964907
178477
964910
178478
964913
178481
178482
964916
178484
440629
964919
964922
178491
964925
178493
440638
178495
964928
178498
964931
178501
964934
178504
964937
964940
178509
178510
964943
178512
178513
964946
964949
178519
964952
178522
964955
178524
178525
702813
964958
178528
964961
178531
964964
178534
964967
178535
964970
178539
178540
964973
178542
178543
964976
178546
964979
178549
964982
178552
964985
178554
964988
178558
964991
964994
178563
964997
178566
965000
178570
965003
965006
178576
965009
965012
178580
178581
965015
178584
965018
178586
178587
965021
178590
178591
440735
965024
178593
965027
178597
965030
178598
178600
965033
965036
178605
178606
965039
178608
965042
178611
178612
965045
178615
965048
178616
178618
965051
178620
965054
178622
178623
965057
178626
965060
178628
178629
965063
965066
178636
965069
178639
965072
178641
178642
965075
178644
965078
178646
965081
965084
178652
178654
965087
178656
965090
440802
178660
965093
178661
965096
178664
965099
178668
178669
965102
178671
965105
178675
965108
178676
178678
965112
178681
178682
965115
178684
178685
965118
178687
965121
178690
965124
178692
178693
965127
178696
965130
178699
965133
178702
965136
178704
178706
965139
178708
178709
965142
178711
965145
178714
965148
178716
178718
965151
178720
178721
965154
965157
178725
178726
965160
178729
178730
965163
178732
965166
178734
178735
965169
178738
965172
178741
965175
178744
965178
178748
965181
965184
178753
965187
178756
178757
965190
178759
965193
178762
965196
178765
965199
178769
965202
178770
178772
965205
178773
965208
965211
178779
965214
178782
965217
178785
178787
965220
965223
178792
965226
178795
965229
178797
965232
178801
178802
703090
965235
178805
965238
440950
178808
965241
178809
178811
965244
965247
178815
965250
178818
965253
178821
965256
178825
178826
965259
178829
965262
178831
178832
965265
178835
965268
178837
965271
965274
178842
965277
178845
178847
965280
965283
178851
965286
178856
965289
965292
178860
703148
178862
965295
178865
178867
965300
703156
178870
965303
178871
178873
965306
178876
965309
178879
965312
178882
965315
178883
178885
703173
965318
178888
965321
178891
965324
178894
965327
965330
178898
178899
965333
178901
178903
965336
178905
178906
965339
178909
965342
965345
178915
965348
178918
965351
178921
965354
965357
178926
178927
965360
178929
965363
178932
965366
178934
178936
965369
178938
965372
178941
965375
178944
178945
965378
178948
703236
965381
965384
965387
178955
441101
965390
178958
965393
178961
965396
178965
965399
178968
703257
965402
178971
965405
178974
178975
965408
178977
965411
965414
178982
965417
178985
178987
441131
965420
178990
965423
965426
178994
965429
178997
965432
179002
965435
965438
179006
965441
179009
965444
179013
179014
965447
179017
965450
965453
179022
965456
179024
965459
179029
965462
179031
965465
965468
179038
965471
179039
441184
179041
965474
179042
965477
179047
965480
179050
965483
179052
965486
179054
179056
965489
965492
179061
179062
965495
179064
179065
965498
179068
965501
179070
179071
965504
179074
965507
179075
965510
179079
965513
179082
965516
179085
965519
179087
965522
179091
965525
179093
179094
965528
179098
965531
179099
179101
965534
179104
965537
179107
965542
179111
179112
965545
965548
179116
965551
179119
179121
965554
179123
965557
179126
965560
179129
965563
179132
965566
179134
965569
179137
179138
965572
179140
965575
179144
179145
965578
965581
179151
965584
179153
965587
179156
965590
179159
965593
179162
965596
179164
965599
179167
965602
179171
965605
179173
965608
179177
965611
179180
179181
965614
179183
965617
179186
965620
179189
965623
179193
965626
965629
179198
965632
179201
179202
965635
179205
965638
179208
965641
179211
965644
179213
965647
179215
179217
965650
179219
965653
179222
965656
179224
965659
179227
965662
179230
179232
965665
965668
179236
965671
179239
965674
179242
179243
965677
179245
179246
965680
441392
179249
179250
965683
179253
965686
179256
965689
965692
179261
965695
179263
179265
965698
179267
965701
179270
965704
179273
179274
965707
179276
965710
179279
179280
965713
179283
965716
179285
179286
965719
965722
179290
965725
179293
441437
179296
965730
179298
179300
965733
179303
965736
965739
965742
179310
965745
179313
965748
179316
965751
179321
965754
179323
965757
965760
965763
179333
965766
179335
965769
179339
965772
179340
965775
179343
179345
965778
179347
965781
179349
179351
965784
965787
179355
179357
965790
965793
179361
703649
179363
965796
965799
179367
179368
965802
179370
965805
179373
179375
965808
965811
179379
179380
965814
179382
965817
179386
179387
965820
179389
965823
179392
965826
179396
965829
179397
965832
179400
965835
965838
965841
179410
179411
703699
965844
965847
179415
965850
179418
179419
965853
965856
179424
179425
965859
179427
179429
965862
965865
179434
965868
179436
179437
965871
179440
179441
965874
703731
179444
965877
965880
179448
179449
965883
179451
441595
179453
965886
965889
965892
179460
179462
441606
965895
179463
965898
179466
179467
965901
179469
965904
179473
965907
179476
965910
179478
179479
965913
179482
965916
179484
179486
965919
965922
179490
965925
179493
965928
179497
965931
179501
965934
179504
965937
179507
965940
179509
965943
179511
179513
965946
179515
965949
179517
179518
965952
179521
965955
179523
179524
965958
179527
965961
179530
179531
965964
965967
965970
179538
965973
179543
703831
965976
179545
179546
965979
179548
179549
965982
179550
179552
965985
179553
965988
179556
965991
179559
965994
179562
965997
179565
966000
179568
179570
966003
441715
179572
966006
179575
966009
179578
966012
179582
966015
179585
966018
966021
179590
966024
179593
179594
966027
179597
966030
179599
966033
179601
179602
966036
179604
441748
179605
966039
179608
966042
703900
966045
179613
179614
966048
179616
966051
179619
966054
179622
179623
966057
966060
179629
966063
179632
179633
966066
179635
179636
966069
179639
966072
966075
179643
179645
966078
966081
179651
966084
966087
179655
966090
179659
966093
179663
966096
966099
179667
179668
966102
179670
966105
179674
966108
179676
966111
179680
966114
179683
966117
179686
966120
966123
179692
966126
966129
179697
966132
179700
179702
966135
966138
179708
966141
179710
966144
179714
966147
966150
179719
966153
179722
966156
179725
179726
966160
179728
179729
966163
179731
179732
966166
179735
966169
966172
179741
966175
179743
179745
966178
179748
966181
179750
966184
966187
179755
179757
966190
179760
966193
966196
179764
966199
179768
179769
966202
966205
966208
179776
966211
179780
966214
179783
966217
179785
179786
966220
179789
966223
179792
966226
966229
179799
966232
179802
966235
179803
966238
179806
966241
179810
966244
179813
179814
966247
179816
704105
966250
966253
179821
179823
966256
179825
966259
179828
179829
966262
179832
966265
179834
966268
179836
179837
966271
179839
179840
704128
966274
179843
966277
179845
966280
179850
966283
179852
966286
179855
966289
179858
966292
966295
966298
179868
966301
179869
966304
442016
179874
966307
179876
966310
179879
966313
179882
966316
179885
966319
704175
179888
966322
179891
966325
179894
179895
966328
966331
704188
179901
966334
179904
966337
179907
966340
966343
179911
966346
179914
966349
966352
179920
179921
966355
179925
966358
966361
179929
966364
966367
966370
179938
179940
966373
179941
966376
966379
179947
966382
179950
179952
966385
179954
966388
179958
966391
966394
179962
179965
966399
966401
179971
966404
179972
966407
179975
179976
966410
179979
179980
966413
179982
966416
179986
966419
442132
966422
179990
966425
179993
704283
966428
179996
966431
180000
966434
180003
966437
966440
180008
966443
442155
180012
180013
966446
180016
704304
966449
966452
180021
966455
180025
966458
966461
180029
180030
966464
180032
180034
966467
180035
966470
180038
966473
180043
966476
180044
966479
180047
966482
180050
966485
180053
966488
180056
180058
966491
180061
966494
180062
966497
180066
180067
966500
180069
966503
180071
966506
180075
966509
180077
966512
180080
966515
180083
180084
966518
180087
966521
180090
180091
966524
180093
966527
180095
180096
966530
966533
180102
966536
180104
966539
180107
966542
966545
180114
966548
966551
180119
180121
966554
180122
966557
180125
966560
180129
966563
180132
966566
180135
966569
180138
966572
180140
966575
180144
180145
966578
966581
180152
180155
180156
180157
966590
180159
966592
966594
180162
180163
966596
966598
180167
966600
966602
180170
966604
442316
966606
180174
966608
180177
966610
966612
966614
180182
966616
966618
180186
180187
966620
966622
180190
966624
966626
180195
966628
180196
966630
180199
966632
180201
966634
180202
966636
966638
966640
180208
966642
180210
966644
180212
966646
180214
966648
966650
966652
966654
180223
966656
966658
180226
966660
966662
180230
966664
180232
966666
442378
966668
966670
180238
966672
180240
966674
180242
966676
966678
966680
966682
966684
180253
966686
966688
966690
180258
966692
180261
966694
966696
180264
180265
966698
966700
180268
966702
180271
966704
180273
966706
966708
966710
180278
966712
966714
180282
966716
180285
966718
966720
180288
180289
966722
966724
180292
180293
966726
180294
442439
966728
180296
966730
180299
966732
180300
966734
966736
180305
966738
966740
180308
180309
966742
966744
180312
966746
966748
966750
180318
966752
180320
966754
966756
966758
180326
966760
180329
966762
966764
180332
966766
180334
966768
966770
180338
966772
180341
966774
180343
966776
180344
966778
180347
966780
180348
180349
966782
966784
180352
966786
966788
966790
442502
966792
966794
966796
180365
704653
966798
180366
966800
966802
180370
966804
180372
966806
180375
966808
180376
966810
966812
966814
180383
966816
442528
180385
966818
180387
966820
966822
966824
966826
966828
966830
966832
966834
180402
180403
966836
966838
180406
966840
180409
966842
180410
966844
966846
180414
180415
966848
966850
180418
966852
180420
180421
966854
966856
180424
966858
966860
180428
180429
180433
180434
180435
704723
180437
180438
180440
180443
180444
180447
180448
180451
180452
180454
180455
180458
180461
180463
180466
180467
180469
180470
180475
180476
442622
180479
180480
180482
180484
180485
180488
180491
180493
180495
180496
180499
180503
180504
180506
180510
180512
180514
180518
180522
180528
180530
180533
180535
180537
180541
180543
442687
180546
180551
180552
180554
180557
180560
180562
180563
704852
966998
180567
967000
180568
967002
180570
967004
180573
967006
967008
180577
967010
967012
180580
967014
967016
180584
967018
180587
967020
967022
180590
967024
180592
967026
180594
180595
967028
967030
180599
967032
180600
967034
180602
967036
180605
967038
967040
967042
180611
967044
967046
180614
180615
967048
967050
180618
967052
967054
967056
180624
180625
967058
180627
967060
967062
967064
180632
180633
967066
967068
967070
180639
967072
180640
967074
180642
967076
180645
967078
180646
967080
180649
967082
180651
967084
180653
967086
180655
967088
967090
967092
967094
967096
180664
967098
180667
967100
967102
180670
967104
180672
180673
967106
967108
180677
967110
180678
967112
180680
180681
967114
180683
967116
180684
967118
180687
967120
180688
967122
967124
180692
967126
180695
967128
180697
967130
180699
967132
967134
180702
967136
180705
967138
967140
180708
967142
180711
967144
967146
180715
967148
967150
967153
180721
180722
967155
967157
180726
967159
180728
967161
967163
967165
180733
967167
180735
967169
180737
967171
180739
180740
967173
967175
180743
967177
180746
967179
180747
967181
180750
967183
967185
180753
180754
967187
967189
180757
180758
967191
180760
967193
967195
180764
967197
967199
180768
967201
180769
967203
180771
967205
180773
967207
180776
967209
180777
180778
967211
180780
967213
180781
967215
180784
967217
967219
180787
967221
967223
180791
967225
967227
180795
705083
180796
967229
180798
967231
180799
967233
967235
180804
967237
180805
967239
180807
967241
967243
967245
967247
180815
967249
180817
705105
442962
967251
967253
967255
180824
967257
180826
967259
180827
967261
967263
180831
180832
967265
967267
967269
180837
967271
180840
967274
180843
967276
180845
967278
180847
967280
180848
967282
180851
967284
180852
967286
180855
967288
967290
180859
705147
967292
967294
180863
967296
967298
180866
705155
967300
967302
180870
967304
180872
967306
967308
180877
967310
180879
967312
180880
967314
180882
967316
180885
967318
967320
180888
180889
967322
967324
180892
180893
967326
180895
967328
967330
180898
967332
967334
180902
967336
967338
180906
967340
180908
180909
967342
967344
180912
967346
180915
967348
180916
967350
180919
967352
967354
180922
967356
180925
967358
967360
180929
967362
180931
967364
180932
967366
180935
967368
967370
967372
967374
180943
967376
967378
967380
967382
180950
180951
967384
705241
967386
967388
180957
967390
180958
967392
180961
967394
967396
180964
967398
180967
967400
967402
180970
967404
967406
180974
967408
180977
967410
967412
180980
967414
967416
180984
180985
967418
967420
967422
967424
180992
967426
967428
180996
705284
967430
180998
967433
181002
967435
967437
181005
967439
181008
967441
181010
967443
967445
181013
967447
967449
181017
967451
181020
967453
967455
967457
181025
967459
181028
967461
181029
967463
181031
967465
181034
967467
181035
967469
181037
181038
967471
967473
181041
967475
967477
967479
181048
967481
967483
181052
967485
967487
967489
181057
967491
181060
967493
443205
967495
967497
181065
967499
967501
181069
967503
181071
967505
181073
967507
181075
967509
967511
181080
967513
181081
967515
967517
181085
967519
181087
967521
967523
181092
967525
181093
967527
181095
181096
967529
967531
181099
181100
967533
967535
181103
181104
967537
967539
181108
967541
967543
181112
967545
181114
967547
181116
967549
967551
181119
967553
443266
967555
181124
967558
181126
967560
967562
967564
181132
967566
181134
967568
181137
967570
967572
181141
967574
181142
967576
967578
181147
967580
181148
967582
967584
181152
181153
967586
181155
967588
181156
967590
181159
967592
967594
967596
181164
181165
967598
181167
967600
443313
967602
181170
181171
967604
181173
967606
967608
181177
967610
181179
967612
181180
967614
181183
967616
967618
967620
181189
967622
181191
967624
967626
181195
967628
967630
181198
967632
967634
181202
967636
181204
181205
967638
967640
181208
967642
967644
181213
967646
181215
967648
967650
967652
181221
967654
181222
967656
181224
443368
181225
967658
967660
967662
181230
181231
967664
181233
967666
967668
181237
967670
181238
967672
181240
967674
181242
181243
967676
181244
967678
181246
181247
967680
967682
181251
967684
967686
181254
967688
967690
181259
967692
181260
967694
967696
967698
443410
967700
967702
181271
967704
181272
967706
181275
967708
181276
967710
181278
443422
181279
967712
967714
181282
967716
967718
181286
181287
967720
967722
181290
967724
181292
967726
181294
181295
967728
967730
967732
181300
967734
181302
967736
967738
443450
181307
967740
967742
181310
181311
967744
967746
443458
181315
967748
181317
967750
181318
967752
181320
967754
181323
967756
181325
967758
967760
181328
705616
967762
181330
967764
181332
967766
967768
181336
967770
181339
967772
967774
967776
181344
967778
181346
967780
967782
181351
967784
181352
443496
967786
181354
967788
967790
967792
181360
181361
705649
967794
967796
181364
967798
181366
967800
181368
181369
967802
967804
967806
181375
967808
181377
967810
181379
967812
967814
181382
181383
967816
967818
181386
967820
181388
181389
967822
967824
181392
967826
181395
967828
181396
967830
967832
181400
967834
181403
967836
967838
181406
967840
181408
967843
181411
181412
967845
967847
967849
181417
967851
967853
181421
181422
967855
181424
967857
967859
967861
967863
181431
967865
181434
967867
181436
705724
967869
967871
967873
967875
181443
967877
181446
967879
967881
181450
967883
181452
967885
181453
967887
181455
967889
181458
967891
181459
181460
967893
443605
181462
967895
181463
967897
181465
967899
181468
967901
181469
967903
967905
181473
967907
181476
967909
181477
967911
967913
967915
181483
181484
967917
181486
967919
181487
967921
181489
967923
181492
967925
967927
181495
967929
967931
181499
967933
967935
181504
967937
181505
967939
181508
705796
967941
181509
967943
181511
967945
181513
967947
181515
967949
181517
967951
967953
967955
181524
967957
967959
181528
967961
181529
967963
181532
967965
181533
967967
181535
967969
967971
181539
967973
181542
967975
967977
967979
181548
967981
181550
967983
181551
967985
443697
967987
967989
181557
967991
967993
967995
967997
181565
967999
181567
181569
968003
968005
181573
181574
968007
968009
181577
968011
181580
968013
968015
181583
968017
181586
968019
968021
181589
968023
181591
181592
968025
968027
968029
181598
443742
968031
181599
968033
181601
181602
968035
968037
443750
968039
181607
968041
181610
968043
968045
181614
968047
181615
968049
181617
968051
181619
968053
968055
181623
181624
968057
968059
181627
181628
968061
968063
181632
443776
968065
968067
181635
968069
181637
968071
181639
968073
181642
968075
968077
181646
968079
443792
968081
968083
181652
968085
968087
181655
181656
968089
968091
181660
968093
181661
968095
181663
968097
181666
968099
181667
968101
968103
181671
968105
181673
181674
968107
443820
968109
181677
968111
968113
181681
968115
968117
181685
968119
181688
968121
968123
968125
181693
705982
181696
181697
181700
181701
705990
181704
181706
181708
181714
181718
181720
181723
181725
181727
443872
181730
706018
181731
181734
181739
181742
181746
181749
181751
181755
181758
181761
181764
181767
181773
181776
181777
181780
181783
181786
181791
181792
181797
181799
181802
181803
181805
181806
181808
181812
181813
181819
181825
181827
181830
181833
181836
181841
968274
181842
181845
968280
181848
181850
181853
968286
181854
706143
181856
968292
181860
181862
181863
181865
968298
181869
181871
968304
181873
181875
181876
968311
181879
181880
968316
181885
181888
968322
181891
181892
706182
181895
968328
181897
968335
181903
181905
181909
968342
181913
968348
181916
706206
181919
968354
181923
181926
968360
181929
181931
181932
968366
181935
181936
181939
968373
181942
181945
444089
181946
968379
181949
968384
181953
181956
444100
968390
181959
181960
181962
181963
968396
181965
181966
968402
181970
181973
968406
181974
181977
968411
181980
181982
181984
968417
181987
968421
181992
444140
181997
181999
968432
182002
182003
968436
182006
968439
182007
182009
182010
968445
182013
182014
182018
182019
968452
182022
182024
182026
968459
182027
182029
182030
968465
182033
182035
182038
968471
182042
968477
182046
182049
968483
182056
968490
182059
182063
444207
968496
182067
968501
182074
968507
182078
182079
968514
182084
182086
968520
182090
182091
182093
968527
182096
182099
968533
182102
182104
182105
968539
444251
182108
182112
968545
182113
182116
968551
182119
182123
444267
968557
182127
968563
182131
182133
182136
968569
968573
182143
968578
182146
444290
968583
182153
444298
968587
182156
968591
182159
706447
182162
968595
182165
968598
182166
182171
968604
182173
444319
182176
182177
968610
182178
182181
968617
182185
182187
182188
182190
968624
182193
182196
968630
182199
182202
182203
968636
182204
182206
968642
182210
182213
182215
968648
706504
182217
182220
182221
968654
182223
968660
182230
182232
444376
968667
182235
182237
182238
182240
182242
968675
182244
968683
182251
182253
182256
182257
968691
182263
968698
706554
182270
968704
182273
182274
968710
182279
968714
182282
182285
968718
182288
182289
182291
968724
182295
182297
968731
182300
182304
444448
968737
182307
182308
182310
182313
182314
182317
968750
182319
968754
182323
182325
968759
182329
182330
182332
968765
968769
182337
182338
182340
968774
182342
182346
182347
968780
182349
182350
968784
968787
182355
182360
968793
182361
182364
182366
444510
968800
706656
182369
182371
968805
182374
182375
444520
182378
968811
182381
182382
968817
182388
182390
968823
182394
968829
182398
182402
968836
182410
968843
182411
182414
968849
182417
182419
182421
968855
182428
968861
182431
968867
182438
968873
182441
968879
182447
182448
182449
182452
968885
182453
182455
968891
182459
182461
182462
182464
968897
182467
182468
968903
182471
182474
182475
968909
182477
444623
968915
182483
182486
182487
968921
968925
182494
968929
182497
182502
968935
706791
182506
182508
968941
182510
182513
968947
182516
182520
968953
182523
182524
182526
968959
968963
182533
968968
182537
182541
968974
182542
182544
968978
182549
182550
968983
182552
444697
182555
968989
182558
182559
968993
182562
968997
182565
706853
182569
182570
969003
182574
969009
182577
182580
706869
969015
182583
182586
182588
969022
182590
182593
182594
969028
182597
182598
182600
969034
182602
182605
182608
969042
182613
969048
182619
444765
182622
969055
182624
182625
969062
182631
706919
182635
969069
182637
182639
182641
969075
182648
969081
182649
182653
969087
182655
182659
969093
182663
182665
969099
182668
182669
969103
182672
182674
969107
182676
182679
969113
182681
182683
182685
969119
182687
182691
969125
182693
969129
182697
182701
969134
182702
706992
182707
969140
182711
969144
182712
969149
182717
182720
969155
182726
969159
182727
182730
969164
182733
182734
182737
969170
182740
969174
182743
969178
182746
182747
182751
969184
182753
182754
182756
969190
182762
707050
182763
969196
182765
182766
182769
969203
182772
182773
182776
182778
182779
969215
182783
182784
707073
182787
182794
182795
969229
182797
182800
182803
969236
182804
182807
182809
969243
182811
182812
969250
182819
182822
969256
182826
969262
182831
182832
969268
182836
182839
969274
182842
182844
182846
182847
969280
182850
969284
182853
182855
969288
182856
182859
969294
182863
182867
969300
182869
182870
182873
969306
182877
969312
182882
969318
182886
182889
969322
182890
182893
969327
182896
182900
969333
182902
969337
182905
182908
969342
182912
182913
969348
182919
969352
182922
969356
182926
182928
969362
182930
182933
969366
182934
969370
182939
182943
969376
969380
182948
969383
182952
182956
182957
969390
182959
969395
182963
182965
182968
969401
182969
182972
182974
969408
182976
182978
182981
969416
182984
182985
182989
969424
182992
182995
182999
969433
183004
183005
183007
183008
969441
183011
183013
183017
969451
183019
183022
183024
969458
183026
183030
183032
969466
183035
183037
707326
969473
183043
183044
969479
183047
183052
969485
183054
183057
969491
183060
183064
969497
445209
183067
183068
183070
969503
183072
183073
183076
707364
969509
183077
183079
969515
183083
183085
445232
969521
969525
183095
183096
969529
707386
183099
183100
969535
183103
445249
183107
969541
183113
183114
969547
183116
183117
969551
183122
969556
969562
183132
969566
183134
969570
183138
183139
183141
969576
183144
183147
969580
183150
969583
445295
183156
969589
183157
445302
183159
183161
969595
183163
183164
183166
969601
183172
707461
969607
183175
183176
445321
183178
969613
183185
969619
183189
969626
183194
183196
183198
969631
183199
183202
183204
969637
183207
183208
969643
183212
183214
969649
183218
183220
183221
969655
183225
707514
183227
183228
183230
183232
969668
183237
183239
183241
183243
183245
183249
969682
183250
183254
183255
183257
969690
183260
183261
445407
969697
183267
183270
969703
183276
969709
183281
969715
183286
969721
183289
183291
969727
183299
969733
183303
969739
183307
183309
969745
969750
183318
183319
183320
183322
969755
183328
969761
183329
445475
183332
183334
969767
183340
183341
969774
183344
969778
183346
969780
183349
183352
969787
183356
183359
183360
969793
183363
183365
969800
183368
445514
183372
969806
183375
183378
183379
969813
183382
183386
969819
183391
183393
969826
183395
183398
183399
969832
707690
183404
969839
183408
707698
183412
969846
183415
183417
707706
183421
969856
707714
183434
969867
183435
183438
183440
969875
183444
183445
183448
183449
183451
969884
183452
183455
183460
969894
183465
183467
183470
969904
183474
969911
183479
183480
183482
969918
183486
969924
183492
183495
969930
183498
183499
183503
969936
183504
183506
183509
183510
969943
183512
183513
183516
969950
183518
183520
183522
969956
183524
183527
183530
969963
183534
969968
707826
183540
183541
969974
183544
707834
183547
969980
183548
183549
183551
969986
183554
183555
183559
969992
183561
183565
183566
969999
183569
970004
183572
183576
183577
183580
183582
183584
970017
183585
183588
970024
183592
183594
183595
183597
970030
707887
183602
183604
183607
183609
183610
970043
707902
183616
970050
183619
183623
970056
183626
183629
183631
183632
183636
970069
183638
183640
183642
183644
970077
183646
183648
183653
183654
183656
970092
183660
183664
970099
183669
183672
183673
970107
183677
183679
183680
183683
183686
970120
183689
183690
183692
183693
970126
183698
183699
970132
970138
183709
183711
970144
183715
183717
183718
970151
183721
183722
183725
970158
183728
183731
970164
183734
183735
183738
183742
970176
183746
970182
183750
970186
183757
970192
183761
183763
970198
183766
183767
183768
970204
183773
183776
970210
183779
183782
183783
970216
183789
970223
183791
183795
970229
183799
970235
183805
970243
183811
183813
970250
183818
183822
183823
183825
183826
445970
970260
183828
183829
708118
183834
970268
183837
445981
183845
970279
183848
445992
183852
183855
970289
183858
446003
183860
183863
970298
183866
183869
446014
183873
970306
183877
183880
446025
183883
970316
183886
970325
183897
970330
183898
446043
183901
183902
970335
183905
183906
708197
446054
970343
183912
183915
970348
183916
183918
970352
183921
446065
970358
183928
970362
446076
970366
183936
183937
970372
183940
183941
183943
446087
970376
183944
183947
970381
183950
183953
446098
970387
183956
183960
183964
970397
446109
183970
970405
183975
446120
183978
970413
183982
183983
183985
708273
446131
970420
183988
183989
183993
183995
970430
183999
184000
184004
970437
184007
184008
446153
184010
184011
970445
184014
184015
184018
970451
446164
184021
970458
184028
184029
446175
970464
184033
184035
184037
970472
184040
184043
184044
184046
970480
184048
970485
184054
184056
970490
184059
184060
184063
970496
184065
184069
970502
184071
184074
970508
184076
184079
970514
184082
184086
970520
184088
184092
184094
970527
184096
184098
708387
970533
184101
184102
184104
970539
184107
184110
970547
184118
970553
184122
184125
184126
184128
184132
184134
970567
184136
184139
184140
184142
970576
184145
184148
184150
184155
970591
184160
184162
970597
184165
184168
184170
970605
184174
184176
708465
970612
184181
970616
184184
708473
184187
970620
184188
184193
970626
184197
970630
184200
970633
970638
184206
184208
970642
970645
184213
184217
970650
184221
970654
184222
184224
184225
970658
184228
970662
184231
184233
184235
970670
184239
184241
184242
970677
184245
184246
184248
184249
184252
184253
184256
970691
184260
184265
184266
708555
184268
970705
184274
184277
184280
970713
184285
970719
184288
184290
970726
184295
184297
184299
970732
184301
184304
184305
970739
184308
184310
184312
184313
970746
184316
184317
970750
184320
970754
184324
184325
184328
970761
184332
184333
184335
184337
970770
184342
970775
184344
184346
970779
708638
184352
970786
184354
184356
184359
970792
184362
184365
708653
970800
184368
184371
184372
184376
970809
184377
184380
970814
184382
184383
184385
970818
184388
184390
970824
184394
184396
970830
184398
184399
970836
184404
184406
184407
184410
970843
184412
184415
970848
184418
184421
970855
184425
184428
184430
970863
184432
184434
184436
970870
184438
184441
970876
184444
184450
970884
184452
184455
184458
970894
184463
184466
184468
970903
184472
184474
184477
970911
184480
184484
184485
970920
184489
184491
970926
184494
184496
970929
184499
184501
970935
184505
970940
184509
970943
184512
184513
970948
184516
184517
184519
970952
184522
970956
184525
184526
184529
970962
970966
184535
970970
184538
184543
184545
970978
184546
446690
184549
184550
184552
184553
970986
184555
184556
970990
184559
970993
184564
184567
708855
971000
971006
184574
184575
708863
971010
184579
971013
184585
971018
971022
184590
184591
971025
184594
971030
184598
184601
971034
184602
971037
184605
184607
971042
184610
971046
184616
708905
971050
184622
971056
184625
184626
971060
184630
184632
971065
184634
184635
184637
184638
971071
184640
184644
184645
184647
971081
184650
184651
184653
184657
971090
184659
184664
971099
971106
184674
184677
971112
184680
184681
708969
184684
184685
971119
184687
184688
184689
184691
184694
708982
971127
184696
184697
184699
971134
184704
184708
971141
184710
184713
184714
971148
184717
184720
971154
184723
184725
971158
184726
971162
709018
184732
184733
971166
971170
184740
184743
971176
184749
971183
184751
184754
971187
184756
971190
184760
184763
971196
184766
184768
971202
184774
184780
184782
184787
184790
184793
184795
971228
184798
184799
971232
184801
184802
184804
971237
184805
184808
184809
971243
184813
971247
184815
971253
184821
184824
971258
184826
971262
184830
184834
971267
971271
184839
184840
971276
184846
971280
971285
709141
184854
184855
971289
184860
971293
184864
184867
971300
184869
184874
709162
971308
184876
184878
184879
184881
709170
971315
184883
184887
971321
709178
184891
184895
971328
184897
971333
184901
184902
971336
971341
971345
184913
971348
184916
184918
184920
971353
184923
971357
184925
184927
971360
184929
184932
971365
971369
184938
184939
971372
184943
184945
971378
709235
184950
184951
971385
184954
709243
971389
184957
184959
971392
184960
184964
184965
184967
184970
971403
184971
184974
709262
971407
184977
971410
184979
971413
184982
971418
184988
971422
184990
184992
971425
184994
971428
184997
971432
709288
971436
185005
971439
185007
185008
971444
185012
185015
971448
185016
185018
971451
185021
971456
185026
971460
185030
971464
185033
971468
185037
185038
185040
971476
185045
709334
447192
185049
185050
971483
185052
185053
185055
185056
709345
971490
185059
447203
185061
971496
185064
185068
971502
185070
447214
185073
971506
185077
971512
185080
185081
447225
185084
971519
185089
185090
971523
447236
185095
971528
185097
185100
971534
185103
447247
971538
185106
185109
971543
185112
185113
185114
447258
971549
185117
185120
971553
185121
971557
185126
971562
185131
185133
971567
185137
185138
971573
185143
971579
185147
185151
185152
971585
185153
185155
971589
185158
971594
185163
185166
971600
185168
971604
185174
971609
185178
971615
971619
185192
971625
185193
185196
185199
971632
971636
185206
185207
971641
185209
185211
185214
971648
185216
185218
971652
185221
971657
185225
185228
185229
709518
971664
185232
185234
971668
185236
185238
709526
185241
971674
185244
185247
971680
185248
185250
971684
185255
971688
447401
185258
185261
185263
971696
185265
185268
971703
185273
185275
971709
185278
185281
709569
971716
185285
185288
971721
971724
185292
185295
971729
185298
971733
185301
971736
185304
185307
971741
185309
185311
971745
185314
971748
185316
185319
971753
185324
971757
971760
709619
185332
971765
185335
971769
185339
971772
185342
971775
185345
971779
185348
971783
971786
185355
971789
185360
185362
971795
185365
185366
185369
971803
185373
971807
185375
971810
185380
971813
185381
185383
971817
185389
185391
971824
185393
185395
971828
971831
185403
185404
971837
185410
185411
971844
185413
971848
185417
185418
971851
185420
185424
185425
971858
185428
185430
971864
185433
185435
971868
185438
709727
971872
185441
971876
185445
185446
971884
185452
185456
971892
185466
185469
971902
185476
971912
185480
709772
971920
185488
185490
709782
971929
185497
185500
185501
971936
185507
971943
185512
185516
971950
185518
185520
185523
971957
185526
971964
185533
185535
971968
709825
185539
971972
185542
185544
971978
185547
971982
447694
709838
185551
185552
971987
185555
185560
971993
185562
971997
185565
185567
185569
972002
185570
185575
972008
972012
185581
972016
185585
972021
185591
185593
972026
185597
185598
972032
185600
185603
972038
185606
185607
185610
972044
185614
972048
709907
972053
185621
185623
185624
972059
185627
185628
972063
185631
972068
185637
185641
972074
185642
185645
709933
972078
972081
185650
185652
709941
185654
972087
185657
185659
972093
185663
185664
972099
185668
185669
185672
972105
185675
972111
185679
185684
709973
185690
972123
185692
185694
185695
972130
185700
185704
972138
185706
185708
185711
447855
185713
185714
185717
972151
185720
447866
185723
972158
185726
185729
972163
185731
972166
185736
185738
972171
185739
185741
972175
972178
185747
185749
972183
185751
185754
972187
972190
185758
185760
185762
972195
185764
972199
185767
972202
185771
185774
972207
185776
447921
185778
972211
185779
972214
185782
185785
972219
185787
185789
710078
972223
185791
972226
185794
185797
972232
185801
185803
185804
972239
185807
972243
185811
185812
972246
972251
185819
185822
972257
185825
185826
710114
185827
972261
185831
972264
185833
185835
972269
185838
185841
185842
972275
185845
185846
972279
185848
185849
972282
185855
972288
185857
185860
972293
185863
185864
972297
185867
185868
972305
710162
185877
185882
185883
185885
972320
185888
185890
185894
972328
185898
185901
185904
972337
185909
185911
972344
185913
185918
185919
972357
185925
972363
185931
185932
185934
185935
972369
185938
185941
972375
185944
185945
185947
972381
185952
185954
972387
185957
185959
972393
185963
710252
972397
185965
972401
185969
185971
185972
972407
185975
185978
972411
185979
185981
185982
972415
185985
972421
185989
185992
972425
185993
972429
185997
186000
186001
972434
186005
972439
186008
186009
972445
186015
186018
972451
186019
186022
972457
186025
186026
186028
972461
186032
972466
186034
186035
186038
186039
972472
186042
972476
186045
972481
186049
186051
186054
972487
186055
186060
972493
186063
186066
186067
186068
972501
186072
972507
186077
972512
186082
972516
186087
972522
186093
972526
186095
972529
186098
186101
972534
186104
972538
186106
972541
186109
186112
448257
972546
186116
972550
186118
186119
972553
186122
186124
710412
972558
186126
972562
186130
972565
186136
972570
186141
972574
186143
186144
972577
186148
972582
186151
186153
972586
186154
972589
186157
186159
186161
972594
972598
186166
186167
972602
186170
186171
710460
972607
186177
186180
972614
186184
186185
186187
972621
186190
186193
972628
186198
186202
972635
186206
186208
186209
186211
972644
186213
186214
186219
972654
186226
186229
972662
186230
186233
186234
186236
972669
186237
186238
972676
186244
186247
186249
972682
186251
972689
186257
186261
972694
186265
972698
972703
186271
972707
186277
186279
972713
186282
186284
972719
186289
186292
972725
972729
186297
186299
186301
972734
186303
186306
972740
710598
186311
972744
186315
186316
972749
186322
972755
186323
186326
972761
186331
186332
186335
972769
186338
186340
972775
186344
972780
186349
972784
186352
972790
710647
186360
972794
186362
186363
972797
186366
186367
710655
186369
972802
186370
972806
186375
186376
972809
186381
972814
186383
186384
448528
710672
972818
186387
972821
186391
972826
710682
186396
972830
972833
186403
710692
972838
448550
186409
972842
186410
186412
972845
710702
186415
972850
186418
186421
972854
186422
972857
186425
186427
186429
972862
972866
186434
186435
186438
186440
186441
972875
186445
186446
186448
186449
972882
186452
186455
972889
186459
186462
972896
186464
186466
186469
972902
186473
186475
972909
186477
186481
186483
972917
186486
186487
186489
186490
186493
186494
186496
972929
186502
186503
972936
186507
186508
972942
186511
186513
972949
186517
186520
972954
186523
972958
186527
972962
186530
972966
186535
186538
972972
186541
186544
972978
186547
186548
972984
186553
186555
972988
186559
972992
186562
186565
972998
186569
973002
186571
448718
973008
186577
973014
186582
186585
973018
186587
186590
973023
186593
186596
186598
973032
186600
186602
186604
186606
448750
973040
186608
186611
186612
448758
186615
973048
186620
973054
448766
186624
186625
186628
186630
973063
186633
186636
973070
186640
186641
186643
448788
973078
186650
186652
186653
973087
186656
186657
186659
973095
186663
186668
186670
973103
186671
186675
186676
973110
186678
186680
973118
186687
186690
973125
186693
186696
186699
973134
186703
973140
186711
973147
186715
186716
186719
186722
973155
186724
186726
186728
186729
973162
973166
186736
973171
186741
711030
186746
973179
186747
973182
186750
186751
186754
973187
186755
973194
186765
186768
186769
973203
186773
973210
186780
186784
186785
973219
186787
186789
186792
973225
186795
973230
186799
186800
186802
973237
186805
711094
186807
186809
973242
186810
186812
186814
973247
186815
186818
186822
973255
186826
186829
186830
973263
186832
973267
186835
973270
186842
973275
186844
186847
973280
186850
973284
186852
186855
973288
186858
973292
186861
186862
973297
186866
973301
186869
186871
186872
186874
973307
186877
186878
973311
186881
973316
186889
973322
186890
186893
973326
186894
186895
973330
186900
186902
973338
186907
186911
973345
186920
711209
186924
973357
186927
186931
186932
186934
973370
186939
186940
186943
973378
186947
186948
186950
186953
973386
186957
186958
186960
973393
186963
973400
186968
186973
973406
186978
973413
186985
973419
186988
186991
186993
186997
186999
973432
187000
187004
973439
187008
187011
187012
187014
187015
187018
187020
973454
187022
187024
973458
187027
187029
973462
187030
187032
187035
973469
187038
973472
187041
187044
187046
973481
187049
187060
973494
187064
711354
187067
973502
187070
187072
711362
973507
187076
187078
973512
187080
187084
973518
187087
973522
187091
973525
187093
187094
187098
973531
187101
187102
973536
187107
187109
187111
187112
973547
187115
973554
187123
187125
187127
973561
187129
187131
187133
973567
187139
187141
973575
187144
187148
973581
973585
187157
973590
187161
187162
187164
187165
973598
187168
187169
973603
187172
187175
973608
973616
187184
187186
187190
973623
187191
711481
187194
187197
973631
187202
187205
973638
187210
187211
187214
973648
187219
187223
973657
187228
187230
973665
187234
187235
973670
187238
187241
973675
187246
973681
187251
973685
187253
973689
187257
187261
973694
187263
973698
187266
187267
973702
187271
187275
973708
187279
973712
187282
973718
187287
187289
973723
187293
973727
187299
973733
187304
187306
187307
973740
187310
187312
187313
973746
187316
449460
187317
973752
187321
187322
187326
187327
187329
187332
973766
187335
187336
187338
187341
973774
187342
187345
973781
973787
187355
187357
973791
187362
973796
187366
187368
973802
187372
973806
187375
187376
973810
187378
187379
973814
187382
187385
973818
187386
187388
187389
187393
973828
187397
187399
187401
187403
973836
187404
187407
973843
187411
187412
187415
187417
973850
187422
187423
973856
187426
187427
187430
973864
187433
187434
187437
973870
187440
973877
187446
187449
187452
973885
187457
187460
973893
187465
973902
187470
711761
187475
187476
973909
187478
187481
711771
973918
187487
187488
187492
187493
711781
973926
187496
187499
711789
187502
973936
187506
187510
973944
187513
711802
187517
187520
187521
973954
187523
187524
187526
187529
973962
711819
187532
187537
187538
973972
187544
187546
187548
973981
973989
187557
187559
187561
187562
973996
187566
187569
974002
187573
974008
187576
187581
974014
187584
974018
187586
187587
974022
187591
974028
187598
974032
187601
974035
187605
974039
187607
187609
974043
187612
974049
187617
187619
187621
711909
974055
187623
187626
974059
187629
974065
187636
974069
187641
974074
187645
974079
187648
974083
187651
187653
974089
187657
187658
187660
974095
187663
187666
187669
974102
187670
187673
974107
187679
187681
974114
187684
974120
187689
187691
187694
187695
974128
187700
974134
187703
187707
187709
187711
187712
187715
974148
187721
974156
187724
187727
187728
449872
974163
187731
187733
187735
974169
187737
187740
974175
187743
187746
187748
974181
187749
187751
974187
187757
187758
187760
974193
187763
187766
974199
187767
187769
187770
449914
974203
187772
187773
187775
187776
974212
187780
187782
187783
974218
187788
974222
187791
187794
187795
974228
187798
974234
187802
187804
187805
974240
187808
187810
187811
974246
187814
187818
974253
187821
187822
187827
974260
187831
187832
974267
187837
974275
187844
187847
974282
187850
187854
974289
187857
187858
187860
187861
187863
974296
187865
187868
187870
974303
187872
187876
712165
974311
187879
187882
187885
974320
187888
187889
187891
187892
187894
974328
187898
187899
187901
974336
187905
187906
187909
187912
974346
187915
187916
187919
187921
974354
187922
187924
187925
187927
450071
187929
974363
187931
187936
187937
187939
974372
187940
187943
187946
974381
187949
187950
187956
974389
187960
187963
187964
974397
450109
187968
187970
187971
974404
974410
187978
450122
187980
187982
974416
187984
974422
187990
187991
187993
187995
974428
187997
450143
188001
188003
974436
712293
188006
188007
188010
188011
974444
188013
188015
974450
188019
188021
712309
974455
188024
974460
188029
188031
974464
188034
188036
974470
188040
712328
974474
188042
188043
974478
188046
188047
450191
974482
188050
188051
974486
188054
188055
450199
188058
974492
188061
188062
188064
188065
974498
188070
188071
974504
188074
188075
188077
974510
188079
188083
974516
188084
188086
974522
188090
188093
712383
974528
188100
974534
188103
188106
188107
974540
188113
974547
188117
188119
974553
188121
188124
974559
188127
188130
188132
188134
712422
974567
188138
974573
188141
188142
188144
188147
974580
188153
450297
188154
974587
188156
188157
188160
188161
974594
188164
188167
974600
188170
450314
188173
974606
188174
974612
188180
450325
974617
188186
188189
974622
188191
188193
974626
974630
188199
974635
188204
188208
974641
188209
188211
712501
188214
188218
974652
188220
188223
188224
974658
188226
712514
188228
450372
188231
974664
188232
188234
188235
188237
974670
188240
974676
188244
188245
188247
188248
974682
188250
188253
188255
974688
188261
450405
974694
188264
188265
188267
974700
188273
974706
188276
188278
974712
188281
974718
188286
450431
188288
974725
188295
188298
974733
188301
188306
450451
188308
974741
188312
188316
974750
450462
188320
974756
188324
188327
974762
188331
188332
188334
974769
188340
188343
974778
188346
188348
188354
974787
188355
188357
450503
188360
188361
974795
188365
188366
450514
974804
188372
188374
188375
974810
188379
188380
188383
974816
188386
974822
188393
974828
188396
450540
188398
974833
188401
188402
188405
974840
188408
188410
188413
188416
974849
188419
188420
188422
974856
188425
188427
974860
188430
974864
188432
188433
450577
974868
188437
188438
974872
188443
974876
188446
974880
188449
450595
974884
188453
974888
188456
974894
450606
188463
188464
188466
188467
974900
188470
188471
974906
188474
188475
974912
188481
188483
188484
974918
188487
188490
450635
974924
188493
188495
188498
974931
188499
450643
188502
974936
188508
188509
974942
188512
712801
188515
974948
188519
188521
974955
188524
188525
450669
188528
188529
974963
188531
188532
188535
974970
188538
188539
712827
974977
188546
974982
188554
450699
974988
974992
188560
188561
188563
188566
188568
975001
188571
450715
188572
188577
712865
975010
188581
975015
188586
975020
450732
188589
188590
188594
188595
975028
188601
188602
188603
712891
975036
188607
188609
712899
975045
188614
188616
975051
188619
188622
188623
975058
188626
712916
188629
188632
975065
188635
975071
188639
188643
188645
450790
975079
188650
975085
188654
188655
188657
975091
188661
450807
975097
188665
188667
975103
188672
188674
450818
712964
188677
975110
188678
188681
975115
188684
188686
188688
188689
975123
188696
188697
975131
188700
188701
188705
975138
450851
188710
975145
188715
188717
975151
188719
188721
188723
713012
975159
188732
188733
450878
975167
188735
188738
975171
188739
188745
975178
188746
188748
188749
975184
188756
188758
975192
188761
975196
188764
188765
975198
450912
975202
188770
188771
188773
450919
188776
975211
188779
188782
975215
188783
450927
188785
975219
975223
188792
188795
188798
975232
188800
975236
188804
188807
975240
188810
975244
188814
713105
188819
975252
188821
975257
188825
188828
188830
975263
188831
975267
188835
188836
975270
188839
188841
975275
188843
188845
975279
975282
188851
188852
975285
188855
975288
188857
188860
188863
188867
975301
188874
188876
188877
188880
188882
451026
188888
188891
188895
188898
188899
188900
188902
188906
188910
188912
188913
188916
188919
188922
188923
188926
188928
188930
188932
188936
451088
188946
188949
188951
188954
188957
188962
188963
188968
188971
188973
188974
188976
188981
188983
188988
188990
188995
189000
189005
189010
189016
189017
189023
713313
189030
189031
189032
189035
713325
189040
189045
189047
189048
189052
189053
189055
189058
189063
189064
189066
189069
189074
189078
189081
189082
189088
189089
189091
189092
189096
189099
189102
189110
189111
189113
713401
189114
189117
189119
189121
189125
189129
713417
189133
189134
189136
713425
189138
189142
713433
189147
189151
189155
189157
189160
189168
189169
189172
189176
189177
189182
189183
189187
189190
189191
189195
189200
189201
189204
189205
189207
189209
189212
189216
189217
189220
189222
189225
189228
189230
189232
189233
713522
189238
189240
189243
189247
189252
189253
713541
189256
189257
189260
189261
189267
189269
189272
189275
189277
189279
189283
189286
189288
189291
189293
189296
189299
189302
189305
189308
189309
189312
189315
189317
189320
189322
189330
451475
189334
189335
189339
189340
189344
451491
189349
189350
189353
189357
189361
189362
189364
189367
189374
189379
189383
189385
451531
189391
189393
189395
189400
451544
189402
189405
189409
189411
189412
189414
451560
189417
189420
189422
189423
451568
189425
189426
189428
189430
189432
451576
189433
189441
189443
189444
189446
189451
451599
189457
189458
189461
189466
189467
189468
189470
189473
189481
189484
189485
189487
189491
189492
189495
189496
189501
189506
189507
189509
189513
189515
189518
189519
189522
189525
189531
189538
189539
189541
189543
189545
189546
189548
189553
189554
713844
189560
189564
189566
189573
189575
713872
189585
189586
189588
189590
189591
189593
713885
189598
189599
189601
189605
189608
189610
189615
189616
189618
189621
189623
189625
189629
189631
189633
189635
189637
713925
189638
189642
189644
189646
189648
189653
189656
189658
189661
189662
189666
189668
189670
189672
189673
189675
189680
189681
189684
189688
189692
189697
189700
189704
189705
189707
189711
189713
189715
189718
189720
189723
714011
189727
189729
189735
189737
189739
189746
189747
189750
189752
189755
189756
189759
189762
189765
189769
189771
189772
189775
189777
189779
189781
189786
189789
189790
189793
189798
189801
189805
714094
189809
189816
189821
189825
189828
189834
189838
189840
189844
189848
189849
189852
189855
189860
189864
189868
189871
189874
189878
189880
189883
189884
189887
189892
189893
189895
189896
189898
189901
189903
189907
189914
189918
189921
189926
452071
189931
189934
189936
189938
189941
189943
189944
189947
189950
189953
189956
189958
189959
189962
189965
189967
189969
189970
189971
189974
189976
189977
189981
189983
189986
189987
189991
189994
189997
190000
190003
714292
190005
190006
190010
190012
190017
190020
190021
714309
190025
190027
190030
190033
190034
190037
190038
190040
714329
190043
190046
190048
190051
190057
190063
190065
190067
190075
452219
190076
190079
190083
190085
190086
190088
190090
190092
190093
190096
190097
190107
190108
190110
190112
190116
190122
714412
190125
714420
190134
190136
190140
714428
190142
190143
190145
190147
190149
190151
190154
190159
190164
190165
190171
190175
190177
190182
190189
190194
190196
190199
190202
190205
190211
714500
190214
190217
190221
190224
190226
190228
190229
190231
190234
190237
190238
190242
190243
190248
190253
190254
190256
190257
190260
190261
190263
190266
190270
190272
190273
190275
190277
190281
190283
190287
190290
190293
190295
190296
190299
190303
190306
190307
190310
190315
190317
190318
190321
190324
190334
190335
190339
190342
190345
190346
190348
190355
190359
190362
190365
190366
190370
190372
190373
190378
190381
190382
190385
190392
452536
190394
190399
190402
190411
190421
190422
190424
190428
190431
190433
190434
190439
190441
190444
190447
190448
190450
190451
190452
190456
190459
190462
190464
190465
190470
190473
190476
190479
714767
190483
190486
190490
190494
190496
190499
190504
190505
190512
452658
190516
190519
190522
190524
190527
190529
452676
190533
190535
190536
190543
190546
190547
190550
452694
190551
190553
190554
190557
452701
714846
190559
190560
190565
714854
190570
190576
190577
190580
190586
190588
190590
190593
190596
190598
190599
190602
190604
190605
190610
190611
190614
452758
190617
190619
190623
190626
190629
452783
190641
190642
190645
190647
190649
190652
190656
190666
714955
190669
190671
190672
190675
190677
452822
190680
190681
190683
190684
190686
190687
190689
190691
190695
190699
190700
190702
190704
190707
190711
190714
190715
190717
190719
190724
190727
190729
190730
190733
190736
190737
190739
452885
190743
190748
190749
452893
190751
190755
190757
190762
190767
190770
452914
190771
190773
190776
190777
190779
190781
190785
190788
190789
190792
190796
190797
190800
190803
190807
715096
190812
190813
190816
715104
190819
190820
190823
190826
190829
190832
190838
190841
190846
452991
190849
190854
190856
190860
190861
190863
190866
190867
190871
190873
190877
190883
190884
190888
190891
190894
190895
190899
190904
190907
190910
190911
190913
190914
190916
190920
190923
190924
190927
190928
190932
190937
190939
190940
190943
190946
190948
190951
190952
190955
190958
190960
190963
190967
190971
190972
190975
190984
190987
190988
190990
190991
190994
190995
190997
191001
191002
191005
191008
191012
715300
191016
191020
191021
191023
191031
191034
191035
191037
191040
191041
191044
191051
191053
191054
191057
191063
191066
191068
191069
191070
191073
191075
191076
191079
453224
191083
191086
191091
191093
191094
191096
191097
453242
191099
715390
191103
191107
715398
191111
191115
191116
715406
191119
191122
191124
191127
191134
191136
191138
453282
191141
191143
191144
191148
191150
191155
191159
191163
191166
453310
191169
715458
191171
191174
191176
191179
191183
191185
191187
191192
191193
191195
191196
191203
191209
191211
191213
191217
191218
191220
191223
191224
191227
191229
191231
191233
191235
191238
191242
453390
191247
191255
191256
191259
191262
191263
191266
191269
191271
453416
191274
191277
191280
453424
191289
191291
191294
191295
191297
191298
191299
453443
191301
191305
191306
453450
191311
191312
191314
191315
191317
453463
191320
191323
191324
191326
191328
191330
191332
191334
191337
191339
191346
191348
191352
191357
191360
453504
191365
191369
191372
191374
191378
453522
191382
191385
191387
191389
191391
191395
191400
191402
191405
191406
191409
191410
191412
191415
191417
191419
453563
191422
191423
715714
191431
191436
191437
191438
191440
191442
453586
191444
191449
191450
191452
191455
191457
191461
191462
191464
191465
191467
191472
191473
191476
191478
191484
191487
191488
191490
453634
191492
191494
191496
715784
191501
191503
715792
191506
191508
453652
191509
191512
191515
191519
715807
191525
191526
191530
191533
191535
191537
191541
191546
191549
191552
191554
453700
191559
191560
191563
191564
191567
191573
191574
191576
191579
191580
191585
191588
191589
453736
191596
191598
191599
191601
191606
191612
191613
453757
191616
191620
191623
191626
191631
191632
453777
191635
191636
191639
191641
191644
191645
191647
191650
191653
191656
191658
191661
191663
191665
191668
191670
191674
191677
191680
191682
191685
191686
191690
191697
191699
191702
191704
453850
191707
191710
191711
191713
191714
191716
191719
191721
191724
191727
191728
191731
191735
191739
191740
191742
191746
191749
191752
191757
191759
191760
191763
191765
191768
191770
191774
191777
191779
191782
191784
191786
191788
191789
191792
191794
191796
191799
191803
191806
191808
191811
191812
191815
191817
191819
191822
191823
191826
191828
191830
191833
191835
191837
191843
191846
191847
191849
191853
191854
191856
191860
191865
191866
191869
191872
191873
191876
191883
191884
191887
191890
191893
716181
191896
191898
191900
191903
191906
191908
191910
191912
191915
191916
191917
191919
191922
191924
191928
716219
191933
191935
191938
716227
191941
191943
716235
191948
191954
191958
191961
191964
191966
191968
191971
191974
191979
716267
191981
191983
191986
716275
191992
191995
716283
191997
192000
192003
192005
192008
192010
192011
192013
192017
192019
192021
192025
192031
192034
716322
192041
192042
192044
192045
192047
192048
192051
192056
192059
192061
192064
192065
192067
716355
192068
192071
716363
192077
192079
192081
192085
454231
192088
192091
192095
192098
192101
192102
192107
192111
192116
192118
192120
192121
192125
192127
192128
192131
192134
192137
192141
192144
192147
192152
192154
192157
192161
192164
192165
192170
192172
192176
192180
192186
192189
192190
192199
192201
192204
192206
192207
192211
454356
192214
192215
192217
192219
192222
192223
192226
192227
192229
192231
192233
192236
192237
192243
716532
192246
192252
192255
192258
192260
192263
192264
716556
192269
192272
192274
192277
192278
192284
454429
192286
192287
192289
192291
192295
192296
454443
192301
192306
192307
192318
192319
192320
192322
192325
192331
454475
192334
192336
192340
192343
192344
192347
192348
192350
192353
192355
192358
192361
192364
192367
192371
192373
192376
192379
716668
192383
192385
192387
192393
192396
192397
192401
192403
192407
192410
454556
192413
192417
192418
192422
192424
192430
192433
192434
192441
192443
192445
192448
192449
192456
192459
192467
192468
192470
454614
192473
192477
192480
192482
192486
192492
192493
192499
192503
192506
192509
192511
192513
192515
192518
454662
192520
192525
192529
192534
192537
192538
192544
192546
192549
454693
192551
192556
454701
192561
192569
192571
192572
454718
192576
192577
192580
192583
454728
192588
192590
192591
454738
192597
192598
192600
192603
454748
192609
192611
192612
192614
192617
192619
192621
192624
192629
192631
192635
192637
192643
192645
192647
192649
192650
192652
192656
192659
192662
192665
192669
192670
192677
192681
192684
192687
192688
192690
192695
192697
192699
192701
192703
192708
192710
192715
192717
192721
192722
192725
192727
192730
192733
192736
192737
192740
192741
717030
192743
192744
192747
192749
192750
192752
192753
192755
192757
192758
192763
192765
192769
192772
192777
192782
192784
192785
192787
192790
192792
192794
192798
192800
717089
192802
192810
192815
192816
192821
192823
717113
192828
192832
192833
717121
192835
192836
192838
192842
192843
192847
192849
717141
454998
192856
192857
192859
192863
192864
192866
192869
717158
192873
192877
192879
192881
192883
192887
192890
192892
192894
192898
192900
192902
192905
192906
192910
192912
192916
192918
192921
192924
192925
192927
192929
192932
192938
192939
192945
192949
192952
192955
455099
192958
192960
192963
192966
192971
192973
192975
192979
192983
192991
192993
192995
193001
193008
193011
193014
455163
193024
193027
193030
193033
193036
455180
193039
193041
193042
193046
193049
193050
193053
193054
193058
193061
717349
193063
193069
717357
193071
193072
193076
717365
193079
193082
193084
193089
193092
193098
193101
193106
193107
193110
193113
193116
193121
193127
193129
193130
193132
193133
193136
193138
193139
717427
193142
193144
193149
193152
717450
193165
193169
193172
193175
193176
193180
193181
193184
193188
193191
193195
193197
193199
193201
193209
193211
193212
193215
193218
193220
193225
193228
193231
193234
193237
193239
193241
193242
193245
193246
193249
193250
193253
193254
193257
193258
193261
193264
193267
193271
193273
193274
193276
193278
193280
193283
193284
193287
193288
193291
193293
193296
193299
193301
193303
193305
193308
193312
193315
193318
193319
193322
193329
193331
717621
193335
193338
193342
193345
193347
193350
193351
193354
193356
193360
193362
193366
455510
193367
193369
193371
193377
193379
193384
193389
193392
193394
193396
193401
193403
717693
193406
193408
193415
193416
193420
193422
193426
193431
193433
193436
193443
193445
193446
193448
193449
193451
193452
193455
193456
193458
193461
193464
193467
193472
193475
193477
193480
193484
193487
193490
193491
193495
193497
193500
193503
193506
193508
193510
193512
193517
193518
193521
193524
193525
193528
193531
193534
193538
193541
193546
193548
193550
193553
717841
193558
193559
193561
193562
193564
193567
193569
193574
193575
193578
193580
193582
193585
193591
193592
193599
193601
193602
193606
193608
717898
193612
193614
193616
193620
193623
193625
193629
193631
193634
717923
193638
193641
193644
193647
193648
193651
193655
193658
717947
193662
193664
717955
193668
193670
193673
193677
455822
193679
193682
193683
193686
193688
455832
193690
193691
193693
193695
193696
455842
717986
193699
193700
193704
193706
193707
193709
455855
193714
193717
193720
193722
193725
455872
193733
193734
193738
193739
193744
193745
193758
193762
193765
193769
193772
193775
193776
193779
193780
193782
193784
193785
193786
193791
193793
193795
193798
193801
193802
193804
193810
193813
193814
193818
193819
193821
193825
193827
193832
193838
193839
193840
193842
193845
193846
193848
193850
193852
193856
193861
718152
193865
193868
193869
193872
193875
193878
193881
193882
193885
193894
193896
193899
193901
193902
193907
193911
193914
193916
193917
193919
193925
193929
193930
193933
193937
718226
193942
193945
193951
193952
193955
718251
193964
193967
193969
193971
193975
193977
193979
193982
193985
193991
193996
456142
194001
194004
194009
194012
194015
194020
194022
194025
194026
194028
194038
194039
194044
194046
194049
194054
194057
194058
194060
194066
194071
194072
194076
194083
194084
194092
194093
194095
194099
194100
194102
194104
194106
194109
194112
194114
194115
194118
194120
194123
194125
194132
194136
194139
194140
194141
194147
194150
194151
194154
194156
194158
194160
194164
194165
194167
194170
194173
456320
194178
194180
194182
194184
194186
194187
194189
194192
456337
194195
194200
194206
194210
194212
194218
194220
194222
194226
194228
194230
194231
194237
194241
194244
194247
194251
194253
194254
194256
194257
194259
194261
194267
194268
194270
194274
194275
194277
194280
194282
194283
194286
194288
194290
194292
194296
194298
194299
194302
456447
194304
194307
194317
718607
194327
194330
194331
194334
194335
194340
194341
194344
194345
194348
194350
194352
194355
194357
194358
194366
194367
194369
194371
194377
194380
194382
194386
194389
718678
194392
456536
194393
194395
718686
194401
194402
194405
194406
718694
194411
194414
194418
194420
194422
194423
194425
194428
194431
194433
194436
194437
194439
194440
194442
194445
194446
194448
194449
194455
194458
194461
194462
194465
456609
194469
194473
194478
194481
194485
194489
194492
194493
194496
194500
194502
194504
194509
194512
194517
194522
194523
194529
194533
194534
194536
194541
194544
194549
194551
194554
194555
194560
194565
194566
194569
194573
194574
194578
194582
194583
194585
194588
718877
194592
194597
194600
194602
194604
194605
194607
194612
194614
194616
194617
194621
194622
194624
194627
194632
194634
194636
194639
194642
194643
194649
194653
718941
194658
194661
194662
194664
194672
718960
194674
194678
194679
194682
194684
194688
194690
194691
194695
194699
194701
194703
194707
194711
194712
194714
194716
194717
194722
194724
194725
194730
194732
194734
194739
194741
194742
456886
194744
194745
194749
194751
194754
194757
194761
194763
194766
194769
194775
194780
194783
194788
194793
194794
194796
194797
456944
194801
194804
456952
194810
194813
194815
194817
194818
194821
456969
194827
194830
194832
194838
194842
194844
194845
194847
194852
194855
194859
194861
194863
194866
194869
194871
194872
194877
194878
194881
194888
457032
194891
194894
194895
194897
194898
194901
194907
194909
457053
194912
194913
194915
194918
194921
194924
194932
194935
194936
194939
194944
194950
194952
194955
194961
194963
194966
194967
194970
194971
194974
194976
719265
194979
194987
194988
194990
194993
195001
195006
195008
195010
195012
195013
195015
195019
195026
195029
195031
195032
719323
195036
195038
195042
195045
195046
195054
195055
195058
719347
195060
195062
195063
195065
195067
195070
195074
195075
195077
719365
195078
195083
195088
195090
195092
195095
195096
195100
195103
195109
195112
195117
195120
195128
195130
195131
195134
195135
195138
195139
195143
195150
195152
195156
195159
195160
195163
195164
195166
195169
195172
195176
195178
195181
195182
195185
195188
195192
195193
195195
195196
195199
195203
195205
195207
195210
195214
195216
195218
195220
195222
195223
195226
195227
195229
195230
195231
195233
195239
719528
195245
195248
195255
195258
195259
195261
195262
195265
195266
195268
195269
195271
195272
195275
195278
195283
195284
195286
195287
195289
195290
195293
719583
195296
195300
457445
195303
195313
195318
195320
195321
195326
195329
195331
195334
195337
195340
195345
195347
195348
457495
195352
195356
195357
195359
195363
195364
195368
195371
195373
195374
195381
195382
457527
195385
195389
195390
719680
195393
195395
195397
195400
195403
195406
195407
195410
195415
195417
195419
195422
195424
195426
195429
195432
195436
195441
195443
195446
195447
195449
195455
195459
195460
195463
195466
195469
195471
195472
195474
195476
195478
195479
195481
195482
457627
195484
195485
195488
195492
195496
195497
195499
195500
195503
195505
195506
195509
195511
195514
195516
195520
195522
195525
195528
195530
195533
195537
195539
195541
195543
719831
195549
719838
457696
195553
195557
719845
195558
195561
195563
195565
195566
195569
195570
195572
195574
195576
195578
195579
195584
195587
195591
195594
195596
195598
195599
195601
195605
195609
195612
195613
195615
195618
195619
195626
195630
195634
195637
195640
195643
195644
195646
195648
195652
195657
195659
195661
195662
195665
195667
195669
195671
195675
195676
195679
195681
195685
195689
195692
195694
195698
195702
195707
195709
195712
195714
720007
195720
195727
195730
195731
195733
195738
195743
195746
195747
195752
195755
457901
195761
195765
195766
195768
195774
195779
457924
195782
195783
195785
195789
195792
195793
195795
195797
195798
195801
195805
195808
195810
195812
720100
195816
195818
195821
195823
195825
195827
457971
195828
195836
195839
457984
195843
195844
195847
195850
195861
195863
195866
195870
195871
195874
195877
195878
195881
195883
195888
195890
195891
195893
195895
195897
195902
195905
195908
195911
195914
195916
195920
195924
195928
195931
195934
458079
195936
195940
195944
195946
720235
195949
195950
195955
458100
195959
195962
195963
720253
195966
195967
195969
195970
195975
195979
195981
195986
195988
195990
195992
195994
195995
196001
196002
196007
196009
196011
196012
196015
196020
196021
196023
196027
196030
196032
196033
196036
196038
196040
196044
196045
196053
196054
196057
196059
196064
196068
196071
196075
196079
196082
196086
196087
196089
196090
196093
196095
196099
196101
196102
196105
196108
196109
196111
196116
196118
196125
196128
196129
196133
196135
196139
196144
196147
196149
196151
196152
196157
196159
196163
196166
196169
196173
196177
196179
196183
196186
196187
196189
196190
196192
196194
196197
196200
196207
196208
196211
196212
196214
196216
196220
196222
196227
196233
196236
196241
196242
196246
196247
196249
196253
196257
196258
720548
196261
196264
196267
196270
196271
196273
196277
196280
196281
196288
196291
196296
196298
196300
720589
196303
458449
196306
196309
196314
196317
196318
196320
196321
196324
196325
196329
196333
196334
196337
196339
196342
720630
196344
196354
196355
196357
196358
720648
196366
196372
458519
196376
196379
196381
196383
196384
196386
196392
196396
196399
196402
196407
720697
196410
196414
196423
196426
196427
196430
196435
196439
196442
196446
196449
720738
196452
196457
196458
196461
196463
196465
196467
196470
196471
196473
196476
720764
196479
196481
196483
196484
196487
196489
196493
196497
196498
196500
196503
458648
196506
196510
196516
196518
196519
196521
196524
720813
196528
196532
196533
196535
196539
196542
196543
196549
196553
196557
196562
196567
196568
196570
720859
196576
196577
196579
196581
196582
196586
196588
196589
196592
196596
720892
196606
196608
196609
196611
196614
196615
720904
196619
196621
196623
196625
196626
196629
196630
196633
196635
196636
196638
196639
196642
196645
196646
196648
196652
196653
196656
196658
196663
196669
196670
196672
196673
196676
196677
196679
196684
196688
196692
196694
196696
196697
196700
196702
196703
196705
196710
196711
196714
196718
196719
196721
196725
196728
196730
196732
721021
458879
196736
196751
196755
196757
458901
196759
196761
196768
196771
196774
196775
196778
196779
196781
196783
196784
721072
196787
196791
196796
196798
458943
196805
196807
458951
196808
196810
196813
196816
196818
196819
196829
196830
196833
196836
196839
196842
196851
196854
196858
196860
196864
196871
721159
196873
196874
196878
196885
196886
196890
196892
459037
196898
196900
196906
196910
196911
196915
196920
721208
196922
196924
196925
196929
196932
196935
459080
196938
196939
196942
721231
196946
196948
196951
196953
196957
721247
196960
196963
196964
196967
196972
196975
196976
196981
196984
196987
196991
196993
196996
197001
197002
197004
197012
197017
197018
197020
197026
197027
197030
197032
197033
197035
197038
197040
197041
197045
197047
197052
197054
197055
197059
197064
197066
197067
197071
197077
197078
197081
197083
197085
197086
197090
197095
197098
197100
197103
197106
197107
197110
197112
197119
197121
197124
197125
197128
197129
197132
197134
197136
197140
197146
721437
197152
197155
197156
197160
197163
197168
197170
197175
197176
197178
197180
197181
197183
197186
721476
197190
197192
197196
197198
197200
197202
197208
197210
197211
197214
721504
197217
197219
197221
197225
197234
197235
197237
197241
197244
197247
197249
197252
197253
197255
197257
197262
197263
197266
459412
197278
197283
197284
197287
197290
197291
197295
197297
197300
459445
197302
197305
197307
197313
197317
197324
197329
197331
197333
197336
197342
197343
197347
197349
197351
197354
197355
197357
721649
197362
197364
197370
197373
197374
459520
197377
197380
197382
197385
197388
197403
197404
197406
197407
197409
197410
197413
197415
197417
197418
197419
197421
197422
197425
197427
721716
197431
197434
197436
197439
197440
197446
459592
197449
197453
197454
197461
197464
197466
197470
197472
197475
197479
721768
197484
197487
197488
197493
197495
197498
197501
197507
197512
197513
197517
197519
197523
197525
197526
197529
721820
197534
197537
197538
197543
197544
197550
197556
197557
197559
197564
197567
197571
197575
197576
197579
721867
197581
197583
197585
197588
197591
197596
197600
197605
197607
197608
197610
197612
197613
197615
197623
197626
197627
197630
197633
459778
197638
721928
197641
459786
197643
197652
197660
197663
197667
197670
459814
197675
197676
197678
197681
721973
197688
197691
721980
197695
197697
197699
197705
197706
197708
197710
197714
197717
197718
197721
197723
197728
197732
197733
197734
197736
197739
197741
197745
197748
197749
197753
197758
197762
197763
197768
197769
722058
197773
197777
197778
197780
197784
197787
197790
197794
459939
197796
197800
197802
197805
197806
197810
197812
197814
197815
197817
197818
197821
197824
197830
197831
197833
197834
459978
197837
197838
197841
197842
197845
197846
197851
197854
460002
197860
197864
197865
197870
197874
197876
197879
197880
197882
197885
197891
197895
197897
197900
197903
197905
197909
197912
197914
197915
197918
197920
197923
197928
197932
197938
197940
197941
197945
197947
197948
197950
197952
197955
197956
197959
197961
197962
197965
197966
197968
197971
197975
197979
197981
197983
197989
197991
197993
197995
197997
722286
198001
198003
198007
198010
198011
198014
198018
198019
198022
198024
198029
198034
198035
198037
722325
198040
198043
198050
198052
722342
198056
198063
198065
198067
198070
198075
198076
198078
198081
198084
198086
198087
198090
198094
198098
460243
198101
198104
198108
198110
198116
198118
198121
198122
198128
198134
198137
198140
198145
198149
722438
198151
198154
460300
198157
198158
198160
198165
198167
198168
198173
198176
198177
722469
198183
198187
198191
198195
722484
198197
198200
198201
198204
722492
198206
460350
198207
198210
198213
198214
198216
198220
198223
198225
198227
198228
198231
198233
198238
198241
722529
198244
198245
198250
198254
198255
198258
198259
198264
198265
198267
198269
198271
198272
198275
198284
198289
198290
198293
198297
198300
198303
198305
198307
460452
198309
198313
198315
198317
198318
198322
198327
198330
198332
198333
198335
198337
198340
198344
198347
198351
198354
198355
198362
198365
198369
198372
198376
198378
198379
198381
198382
198384
198385
198388
198391
198393
198396
198397
198399
198401
198404
198406
198409
198411
198413
198416
198418
198421
198425
198429
198432
198434
198436
198440
198442
460587
198444
198446
198450
198453
198459
198461
198464
198468
198471
722764
198477
198478
198480
198483
198486
198488
198490
198491
198495
198498
198499
198501
198505
460649
198507
722796
198511
198512
198514
198518
460665
198522
198528
198529
722818
198531
198534
198536
198541
198543
198545
198550
198551
198553
722842
198555
198557
198559
198563
198565
198567
198569
198571
460715
198574
198577
198580
198583
722872
198586
198588
198595
198599
198600
198605
198606
198608
198611
198614
198615
198617
198619
198623
198627
722915
198628
198630
198632
198634
198639
198640
198643
460788
198645
198651
198652
198656
198660
198664
198668
198671
198678
198681
198684
198686
198690
198692
198696
198698
198701
460846
198704
198706
722996
198709
198711
198715
198717
723006
198719
198720
460869
198727
198729
198733
198734
198740
198743
198746
198747
198751
198755
198763
198765
198766
198768
723060
198776
198779
198782
198785
198788
723076
198789
198795
198796
198798
198799
198803
198805
198807
198809
198812
198814
723105
198819
198820
198822
198824
198826
198828
198831
198834
723123
198836
198840
198841
198844
198849
198850
198852
198853
198855
198857
198866
198868
198871
198875
723167
198880
198882
198883
198885
198888
198890
198892
198895
198897
198900
198902
198904
198905
198907
198910
198913
198917
723206
198922
198925
723214
198927
198929
198932
198934
198936
198940
198943
198946
198950
198955
198956
198958
198961
198962
198966
198968
198969
198971
198972
198974
198977
461122
198979
198982
198985
198986
198988
198991
198992
198994
198996
199001
199004
199007
199010
199011
199013
199016
461160
723305
199019
199023
199029
199031
199033
199036
199037
461182
199039
199041
723330
199043
199044
199047
199050
723338
199051
199058
199060
199061
199064
199066
199068
199071
199073
199075
199077
723367
199080
199084
199086
199092
199097
199099
199101
199102
199104
199106
199109
199110
199113
461257
199117
199120
199122
199124
723413
199126
199131
199134
199137
199140
199141
723429
199144
199148
199152
199154
199157
199158
199160
199163
199164
461310
199167
199169
199170
199173
199174
199177
199179
199180
723468
199182
199185
199187
199188
199190
723478
199194
199196
199199
199202
199207
199208
199211
199215
199218
199219
199223
199230
199231
199233
199236
199238
199242
199245
199248
199251
199253
199255
199258
199261
199264
199266
199269
199271
199274
199277
199280
199282
199284
199288
199293
199297
199302
199303
199305
199310
199313
199314
199318
199321
199325
199326
199328
199329
199332
199335
199338
199340
199342
461486
199346
199347
199350
461494
199352
199356
461502
199365
199366
461510
723655
199368
723665
199379
199385
199389
199398
199402
199406
199407
199409
199412
723701
199415
199417
199419
199423
199426
199427
199430
199434
199439
199442
199444
199446
199447
723736
199451
199453
199454
199457
199458
199460
199463
199464
199468
199469
199471
461622
199482
461630
723774
199487
199488
199490
199495
199497
199501
199505
199507
199513
199517
199520
199523
199526
199527
199531
199532
199536
461683
199540
199541
199542
199544
199545
723833
199548
199550
199553
461698
199555
199559
199562
199564
199570
199572
199573
199575
199580
199584
723874
199587
723882
199598
199602
199606
199607
723898
199613
199616
199621
199625
199627
199628
199632
199635
199638
199642
199648
199654
199657
723946
199659
199663
199676
199677
199682
199684
199689
199691
199697
199700
199702
199703
199705
199709
199710
199712
199715
199716
199720
199725
199727
199730
199731
199733
199736
199740
199741
199743
199744
199745
199749
199750
199756
199763
199766
199770
461914
199772
199775
199776
199779
199781
724069
199783
199785
199787
199792
199794
199795
724084
199803
199806
199808
199811
199814
724102
199818
199824
724114
199827
199828
199831
199832
199836
199839
199848
461993
199850
199852
199861
199864
199865
199872
199876
199877
199880
199881
199887
199889
199893
199899
199902
199906
199908
199912
199916
199918
199920
199923
199925
462069
199926
199932
199934
199935
199938
199939
199941
199944
199947
199951
199956
199959
199961
199964
199966
199967
199970
199971
199974
199979
199985
199987
199990
199994
200002
200004
200009
200010
200013
200015
200019
200022
200024
200028
200031
200032
200035
200037
724325
200039
462183
200040
200042
200047
200051
200052
200056
724344
200057
200060
200063
200065
200068
200069
200072
200076
200080
200081
200083
200084
200087
200089
200092
200096
200098
200101
200102
200104
200109
200111
200115
462261
200120
200121
200124
462269
200126
200127
200132
200133
200140
200142
200147
200150
200153
200157
200162
200169
200171
724463
200176
200182
200183
200185
724477
200197
200198
200202
462351
200211
200214
200215
200217
200220
200222
724511
200224
200231
200236
200244
200248
200250
200254
200256
200260
200263
200269
200278
200282
200283
200285
200289
462434
200292
200299
200302
200303
462449
200307
200310
200315
200318
200323
200327
200329
200332
200336
200339
200342
200347
200351
200354
200355
200358
200360
200362
200365
200375
200376
200381
200383
200385
200388
200390
200394
200396
200399
200402
200404
200405
200409
200411
200413
200416
200419
200420
200422
724712
200425
200426
200428
200431
200432
200435
200436
200441
200448
200450
200453
200455
200459
200462
200467
200473
200477
200480
200483
200486
200489
200490
200494
200496
200498
200501
200502
462651
200509
200511
200512
200514
462659
200517
200523
200524
200526
200527
200529
200534
200536
200541
200545
200546
200552
200556
462701
200559
200563
200565
200568
200572
200575
200580
200583
200585
200586
200593
200600
200602
200605
200606
200609
200612
200614
200618
200619
462765
200626
200630
200633
200634
462778
200637
200638
200640
200641
200644
200646
200647
200651
200654
200656
200657
200659
200660
200666
200668
200670
462814
200671
200675
200677
200681
200684
200689
724980
200693
200695
200698
200700
200702
200705
724996
200709
200712
200718
200721
200726
200729
200730
200732
200735
200737
200740
200745
200759
200760
200762
200763
200766
200768
200770
200773
200777
200781
200784
200788
200791
200793
462937
200797
200799
725087
200802
200805
200808
200811
200812
200814
462958
200817
200819
462966
200826
200830
462974
200838
200841
200843
200846
200847
200849
200851
200853
200856
200859
200862
200866
200869
200872
200874
200876
200877
200882
200885
463031
200890
200892
463039
200896
200898
200901
200902
200904
200908
200909
463058
200915
200917
200921
200923
200925
200928
200932
200934
463084
200943
200947
200949
200955
200959
200961
200964
200967
200969
200970
200977
200980
200982
200985
200986
463130
200988
200989
200991
200995
200997
463141
201000
201003
201005
201008
201011
201013
201015
201016
201019
201020
201024
201029
725317
201031
201032
201035
201036
201037
201039
201040
201046
201048
201055
201058
201061
201064
201067
201071
201072
201074
201075
201078
201080
201081
201084
201090
201092
201095
201096
201106
201109
201112
201117
201118
201123
201126
201129
201132
725424
201137
201138
201140
201143
201146
201148
201151
201153
201157
201160
201164
201166
201170
463314
201174
201176
463322
725467
201182
201187
201192
201194
201196
201201
201205
201208
201211
201217
201220
463365
201227
201230
201232
201234
201236
201238
201241
725530
201243
201244
201247
201248
201254
201256
201259
201262
201264
201266
201268
463415
201274
201277
201282
201285
201288
201291
201292
201295
201300
201302
201303
201305
201309
201311
201313
201317
201321
201323
201326
201328
201329
201332
201335
201339
201343
201345
201346
201353
201361
201362
201365
201367
201370
201371
201376
463523
201380
201381
201385
201388
201391
201399
201402
201404
201406
201409
201412
201416
201419
201420
201423
463568
201425
201427
201428
201431
201433
463578
201436
201439
725727
201441
201444
201445
201447
201450
201453
201456
201458
201459
201461
201464
201467
201471
201472
201474
201476
463621
201480
201482
201485
725773
201488
463634
201492
201493
201496
201497
201500
201501
201503
201506
201509
201512
201514
725804
201517
201518
201521
201523
201525
201526
201529
201530
201535
201538
201539
201542
201549
201551
201556
463703
201561
201562
201567
201572
201574
201575
201578
201581
201584
463729
201588
201590
463737
201595
201598
201599
201601
201604
201606
201608
201610
201613
201614
201617
201620
201622
463769
201630
201631
201637
201638
201645
201646
725936
201651
201655
201657
201661
201664
201667
201673
201675
201676
201679
201681
201684
201688
201689
201691
201696
201702
201704
201706
201711
201713
201717
726006
201719
201721
201723
201725
201726
463874
201740
201741
201747
201752
201753
201756
201757
201760
201762
201763
201764
726053
463910
201767
201771
201773
201774
201778
201781
201784
201786
201789
201790
201794
201797
201799
201804
201809
201811
201812
201813
463958
201816
201822
726110
201827
201831
201835
201837
201839
201840
201841
201843
201846
201850
201858
201859
201861
201862
201864
201867
201869
201871
201874
201876
201879
201882
201884
201888
201889
201892
201893
201895
201899
201900
201902
464048
201907
201909
201912
201924
201928
201932
201939
201941
201946
201950
201953
201954
201956
201960
201963
201966
201967
201972
201973
201975
201977
201979
201981
201983
201990
201991
201993
201997
202000
202002
202006
202009
202014
202016
202018
202024
202026
202027
202028
202030
202032
202034
202036
202037
202041
202042
202046
202048
202052
202060
202061
202063
464208
202070
202071
202077
202079
202081
202083
202085
202087
202094
202097
202106
202108
464256
726401
202115
202117
202118
202122
202125
202130
202133
202134
202140
202147
202148
202151
202152
202155
202156
202158
202161
202163
202164
202167
202170
202171
202174
202177
202179
202184
202186
202192
202195
202198
202203
202204
202206
202209
202212
202214
202219
202221
202223
202225
202228
202230
202233
202237
726526
202240
202245
202248
202249
464394
202251
202252
202255
202259
202261
202263
202265
202268
202271
202273
202275
202281
202282
202285
202288
202289
202294
202297
726585
202299
464443
202301
464451
202309
726601
202317
202323
464468
202326
464478
202340
202343
464488
202346
202348
202349
464498
202355
202359
202361
202364
202371
202375
202380
726672
202385
202390
202392
202393
202396
202397
202400
202403
202411
202415
202418
202420
202422
202425
202430
202433
202437
202442
202446
202448
202452
202453
202461
202465
202466
202468
202472
202474
202476
202478
202482
202483
202485
202488
202494
202497
202499
202507
202515
202518
202520
202522
202524
202528
202533
202537
202538
202543
202544
202548
202551
202553
202557
202559
726848
202565
202569
202571
202573
202574
202577
202581
202582
202586
202588
202592
202595
726884
202598
202599
202601
202602
202604
202607
202608
202610
202612
202614
202615
726903
202619
202621
202625
202627
202628
202634
202642
202643
202645
202647
202650
202654
202655
202658
202659
202662
202666
202668
202669
202675
202677
202681
464826
202684
202688
202692
202694
202696
202700
202703
202711
202714
202717
202719
202725
202728
202734
202736
202737
202740
202744
727032
202745
464890
202751
202753
202758
202760
202761
202764
202766
202769
202771
202775
727063
202779
202780
202782
202788
202790
202793
727081
202797
202798
202802
727091
202807
202808
202817
202818
202820
202826
202827
202832
202834
202837
202843
202845
202850
202852
202854
202858
465005
202865
202869
202875
202876
202879
202881
202885
202887
202890
202893
202897
202898
202902
202904
202905
202908
202911
202916
202917
202918
202921
202923
202925
202927
202930
202933
202934
202936
202937
202940
202948
202949
202951
202954
202955
202957
202962
202965
202968
202971
202973
202976
202987
202988
202989
202991
202993
202998
203003
203004
465150
203007
203010
203012
203014
465158
203017
203021
203023
203026
203029
203030
203033
203036
203039
203042
203044
203046
203047
203055
203058
203060
203062
203067
203073
203079
203085
203087
203088
203091
203096
203098
203105
203107
203109
203112
203113
203116
203118
203124
203126
203127
203130
203133
465277
203136
203137
203139
203142
203145
203147
203148
203154
203155
203157
203162
203167
203169
203172
203173
203175
203177
203178
203180
203181
203183
203186
203188
203192
203195
727485
203198
203199
203203
203206
727494
203208
203209
203211
203215
203218
203220
203222
203223
203227
203231
203232
203234
203235
203237
203241
203243
203246
203248
203249
203251
203255
203261
203264
203265
203268
203272
203276
203282
203285
203288
203293
203298
203300
203302
203310
203312
203314
203319
203322
203326
203328
203331
203332
203335
203340
203345
203347
203349
203351
203355
203356
203359
203360
203363
203366
203370
203375
203377
203381
203383
203386
203390
203393
203398
203400
203402
203405
203407
203410
203412
203413
465557
203416
203419
203423
465567
203426
203427
203431
465577
203434
203436
203438
203441
465585
203443
203447
203448
203450
465598
203456
203463
203466
203467
465615
203472
203476
203478
203480
203483
203485
203487
203494
203497
203498
203501
203506
203508
203510
203511
203519
203525
203528
203530
203534
203538
203539
203540
203542
203544
203552
203553
203555
203557
203560
465705
203565
203568
203570
727864
203578
203581
203583
203588
203590
203591
727879
203594
203596
203599
203603
203604
727894
203608
203611
203618
203622
203624
203627
203633
203636
203638
203644
203646
203647
203651
203652
203654
203657
203658
727947
203661
203663
203666
203667
203673
203676
203678
203679
203682
203690
203695
203696
203698
203700
203704
203707
203709
203714
728003
203719
203722
203728
203729
203735
203739
203741
203743
203745
203748
203753
203756
203760
203762
203766
203769
203776
203777
203781
203783
203786
203787
203790
203792
203795
203797
203799
203801
203809
203811
203813
203814
203817
465961
203818
203820
203823
203827
203830
203833
203838
203840
203841
203844
203846
203849
203858
203859
203861
728150
203863
203864
203872
203874
203881
203883
203887
203892
203897
203900
203901
203905
203908
203911
203914
203916
203918
203921
203925
203927
203928
203931
203933
203934
203937
203938
203941
203942
203944
466089
203946
203949
203952
203955
203957
466105
203962
203969
203971
203979
203980
466124
203986
203990
203991
203995
203997
203998
204001
204002
204005
204007
204010
204015
204018
204023
204024
204026
204029
466179
204040
204045
204063
204069
466218
204076
204078
204081
204083
204087
204089
204094
204097
204102
204104
204110
204112
204114
204115
204117
204123
204126
204128
204130
204132
204136
204137
204139
204140
204144
204145
728433
204149
466297
204161
466310
204168
204172
204174
204175
204178
204181
204185
204187
204189
204191
204195
204197
204204
204209
204212
204214
204218
204221
204224
204229
204230
204233
204242
204244
204247
204251
204254
204257
204263
204264
204271
204273
204274
728564
204277
204281
204286
204289
204292
204293
204296
204298
204299
204303
204304
204306
204309
204311
204312
204318
204320
204322
204323
204327
204328
204330
204333
204337
204339
204340
204344
204345
204347
204352
204354
204356
204359
204361
204362
204367
204369
204371
204374
204380
204384
204386
204390
204391
204393
728682
204396
204400
204402
204407
204408
204410
204414
204417
204421
204423
204425
204430
204431
204433
204435
204436
204438
204442
204443
204444
204447
204449
204451
466597
204454
204456
204461
204465
204471
204474
204477
204479
466623
204481
204485
204492
204493
204496
204498
204500
204509
204516
466661
204519
204521
204526
204528
204533
204535
204537
204538
204543
466687
204549
204550
466695
204552
204556
204559
204561
204563
204564
204566
466712
204569
204575
204580
204581
204583
204586
204589
204591
204593
204597
204600
204608
204610
204615
466760
204617
204619
204627
204628
204631
204634
204635
204637
204638
204640
204645
204649
204650
204656
204657
204662
204663
466808
204670
204674
204678
204679
204682
204685
204686
204689
204692
204693
204698
204699
204703
204709
204712
204713
204716
204717
204722
204725
204726
204732
204735
204736
204740
204745
204750
204752
204754
204755
204757
466901
204759
204760
204763
204766
204771
204772
204775
204782
204784
204788
204795
204796
204802
204805
204807
204809
204812
204815
204817
204821
204826
204829
204830
204831
204835
204842
204843
204845
204848
204850
204851
204854
204863
204867
204870
204873
204884
204887
204893
204897
204898
204906
204911
204915
204917
204919
729209
204924
204925
204929
204934
204936
729227
204945
729235
204948
204951
204955
204958
204960
204962
204964
467109
729253
204966
204967
204969
204971
204976
204977
467121
204980
204984
204986
204988
729276
204997
205000
205001
205004
205005
205011
205015
205016
729304
205023
205026
205031
205032
205035
729325
205041
205048
467197
205054
205062
205065
205067
467213
205070
205071
205074
205076
467221
205085
467229
205090
205092
205096
205097
205100
205105
205107
205109
205113
729402
205116
205118
205121
205125
205128
729418
205133
205137
205144
205146
729434
205150
205153
205159
205162
729450
205165
205168
205171
205172
467318
205175
205177
205180
205183
205189
205190
205191
467337
205197
205200
205202
205203
205206
205208
205210
205214
205217
205223
205226
205227
205229
205232
205233
205235
205236
205238
205244
205246
205251
205253
205256
205258
729547
205262
205265
205266
205272
205275
205282
205287
205291
205294
205298
205301
205304
729596
205310
205313
729602
205315
205318
205319
205328
205329
205332
205335
205336
205340
205347
205350
205354
205357
205359
205361
205362
729650
205364
205374
205377
205382
205386
205390
729680
205393
205395
205397
205400
205402
205404
205407
205410
205412
205415
205418
205421
205427
205431
205433
205435
205437
205442
205444
205451
205454
205459
205467
205469
205472
205474
205479
205485
205488
205489
205491
205494
467640
205497
205499
205502
205505
205508
205512
205522
205524
467668
205526
205530
205532
205533
205535
205537
467681
205541
205542
205544
205547
205550
205552
205554
205559
205565
205567
205570
205573
467721
205583
205588
205589
205592
205596
205599
205606
205611
205620
729908
205621
205624
205630
205631
205633
205635
205636
205638
205641
205643
205646
205647
205653
205654
467807
729951
205664
205665
205668
205670
205674
205679
205683
205684
205686
205689
205692
205694
205696
205697
729986
205702
205705
205715
205720
205721
205724
205729
205730
205733
205735
730023
205738
205741
467890
205750
205754
205758
205761
205763
205765
205766
205773
205776
205779
205782
730070
205789
205791
205794
205797
730085
205800
205801
205803
205805
205811
205814
205818
730107
205824
205827
205828
205830
205833
205834
205837
205839
205841
205843
205845
205848
730137
205852
205855
205860
205862
205867
205872
205874
205875
205878
205879
205881
205885
205890
730180
205893
205894
205900
205902
205905
205908
205910
205913
205917
205924
205928
205931
205932
205937
205941
205943
468088
205946
205948
205950
205953
205956
205959
205961
468105
205965
205968
205971
205972
205975
468125
205982
205987
205989
205992
730282
205995
205998
205999
206002
206005
206008
206009
206013
206016
206018
206021
206022
206029
206031
206033
206034
206037
206038
206049
206052
206055
206058
206059
730348
206063
468208
206066
206068
206071
206072
468216
206075
206078
468224
206087
206089
206090
206093
206094
206096
206099
206100
206102
206104
206107
206110
206118
206125
206130
206139
206140
206143
206148
206150
206152
468296
206157
206159
206161
206166
206167
730456
206169
206171
206173
206178
730466
206179
206181
206184
206187
206188
206191
206195
206198
206203
206204
206208
206211
206220
206223
206225
206231
206233
206237
206239
206243
206244
206248
206251
206253
206256
206257
206259
730548
206264
206266
206268
206269
206273
206275
206277
206280
206292
206296
206301
206303
206307
206309
206315
206316
206318
206322
206324
206328
206329
206332
206334
206336
206339
206343
206344
206351
206357
206361
206363
206365
206369
206373
730661
206376
206384
206385
206388
206390
206392
206393
206395
206397
206400
206402
206403
206406
206407
206411
206415
206416
468563
206422
206423
206425
206427
206433
206436
206441
206442
206444
730733
206453
206455
730751
206466
206468
206471
206473
206478
206480
206483
206485
206487
206494
206496
468642
206499
206503
206505
468650
206508
206513
206521
206525
206528
206531
206533
206538
206539
206544
206546
730834
206550
206552
206553
206558
206560
206564
206565
206567
206569
206570
206572
206575
730864
206580
206582
730872
206587
206590
206593
206596
206598
206600
206606
468751
206609
730898
206613
206618
730906
206619
206623
206625
206628
206631
206634
206638
206640
206644
206651
730939
206654
206657
206659
206661
206664
206666
206669
206672
206674
206677
206683
206684
206686
206690
206694
206697
206700
206703
206706
206707
206709
206719
206724
206725
206728
206729
206732
206735
206737
206738
206743
206746
468892
206749
206751
206752
468900
206757
206764
206768
206771
206773
206777
206780
206784
206787
206790
206793
206796
731085
206800
206802
206808
206811
206813
206816
206820
206823
206824
206828
206829
206832
206835
206838
206839
731129
206842
206847
206849
206852
206853
206857
206858
206862
206867
206870
206873
206874
206875
206878
206879
731168
206881
206883
731176
206892
206893
206897
731188
206901
206903
206908
206909
206912
206913
206914
206917
206919
206923
206927
206928
206931
206932
206935
206938
206941
206947
206949
206951
469096
206954
206960
206961
206964
206967
206969
206970
206976
206983
206985
206989
206993
206994
731286
206999
207003
207005
207009
207011
207015
207019
207021
207027
207029
207034
207037
207038
207042
469186
207045
207048
207049
469194
207051
207053
207056
207058
469202
207059
207060
207062
207064
207066
207067
207069
207071
207077
207078
207080
207083
207085
207088
207090
207092
731384
207098
207106
469254
207112
207114
207118
207120
207121
207124
207125
207128
207132
207133
207136
207139
207145
207148
207149
207153
207158
207160
207165
207167
731456
207169
207172
207173
207175
207179
731468
207182
207184
207187
207194
207196
207197
207200
207202
207203
207208
207212
207219
207222
207223
207227
207229
207231
207233
207235
207239
207241
207243
207249
207252
207253
207255
207256
207259
207262
207268
207273
207274
207276
207282
207284
207285
207287
207289
207291
207292
207295
207299
207302
207307
207313
207315
207318
207319
207321
207324
207329
207333
207334
207339
207342
207345
207346
207349
207352
207353
207355
207362
207365
207366
469510
207369
207371
207372
207374
731663
207381
207383
207386
207387
207390
207393
207396
207397
207400
207401
207404
207409
207411
207414
207415
207421
207425
207428
207436
469580
207437
207442
207444
469588
207445
207452
207456
207457
469603
207462
207465
207466
207469
207473
207475
207479
207481
207485
207487
207490
207492
207493
207499
207504
731794
207511
207514
207521
207523
731811
207525
207528
207531
207533
731824
207537
207542
207547
207550
207553
731841
207558
207561
207564
207569
207570
731858
207574
207577
207580
207581
207584
207589
207591
207593
207596
207597
731885
207599
207600
207604
207605
207608
207609
207613
207617
207621
207622
731912
207625
207629
207630
207634
207636
207641
207644
207648
207652
207653
207655
207656
207658
207660
207663
207665
207669
207673
207675
207678
731966
207682
207683
207687
207690
207694
207697
207698
207705
207709
207711
207714
207721
207723
207725
207728
207729
207731
207734
207736
207738
207742
207743
207746
207749
207752
207753
207763
207767
207770
207773
207774
207776
207780
207789
207790
207793
207794
207797
207798
207806
207808
207813
207821
207824
732114
207827
207829
207832
469977
207834
207836
207839
207843
207846
207850
207853
207856
207859
207864
207868
207871
470015
207877
207879
470023
207881
207884
470031
207888
207890
207893
207895
207897
207900
207902
207911
207919
470063
207921
207923
207926
470071
207928
207932
207935
470079
207937
207938
207942
207945
207949
207952
207953
207955
207957
207960
207964
207969
207973
470118
207977
207985
207986
207989
207990
207994
207997
208000
208004
470151
208009
208010
470159
208017
208021
208025
208029
208032
732324
208037
208039
208041
208045
208050
208054
208057
208064
208067
208068
208070
732360
208073
208087
208093
208094
208096
208100
732388
208103
208104
208107
208112
208114
208116
208120
208126
208127
208130
208133
208142
208145
208149
208155
208157
208158
208162
208165
208166
208168
208175
208180
208182
208183
470328
208187
208189
208192
208193
208196
208197
208201
208202
208206
208208
470352
208212
208217
208221
732519
208233
208236
208239
732527
208241
208242
208244
208246
208249
208252
208255
208264
208265
208267
208270
208272
208274
208276
208278
208280
208288
208289
208293
208294
208298
208303
732592
208309
208311
208314
208318
470464
208321
208322
208325
208329
208330
208332
208336
208338
732627
208342
208345
208349
208352
208357
732646
208362
208364
208366
208368
208371
208374
208376
208377
732665
208380
208384
208387
208393
732684
208397
208401
208404
208407
208409
208410
208414
208415
732703
208422
208425
208430
208432
208434
732724
208437
208438
208440
208441
208443
208446
208451
208456
732745
208458
208461
208462
208465
208469
208471
208472
208475
732763
208479
208482
208490
208493
732781
208495
208497
208500
208501
208503
208505
208510
732799
208513
208520
208521
208526
208528
732817
208533
208535
208537
208542
208547
732835
208556
208557
208560
208562
208565
732853
208574
732864
208577
208586
208588
208589
208591
208594
208596
208597
732886
208601
208603
208611
208613
208617
208622
208626
732915
208628
208631
208634
208638
208639
208642
208643
208645
208646
732937
208652
208658
208660
208662
208663
208665
208667
208669
208670
208674
208677
208679
208681
208682
470826
208685
208690
208692
208696
208697
208702
208705
208711
208716
208720
208727
208728
208730
208733
733025
208739
470885
208743
208745
208748
208751
208752
208757
208762
208763
208765
470909
208766
733054
208773
470917
208775
208776
733065
208781
208784
208786
208789
208792
208793
470937
208798
208799
208801
208802
208804
470954
208814
208816
733105
208818
208820
208822
208827
208828
733116
208831
208832
208838
208841
208846
208850
208853
208855
208858
208859
208862
208865
208866
208868
208869
208871
208873
208877
208878
208884
208887
208888
208890
733179
208892
208895
208897
208899
208905
208908
208910
208919
208923
208927
208930
208932
208938
208939
208941
208944
208948
208950
208951
208952
208954
208957
208963
208969
208973
208975
208977
208982
208986
208988
208993
208998
209001
471145
209003
209008
471153
209011
209013
471161
209019
209023
209024
209029
209031
209034
209037
209039
209041
209043
209047
209052
209054
209056
733345
209059
209061
209066
209070
209073
209074
733363
209077
471223
209081
209083
209084
733374
209087
209091
209095
209097
209100
471246
209103
209105
209106
209110
209114
209115
733404
209117
209118
209124
733412
209127
209129
209132
209134
209138
209140
209143
209144
209151
733441
209159
209160
209162
209165
209168
209171
209174
209177
209183
209186
209192
209194
209197
209200
209202
209204
209208
733496
209211
209212
209214
209216
733507
209221
209224
209228
209230
209234
209237
209239
209243
209245
209249
209251
209255
209258
209265
209267
209270
209271
471417
209274
209276
209279
209281
209284
209285
733573
209288
209291
209293
209297
209299
209302
209303
209306
209308
209310
209312
209314
733603
209318
209322
209327
209329
209331
209338
733629
209342
209344
471489
209346
209350
209352
209357
209360
209361
209363
209367
209371
209372
209374
733663
209376
209384
209387
209391
209393
209400
209402
209407
209408
209411
733699
209412
209419
209422
209425
209429
733720
209433
209438
209442
209443
209449
209450
209453
733741
209456
209458
209460
209466
209467
209473
733762
209476
209480
209483
209486
209489
209491
209492
471637
209495
733783
209498
209501
209502
209505
209508
209512
209514
733804
209518
209523
209526
209527
209530
209531
209534
209535
733825
209538
209541
209542
209545
471694
209552
209556
209558
733846
209565
209567
209572
471719
733867
209582
209590
209591
209595
209598
471743
733888
209601
209606
471751
209608
209610
209613
209615
209618
209623
209626
209628
209629
209632
733920
209634
209636
209637
471782
209639
209640
209642
209645
209646
209648
209651
733941
209656
209658
209660
209663
209664
209673
209674
209678
209680
209683
209684
733973
209686
209689
209692
209697
209700
209704
733994
209709
209714
209717
209719
209721
209726
209729
209733
209736
209737
734026
209742
209745
209754
209759
209761
209765
209767
209769
734058
209772
209775
209778
209780
209787
209789
209791
209794
209795
209798
209799
734087
209803
471948
209807
209808
209810
209812
209814
734105
209818
209821
209824
209830
209832
209835
209838
209839
209843
209845
734133
209848
209851
209852
209854
209859
209864
209865
209868
734156
209870
209873
209875
209878
472022
734166
209881
209884
209888
209891
209893
209894
209898
209901
209903
472047
209907
209910
209912
734202
209919
209921
209922
209924
209926
209928
209934
209939
209941
734231
209948
209955
209958
209960
734249
209962
209968
209972
209975
209976
734265
209981
209982
209985
209992
734283
209999
210003
210006
210008
210009
210012
734301
210014
210017
210019
210021
210025
210026
210028
210029
210031
210035
210039
734330
210043
210046
210051
210052
210058
734348
210061
210067
210069
210071
734359
210073
210075
210080
210083
210086
734377
210090
210092
210096
210098
734388
210101
210103
210105
210109
210112
210116
210120
210123
210125
210129
734417
210130
210132
210135
210136
210138
210142
210144
210146
734435
210148
210151
210160
210163
210165
210167
210169
210171
210173
734461
210176
210177
734472
210185
210188
210190
734480
210195
210197
210198
210204
210212
210215
210218
734509
210223
210226
210230
210232
210235
210239
210242
734531
210247
210249
210251
210254
210257
210258
210259
472403
210261
210267
210269
210272
210278
210283
210284
210289
210291
734579
210293
210296
210297
734587
210303
210304
210308
210314
210316
210317
210319
210325
210328
734616
210329
472474
210332
210335
210338
472482
210340
210343
210345
210346
472490
210348
734638
210351
210353
210357
210359
210362
210363
210366
734656
210376
210378
210380
210383
210389
210390
210392
734685
210402
210403
210405
210406
210412
210414
734703
210416
210419
210421
210425
210427
210428
210431
210437
734725
210439
210445
210446
210451
734743
210459
210463
210465
210467
210471
210473
734761
210477
210480
210485
210488
210490
734779
210493
210496
210498
210500
210504
210506
210509
210513
210515
210519
210520
734808
210523
472673
210533
210535
734826
210541
210544
210550
210553
210555
210558
210560
210564
210567
210570
734860
210573
210576
210578
210582
210585
210587
210589
734878
210593
472737
210595
210600
210603
210604
210607
734896
472756
210614
210617
210618
210621
210622
734914
210632
210636
210639
210643
734932
210650
210655
210659
210663
734953
210666
210670
210672
734964
210677
210681
210686
210689
210692
210694
734982
210695
210701
210713
210717
210720
210722
210725
210728
735016
210729
210733
210735
210736
210742
735034
210747
210750
210752
210755
210756
735051
210768
210769
210771
210772
210774
210777
210780
210782
735074
210790
210792
210795
210800
210801
210803
735092
210806
210811
210813
210815
735103
210818
210819
210821
210824
210825
210828
210830
735121
210835
210838
210842
210844
210849
735139
210852
210855
210859
210861
210865
735157
210870
210871
210874
210877
210884
210885
210891
210896
210900
210901
210903
210905
210909
735197
210913
210916
473061
210918
210919
210925
735215
210933
210936
210945
735235
210948
210949
210952
210955
210962
735253
210966
210968
210971
210973
210975
473119
210977
210982
210987
735275
210990
210993
735283
210996
210997
473143
211001
211003
211005
211007
211011
735301
211015
211016
473161
211020
211022
211025
211026
211029
211030
211033
211036
211037
211039
211041
211044
735333
211046
211047
211049
211052
211055
211059
211061
211068
211071
211073
735362
211075
211076
211079
211084
211086
211089
211092
211094
211096
211101
735391
211108
211110
211111
211113
211114
211116
211122
211129
211130
211132
735421
211134
211137
211139
211141
211145
211148
211156
211159
211161
735450
211170
211173
211179
473324
211181
211187
211188
211190
211195
211196
211198
211200
735492
211205
211207
211209
211211
211214
211215
211220
211221
735510
211224
211228
211230
473379
211237
211240
735528
211244
211247
211256
211257
211259
211260
211262
211264
211267
735557
211270
211272
211278
211287
211289
211297
735585
211298
211301
211307
211312
735602
211316
211320
211323
211326
211329
473476
735620
211333
211336
211343
211349
735638
211363
211366
211367
735656
211370
211373
211375
211377
211380
211382
735674
211388
211389
211391
211394
211396
211398
211400
211403
735692
211408
211409
211410
211412
211415
211416
211418
211422
735710
211424
211432
211434
735724
211439
211440
211444
211446
211450
211452
211456
211459
211464
735752
211466
211468
211470
211474
211480
211481
735770
473627
211484
211487
473634
211493
211496
473641
211499
735788
211504
211507
211511
211513
211514
735806
211519
211522
211527
211529
735817
211533
211536
211539
211542
211547
211554
211555
735845
211558
211559
211565
211567
211569
211573
211574
735862
211577
211578
211581
211583
735873
211586
211591
211593
211596
211599
211600
211604
211608
211611
211614
735902
211618
211620
211622
211630
211634
211637
211641
211643
211645
211647
211650
211652
211654
735942
211657
211659
473803
211660
211663
211670
211678
735971
211690
211698
735987
211701
211707
211711
211715
211716
211721
211723
211725
211728
211729
211731
211734
211737
211738
736031
211745
211747
211748
211752
473896
211753
211756
211763
211767
211770
211773
211775
211777
211783
211785
211786
211788
211791
211793
211797
211801
211804
736092
211809
211811
211813
736103
211818
211819
211822
211824
211826
211827
211832
211834
211836
211838
736126
211841
211848
211850
211855
211856
211860
211861
736150
211870
211872
211874
211878
736168
211883
211884
211886
474031
211888
211889
211892
211895
211898
211899
211903
211905
474049
211907
211908
736196
211911
211915
211919
211921
211926
211930
211933
211935
211938
211941
211943
736236
211949
211950
211951
211954
211956
211957
211959
211967
211968
736256
211971
211972
211975
211976
211978
211986
211987
211989
211991
211992
211999
212003
212007
736296
212009
212010
212013
212018
736306
212019
212022
212023
212026
212029
212031
212034
212036
736324
212039
212041
212043
212045
212050
212055
212060
212066
212068
212070
212076
212077
212079
212080
736369
212083
212088
736380
212093
212098
212099
212103
212105
212108
736401
212115
212118
212121
212123
736412
212126
212129
212135
212136
736429
212143
212148
212153
212161
212163
212166
212167
212173
212182
212189
736477
212192
212195
212197
474344
212201
212203
212206
736495
212210
212214
212216
212217
736506
212221
212223
212225
212227
212231
212233
212237
212239
474385
736530
212246
212252
212253
212256
212258
212260
212261
736550
212268
212270
212274
474426
212283
212287
212298
212300
474444
212301
736589
212305
212307
212311
212315
212319
212322
736611
212324
212326
212328
212332
212335
736629
212344
212349
474493
212352
212354
212360
212362
736652
212368
212373
212374
212377
212380
212383
212384
212388
212390
474534
212392
736681
212394
212395
212398
212405
736698
212411
212413
474560
212417
212421
212434
736722
212437
212438
212441
212444
212449
212452
212453
212455
212456
736746
212459
212462
212464
474609
212466
212469
212472
212480
212482
212484
212486
212489
212494
736783
212496
212501
212506
212510
474655
212512
736800
212516
212519
212523
212524
212526
212529
212532
212535
736824
212538
212541
212544
474688
212546
212548
212552
212553
736842
212555
474700
212560
212563
212566
212569
212570
736859
212572
212575
212577
212579
212586
212590
212591
212594
736883
212597
212598
212602
212605
212610
212612
736901
212614
212616
212621
212623
736912
212626
212629
212631
212632
212640
212642
212645
212646
212649
212653
212657
736945
212660
212664
212667
212668
212670
212672
474817
736962
212675
212676
212677
212679
212681
212682
212685
212692
212694
212696
212700
212702
212705
212708
212711
212713
212715
737004
212720
474868
212726
212728
212736
212739
212740
212745
212747
212750
212753
212755
212758
212759
212762
212764
212767
212770
212771
212772
212775
212777
737066
212783
212785
212786
212790
737080
212799
212801
212803
212805
212809
474955
212812
212818
212821
212825
212827
212830
212831
737120
212835
212837
212838
212844
212845
212848
737138
212857
475004
212861
212862
212865
212868
212871
212873
212875
212877
737166
212881
475027
212885
212890
737184
212898
475043
212900
212905
212906
737194
212908
212910
212912
212914
212916
737205
212919
212922
212924
212928
212931
212932
737227
212942
212945
212948
212953
737248
212961
212962
212965
212970
212974
212978
737267
212981
212984
212986
737278
212992
212995
212997
213000
213002
213007
213010
213013
213019
213021
213025
213030
213032
213035
213037
213038
213040
213042
213043
213046
213049
213051
213053
213057
213059
737349
213068
213071
213073
213075
213080
737370
213084
213087
213088
475233
213091
213092
213094
213096
213097
737387
213101
213105
213108
213111
213116
737404
213119
213122
213126
213127
475272
213131
213133
213136
213139
213141
213146
213154
475300
213157
213159
737448
213164
213168
213171
213174
737463
213176
213178
213182
213191
213194
213196
213200
737489
213205
213207
213209
213215
213218
213221
213225
213227
213230
213234
213240
213244
213249
737543
213256
213258
213261
213268
213277
213279
737567
737577
213290
213296
213300
737588
475445
213304
213306
213308
213314
213318
213320
213324
213326
213327
213329
213334
213340
213347
213349
213352
213353
213360
213361
737652
213365
475512
213373
213378
213382
213384
213385
737674
213390
213391
213393
213396
213402
213405
213410
213413
737703
213419
475564
213422
213423
213426
213430
213433
213434
213439
737729
213443
213445
213453
213455
213457
213459
737747
213461
213465
475616
213474
737763
213476
213479
213485
213489
213492
737781
213494
213500
213509
213518
475663
213523
213524
213527
213529
213533
213537
213540
213542
213546
737841
213559
213562
737851
213567
213568
213571
213575
213576
213580
475724
213583
213584
737874
213590
213591
213593
213599
213603
213605
213609
213610
737899
213623
475769
737916
213631
475776
213633
213636
213641
213645
213646
213652
213657
213667
737959
213672
213674
213675
213678
213680
213683
213684
213686
213688
213690
213692
213694
213697
213698
213705
213708
475854
213713
213717
213722
213726
213729
738017
213732
213734
213736
213742
213748
738036
213750
213752
213754
213758
213760
213762
213764
213766
213771
213778
213780
213783
213786
213788
738079
213794
213796
213799
213802
213805
213809
213811
213816
213822
738111
213825
213828
213829
213837
213839
738129
213843
213846
213852
213853
738141
213855
213857
213859
738152
213867
213868
213873
213878
213881
738173
213887
213889
213891
213896
213898
213901
213904
213906
213912
213913
213918
213921
213923
213927
213929
213930
213934
213936
476082
213940
738234
213949
213955
738245
213958
213965
213967
213968
213971
213974
213976
476121
213978
213984
213985
213987
213992
738281
476138
213995
213996
213997
214002
214003
214009
214015
214019
214023
214024
214028
738325
214039
214041
214044
214051
214054
738343
214058
214063
214064
214067
214068
214071
214079
214084
738376
476234
214092
214096
214099
738389
214103
214106
214107
214112
214114
214115
738403
214118
476265
214122
214125
214127
214128
214131
214132
476280
214137
738426
214144
476288
214147
214149
214150
214153
214159
214166
738456
214169
214170
214172
214173
214175
214177
214181
476325
214187
214188
214190
214191
214193
214197
214200
214203
214207
214208
738499
214212
214213
214218
214220
214226
214228
738517
214231
214232
214235
214239
214241
214244
738534
214247
214251
214253
214254
214257
214258
214260
214261
214264
214269
214270
214274
214277
214282
214284
214287
214293
738581
214296
214298
214300
214303
214306
214308
214312
214313
214315
214320
214323
214330
214332
738624
214338
214341
214342
214344
214351
214355
214357
214360
214361
214364
738653
214369
214373
214375
214376
214379
214382
738670
214383
214393
738681
214395
214396
214407
214409
214412
214413
476560
214418
214420
214423
738711
214426
214430
738727
214444
476592
214449
214455
214457
214460
214461
738749
214463
214467
476614
214471
214472
214476
738764
214478
214480
214483
214488
738777
214491
214493
476638
214495
214497
738787
214500
214503
214508
214509
214512
214514
214517
214520
214523
214524
476668
214528
214533
214537
214543
214545
738834
214548
214551
214559
214565
476711
214568
214571
214573
214574
214576
214579
214581
214584
214587
214589
214592
214594
214598
738887
214604
214611
214613
214616
738907
214621
214624
214625
214629
214631
214636
214639
214642
476792
214650
214655
214657
214658
476802
214660
214664
214671
214673
214675
214678
214681
214684
214687
214689
214692
738981
214695
214698
214701
214704
214710
476856
214716
214718
214721
214723
214728
476872
214732
214734
214738
739026
214740
214750
214755
214756
476901
214759
739048
214763
214766
214768
214773
739061
476919
214776
214777
214779
214782
214785
214788
214791
214795
214798
214801
214804
214807
214810
214811
214816
214817
476963
214820
214821
214824
214826
214828
214831
214833
214834
214835
214838
739126
214839
214840
214843
214846
214848
214851
477002
739146
214861
214863
214864
477010
214870
214873
214874
214877
214883
214886
214888
214891
214895
214897
214900
739198
214913
214917
214919
214920
214922
214925
214926
214928
214929
214931
214933
214934
214936
214940
214947
739235
214950
214953
214955
477101
214959
214963
739252
214968
214970
214972
214977
214979
214982
477126
214985
477134
214992
214994
214995
214999
215001
215003
215007
215009
215010
215012
215016
477163
739307
215022
215027
215028
215031
215033
739325
215038
215042
215047
215051
215053
215058
215061
477209
215068
215069
215078
215080
477225
215086
215088
215092
739381
215097
215103
215105
215108
215111
215113
215114
215117
215120
477264
215123
215125
215129
477274
215133
215138
215143
739434
215147
215149
215155
215159
215162
215165
215169
215171
215174
215177
215183
215185
215196
215198
215202
215204
215207
215208
215210
215215
215217
215225
215227
215230
215235
215238
215244
215250
215253
215254
739546
215259
215260
215263
215265
215268
215271
215273
215279
215282
215283
215284
215286
215288
215289
215292
215299
739587
215300
215302
215304
215305
477451
215308
215311
215317
477461
215330
215332
215334
215340
215344
215348
215349
215351
215352
477497
215358
215361
739652
215367
215377
215379
215381
215383
215388
477532
215390
215393
739682
215400
215402
215405
215409
215413
215415
215423
215424
215426
477570
215429
215432
215433
215435
215437
215443
215444
215446
215447
739740
215454
215460
215462
215465
215466
739757
215471
215473
215475
215478
215483
215485
477629
215489
215501
739793
215507
215508
215510
215511
215513
215514
215518
215520
739808
215524
477670
215527
215529
215531
477678
215535
215536
739825
215538
215542
215544
477694
215552
215554
215556
215557
215567
739856
215572
215577
215581
739872
215591
739881
215596
215598
477742
215601
215604
215607
215610
215614
215617
215619
215621
215625
215629
739919
215635
215638
215640
215647
215649
215652
739944
215658
215661
215662
215664
739953
215668
215672
215674
215677
215678
215680
215681
215683
215685
215687
215690
215697
215703
215705
215709
215713
215717
740005
215719
215721
477865
215724
215729
215736
477880
215739
215741
215743
215747
215751
215754
477898
215758
740047
215762
215766
477910
215768
215770
215773
215776
215779
215782
215785
215789
215795
215796
215801
215806
215808
215814
215818
215819
215824
215830
215833
215834
215837
215839
215841
215842
215845
215846
215851
215855
215857
215860
215867
215872
740161
215879
215886
215887
215891
215895
215899
215902
215903
215906
215907
215910
740198
215913
215916
215918
215920
215924
215931
215933
215934
215942
215946
215950
215958
215960
215962
740250
215967
215969
215970
215974
215975
215977
478121
215978
215980
215983
215987
215988
740277
215994
215996
478140
216001
216003
216005
216006
216008
740300
216013
216015
216023
216025
216036
216040
216043
740332
216046
216050
216053
216055
216058
216062
216070
216075
216085
216087
216090
740378
216094
216097
216099
216101
216104
216106
216109
216112
216114
216115
478259
740403
216118
216121
216124
216125
216128
478273
216134
216136
740426
216140
216143
216147
216149
216152
216154
216159
216161
478307
216164
216166
216171
216175
216178
216180
216183
216190
216197
216198
216201
216202
216208
216213
740501
216216
216220
216225
216226
216228
216230
216235
216238
216240
216242
216245
216248
216249
216251
216254
216256
216260
216261
216264
216271
216276
740564
216277
216281
216285
216286
216289
216294
216296
216299
216302
740590
216305
216313
216319
216328
216337
216338
740626
216340
216344
216347
216348
216351
216352
740643
216356
216358
216360
478508
216365
216368
216375
216379
216380
216383
216386
216389
216391
216394
216397
216400
216402
216405
216414
216419
216424
216425
216428
216429
216433
216435
740725
216439
216440
216442
216445
216446
216448
216450
216453
216456
216460
216467
216474
216480
216484
216488
216490
740778
216494
216498
216501
216505
216508
216513
216519
216520
216523
216525
216527
216534
216535
216539
216541
216544
216545
740834
216547
216551
216554
216555
216558
216562
740852
216568
216571
216572
216574
216578
216582
216584
216588
740876
216590
216592
216594
216598
216599
216602
216607
216611
216614
216616
216618
740908
216625
216627
478776
216640
216641
216644
216647
478792
216652
216657
740945
216660
216666
216673
216676
216679
216683
216685
740975
216691
216694
216698
216700
216702
216707
216711
216715
216721
216723
216725
216727
216729
216732
216736
216739
478883
216742
216744
216746
216748
216750
216751
216753
216757
216764
741052
216765
216772
216783
216786
216789
216792
216797
216811
216816
216818
216821
216824
216826
741114
216828
216834
216837
216841
216843
216848
216849
216853
216855
741143
216856
216859
216865
216869
216873
216875
216880
216882
216884
216886
216887
216889
216891
741179
216895
216898
216904
216908
741201
216914
216915
216918
216923
216926
216928
216930
741219
216933
216941
216942
216945
216953
216958
216960
216961
216964
216966
216967
216969
479113
741257
216973
216979
216980
216984
216992
216995
216998
741287
217000
217002
217005
217008
217011
217017
217023
217028
217029
217034
217036
217049
217051
217055
217059
217061
217065
217067
217070
217071
217073
479220
217079
217083
741381
217096
217100
217101
217103
217106
217107
217114
217117
479263
217123
217126
217131
217132
217137
217141
217143
217144
217146
217150
217153
217156
217165
217168
217170
741459
217173
217178
217181
479326
217183
217184
217191
217193
741482
217195
217200
217203
217206
217212
217216
217219
217222
217223
217226
217230
217234
217235
217243
741532
217250
217253
217255
217265
217267
217271
217272
217281
217284
217285
217288
217291
217293
217302
217303
217305
217308
217312
217314
217327
741615
217328
217331
217333
217334
217337
217338
217341
217346
217348
217353
217355
217357
217361
217363
217364
217369
217371
217374
217376
479523
217382
217388
217391
741682
217395
217397
217402
217403
217407
217411
741700
217413
217415
217419
217422
479569
217426
217429
217431
217441
217450
217455
479600
217462
217464
217467
217473
217480
217486
217488
217491
217494
217495
217497
217500
217503
217505
217510
217511
217515
217516
217519
217520
217533
217537
217543
217545
217546
217548
217555
217557
217559
217563
217566
217568
217570
217571
217573
217576
217585
217586
479732
217589
217592
217597
217601
217603
217606
217612
217613
217615
217618
217620
217623
217628
217630
741923
217645
217648
741940
479802
217659
217660
217662
217667
217672
217673
217678
217683
217685
217687
217689
217690
741985
217699
217703
479849
741993
217709
217712
217717
217718
217723
217724
217730
217733
217736
217740
217748
217754
742045
217759
479906
217764
217766
217767
217769
217772
217775
217780
217785
217787
217790
217794
217796
217799
217801
217806
217808
217811
217814
217815
217818
217820
217822
217824
217825
217829
217832
742121
217834
217838
217841
217843
217845
217848
217851
217853
217855
217857
217859
217862
217863
217867
217869
217872
217876
217881
217884
217886
217890
217891
742180
217894
217896
217897
217899
217902
217904
217906
217909
742197
217913
217917
217921
217924
217925
742215
217928
217934
217936
217939
217942
217945
217948
217953
217955
217958
217960
217961
217963
217966
217968
217971
217972
742261
217974
217976
217978
217981
217984
217987
217989
217992
217995
217998
217999
218001
218014
218016
218019
218024
218031
218033
218034
742326
218041
218043
218044
218046
218048
218053
480197
218058
218060
218062
218067
218072
218073
218077
218079
218082
218085
218090
218093
218099
218101
218104
218109
218114
218116
218118
218121
218124
218125
218128
218131
742420
218133
218137
218141
218144
218146
218147
218149
742442
218155
218158
218161
218163
218165
218168
218170
218171
218174
218177
480322
218179
218181
218185
218186
218190
218191
218195
218202
218204
218208
742496
218210
218214
218217
218220
218224
742517
218233
218236
480381
218239
218243
218245
218249
218252
218253
480397
218256
218263
218267
218272
218274
218276
218284
218286
218287
218290
218292
218296
218298
218304
218306
218311
742600
218313
218314
218317
218323
480468
218329
218331
218333
742621
218335
218339
218342
218343
218348
218350
218356
218359
218363
218367
218371
218376
218380
218381
218384
218386
218387
218391
218393
218396
218398
218400
218402
218405
218407
742696
218413
218416
218418
218421
218426
742716
218429
218434
218438
218441
218443
218451
742739
218455
218458
218462
218469
218473
218476
218478
218479
218483
218486
218497
218498
218500
480644
218502
218505
742793
218507
218509
218512
218515
218518
218520
218522
218523
218526
218528
218531
218534
218536
480680
218538
742827
218541
218545
218547
218549
218553
218555
480699
218561
218564
218568
218572
218577
218579
218581
218583
218587
218588
218590
218592
218594
742882
218599
218602
218604
218610
218612
218619
742909
218625
218629
218633
218637
742926
218641
218645
218646
218653
218655
218659
218663
218666
218667
218669
218672
218673
218677
218679
480828
218687
218690
218693
218698
218705
218708
218711
218714
480859
218716
743007
218721
218722
218724
218727
218730
480877
218734
218735
218738
480887
218749
218750
218752
218755
218761
218769
218772
218773
218776
218780
218782
743073
218791
218794
218797
218801
218805
743093
218807
218813
218815
218818
218819
218821
218823
218825
218830
218832
218840
218843
218845
218851
218858
218859
218863
218866
218869
218871
218874
218876
218878
218880
218883
218886
218889
218893
218898
218901
218902
218905
218910
218914
218916
743208
218923
218928
218930
218931
218937
218938
218941
218944
218946
218948
218956
218959
218962
218967
218968
218971
218972
743260
218975
218980
218984
218987
218990
218991
218993
218997
219002
219005
743295
219008
219020
219022
219025
219033
219035
219036
743325
219040
219042
219044
219054
743342
219055
219058
219062
219066
219068
219071
219075
219081
219083
219090
743379
219092
219094
219100
219102
219103
743396
219109
219112
219114
219127
219129
219133
481281
219141
743431
219144
481290
219147
219149
219152
743442
219155
219159
219163
219165
219169
219175
219177
219183
219187
219189
219192
219194
743483
219199
219202
219209
219212
219216
219219
219223
219227
219231
219234
219235
219237
219240
219243
219245
743533
219246
219252
219254
219258
219259
219262
219264
219266
743554
219269
219272
219273
219276
219279
219283
743575
219290
219292
219293
219296
219299
219304
219307
743596
219310
219315
219317
219321
219323
743613
219326
219328
219330
219334
219338
219339
219341
219346
219348
219353
219356
219359
743650
219363
219364
219366
219368
219379
219382
219385
219391
219393
219394
219401
219402
219404
219405
219410
743699
219416
219419
219421
219422
219425
219427
219429
219433
219435
219443
219446
219454
219456
219459
219461
219462
219467
743759
219473
219478
219481
219487
219489
219491
743780
219493
219496
219502
219504
743800
219513
219514
481660
219521
219523
219525
219528
481675
219532
219534
219538
219539
219544
219546
481690
219549
219552
219555
219556
219558
219559
219560
219562
219571
219573
219575
219579
219581
219582
219587
219589
219592
219593
219596
219598
481743
219601
219602
219606
219609
219612
743901
219616
219618
219623
219626
219629
219632
219634
219637
219638
219639
219641
743931
219646
219647
219654
481799
219656
219660
219662
219668
219671
219673
219675
219676
219679
219680
219682
743972
219687
219688
219691
219700
219706
219713
219717
219721
219723
219728
219729
219733
219736
219743
219745
219747
219750
219753
744041
219754
219758
219761
219763
219766
219769
219771
219774
219782
219791
219797
219798
219800
481946
219803
219809
219811
219812
219815
219818
219824
219826
219831
219832
219835
219841
219844
219846
219847
219849
219850
219858
219862
219865
219869
219870
219871
219873
219878
219880
219883
744178
219891
219894
219901
219917
219919
219925
219928
219932
219935
219937
219939
219943
219952
219954
219956
219960
219961
219965
219967
219969
219971
219975
219988
219990
219995
219999
220001
220002
220004
220008
744298
220012
220019
220020
220023
220024
220027
220028
220030
220031
220035
220037
220042
220045
220047
220053
220057
220060
220063
220075
220081
220085
482229
220088
220091
220093
220098
220101
220103
220107
220112
220114
744404
220117
220119
220120
220124
220126
220127
220133
220136
744424
220140
220144
220147
220151
220159
220161
220163
220174
220176
744464
220181
220185
220186
220190
220194
220195
220200
220201
220203
744491
220206
220208
220210
220213
220216
482360
220220
220223
220230
220234
220236
220238
220242
220248
220252
220253
220255
220263
220267
220269
220279
220282
220283
220285
220288
220289
220291
220292
220295
220298
220299
220302
220306
220311
220315
220319
220323
220327
220329
220330
482478
220335
220336
220339
220342
220344
220346
220350
220352
220355
220360
220362
220365
220367
220369
220372
220375
220376
220378
220381
220382
220385
220388
220398
220401
220406
220413
220415
220416
220421
220422
220425
220428
744717
220430
220432
220435
220438
220442
220444
220447
220450
220452
220454
220456
220458
220461
220464
220466
220468
220474
220476
744764
220480
220484
220490
220491
220494
220504
220508
220511
220513
220516
220525
220527
220529
220531
220532
220538
220546
220549
220551
220553
220555
744843
220558
220559
220564
220567
220570
220572
220580
220582
220587
744887
220603
220608
744897
220610
220614
220616
220619
220620
220622
220626
220634
220637
744929
220643
220644
220646
220649
220650
220656
220658
220660
220662
220670
220673
220675
220678
220685
220688
220692
220693
220696
220698
220701
220704
744992
220711
220714
220720
220723
220725
220726
220728
220731
220735
220739
220740
220742
220746
220748
220750
220753
220755
220760
220762
220764
220767
220768
220770
220774
220776
220779
220781
220783
220788
220794
220796
220804
220809
220817
220820
220824
220825
220827
220829
220832
220833
220836
220841
220842
220846
220847
220849
220854
220856
220858
220861
483005
220865
220867
220871
745160
220874
220876
483023
220880
220882
220884
220886
483031
220888
220890
220894
220896
220899
220901
220903
483049
220907
220909
220911
220916
220920
220921
220924
220928
483072
220930
220932
220935
220937
220939
220942
220945
220947
220949
220952
220954
220956
483100
220957
220959
220961
220967
220974
220977
483121
220980
220984
220989
220993
220995
221002
221003
221013
221018
221021
221025
221027
221030
221032
221033
221035
745323
221037
221038
221045
745339
221053
221054
483198
221056
221057
221062
221063
221066
221068
483214
221075
221078
221079
221083
221086
483230
221088
221094
221099
483246
221106
221109
221113
221114
221117
221119
221126
221128
221131
221133
221136
221137
221139
221140
221147
221150
221154
221155
221157
221164
221166
221174
221178
221189
221190
221193
221195
221196
221198
483343
221200
221204
221206
221207
221210
221212
221216
221222
221224
221230
221231
221235
221239
221243
221245
483392
221249
221251
221253
483398
221257
221259
221260
221266
221269
221270
221273
221282
221283
221286
221288
221291
221293
221296
483446
221303
221309
221310
221312
221315
221329
221330
483476
221337
221341
221344
221346
221349
221353
221358
221360
221362
221363
221365
221366
221368
221371
221376
221379
221384
221388
221392
221394
221396
221398
221399
221402
221403
221405
221409
221414
221419
221421
221428
221435
221437
221441
221442
221444
221446
221452
221454
221457
221458
221460
221462
221468
221472
221477
221481
221483
221485
221491
221496
221500
221503
221505
221512
221516
221519
221521
745809
221526
221529
221532
221535
221539
221541
221543
221546
221549
221552
221555
221556
221559
483704
221562
221564
221567
221571
221572
221577
221580
221582
221585
221588
221589
221603
483747
221605
221614
221620
221622
221624
221625
221633
221635
221637
483782
221640
221646
221647
221653
221656
221657
221661
221667
221668
221670
745958
221673
483819
221678
221683
221693
221698
745988
221702
221711
221713
221720
221721
483866
221725
221728
221731
221733
221735
746024
483881
221743
221746
221748
221749
221752
221755
221756
221759
483903
221762
221764
221766
221770
221779
221781
221783
221784
221787
483933
221793
221795
221798
221799
221801
221802
221804
221807
221809
221814
221815
221817
221826
221832
483976
221836
221838
221840
221851
221853
221859
221870
221874
221877
221885
221888
221890
221891
221893
221896
221899
221901
221903
221911
221914
221917
221921
221924
221927
221930
221932
484078
221936
746224
221940
221945
221947
221950
221952
746240
221955
221958
221960
221963
221966
221969
221973
221974
221980
221983
221988
221991
746279
221993
221994
221997
484144
222005
222010
222012
222015
222016
222019
222021
222026
222028
222031
222032
222035
222036
222039
222043
222045
222047
222050
222052
222053
222055
222058
222061
222062
222066
222070
222072
222073
222077
222081
222082
222084
222097
222099
222102
222106
484252
222110
222113
222114
222116
222118
484262
222123
222126
222132
222133
746422
222136
222138
222140
222143
222145
222148
222150
222171
222173
222179
222181
222184
222189
222191
222195
222199
484344
222211
222213
222214
222219
222223
222225
222226
222230
222232
222236
222242
222245
222246
222249
222254
222259
222264
222267
222269
222273
222277
222280
222281
222286
222291
222293
222294
222296
222298
222299
222304
222305
222309
222311
484457
222318
222319
222321
746609
222322
222327
222330
222332
222337
222340
222343
222346
222349
222352
222355
222357
222359
222363
222364
222366
222369
222372
222375
222378
222384
222385
484529
222387
222391
222393
222395
222397
222399
222400
222402
484547
222406
222410
222414
222419
222423
222425
222426
222427
222429
222434
222437
222442
222445
222449
222451
222454
222460
222462
222466
222470
222472
222476
222481
222485
222486
484630
222487
222489
222493
222495
222497
222499
222503
222514
484660
222519
222520
222522
484668
746812
222525
222526
222528
222532
222539
222544
222546
222549
484694
222552
222554
222556
484702
222563
222566
746859
222574
222579
222582
222587
484735
222593
222594
222596
222598
222601
222602
222608
746896
222609
222614
222618
222623
222625
222627
222631
222634
222635
222638
222640
222646
222653
222657
222659
222662
222665
222666
222668
222671
222672
222674
222676
222677
222682
222684
222686
222697
222706
222711
222713
222714
222717
222720
222729
222730
222735
222737
484881
222743
222746
222748
222755
222760
222762
222766
222768
222769
222772
222774
222779
484925
222787
222790
222793
222799
222800
222803
222807
222808
222811
222814
222816
222818
484964
222825
222827
222828
484972
222830
222832
222835
222836
222840
484984
222841
222844
222847
222853
222858
222861
222865
222870
222871
222873
222878
222882
222884
222888
222892
222894
222896
222900
222911
222913
222919
222921
222926
222930
222931
222933
222937
485082
222941
222942
222944
222945
747236
222953
222956
222958
222959
747257
222972
222975
222978
222981
222984
222986
222988
222994
222997
222998
223002
223004
223010
223014
223018
223021
223025
223027
223030
223034
223036
485180
223037
223045
223047
223055
223060
223064
223065
223068
223072
223076
223078
223082
223083
223087
223088
223091
223095
223100
223102
223104
223107
485252
223109
223113
223115
223118
223120
485264
223122
223127
747416
223131
223132
223134
223136
223139
223143
223145
223151
223158
223162
223169
223170
223173
223176
223178
223180
223183
223186
223191
223194
223202
223204
223209
223211
223213
223218
223221
223223
223226
223229
223233
223238
223240
223245
223252
223253
223256
223259
223263
223265
223269
223280
223284
223290
223295
223300
223303
223305
485459
223319
223320
223323
223325
223329
747621
223334
223339
747627
223345
223354
747643
223356
223357
223364
223369
223371
747659
223372
223377
223381
223382
223384
223387
747676
223390
223391
223394
223398
223399
223404
747692
223408
223413
223418
223419
747708
223423
223427
223429
223433
223440
223442
485590
223447
223449
223452
223455
223460
223462
485607
223465
223467
223471
223474
223476
485620
223480
747770
223483
223486
223488
223491
223492
485637
223494
223497
223499
223501
223505
485654
223513
223515
223516
223521
223524
223526
223527
223531
223532
223537
485681
223542
223543
223544
223548
223556
223558
223563
485708
223566
223579
223580
223582
223585
747873
223590
747883
223598
223600
223612
223613
223615
223617
485762
223619
223623
747912
223627
223628
223634
223635
223637
223640
223649
223651
223659
223661
223664
223665
223669
223671
223675
223678
223685
223688
747978
223691
223700
223704
223707
223718
223722
223726
748014
223730
223734
223736
223738
223748
223751
223753
223755
223758
223761
485910
223767
223774
223776
223780
223782
223783
223787
223790
223794
223799
223804
223806
223812
223818
223823
223828
223830
223832
223839
223842
223845
223848
223850
223854
223855
223859
223867
223871
223873
223875
223881
748169
223883
223884
223887
223890
223892
223895
223896
223899
223902
223905
223910
223912
223918
223919
223922
223927
223928
223933
223937
223940
223943
223949
223958
223961
223966
748255
223970
486120
223978
223981
223986
223991
748280
223994
224004
224006
486156
224013
224015
224020
224021
224023
224029
224033
224039
486184
224043
224045
748335
224049
224051
224055
224059
224062
224065
224070
748360
224073
224076
224078
224079
224081
748369
224089
224093
224096
224098
224100
224105
224114
224115
224118
224120
224127
224129
224130
224132
224134
224138
224140
224142
224144
224145
224151
224154
224156
224159
224161
224163
224165
224166
224169
486315
224173
224174
224176
748466
224179
486323
224185
224187
224189
224190
224192
224202
224207
224210
224219
224223
224226
224231
224233
224235
224241
486388
748533
224251
224257
224263
224269
224271
224272
224274
224278
486423
224283
224287
224290
224293
224297
486444
224301
224304
224307
224310
224313
224316
224321
486465
224326
224328
224338
224342
486486
224349
224353
224355
224358
486507
224364
224365
224368
224371
224372
224374
224378
224379
486528
224386
224390
748681
224397
224400
224405
486549
224409
224412
486567
224432
224434
224437
486585
224445
224451
486603
224460
224462
224467
224473
224476
486621
224478
224485
224487
224489
486639
224499
224505
224507
224510
486657
224518
224522
486668
224528
224531
224533
224539
748832
486690
224549
224552
224556
224561
224564
224568
224569
224573
748862
486719
224576
224580
224582
224586
224592
224594
224596
224597
486741
224599
224601
224603
224609
224611
224614
224615
224621
224623
224625
748915
224628
224631
224636
224642
224649
224651
224653
224655
224665
224670
224674
224678
224680
486829
224686
224688
224696
224706
224709
224710
486858
224716
224721
224725
486869
224732
224735
224736
224742
224744
224745
224747
224754
224756
224758
224760
224763
486909
224767
224774
224776
486920
224778
224781
224787
224790
224795
224796
224799
224800
224803
224805
224807
224811
224816
224819
224820
224824
224828
224830
224832
749123
224838
486983
224843
224845
224847
224850
224858
224860
224861
224868
224872
224874
224879
749168
224883
224888
224890
224891
224893
224894
224898
224905
224915
224917
224922
224924
224930
224935
224936
224941
224944
224946
224952
224954
224957
224961
224964
224969
224971
224973
224976
224979
224983
224986
224990
224997
225005
487149
225009
225014
225019
225023
487167
225028
225031
487178
225038
749326
225044
225048
749337
225050
225053
225056
225057
225059
225062
225064
225066
487210
225073
225074
487220
225077
225085
225090
225095
225097
225102
225104
487249
225112
225114
225117
225121
225122
225125
225136
225140
225144
225145
225148
225150
225153
749446
487304
225162
225167
225169
225171
487315
225173
225176
225182
225191
749479
225194
225195
225198
225201
225207
225209
225212
225214
225218
225221
225224
225227
225229
225230
225236
487381
225242
225243
225248
225252
225255
225258
225260
225263
225267
487411
225270
225275
225278
225284
225286
225289
225290
225293
487437
225298
225303
225307
225310
225313
225317
225318
225321
225324
225325
225328
487473
225333
225336
225338
225340
225341
225342
225346
225349
225352
225356
225357
225360
225363
225364
225367
225374
487519
225378
225380
225384
225386
225394
487540
225398
225399
225401
225403
225406
225417
487561
225421
225427
225428
225431
225433
225435
487582
225441
225443
225451
225454
225457
487603
749747
225463
225467
225471
225477
487624
225481
225489
225492
225496
225500
225501
487645
225506
225510
225517
487666
225530
225543
487687
225544
225546
225548
225550
225556
225560
225563
487708
225570
225574
225575
749863
225579
225581
225584
225585
225587
225590
225596
487740
749886
225601
225602
225605
225609
225613
225615
225616
487761
225620
225622
225630
225631
225633
225635
225639
225641
225643
225646
487793
225650
225651
225653
225660
225662
487814
225671
225675
225678
225680
225681
225685
225687
225696
225699
225702
487846
225703
225706
225711
225717
225721
225722
225724
225731
487878
225736
225738
225742
225744
225748
225757
750047
225761
487907
225764
225768
225769
225771
225772
225776
487925
225783
225787
225795
225800
225802
225805
225808
487953
225812
225814
225817
225819
750109
225822
225824
225829
225830
487976
225836
225838
225841
487986
225846
225849
225851
225854
225855
225858
225859
225864
225868
225870
225871
225873
225876
488022
225882
750170
225887
225890
225893
225900
225903
225906
488051
225909
225914
225921
488069
225926
225932
225938
488085
225944
750233
225947
225954
488103
225961
225967
225970
750259
225972
225977
488121
225980
225983
225987
225992
225998
225999
226002
226005
488150
226008
226010
226011
226017
226019
226022
488168
226025
226028
226033
226035
488179
226037
226040
226042
226044
226047
226050
226052
488197
226057
226063
488208
750353
226066
226073
226075
226077
226080
226081
226087
226091
226093
488237
226095
226099
226100
226104
226107
488255
226113
226116
226117
226119
226121
226127
226129
750418
226133
226136
488281
226144
226146
488292
226150
488300
226158
226166
226170
226173
226176
226177
226180
488329
226188
226189
226192
226196
226197
226205
226206
488351
226212
226215
226218
226219
226226
226229
226231
226233
226235
226237
226241
226242
226250
226252
488399
226257
226259
226261
488407
226266
226267
226274
226283
226286
226289
226291
226292
488436
226298
226301
226306
226309
226312
488458
226317
226323
226325
226329
226331
488476
226333
226335
226337
226345
226348
226352
226355
488505
226364
226372
226379
488523
226381
226384
226386
226390
226392
226394
226397
226401
488545
750693
226410
226411
226413
226416
488563
226422
226424
226426
226428
226433
226434
226437
488581
226440
226442
226452
226455
488599
226456
226460
226468
226469
226476
226478
226484
488628
226488
226491
226493
226495
226497
226500
226501
488646
226503
226507
226508
226510
226515
226519
226521
226523
226526
226528
226533
226536
488680
226539
226542
226549
226554
488698
226555
226559
226563
226568
226570
488716
226573
226580
226585
488734
226591
226593
226604
226606
488752
226610
226615
226619
226623
226627
226629
488773
226631
226635
226637
488784
226644
226647
750936
226649
226653
226657
488802
226659
226661
226665
226666
226669
226673
226684
226688
488836
226694
226696
226703
226705
226708
750997
488854
226712
226715
226719
226722
226724
226727
488871
226730
226733
226735
226744
226749
488894
226753
226754
226756
751044
226757
226758
226761
488912
226769
226774
226777
488923
226781
226785
226787
226788
226790
226793
226795
488941
226798
226806
226809
751099
226813
488959
226817
226823
226826
488977
226835
226841
226845
226847
226849
226851
751141
226855
226860
226862
226864
751153
226872
489017
226874
226878
226880
226884
226887
226890
489035
226892
751181
226900
751189
226905
226908
226910
489055
226914
226917
226920
226922
226924
226927
489073
226934
226935
226938
751227
226941
226946
226949
489095
226952
226956
489103
226966
226968
226973
489121
226978
226981
226987
226994
226998
227000
227002
227005
227008
489153
227010
227011
227012
227015
227020
227023
227024
227029
227033
227037
227038
489182
227040
227044
227048
751336
227051
227054
227056
227059
227066
489211
227068
227069
227074
227082
227083
227088
227090
489241
227099
227101
227106
227107
227109
227116
227125
489270
227127
227135
227138
227140
751428
227142
227149
227152
227155
227160
227165
227168
489312
227169
227170
227172
227176
227179
227181
227183
751473
227186
489330
227187
751481
227194
227198
227199
227200
227202
227204
489348
227207
227211
227214
227217
751507
227221
227224
227228
227230
227233
489377
227235
751523
227236
227240
227242
227243
227246
227248
227252
227254
227257
227260
227261
489405
751551
227264
227270
227274
227278
489422
227285
227289
227291
227295
489440
227298
227301
227302
227305
227306
227312
489458
751603
227317
227319
227321
227326
227328
227331
489476
227333
227337
227345
489494
227352
227354
227356
227359
227363
227364
227366
489512
227374
227380
489530
227387
227388
227393
227395
227397
227400
489544
227406
227409
227412
227415
227417
227423
227424
489572
227429
227430
227434
227441
227445
489590
227452
227463
489608
227465
227468
227473
489626
227483
227488
227489
227492
227493
489637
227504
227507
227508
227512
227517
227518
227520
489665
227522
227524
227525
227526
751820
227534
489682
227542
751831
227547
227548
227549
489693
227551
227553
227556
227559
227562
227564
227567
227569
227572
489722
227579
227581
751871
227585
227587
227590
227596
227599
227606
227608
227610
227614
227616
489762
227626
227630
227632
227644
227646
489791
751938
227652
227654
227662
489807
227666
227670
227673
227678
227681
227684
227686
227691
751982
227696
227703
489851
751998
227713
227722
227724
227727
227728
227733
752021
227738
752029
227742
227752
227754
227758
752050
227765
227767
489912
227772
227773
227778
489923
227781
227784
227792
227795
227798
227800
489946
227805
227812
227815
227817
752107
227820
227821
227823
489970
227834
227837
227841
489988
227846
227850
227856
227858
227859
227863
227868
227870
490016
227874
227879
227883
752179
227893
227894
227897
227899
227900
227902
227904
227909
227911
490056
227915
227917
227923
227926
227931
490076
227936
227942
227944
227946
227950
227953
752241
227957
227959
227961
227962
752251
227966
227968
227971
490116
227974
227978
227982
490126
227986
227993
227995
490144
228001
228002
228005
228009
228013
228018
228021
228026
228029
228034
228037
228039
228042
490189
228056
490200
228058
228060
228063
752354
228067
228074
490221
228079
228080
228082
490232
228090
228095
228096
228098
228100
228105
490249
228107
228109
228113
228116
228119
228124
228126
228130
228134
228139
752428
228143
228145
228147
228150
490297
228154
228159
228164
228168
228171
490315
228178
490326
228183
228186
228187
228191
228195
228201
228203
490350
752496
228211
228213
228214
228219
228220
228225
490370
228228
228239
228245
228248
228252
228256
228262
490409
228266
228275
228278
490431
228288
228291
228292
228294
228299
228303
490449
228309
228310
228312
228319
228322
228325
228328
490472
228334
228337
228345
228347
228350
228353
228354
228356
490501
228363
228364
228367
228373
490518
228381
228387
228391
228398
490542
228400
228407
228409
228414
228416
228419
228421
490566
228423
228426
228435
228438
228441
228443
228449
228451
228458
490603
228460
228464
228468
490620
228487
228489
228495
228499
490644
228506
228509
228511
228513
228516
490662
228520
228522
228524
228528
228530
228534
490679
228541
228547
228550
228554
228558
228559
490703
228562
228564
228566
228568
228575
490721
228578
228582
228587
490732
228589
228594
228601
228607
228609
228611
228613
228615
228619
490765
228624
228634
228636
228638
490782
228639
228650
752940
228654
228658
228662
228666
228669
228671
228673
752963
228677
228679
490824
228682
228690
752980
228693
228695
228698
228702
228706
228712
228715
228719
228722
228725
228726
228729
228730
753026
228742
490886
753033
228746
228747
490900
228757
753052
228765
228767
228771
228774
228777
228778
228781
228784
228787
228792
490940
228799
228802
228805
228807
228812
490958
228815
228818
228824
228830
228832
228837
228841
490986
228847
228849
228850
753138
228859
491004
228865
491014
228872
228874
228878
228880
491025
228885
228891
228895
228896
228898
228900
228902
491047
228907
228913
228917
753206
491068
228925
228931
228934
228937
228940
228942
491087
228946
228950
491098
228955
753245
228960
228963
228969
228975
228976
228979
228981
228984
228986
228988
228989
228994
229001
229003
229007
229010
229013
229018
229023
229024
491169
229027
229032
229035
229038
229045
491190
229047
229050
229057
229061
229063
491207
229065
229069
229073
229074
229078
491224
229081
229082
229088
229091
229098
229102
229104
229107
229109
229113
229116
229121
229123
491268
229126
229129
229137
491283
229140
229144
229147
229149
229152
229156
229158
229163
491309
229168
229169
229173
229177
229180
229182
229189
229192
229197
229199
229204
229205
229208
229219
491363
229221
229229
229237
229241
491387
491397
229255
491408
229268
229270
229272
229274
229277
229285
229287
229289
229301
229302
229305
229307
229309
229310
229316
229317
229320
229323
491472
229333
229336
229342
229343
229345
229349
491494
229353
229355
229357
229359
229362
229366
229371
229373
229375
229377
229379
491523
229382
229388
229391
229392
229395
229398
229400
229405
491549
229406
229409
229413
753701
229415
229417
229419
229422
491567
229424
753712
229429
229433
229435
753723
229439
491583
229442
229445
753734
229448
229453
229457
491601
753745
229460
229462
229463
229466
753756
229474
229478
229481
229485
753774
229487
229489
229492
753785
229504
229507
753796
229513
229517
491661
229519
753807
229522
229526
491671
753818
229532
229534
229537
229539
753829
229542
229547
229550
491694
753840
229553
229555
229559
229560
229562
753851
229569
229572
753862
491719
229579
229584
229592
491736
229594
229596
753884
229604
229607
753895
229608
229610
229612
229615
753906
229620
229621
229628
229633
229635
491779
229639
229641
229645
229647
229652
229661
229664
229667
229671
229673
229676
229678
229687
229689
491837
229699
229703
229706
491856
229717
229718
229722
229724
229737
229740
229742
229745
229750
229754
491899
229766
229768
229770
229771
229773
229775
229777
229781
491931
229789
229792
229795
229797
229800
229805
491949
229808
229817
491961
229821
229824
229827
491972
229833
229839
229840
229843
229845
229847
229849
491993
229853
229854
229857
229862
229866
229869
229872
229880
229883
229888
229891
229894
229902
229903
492054
229913
229919
492065
229928
229935
229941
229943
229946
229952
229953
492101
229958
229959
229963
229968
229970
229975
229979
229985
229988
229989
229991
229995
229996
230000
230001
492145
230003
230012
230014
230015
230017
230019
492163
230022
230023
230025
230033
230037
230038
230044
230045
230048
230050
492196
230054
230059
230063
230065
492209
230068
230071
230073
230077
230079
492223
230082
230084
230085
230088
230092
230096
230097
230101
492246
230109
230111
230112
230117
230123
230126
230129
230131
492276
754421
230138
230141
230147
230149
230158
230165
230167
230170
230174
492319
230178
230181
230183
230185
230188
230190
230192
492337
230199
230200
230203
230204
230207
492354
230214
230215
230218
230219
230222
230225
230226
230230
230233
230235
230236
230239
230242
230243
230246
230247
230250
230254
492401
230267
230272
230273
230275
230279
230282
230284
230287
230293
230295
230298
492444
230304
230306
230309
230312
230314
230320
230321
230328
492473
230331
230333
230336
230340
230344
492490
230351
230353
230355
230357
492501
230359
230360
230366
230368
230376
230378
230381
230386
492531
230392
230399
492547
230406
230411
230413
230414
230421
230425
492569
230428
230431
230434
492584
230441
230450
230452
492597
230454
230456
230460
230461
492607
230464
230467
230471
230475
230481
230485
230490
230495
230496
230499
230501
230502
230506
230509
230510
492654
230514
230515
230516
230519
230529
230532
230535
230538
230542
230544
492707
230564
230567
230569
230573
230576
230578
230581
492727
230588
230590
230595
230596
230598
230600
230610
230612
230617
230619
230621
230627
754923
230636
230640
230641
230645
754934
230650
230652
230653
230654
492801
754945
230661
230664
230668
754956
230669
230671
230675
754967
230683
230687
230690
754978
230692
230693
230698
754989
492846
230703
230707
230715
230716
230719
230722
492868
230727
230731
230734
492881
230738
230743
230749
230756
230763
230766
230769
230771
230775
230782
230783
230786
230794
230795
230799
230801
492946
230806
230809
230818
230820
230821
492966
230825
230828
230829
230837
230839
230841
755132
230847
230852
230853
230856
230858
230862
230865
230866
230869
230873
493018
230878
230887
230888
230894
230898
230901
230904
230908
230910
493055
230913
230916
230921
230924
230927
230928
493072
230935
230940
230943
230944
230946
230948
230951
230954
230963
230965
230967
230971
230974
230976
230982
493127
230985
230986
230988
230991
230993
230996
493145
231002
231005
231006
231010
231011
231013
231016
231017
231022
231023
231025
231034
231036
231041
231044
231049
231055
231056
493201
231066
231068
231073
231075
231077
231078
231083
231085
231090
231091
231096
231103
231108
493254
231112
231116
231118
231122
231129
231132
231136
755425
231138
231140
231142
231149
231157
231162
231165
231168
231181
231186
231189
231197
231205
231207
231213
231217
231219
493366
231226
231233
231236
231238
231242
231243
231245
231253
231255
231256
231261
493407
231271
231274
231276
231280
231281
231290
231296
231298
755586
231308
755597
231310
231312
231315
231318
231319
231325
493472
231329
231331
231342
231345
231351
231353
493502
755652
231368
231371
231374
231375
231377
231379
231384
231388
231391
231394
231400
231408
231413
231416
493560
231418
231421
231425
231427
231429
231431
493577
231439
231445
231447
231449
231451
231455
231461
231463
231465
231467
231468
493613
231474
231475
231477
231478
231482
493628
231485
231487
231488
231493
231499
231500
493645
231502
231503
231507
231510
231518
231522
231524
231528
231530
231532
493676
231536
231541
231543
231546
231547
231548
493692
231550
231555
231556
493701
231560
231561
231563
231570
231572
231577
231579
231587
231594
493739
231596
231599
231601
231603
231604
231608
231614
231620
493764
231624
493773
231630
231636
231640
231658
231659
231668
231670
231672
231675
231679
493825
231682
231684
231689
231691
231694
231697
231700
755988
231704
231708
231711
231717
231720
493867
231726
231733
231737
231740
231745
231749
231750
231756
231759
231762
231764
231767
231769
231770
231776
231777
231779
231783
231787
231789
231792
231793
231795
231797
231798
231802
231805
231808
231815
231816
231819
231822
231825
231829
231835
493981
231842
231845
231850
231851
231854
231859
231862
231866
231868
231870
231874
494018
231880
231883
231886
231888
231892
231894
231896
231905
231912
231923
494070
231930
231938
231940
231946
231948
231950
494097
231955
231961
231962
231964
756259
231975
494120
231984
231987
231993
756281
231995
231999
232002
232005
494152
232016
232017
232019
232022
232027
232040
232041
232043
232053
232054
494198
232058
232062
232063
232070
232074
232078
494223
232080
232082
232085
232093
232098
232100
494246
232109
232115
232117
232119
232124
232126
232128
232137
232139
232142
232147
232151
232154
756449
232162
232163
232165
232167
232173
232176
494321
232182
232184
756481
232195
232201
756489
232204
232208
756497
232212
232214
232218
232224
232230
756519
232234
232237
494384
232244
232246
232251
232252
232256
232259
494410
232277
232278
232281
232285
232290
232296
232299
232302
494446
232304
232310
232311
232315
494463
232321
232323
232325
232326
232328
232331
232333
232338
232339
232344
232352
232354
232355
232364
232370
232376
232377
232382
232387
232390
232392
232395
232399
494545
232402
232404
232414
232419
232422
232424
232428
232431
232434
232435
232437
232444
494598
232456
232458
232461
232468
232473
232474
232485
232487
232490
232493
232494
232497
232499
232503
232508
232510
494654
232516
232518
232526
494672
232532
232534
232537
232539
232541
232545
232547
494696
232553
232556
232559
232561
232567
232571
232574
232576
232584
494728
232591
232594
232597
232601
232602
232608
232610
232611
232614
232616
232617
232620
494765
232625
232632
232636
232640
232641
232643
232650
494795
232652
232653
232656
232660
232663
232664
232669
232674
232676
232683
232686
232688
232690
232693
232700
232703
232706
232707
232716
232727
494872
232733
232736
232737
232740
232743
232744
232748
232752
232765
232769
232770
232771
232773
232777
232780
232787
232789
232790
494934
232793
232798
232807
232809
232811
232818
494963
232824
232827
232833
232836
232837
232844
232847
232851
232854
494999
232861
232866
232867
232869
232872
232876
495021
232878
232880
232889
232894
495039
232897
232901
757191
232905
232907
232908
232916
232918
232920
232921
232922
232924
495077
232934
232935
232939
232943
232948
232952
232957
232960
495107
232965
232978
232982
232987
232989
232991
232995
232997
233000
233004
233008
233012
233020
233022
233024
233028
233030
233033
233036
233041
233042
233057
495201
233062
233063
233073
233077
233079
233083
233086
233090
233092
233098
233101
233103
233109
233121
233123
233129
233135
495279
233138
233143
233148
233154
495302
233177
233179
233182
233188
233195
233198
233201
233202
233204
233207
495352
233213
233216
233217
233221
233222
233225
233229
233233
233240
233243
233247
233251
233254
233257
233267
233274
233277
233283
233288
233291
495435
233298
233301
233302
233303
233311
757603
233318
233322
233324
233327
233332
233337
233344
233347
233349
233350
233355
233356
757645
233358
495502
233360
233370
233373
495520
233378
233384
233387
233397
233399
233405
233410
233414
233416
233419
233421
233425
233430
233432
233433
233441
233448
233451
233455
233458
233460
233464
233473
233476
233478
233481
233484
233487
233491
233492
233498
233500
233503
233505
233510
233512
757802
233517
233520
233521
233524
233526
233527
233530
233544
233547
233548
233550
757840
233553
233554
233559
233561
233563
757853
233566
233569
233577
233578
233584
757874
233588
233593
495743
233604
233607
233610
233612
233614
233616
495760
233619
233624
233627
233629
233634
757922
757930
233643
233649
233651
233657
233659
495805
233662
233663
233668
495813
233673
233675
233678
233680
233683
233688
233690
233693
233699
233704
233708
233715
495865
233726
233729
233734
758028
233745
233748
233756
758045
233759
233763
233766
233768
758056
233779
233781
233783
233787
233789
233795
233797
495941
233799
233801
233806
233807
233813
758103
233816
233817
233820
233822
233826
233830
233834
233836
233838
233840
233843
233847
758136
233849
233852
233854
496000
233857
233858
233862
233866
233868
233870
496017
233874
758162
233876
233886
233889
496035
758182
233895
233897
233898
233905
758193
233911
233913
233919
233923
233925
233926
233932
233935
496081
233940
233946
758234
233952
233954
758245
233962
233963
233968
233969
233975
233980
758271
233984
233985
233989
233992
233995
234001
234002
496146
234004
234014
234017
234019
758308
234024
234025
234028
234033
758326
234043
234046
758337
234050
234052
234054
234057
234059
234063
758366
234079
234085
758374
234089
234091
496240
234098
234101
234102
758400
234113
496262
234123
234127
234129
234133
234136
234139
758430
234143
234148
234149
234155
234157
758446
234163
234165
234166
234170
496316
758463
234179
234188
496337
234195
234199
234201
234205
234210
234215
234216
234219
234221
234223
234225
234228
234230
758521
234234
234236
234245
234247
234250
758538
234252
234255
234256
234258
234260
758549
234269
234271
234273
234274
496420
234282
234284
234286
234288
234290
758582
234295
234296
496441
234301
234303
234310
234314
234319
758609
234325
234330
234333
234334
234336
234341
234347
234354
758643
234358
234362
758650
758658
234371
496516
234377
234381
234389
234390
496536
234393
234396
234398
234402
234411
234412
234414
496559
234417
234419
234422
234424
234427
234431
234433
234436
234439
234442
234451
234455
234463
234467
496613
758757
234480
234485
234496
234498
496647
234505
234508
234515
234516
234519
234523
234528
234531
758819
234533
234535
234537
234543
234546
234548
234551
234553
234555
234557
496702
234559
234566
234571
234574
234578
234581
234585
496729
234587
234592
234596
234600
496746
234605
234611
234612
234614
234615
234617
234621
234623
234629
234634
234644
234645
234647
234652
234657
234659
234661
234664
234666
234674
234675
234683
496827
234685
234686
234695
234699
234701
234705
234709
234716
234718
234721
234727
234734
234736
234738
234741
234744
234747
496893
234752
234761
234767
496913
234775
234780
234784
234789
234801
234811
234813
234814
234816
234820
234822
234828
234831
234836
234839
234845
234853
234860
234862
234866
234872
234874
234878
234880
234883
497028
234885
234888
234899
234901
234905
234907
234908
234912
234913
234915
234917
759206
234921
234924
234930
759222
234935
234936
497080
234944
234946
234947
234951
234954
234955
234958
234964
234968
234971
497115
759262
234976
234977
234984
759275
234989
234991
234996
497145
759291
235010
759299
235014
235017
497162
235019
759307
235024
235026
235029
235033
235039
235042
759330
235047
235050
235054
497199
235059
235061
235068
497216
235073
235083
235090
235097
235100
235102
497251
235112
235113
497262
235119
235123
235126
235130
235133
235135
235141
235151
235155
235158
497303
235160
235167
235171
235177
235185
235191
235192
235198
235200
235203
235205
235206
497353
235213
235220
235224
235229
497374
235232
235234
235236
235238
235241
235244
235246
235248
235250
497395
235256
235258
235264
235269
497416
235273
235276
235277
235279
235281
497433
235290
235293
235299
235303
235314
497470
235328
235331
235338
235343
235353
235355
235362
235366
235370
235372
497519
235376
235382
235390
235392
235399
235401
235404
235409
235411
235412
235415
235417
235420
235421
235430
235433
497579
235439
235440
235442
235445
497600
235460
235461
235464
235468
235475
497620
235477
235481
235485
235492
235498
235502
235504
235506
235509
235511
759802
235519
235522
235528
235530
235532
235533
235535
235553
235556
235558
235561
235564
235566
235570
235571
497721
235578
235584
235586
235590
235598
235606
497751
235608
235610
235612
235615
235626
235628
235631
235638
235641
497792
235650
235652
235655
235657
235660
759950
235664
235667
235669
235671
235679
235681
235683
235684
235687
235700
235703
235705
235708
235709
235713
235716
497861
235722
235724
235726
235729
235733
235735
235737
235739
235752
235756
235759
235771
235779
235784
235788
235793
235797
235804
235810
235815
235821
235824
235827
235830
235838
235847
235850
235853
497998
235864
235867
235870
235873
235880
235888
235890
235891
235894
235896
235903
235905
235908
235910
235911
235914
235916
235919
235923
235924
235928
235934
235938
235939
235947
235950
235953
235959
235963
235965
235967
235969
235972
498118
235978
760267
235983
235987
235989
235992
235994
235998
236002
236008
236017
236020
236023
236026
236030
236033
236038
236041
236049
236051
236059
236063
236068
236069
236079
498224
236084
236086
236089
236091
236092
236094
236096
498244
760389
236102
236104
236105
236107
236111
760407
236120
236123
236125
236127
236133
236136
760425
236138
498284
760432
236145
236158
236162
236164
498311
236168
236175
236177
236180
236181
236184
236186
236192
760489
236202
236206
236211
236219
236225
236226
760514
236229
236232
236235
236239
236242
236245
236247
236252
236254
236261
236264
760553
236272
236275
236278
236281
236287
236290
236293
236303
236311
236313
236316
236318
236322
236323
236327
760616
236329
236331
236333
760624
236341
236351
236353
760645
236358
236361
236363
236365
236367
236372
236376
236382
236388
236391
498537
236396
236398
236401
236402
236405
236407
236413
236418
236427
236428
760722
498584
236441
236443
236445
236449
236451
236457
236458
236464
236469
236473
236477
236480
236503
236506
236510
236512
236514
236516
236519
498663
236530
236532
236538
236544
236547
236555
236557
236563
498707
236566
236571
236572
498717
236584
236586
236594
236596
236597
236604
498749
236610
236614
236616
236621
236622
236627
236632
236638
236639
236644
236648
236657
236661
236664
236667
760955
498812
236671
236673
236677
236679
760973
236687
236690
236692
236696
236698
236701
236704
236708
236713
236716
236721
236723
761013
236731
236737
236740
236745
236749
761041
236754
236757
236767
236769
236772
236776
236779
236783
236784
236786
236797
236804
236812
236815
236821
236824
236830
236833
761121
236836
498980
236839
236842
236847
236851
236858
761147
236860
236862
761155
236868
236870
236874
236876
236883
236885
761174
236888
761181
236894
236896
236897
236899
236902
761194
236907
236908
236914
236916
236919
236923
236925
236927
236929
236932
236936
236942
236944
761235
236953
236958
236961
236962
236964
761253
236968
236973
236976
236982
236985
236993
236996
499143
237005
761294
237013
499159
237018
237021
237027
761317
237031
237035
237040
237045
237047
237052
237054
237061
237069
237071
237074
237076
761365
237082
237088
237091
237093
761383
237096
237099
237104
237121
237122
237128
237130
237133
237135
761431
237151
237159
237162
237167
237172
237174
237177
761467
237192
237195
237196
761488
237202
237205
237212
237213
237217
761508
237221
237223
237227
237230
237233
237235
237241
237243
237246
237249
237255
237269
237271
237286
237289
761581
237295
237300
237303
237306
237307
237313
237321
237325
237328
237331
237335
237337
237340
237343
237350
237359
237361
237362
237365
237369
237373
237374
237378
237382
237385
237399
237412
237415
237417
237422
237433
237435
237436
237440
237444
237448
237451
237455
237459
237463
237465
237469
237472
237476
237484
237485
499629
237487
237489
237491
237496
237505
237506
237510
237511
237518
237519
237521
237523
237530
237532
237535
237539
237541
237547
237555
237558
237568
237577
237580
237586
237594
237595
237607
237612
237613
237616
237620
237624
237627
237631
499778
237635
237636
237645
237648
237653
237656
237658
237664
499808
237669
237674
761962
237677
237681
237692
237695
237698
237699
499844
237701
237705
237707
237711
237713
237717
237719
237721
237727
237733
237741
237757
237762
237772
237775
237777
237779
237785
237791
237793
237795
762087
237805
237812
237816
237820
237826
237829
237832
237840
237841
237846
237848
237852
237855
237858
237860
237866
237869
237872
762160
237875
237881
237882
237884
237885
762174
237891
237894
237897
237898
500044
237905
237909
237914
500060
237918
762206
237922
237927
237929
237932
237935
237937
237947
237952
500099
237956
237958
237960
237963
237964
237971
237973
237974
237993
237996
762287
238001
238004
238008
238010
238021
238026
238030
238045
238048
238053
238057
762345
238060
238061
238063
238074
238082
238085
238087
238092
238095
500242
238099
762393
238107
238113
238115
238121
238127
238132
762424
238139
238141
238144
762432
238146
238151
238153
238157
238159
762449
238162
238163
238171
762459
238174
238176
762469
238186
762479
238192
238193
238199
238202
238204
238213
238217
238221
238223
238235
238240
238246
238250
238251
238255
238267
238277
238280
500429
238296
238301
238312
238313
238316
238321
238324
238329
238331
238339
238345
238349
238354
238360
238364
238373
238383
238391
238396
238398
238400
238403
238406
238408
238411
238413
238422
238426
238435
238440
762729
238442
238450
238456
238457
238458
238460
238462
238468
238479
238482
238487
500632
238489
238493
238496
238503
238510
238513
238517
238524
238525
238527
238531
238533
500679
238536
238537
238538
762830
238548
238550
238553
238558
238559
238565
238570
500716
238575
238576
238579
238581
238583
238587
238596
238603
762894
238608
238614
238620
238622
238623
762911
238628
238632
238635
238638
238641
238644
238649
238659
238662
238668
238669
238672
238675
238686
238697
238699
238702
238712
238714
238720
238721
238724
238736
238737
238742
238747
238757
238772
238775
238786
238792
238798
238815
238820
238827
238829
238832
238845
238848
238851
238856
238860
238866
238871
238874
238878
238881
238884
238890
238893
238900
238902
238904
238907
238910
501056
238916
238924
238926
238930
238933
501077
238936
238937
238939
238941
238944
763241
238955
238957
238964
238976
238984
238986
238988
238989
238993
238995
238999
239006
239009
239011
239015
239026
239035
239039
239040
239045
239050
239052
239055
239058
239061
239065
239084
501236
239093
239095
239097
239100
239102
239106
239112
239120
239124
239130
239132
239134
239141
239143
239148
239151
239158
239160
239164
239169
239181
239186
239187
239204
239208
239211
239214
239217
239219
239223
239226
239233
239243
239246
239252
239254
239255
239261
763553
239269
239272
763563
239284
763573
239286
239288
239289
501441
763586
501447
239306
239312
239314
763603
239318
501463
239325
239330
501479
239338
239341
239342
239344
239346
239348
239350
501496
239354
239362
239368
501512
239370
239377
239379
239384
501528
239391
239410
239413
239414
239418
239422
239424
239431
239440
239443
501590
239450
239459
239462
239470
239473
239483
239488
239493
239495
239503
239504
239508
239512
239517
239527
239532
239533
239536
239541
501693
239551
239554
501703
239565
239568
239571
239574
239585
763873
239586
501732
239597
239601
239610
239614
239619
239621
239623
239625
239638
239643
239645
239648
239652
239654
501798
239660
239665
239672
239673
239681
239687
501834
239692
239696
239699
239703
239707
239709
239721
239725
239728
239732
239736
239753
239758
239761
764051
239769
239774
764068
239783
239788
239798
239800
239803
239805
239807
239810
239814
239816
239817
239820
239822
239825
239835
501989
239850
239860
239864
239865
239870
239872
239875
239889
764178
239896
239911
239912
239915
239917
239919
239924
502075
239932
239939
239941
239942
502100
239962
239966
239971
239977
764267
239984
239989
239992
239994
240008
240010
240011
502155
240015
240019
240030
240033
502180
240038
502189
240049
240051
764340
240054
240057
240059
240064
240071
240078
240098
240111
240114
240118
240126
502286
240143
240149
240150
240152
240160
240165
240167
240170
240173
240178
240180
240183
240188
240190
240192
240195
240198
240203
240208
502353
240210
240211
240213
240214
240218
240220
240222
240223
240225
240231
240243
240250
240253
240255
240256
240259
240262
240272
240274
240283
240284
240288
240298
240299
240312
240315
240320
240322
240328
764617
240331
240333
240335
240338
240352
240355
502501
240358
240368
240374
240377
240381
240382
240384
764675
240392
240395
764683
240397
240401
240406
240412
764700
240416
240421
240428
240437
240439
240443
240445
240450
240454
240458
240462
240468
240473
240475
764763
240477
240483
240486
240487
240489
240493
240495
764784
240504
502652
240509
240515
240519
240522
240531
240534
502682
240541
240543
240546
240549
240551
240554
240557
240567
240572
240574
240577
240581
240588
502735
240598
240603
240605
240606
240612
240614
240616
240619
240630
240636
240638
240640
240646
240648
240650
240657
240661
240666
240671
240674
240676
240679
240681
240686
240690
240697
240702
240710
240713
240725
240728
240737
240743
240749
240752
240756
240760
240761
240763
240771
240773
240775
240778
240784
240789
240796
240798
240799
502943
240803
240807
240815
240825
240828
240837
240842
502988
240849
240851
240860
240862
240864
240868
240869
240876
240880
240885
240887
765176
240899
240905
240907
240909
240911
240920
240935
240936
765226
240939
240944
240949
240951
240969
765258
240971
240973
240975
240977
240983
240988
240993
240996
240998
503146
241003
241008
241013
503157
241020
241025
241030
241032
241036
241039
241045
241047
241055
241060
241062
241066
241069
765358
241072
241074
241076
241079
241083
241085
241090
241094
241097
241102
241116
241119
241121
503266
241126
241129
241137
765427
241143
241145
241149
503299
241169
241171
241174
241177
241179
241184
241186
241192
241195
241204
241207
241217
241220
241223
241237
241238
241240
241244
241262
241263
241265
241266
241272
241274
241277
241279
241282
241285
241286
241289
241294
241296
241299
241300
241302
241305
241317
241318
241324
241334
241337
241339
241341
241343
765632
241351
241352
241356
241358
241365
241367
765655
241371
241372
241379
241383
241388
241391
241396
241399
241400
241411
241413
765702
241415
241416
241421
241423
503567
241426
765715
241431
241439
241441
241445
241449
241453
241456
241462
241466
241468
241470
241474
241478
241482
241499
241503
241505
241510
241514
241516
241520
765810
241524
241525
503683
241541
765831
241544
241551
241552
241554
241556
241559
241561
503706
241563
241570
241572
241576
241577
241580
241596
241600
241604
241610
241613
241623
241625
241627
241631
241633
241636
241637
241639
241641
241644
241656
241665
241667
241675
241682
241684
241689
241696
241705
241707
241716
503867
241724
241728
241730
241737
241741
241748
241751
241755
241758
241759
241772
503929
241786
241789
241795
241808
241809
241815
241818
241825
241827
241830
241840
503990
241848
241857
241865
241866
241871
241875
241878
241882
241884
241889
766180
241896
241897
241900
241903
504053
241914
241918
241924
241928
504079
241937
241939
241941
241943
241946
241951
241960
241961
766250
241968
241970
241974
241979
241984
241986
241988
241991
241992
241994
242001
242004
242009
242012
242015
242022
242023
242028
504173
242030
242033
242036
242038
242044
242048
242050
242052
242055
242058
242067
242070
242076
242080
242084
242088
242089
766379
242092
504238
242099
242110
242111
242125
242132
242136
242146
242152
242156
242161
242163
242165
242168
242170
242179
242182
242190
242193
242198
242200
242201
242203
242204
242212
242213
242215
242217
242220
242225
242226
242242
242245
242247
242251
242252
242254
242258
242271
242274
242288
242289
242291
242298
242305
242312
242316
242322
766610
242325
242327
242328
242332
242337
242339
242340
766632
242348
242351
242358
242367
242369
504513
242371
242372
242375
242386
766674
242390
242394
766682
242396
242398
242410
242415
242417
242420
242426
242429
242435
242439
242444
242455
242461
242463
242466
242469
242475
242477
766768
242485
242486
242490
242496
242498
242499
242503
242506
242511
242522
242523
766811
242525
242527
242528
242534
242538
242542
242544
242545
242555
242563
242565
242568
242570
242573
242574
242589
242591
242595
242600
242606
242608
242612
504756
242613
242616
242619
242628
242630
242635
242637
242638
242643
242648
242651
242656
242659
242670
242671
504817
242674
242680
242685
242697
242702
242705
242709
242720
504864
242723
242725
242730
242732
242736
242741
242751
242752
242755
242761
242766
242767
242771
242773
504919
242782
242785
242788
242791
242803
242808
242810
242815
242817
504961
242819
242823
242826
504973
242834
242837
242839
242844
242850
242852
242855
767143
505001
242864
505009
242867
242873
242875
242879
242880
242882
242886
767176
242889
242895
242899
505047
242904
242907
242912
242923
242924
242933
242940
242946
242956
242960
242963
767251
242968
242970
242977
242978
242982
242991
242996
242998
243004
243006
505156
243014
243016
243026
767323
243039
243048
243053
243056
243058
243061
243064
243065
243068
243070
243072
243085
243087
243088
243092
243094
243097
243100
505248
243107
243109
243122
243125
243131
243139
243142
243146
243149
505293
243152
505301
243163
243166
243170
243176
243177
243181
505327
243184
243191
243196
505343
243205
243207
243217
767509
243224
505371
243229
767517
243240
243241
243245
243254
243256
767545
243260
243264
243267
505423
243280
243285
243289
243295
243299
243301
243304
243305
243308
243310
243312
243317
243325
243328
243333
243343
243352
243357
243362
243367
243369
243372
243377
243380
243381
767670
243383
243386
243388
243400
243403
243412
243416
767709
243425
243428
243432
243443
767733
243450
243455
243458
243460
243466
243476
243478
243479
243481
243485
243488
505640
243502
243504
243506
505651
243510
243514
243517
243520
243524
243525
243529
243537
243539
243540
505691
243551
243554
243556
243565
243567
243570
243572
243580
243588
243591
243595
243597
243600
243605
243608
243611
505758
243619
243625
243633
243638
243642
243644
243655
243657
505802
243660
243663
243666
243674
505818
243679
243685
767974
243688
243696
505841
243698
505849
243714
243717
505870
243729
243739
243743
768031
243745
243751
243755
243759
243761
243764
243766
243770
243772
243775
243780
243781
505927
243785
243787
768081
243798
243799
243803
243816
243818
243828
243829
243837
243841
243844
243848
243851
505999
243856
243864
243881
243883
243884
243886
243892
768183
243898
243900
243902
243910
243912
506061
243919
243924
243927
506071
243933
243934
243942
243945
243963
243968
243975
243983
243986
243991
243993
243996
243999
244004
244007
244011
244013
244020
244024
244027
506174
768318
244039
244043
244064
244070
244072
244084
244089
768380
244095
244098
244104
506248
244107
768396
244110
244114
244126
244127
244131
244133
244139
244144
244148
244155
768446
244163
244164
244166
506316
244174
244176
244178
244181
244193
244195
244202
244203
244205
244217
244221
244226
244228
768519
244234
244240
244244
244248
244251
244262
244266
244269
244271
244277
244280
244283
768577
244294
244295
244305
244310
244312
768600
244316
244320
244322
244327
244336
244345
244351
244354
244358
244368
244373
244376
244379
244384
244387
244389
244393
244398
244401
244408
244413
244426
244432
244435
244436
244438
244441
244445
244446
244448
244459
244473
244477
244490
244499
244506
244509
244533
244535
244540
244553
244560
244563
768853
244566
244570
244571
244574
244577
244579
244584
244587
244592
244596
244601
768891
244608
244610
506760
244617
244623
768913
244627
244632
244634
506783
244641
244648
244653
244655
506800
244677
244678
244685
244689
244696
768988
506846
244706
244707
506853
244711
506872
244731
244735
244738
244746
769041
244772
244774
244782
244785
244792
244797
244799
244801
244805
244808
244811
244812
244814
506958
244815
244821
244826
244828
244832
244834
244838
244852
244856
244862
507026
244889
244896
244902
244907
244908
244910
244916
244919
507065
244922
244928
769217
244933
244937
769225
769233
244951
769241
244961
244969
244974
244982
244985
244999
245009
245010
245021
245023
245024
245027
245028
245032
245034
245040
245045
245059
245063
769353
769361
245078
245080
245081
245089
245095
245101
245105
245116
245117
245125
769414
245128
245133
245137
245138
245140
245141
769429
245143
245146
245149
245157
245165
245168
245171
245177
245183
245188
245193
245199
245203
245219
245221
245222
245224
245227
245233
245237
245241
245242
245246
245251
245266
245268
245270
245273
245281
245289
245297
245304
245309
245313
245318
245326
245337
245340
245345
245347
245353
245357
769645
245368
507521
245380
245384
245386
245387
507532
245398
507543
245409
507554
245412
245421
507565
245431
507576
245433
245436
769724
245450
507594
245452
245457
245460
507605
245465
245468
245472
507616
245473
245476
245480
507627
245487
245489
245494
507638
245505
507649
245506
245509
245512
769800
245513
507660
245517
245520
245522
245527
507671
507682
245542
245551
245555
245560
507704
245565
245570
507715
245575
245578
507726
245586
245596
245602
245605
245615
245620
245625
769914
245627
245630
245642
245648
245651
245658
245665
245666
245668
245671
245679
245695
245697
245699
245702
769992
245705
770000
245714
245718
245722
245726
245730
245734
245741
245750
245754
245768
245775
245779
245789
245791
770082
245798
245802
245805
245818
245822
245829
245845
245849
245851
245855
245861
245867
245875
245877
770165
245878
245884
245886
245889
245891
770180
245894
245896
245901
245903
245906
245907
245916
245924
245927
245930
245933
245943
245945
245951
245954
245957
245966
245969
245974
245981
245983
245993
245999
246000
246003
246005
246008
246010
246013
246019
246039
246050
246054
246063
246067
246068
246071
246072
246094
770382
246096
508241
246102
770390
246105
246112
246120
246122
246125
246127
246130
246132
246139
770432
246150
246152
246163
246172
246179
246184
246188
246190
246198
770496
246221
770509
246223
246235
246246
246249
246251
246255
770545
246265
246269
246279
246281
246298
246306
246310
246313
246318
246322
246327
246329
246331
246333
246346
246357
246368
246371
246374
246377
770668
246387
246389
246391
246395
246399
246401
770689
246406
246408
770697
246411
246417
770705
246419
246421
246430
246442
246451
246453
246456
246463
246469
246473
770762
770770
246490
246492
246496
246498
246500
770789
246508
246514
246521
770815
246532
246535
246538
246539
246542
246547
246550
246555
246557
246562
246568
770861
246582
770872
246593
246596
508743
246600
246603
246610
508754
246618
246620
508765
246622
246628
508776
246634
246638
508787
246647
246651
246653
508798
246655
246657
246663
508809
246674
246677
246684
246687
246688
246695
246700
246703
246708
246712
246716
246723
246733
246739
246744
246752
246754
246757
771045
246764
771053
246770
246771
246775
246784
246791
246795
246799
246803
246806
246808
508952
771096
246810
246811
246830
246832
246835
246840
246843
246845
771146
246870
246876
246879
246890
246893
246900
246904
246910
246912
246918
246937
246941
246942
246944
246945
246947
246958
246961
771254
246968
246971
246973
246976
246982
246997
247002
771299
247013
247017
247019
771309
247028
247030
247033
247035
247040
247045
247047
247051
247055
247056
247061
771352
247069
247075
771365
247078
247082
247089
247097
509245
247102
247111
247132
247134
247137
247139
247143
247146
771434
247148
247155
247159
247165
247169
247171
771460
771468
247186
247199
247201
247204
771500
247215
247218
247226
247228
247239
247241
247260
509406
509417
247278
247290
247298
247302
247304
247307
247309
247311
771605
247319
247322
509472
247330
247332
247348
771641
247364
247366
247371
247373
247378
247379
247393
771689
247410
247416
247426
247431
247434
247437
247446
247447
247449
247456
247475
247485
771779
247494
247499
247501
247502
247505
247514
247524
247533
247536
247537
247540
247556
247560
247571
247583
247586
247588
247592
247596
247606
247611
247617
247622
247626
247632
247633
247634
247636
247644
247650
771939
509808
247673
247676
247680
247682
247692
771987
247704
247710
247721
247729
247733
247739
247746
247747
247758
247764
247780
247783
247787
247801
247810
247814
247818
247819
247821
247823
247829
247832
247835
772125
247843
247847
247849
247851
247855
247857
247860
247863
247868
247871
247879
247884
772174
772182
247895
247900
772199
247912
247915
772209
247928
247929
772219
510079
247939
772229
247943
247952
510101
247958
247965
247968
247972
247977
247984
247995
247999
248003
248009
248010
248015
248016
248018
248026
248041
248046
248055
248059
248065
248068
248071
248073
248074
248080
248088
248094
248104
248110
248123
510269
248127
248133
248145
248147
248148
248155
510301
510309
248167
248169
248171
510317
248175
248178
248187
248194
510339
248196
248200
248203
248209
248217
248231
248236
248241
248244
248250
248254
248258
248269
772557
248271
248275
248276
248280
248282
248284
248288
248310
248312
772621
248334
248339
248349
248352
248361
248369
248374
248376
248381
248386
248389
248393
248414
248421
248425
248432
248435
248444
772736
248450
248454
248455
248459
248460
248463
248469
248478
248482
248486
248490
248494
248495
248497
248499
248512
248515
248527
248552
248554
248562
248578
248580
248588
248590
772881
772889
248602
248605
248609
248611
248613
248614
248619
248622
248625
248632
248638
248639
248647
248650
248653
248655
248660
248665
248670
248672
248676
248678
248680
248685
248693
248706
248714
773008
248723
248727
248733
248734
248737
248750
248757
248760
248764
248776
248781
248797
248805
248807
248812
248814
248820
248823
248832
248836
248841
248844
248849
248851
248854
248858
248861
248862
248867
511011
248875
248881
248883
248889
248894
248901
248912
248917
248920
248921
248926
248928
248938
248939
248944
248959
248969
248971
248972
248977
248979
248995
773288
773298
249015
249018
773308
773316
249031
249038
249040
773329
249056
773346
249059
249084
249091
249107
249111
249122
249124
249125
249138
249141
249148
773436
249153
249159
249166
249167
249176
249178
249187
249193
249197
249202
249210
249218
249219
249227
249247
249259
249267
511423
249280
249281
249283
249287
249291
249299
249310
249317
511465
249324
249325
249328
249337
249344
249345
249349
249351
249356
249363
249365
249367
249373
249377
249379
249386
249393
249395
773692
249407
249414
249427
249436
249441
249448
249455
249457
249462
249464
249466
249473
511622
249500
249513
511660
249525
249528
511673
773820
249537
249539
249543
249545
249546
773836
511694
249553
249563
773855
249572
249577
249581
511742
249600
249603
249605
511750
249607
249609
249618
773910
249624
249626
249629
249633
249645
249652
773949
249663
249680
249684
249687
249690
249692
249693
249699
249704
511848
249706
249708
249710
249721
511865
249725
511876
249735
249738
774028
249743
774041
249758
249766
249771
249774
249779
511923
249793
249796
249800
249802
249805
511956
249821
249826
249827
249837
511982
249851
512002
249869
512013
249874
249893
249896
249904
249907
249909
512054
249915
249920
512065
249930
249932
249934
249938
249943
512091
249950
249952
249963
249964
249967
249969
249970
249980
512128
512146
250005
250010
512157
250025
250029
250034
250039
774328
512186
250043
250048
512194
250051
250054
774354
250073
512220
250089
250093
250103
774392
512250
250108
250109
250118
250122
512266
250123
250125
250129
774418
250132
774426
250139
512283
250144
250145
250148
774443
250162
250167
250172
250175
250182
250184
250193
512341
774491
250204
250210
250211
250213
250214
512358
250217
250220
250224
512369
250226
250229
250230
250235
250236
250238
250241
250248
250251
774539
250257
512402
250260
250264
250266
250267
250272
250275
250281
250282
250284
512429
250287
250288
250290
250291
250295
250297
250299
250302
250306
250308
250311
250312
250314
512463
250324
250326
512470
250328
250333
250334
512478
250336
250338
250340
250341
774632
250346
250349
250353
250355
250359
250362
250363
250366
250370
250373
250379
250382
250385
250388
250391
250392
250394
250397
250400
250403
250406
250409
250411
250413
250417
250419
250420
250422
250426
250427
250430
250433
512577
250436
250439
250442
250447
250449
250457
250458
250460
250463
250466
250469
250472
250476
250478
250482
250483
250485
250486
250488
512639
250498
250502
250506
250507
250509
250512
250517
250518
250520
250527
250531
250533
250536
250537
250540
250546
250548
250549
250552
774840
250560
250561
774852
250566
250567
250569
250570
250573
250574
250578
250580
250581
250584
250585
250588
250590
250593
250594
250596
250598
250599
250601
250606
250607
250610
250614
250618
250620
250623
250626
250627
250628
250635
250636
250637
250639
774928
250642
250645
250646
250648
250651
250654
250655
774944
250657
250658
250660
250663
774952
250669
250671
774960
250673
250675
250676
250679
250682
250684
250685
250689
250692
250693
250697
250700
250704
250705
250711
250714
250719
250723
250724
250726
250727
250730
250732
250734
250738
250741
250744
250746
250748
250753
250756
250759
775049
250763
250767
250774
250775
250777
250779
250780
775068
250782
250784
250790
250793
250799
250800
250803
250804
250807
250809
250811
250812
250815
250819
250820
250825
250831
250835
250838
250842
250848
250851
250855
250858
250860
250862
250863
250869
250870
250871
250873
250879
250882
513026
250885
250888
250889
250890
250892
250895
250898
513042
250902
250903
250909
250910
250912
250913
250917
250918
250922
250923
250925
250926
250928
250929
250936
250937
513082
250940
250942
250946
250947
250949
513095
250952
250953
250956
250959
250960
250962
250964
250967
513111
250970
250972
250975
513119
250977
250979
250983
513127
250985
250988
250992
250993
250995
250996
251002
251005
513150
251008
251012
251015
251018
251030
251032
251036
251038
251040
251045
251048
251051
251053
251054
251055
251057
251061
251062
251065
251069
251076
251081
251083
775371
251086
251090
251092
251094
251096
251101
251104
251106
251110
775399
251113
251116
251117
251119
251121
251123
251124
775412
251127
251131
251133
251134
251137
251141
251143
251151
251153
251156
251159
251163
775452
251167
251171
251172
251174
251178
251181
251182
251185
251186
251189
251190
251192
251197
251200
251203
251206
251209
251211
251212
251214
251215
251219
251222
251226
251229
251232
251236
251241
251242
251245
251248
775538
251251
251256
251259
251262
251264
251269
251273
251276
251278
251279
251281
251285
251288
251294
251295
251297
251300
251303
251306
251307
251309
251313
251317
251321
251324
251325
251328
251330
775621
251334
251336
251339
251341
251344
251347
251351
251354
251355
251356
251358
251362
251364
251367
251368
251371
251374
251377
251380
251384
251385
251387
251390
251394
251396
251400
251404
251411
251414
251415
251422
251425
251427
251429
251433
251434
251437
251438
251440
251441
251443
251446
251449
251450
251454
251455
251457
251459
251461
251462
251470
251473
251474
251476
251478
513622
251483
251484
251487
251488
251490
251495
251502
251504
251505
251507
251510
251513
251516
251520
251521
251523
251524
251527
251530
775819
251533
251536
251540
251543
251547
775836
251552
251557
251560
251561
251564
251567
775856
251569
251573
251578
251583
251584
251587
251590
251592
251594
251595
251598
251600
251605
251607
251611
251613
251614
251616
251617
251619
251624
251625
513770
251628
251630
251632
251634
251639
251642
251647
251651
775939
251654
251659
775947
251665
251667
775955
251670
251671
251674
251676
251679
251680
251682
251684
251693
251696
251700
251705
251706
251708
251711
251715
251717
251720
251723
251727
251729
251732
251733
251735
251739
776027
251743
251747
251749
251750
251753
251756
251759
251763
251766
251768
251771
251772
251775
251777
251780
251783
251789
251791
251793
251796
251797
251799
251800
251802
251805
251808
251812
251814
251816
251820
251821
251826
251827
251829
251833
251836
251837
251840
251841
251844
251848
251849
251852
251854
251858
251862
251864
251865
251870
251871
251873
251881
251882
251885
251886
251891
251894
251895
251898
251902
251904
251905
251908
251914
251918
251919
251921
251924
251927
251933
251937
251938
251940
251943
514087
251944
251947
251948
251950
251951
251955
251956
251959
251966
251968
251974
251975
251977
251980
251984
251986
251991
251993
251994
251996
251997
252002
252003
252005
776294
252009
252013
252019
252020
252022
252025
252028
252037
252041
252044
252045
252048
252052
252055
252059
252060
252062
514209
252066
252069
252072
252075
252079
252082
252083
514227
252085
776373
252091
252092
776381
252094
252095
252098
252101
514245
252104
252105
252107
514252
252110
252116
252117
252120
252122
252126
252129
252130
252133
252134
252137
252140
252145
252147
252150
252152
252154
252159
252162
252165
514309
252166
252169
252174
252176
252179
252184
252186
252187
252189
514334
252192
252193
776482
252196
252200
252202
252206
252208
252209
252212
252213
252217
252219
252222
252223
252226
514373
252232
252234
252237
252238
252240
252243
252246
252249
252250
252252
252258
252261
252262
252268
252269
252271
252272
252275
252276
252278
252280
252281
252283
252284
252286
252287
252290
252291
514436
252298
514444
252302
252303
252305
252313
252316
252319
514465
252322
252325
252326
252329
252331
252334
252335
776623
252337
252338
252340
252342
776631
252344
252345
252348
252349
252350
252354
252357
252360
252361
252367
252371
252376
252379
252380
252382
252383
252387
252390
252393
514542
252399
252401
252403
252405
252408
252409
252411
252412
252416
252418
252421
252425
252428
252433
252435
252436
252438
252442
252443
252445
252447
252449
252451
252456
252459
252460
252463
252464
252466
252469
252470
252473
252477
252480
252481
252486
252489
252495
252496
252499
252503
252505
252508
252510
252514
252518
252523
252525
252528
252529
252532
252536
776827
252542
252545
252549
252551
252554
252555
252557
252560
252561
252564
252567
252568
252570
252574
252577
252578
252581
252583
252586
252591
252592
252595
252597
252601
252605
252608
252611
252614
252621
252624
252628
776917
252630
252631
514775
252636
776925
252639
252642
776933
252646
252648
514793
252658
252662
252663
252667
252668
252670
252675
252676
252679
252683
252685
514833
252691
252696
776985
252698
252702
252705
252706
252709
252711
252712
252714
514861
252719
252722
252727
252730
252732
252734
252737
252738
252740
252746
252748
252749
252753
252754
252759
252762
252766
252769
252771
252773
252774
252780
252781
252784
252788
252790
252794
252795
252797
514941
252800
252802
252803
252806
252809
252810
252814
252817
252820
252821
514967
252825
252828
252829
252831
514975
252832
252833
252835
252839
252841
252846
514994
252852
252853
252856
515001
252858
252859
252861
252864
252867
515014
252871
252874
252877
252881
252883
252885
252887
252890
252894
252895
252898
252899
252902
252905
252907
252910
515055
252912
252916
252919
252921
252924
252928
515073
252931
252938
252939
252942
252943
252948
252951
777241
252954
252955
252959
252962
252965
252969
252970
515114
252981
252985
252988
252991
515137
252995
252998
253001
253005
253006
253012
253013
253016
253019
253022
253023
777311
253027
253030
777319
253033
253034
253036
253039
253040
515185
253042
253045
777334
253048
253049
253052
253053
253056
253058
515203
253060
253061
253064
253068
253071
253075
253077
253080
253082
253084
253090
253092
253093
253097
253099
253105
515251
253108
253112
253115
253116
253119
253124
253130
253134
253135
253137
253140
515287
253144
253146
253151
253153
253158
253160
253161
253163
515308
253166
253168
253170
253172
253173
253176
253179
253181
253182
253184
515328
253186
253189
253192
253193
253196
253199
253201
253203
253204
253207
253208
253212
253221
253223
253226
253227
253229
253233
253234
253235
253240
253245
253246
253249
253251
253253
253256
515401
253258
253260
253267
253268
253274
253277
253278
253279
253282
253285
253287
253289
253290
253292
253296
253297
253299
253302
253304
253307
253308
253310
253314
253317
253319
253321
253325
253328
253330
253332
253334
253335
253337
253343
253349
253350
253356
253357
253359
253363
253365
253367
253368
253371
253372
253377
253378
253381
253385
253386
253388
253392
253395
253401
253402
253405
253408
253409
253413
253417
253420
777708
253425
253427
253428
253431
253433
253436
253439
253442
253446
253450
253451
253456
777746
253461
253464
777754
253467
253468
253471
777762
253475
253477
253480
253481
253485
253487
253489
253491
253494
253496
253499
253504
253505
777794
253512
253514
777802
253519
253521
253522
777810
253528
253530
253533
253536
253538
253541
253545
253547
253548
253550
253554
253555
253558
253561
777849
253562
253564
253568
253571
253575
253577
253578
253581
253584
253591
253593
777882
253596
253598
253602
777890
253605
253608
253609
253611
253612
253614
253616
253619
253620
253623
253624
253627
253629
253632
253635
253636
515782
253639
253641
253645
253647
253649
253651
253661
253664
253667
253668
253671
253673
253675
253677
253679
253682
253683
253686
253687
253689
253692
253693
253696
253701
253702
253704
253707
253709
253711
253712
253718
253720
253723
253724
253727
253730
253731
253733
253737
253741
253743
253744
253746
253752
253754
253758
253760
253762
253763
515907
253766
253767
253769
253770
778059
253773
253774
253776
253777
253779
253780
253782
253785
253789
253792
253795
778083
253796
253799
253802
253805
253807
253811
253814
253817
253820
253824
253830
253832
253834
253836
515980
253841
253842
253845
253848
253850
515994
253853
253855
253861
253863
253866
253871
253873
253874
253877
253878
253882
516026
253884
253887
253889
253891
253894
253896
253899
253900
253903
778195
253908
253911
253912
253915
253918
253920
253922
253923
253926
253929
253933
253936
253937
253940
253943
253944
253947
253951
253953
253954
253957
253960
253962
253963
516107
253965
253968
253973
253982
253985
253986
253989
253998
254000
254003
254009
254012
254019
254020
254021
516165
254023
254024
254031
254032
254034
254037
254040
254043
254046
254055
254063
254065
254068
516213
254071
254073
254076
254079
254081
254085
254089
254091
254094
254098
516244
254101
254102
254104
254105
516252
254110
254113
254116
254118
254120
254123
254125
516269
254127
254129
254132
516279
254136
254141
254144
516289
254147
254150
254151
254155
516299
254159
254164
254168
254171
254174
254177
254178
254180
254181
254184
254187
254189
254196
254198
254204
254210
254212
254213
254220
254223
254226
254229
254232
254235
254236
254238
254241
254243
254245
254248
254255
254260
254261
254264
254265
254266
254268
254269
778557
254274
254276
254279
254282
254283
254286
254289
254292
254298
254299
254301
254307
254308
254310
254313
254317
254323
254326
778616
254330
254334
254336
254339
254340
254344
254345
254346
254348
778640
254354
254357
254359
778648
254362
254364
254367
254371
254377
254378
778668
254382
254383
254387
254389
254393
778685
254398
254400
254402
254404
516549
254408
254411
254415
254416
254421
254424
254427
254430
254436
254440
254442
254443
254446
254449
254452
254453
254455
254458
254461
254468
254472
254474
254475
254477
254479
254485
254487
254489
254492
254493
254495
254496
254499
254500
254502
254504
254506
516650
254509
254515
254516
254518
254522
254523
254530
254532
254535
254536
254538
254542
254545
254548
254550
254557
254558
254562
254563
254567
254569
254570
516714
254573
254576
254585
516731
778876
254590
254593
254596
778884
254599
254601
778892
254606
254607
254609
254613
254614
254617
254619
254620
254622
254623
254627
254628
254633
254637
254639
254640
254646
254652
254657
254659
254660
254662
254665
778954
254667
254670
254672
254673
254675
254677
254680
254681
254684
254685
254688
778977
254691
254693
254696
254699
254700
254705
254709
254712
254715
254718
254719
254722
254723
254726
254729
254730
254734
254737
254741
254743
254746
254750
254752
254753
254756
254760
254765
254766
254769
254772
254775
254778
254783
254787
254789
254793
254797
254798
254801
254804
254805
254811
254814
254817
254819
254820
254823
254827
254829
254832
254833
254836
254838
254841
254844
254845
254848
254854
254855
254859
779148
254861
254865
254867
254873
254876
254881
254888
254890
254892
254894
254897
254898
254900
254902
254903
254906
254909
254912
254914
254916
517061
254919
254920
254923
254924
254927
254929
254932
779220
254935
254938
254939
254941
254944
254951
254953
254954
254959
254962
254967
254970
254971
254976
254978
254979
254981
254984
254987
254988
254991
254994
254995
254998
255001
255004
255007
255011
255012
255014
255015
255018
255024
255025
255027
255030
255033
255034
255036
255037
255040
255043
255046
255047
255049
255050
255055
255061
255065
255066
255069
255071
255072
255074
255075
779368
255084
255091
255092
255095
255099
255106
255109
255113
255116
255119
255120
255123
255124
255126
255130
255136
255137
779425
255140
255142
255146
255148
255152
255157
779450
255163
255164
255166
255169
255170
255172
255174
255177
255179
255182
255184
255186
779474
255190
779482
255198
255199
255201
255203
255205
255208
255209
255211
255217
255218
255222
255223
255225
779513
255226
255229
517373
255231
255236
517383
255243
255244
255246
255247
255249
517393
255255
255256
255259
255260
255262
517406
255263
255265
255268
255269
255272
255274
255275
255278
255279
517423
255281
255284
255285
255287
255289
255291
255295
255298
255300
255302
255305
255306
255311
255313
255316
255320
255324
255327
255334
255335
255338
255343
255345
255347
255349
255355
255359
255363
255365
255366
255368
255372
255373
255376
255379
255381
255382
255384
255385
255387
255388
255389
255391
779679
255394
255396
255398
255402
255403
255406
255408
255410
255411
255421
255428
255429
255433
255436
255439
255440
255441
255443
255444
255447
255453
255455
255458
255462
255463
779753
255468
255474
255478
255479
255485
255488
779778
255492
255494
255498
255499
255503
255506
255507
255510
255513
255515
255518
255519
255525
255526
255528
255530
255532
255534
255538
255539
255545
255547
255549
517693
255551
255553
255554
255556
255566
255570
255572
255573
255575
255576
255579
255582
255585
255587
255589
255593
255595
255597
255600
255602
255603
255605
255612
255616
255619
255627
255628
255631
255634
255636
255637
255639
255641
255644
255651
255653
255657
255660
255662
255666
255667
255669
255672
255676
255678
255683
255685
255689
255691
255692
255695
255698
255699
255702
255704
255705
255711
255712
255719
255722
255723
517871
255728
255734
255736
255738
255739
255741
255742
517888
255748
255751
255752
255755
255757
255761
255764
255767
255768
255774
255777
255780
255784
255790
255794
255796
255799
255805
255807
255808
255812
255814
255817
255824
255828
255831
255833
255837
255842
255843
255846
780134
255849
255852
255854
517998
255857
255862
255864
255869
255871
255875
255877
255879
255880
255882
255887
255890
255892
255893
255898
255901
255906
255909
255911
255914
780205
255918
255920
255922
780213
255928
255933
780221
255935
255940
255943
518087
255944
255947
255950
255952
255955
255957
255960
255963
255964
255967
255972
255975
255978
255981
255984
255988
255989
255991
255996
255997
255999
256001
256008
256009
256012
256014
256015
518160
256017
256020
256022
256028
256029
256036
256039
256042
256043
256045
256046
256051
256053
256057
256061
256062
256064
256071
256073
256076
256078
256080
256081
256084
256088
256091
256096
256097
256099
256102
256105
256106
256108
256114
256116
780404
256118
256120
256123
256130
256132
256134
256136
256138
256141
256144
256149
256153
256154
256159
256163
256166
256167
256169
256170
256173
256174
256177
256178
780468
256181
256183
256188
256194
780487
256200
256201
256204
256206
256211
256213
256216
256219
256221
256222
256225
256228
256229
256234
256237
256238
256243
256246
256248
256253
256261
256263
256269
256272
256275
256276
256278
256281
256285
256287
256289
256291
256292
518437
256298
256300
256308
256309
256314
256316
256318
256322
256326
256327
256330
256334
256337
256338
256341
256342
256345
256346
256348
518495
256353
256356
518503
256363
256367
256368
256371
256374
256375
518520
256377
256379
256380
256385
256386
256389
256393
256394
256397
256398
256400
256407
256408
256412
256415
256417
256418
256421
256422
256426
256429
256432
256433
256434
256437
256439
518583
256442
256443
256449
256454
256455
256457
256460
518604
256461
256463
256466
256468
256470
256473
256477
256480
256481
256484
256486
256487
256489
256493
256496
256498
256502
256504
780792
256512
256513
256519
256521
256527
256528
256530
256531
256534
256541
256545
256548
256549
256551
256555
256559
256561
780850
256565
256566
256570
256574
256577
256581
256582
256584
780874
256591
256594
256595
256597
256599
256603
780892
256610
256614
256617
256618
256622
256623
256625
256629
256631
256634
256642
256644
256651
256653
256656
256657
256660
256661
256665
256666
256672
256673
256674
256677
256680
256681
256683
256684
256691
256692
256694
256697
256699
256701
256704
256707
256710
256714
256717
256718
256720
256721
256725
256727
256728
256730
256734
256737
256738
256740
256741
256743
256744
256749
256750
256754
256759
256761
256762
256766
781055
256773
256775
256777
256780
256783
256787
256790
256795
256796
256799
256804
256806
256807
256814
256817
781110
256824
256826
256827
256829
256830
256833
256834
256838
256840
256843
256845
256847
256852
518996
256853
256855
256858
256863
256864
256866
256867
256870
256874
256877
256879
256880
256883
256887
256891
256893
256899
256902
519046
256905
256906
256911
256915
256918
781207
256922
256923
256925
256928
256932
519078
256938
256941
256944
256945
256947
256952
256954
256961
256962
256965
256968
256970
256973
256976
256979
256982
256985
256986
256988
256989
256992
256994
256997
256998
257000
257003
257005
257007
257008
257010
257013
257014
257020
257024
257025
257027
257031
519178
257035
257039
257043
257045
257050
257052
257053
257055
257058
257061
257064
257065
257067
257069
781358
257072
257074
257077
781365
257079
257082
257084
781372
257085
257088
257090
257091
257094
257096
257100
257102
519247
257105
257106
257111
257112
257115
257118
257124
257126
257135
257137
257140
257143
257146
257150
257152
257154
257157
257160
257167
257169
257172
257173
257176
257180
257183
257188
257190
257192
257194
257199
257202
257210
257213
257217
257224
257225
257227
257228
257232
257235
257238
257241
257243
257244
781534
257247
257249
257250
257252
257257
257258
257263
257264
257267
257271
257274
257277
257280
257283
257285
257288
257292
257294
257295
257297
257299
257307
257308
519452
257310
257313
257321
257326
257327
257330
519475
257333
257336
781627
257340
257342
257344
257346
257349
257350
257352
257355
257360
257366
257368
257369
257372
257376
519522
257379
257384
257385
257388
519535
257393
257394
257396
257400
257403
257404
257408
257409
257411
257413
257415
257418
257423
257425
257429
257430
257433
257436
257441
257444
257447
257451
257453
257456
257460
257463
257466
257467
257470
257474
781762
257475
257477
257480
257483
257485
519630
257489
781780
257494
257498
257504
257507
519651
257512
257518
257521
257524
257527
257528
257530
257533
257535
257537
257540
257541
257544
257551
257553
257555
257556
257558
257561
257565
257570
257571
257575
257579
257583
257584
257592
257595
257598
257599
257600
257602
257606
257607
257609
257614
257615
257617
257618
257625
257629
257633
257635
257638
257641
257644
257646
257651
257653
257656
257658
257662
257665
257666
257669
257671
257675
257678
257682
257684
257687
257688
257690
257696
257698
257701
257705
257712
257713
257716
257717
257720
257724
257726
257732
257738
257748
257749
257753
257756
257767
257770
257771
257782
257784
782075
257788
257791
257798
257803
257804
257808
257812
257814
257818
257820
257823
782116
257829
257831
257832
257834
257839
257843
257847
257849
257851
257853
257854
520000
257858
257862
782157
257870
257872
257874
257875
257880
257883
257885
257887
782175
257890
257891
257896
257898
257901
257905
257906
257908
257910
257915
257917
257919
257922
257923
257925
520070
257928
257930
257934
782224
257939
257944
257947
257953
257955
257957
257963
257966
257969
257974
257975
782265
257978
257981
257982
257984
257988
257990
257991
257993
257995
257998
258001
782291
258005
258007
258012
258013
258018
258022
258026
258029
258034
258036
258037
258039
258040
258043
258044
258046
258049
782340
258055
520199
258058
258061
258067
258070
258071
258074
258075
258077
258080
258081
258086
258090
258092
258093
258097
782386
258099
258103
258108
258111
258118
258120
258122
258124
258126
258128
782419
258132
258135
782431
258144
258145
258149
258152
258154
258158
258161
258164
258165
258167
258172
258173
258175
258176
258183
258186
258189
258193
258194
258200
258201
258203
258205
258209
258211
258214
258216
258217
258222
258227
258231
258234
258235
258237
258241
258243
258250
258251
258253
258257
258259
782548
258263
258264
258266
258268
258269
258272
258275
258276
258281
258285
520430
258288
258289
258292
258295
258297
258300
258301
258304
258307
520452
258310
258311
782599
258316
258323
258324
258327
258330
258333
258334
258338
258340
258342
258345
258346
520494
258351
258353
258356
520502
258359
258363
258366
258373
258377
258380
258382
258383
258396
258397
782686
258402
258403
258409
258413
258414
258416
258417
258418
258421
258424
258425
258427
258430
258436
258440
520588
258446
782735
258452
258453
258455
258456
258462
258464
258465
258469
782758
258473
258476
258478
258484
782774
258487
520631
258489
258491
258492
258494
258499
258502
258504
258505
258508
258514
258521
258525
258539
258540
258542
258545
258546
258548
258549
258555
258557
258560
258562
258564
258566
258568
258569
258571
258577
258583
258589
258593
258595
258596
258599
258603
258605
258607
258610
258612
258614
258620
258622
258624
258626
258627
258629
258630
258632
258633
258636
258644
258647
258649
258651
258652
258655
258656
258660
258662
258666
258670
258673
258675
782964
258677
258682
258687
258688
258690
258693
258695
258698
258702
258704
258707
258713
258715
783003
258716
258719
258722
258724
258727
258732
258734
258735
258739
258742
258743
783031
258745
258747
258749
258756
258760
258763
258764
258768
258770
258772
258775
258781
258782
258785
258788
258791
258792
258794
258796
258798
258802
258806
258811
258813
258816
258817
258819
520963
258821
258822
258825
258827
258828
258833
258834
258836
258839
258843
258844
258848
258849
520996
258853
258856
258864
258865
258867
258872
258873
258878
258881
258882
258884
258888
783176
258891
258892
258895
258896
258901
258905
258907
258909
258914
258917
258921
258923
258925
521071
258928
258932
258935
258936
258938
258941
258944
258948
258951
258954
783243
258958
258959
258963
258965
258974
258976
258977
258979
258981
258982
258983
258985
258991
258993
258994
258996
521143
259000
259001
783295
259008
259013
259016
259017
259019
259022
259023
259026
259028
259030
259037
259039
259041
259046
259052
259058
783347
259065
259067
259074
259077
259078
259080
259082
259084
259085
259087
259091
259098
259101
259102
783394
259109
259112
259114
259116
259119
259122
259124
259126
259130
259134
259137
259139
259142
259143
259145
259150
259153
259156
259159
259161
259164
259166
259167
783455
259169
259172
259174
259175
259182
259185
521329
259188
259193
521337
259195
259198
259200
259203
259205
259207
259208
783500
259213
259216
259217
783507
259220
521365
259224
259226
259230
259233
259236
259238
259245
259247
259252
259254
259261
259269
259272
259278
259281
259283
259284
259286
259289
259290
259291
259293
259295
259297
783585
259303
259305
259311
259312
259314
259319
259324
259325
259327
259332
259333
259336
259337
259339
259340
259342
259345
521490
259347
259350
259353
259354
259359
259361
259366
259370
259373
259376
259378
259383
521529
259390
259392
259396
259399
259400
259404
259406
259408
521553
259410
259412
259414
259416
259419
259423
259426
259429
259431
259432
259440
259443
259448
259449
259451
259454
259456
259457
259459
259466
259468
259470
259473
259478
259481
259482
259484
259488
259490
259492
259497
259500
259501
259506
259507
259509
259516
259517
259522
259523
783813
259529
259532
259536
259537
259539
259540
259543
259545
259548
259550
259554
259558
259561
783852
259565
259568
259570
259571
259573
259579
259581
783869
259583
259585
259587
259590
259595
259597
259599
259600
259605
259607
259612
259623
259628
259632
259637
259640
259643
259648
259650
521794
259652
259654
259658
259663
259666
259669
259670
259675
259677
783965
259678
259685
259686
259689
259695
259699
259704
259707
521851
783996
259714
259717
259719
259723
784011
259726
259730
784019
259732
259736
259738
259740
259742
259745
259747
259750
259753
259755
521901
259758
259761
259764
259765
259768
784056
259774
259775
259777
259778
259781
259783
259786
259791
259794
259795
259796
259798
259801
259804
259805
259809
259812
259815
259819
259823
259826
259827
259832
259836
259838
259842
259845
259849
259851
259858
522003
259863
259867
259871
259874
259878
259881
259883
259884
259886
259891
259892
259894
259895
259898
259900
259902
259905
259907
259912
259915
259916
259919
259920
259923
259924
259926
259929
259930
259933
259936
259937
259939
259942
259945
259952
259954
259958
259960
259962
259963
259965
259971
259973
259977
259978
259981
259983
259985
259990
259994
522138
259995
259997
260002
784291
260005
260007
260009
260010
260012
260013
260015
260016
260018
260019
260022
260024
260028
260033
260035
784323
260038
260044
260045
260048
260050
260051
260054
522200
784345
260060
260063
260064
260066
260070
260072
522216
260074
260078
260079
784369
260088
260092
260093
260098
260104
260108
260111
784399
260114
260117
260119
260122
522266
260128
260132
260134
260140
260143
260151
260154
784442
260157
260158
260171
260175
260178
260179
260182
260185
260192
260194
522339
260196
260198
260203
260205
260206
260210
260212
260214
260218
260221
260225
260227
260230
260232
784523
260236
260239
260240
260242
260245
784533
260252
260253
522397
260255
260257
260258
260260
260261
260264
260268
260270
260272
260276
522420
260279
260281
260284
260286
260289
260293
260295
784587
260301
260304
260307
260308
260310
260313
260314
784603
260316
260318
260319
260321
260323
260327
260330
260332
260335
260336
260339
260341
260342
784632
260349
260352
260355
260359
260360
260362
784650
260363
260367
260368
260371
260376
260380
260382
260385
260388
260389
260392
260395
260396
260398
260399
260403
784694
260410
260411
260414
260416
260419
260421
260426
260427
260429
260433
260438
260441
260443
784733
260447
260449
784741
260456
260461
260465
260470
260472
260474
260475
260477
260482
260483
260490
260493
260496
260498
260501
260503
260509
260513
260516
260517
260519
260524
260527
522673
260535
260536
260538
260539
260542
784832
260545
260549
260550
260554
260555
260564
522711
260569
784857
260570
260573
784865
260579
260583
260586
260587
522733
260593
260596
260600
260603
260604
784894
260609
260611
260613
260616
260617
260620
260622
260628
260629
260631
260632
260634
260640
260644
260647
260651
260652
784940
260655
260657
260659
260664
522808
260665
260668
784956
260669
260672
260676
260678
260684
260688
260691
260693
260696
260701
260703
260706
260707
784995
260711
260716
522861
785005
260720
260722
260724
260728
260733
260734
260736
260742
260748
260750
260752
260755
260759
260765
260768
260771
260772
260775
260776
260780
260782
260784
260785
260793
260795
260801
260807
260808
260812
260817
260820
260824
260827
260829
260831
260833
260836
260837
260839
260843
260844
260847
260851
260853
260856
260857
260860
260861
260868
260871
260873
260875
260877
260879
260881
260889
260892
260893
523037
785182
260895
260897
260898
260900
523045
785192
523053
260910
260913
260915
260917
523061
260919
260924
260927
260928
260930
260933
785228
260942
260945
260947
260948
260954
260964
260967
260970
260972
785263
260976
260977
260979
260984
260985
260989
260992
260995
260998
261000
261004
261007
261008
261011
785301
261014
261018
261022
261027
261028
523173
261030
261034
261037
523181
261039
261040
261044
261047
261049
261050
261053
261054
261057
261059
261061
261066
261068
261070
261071
785360
261073
261075
261076
261082
261085
261087
523234
261092
261095
261100
261102
261104
261105
523249
261107
261108
261112
785401
261117
261118
261120
261121
785409
261124
261127
261131
261133
261137
785425
261139
261143
261144
261146
261149
261152
261155
261157
261158
261160
261164
261167
261168
261171
261175
261176
261180
261181
261183
261185
785473
261187
261190
261192
261196
261198
261205
261207
261211
261217
261218
261221
261224
261225
261227
261230
261231
261233
261238
261242
261243
261245
261246
261249
261251
261252
261254
261257
261260
261264
261269
261271
261273
261274
261276
261277
261282
261285
261289
261291
261293
261295
261299
261301
261304
261306
785596
261309
261312
261315
261316
261318
261319
261321
523465
785611
261324
261326
261332
261337
261340
785629
261348
261353
785641
261356
261360
261366
261374
261377
261378
261380
261381
261383
261384
261386
261389
261392
261393
261398
523544
261401
261411
261412
261415
261419
261420
261427
261429
261431
261434
261435
261438
261441
261443
261446
261448
261451
261454
261456
261458
261461
261464
261465
261468
261472
261474
523620
261478
261481
261483
261484
261488
261489
261493
261495
261497
261499
261504
261506
261515
261517
261521
261524
261528
261531
261533
261535
261537
261542
261545
261548
261551
261553
261556
261559
261560
261562
785852
261571
261575
261577
261579
785871
261586
523734
261593
261596
261599
261601
261605
261608
261610
261613
261615
261617
261619
261624
261625
261627
261630
261633
261635
261638
261642
261645
261648
261649
261655
261659
261663
261666
523812
261669
261670
261675
261676
523820
261680
261683
261684
261686
261688
261690
261697
261698
261700
785990
261704
261706
261710
261713
261715
786004
261718
261719
261721
261722
261724
261728
261733
261738
261740
261745
261747
786038
261751
261756
523902
261764
261767
261770
261774
261778
261782
261785
261786
261788
261791
261795
261797
261800
261802
261805
261806
261812
261813
261818
261820
261826
261827
261829
261833
261836
261838
261840
523985
261842
261846
261851
261853
261855
524000
261857
261858
261864
261868
261871
261880
261881
261884
261886
261892
261894
261898
261900
261906
261909
261912
261914
261917
261920
261923
261925
261927
261929
261930
261933
261946
261947
261949
786239
261954
261961
261962
261966
261969
261974
261976
261979
261981
261984
261986
261992
261997
262002
262004
262007
262010
262012
262019
262024
262026
262029
262031
262032
262034
262035
262037
262041
262042
262045
262048
262049
262052
262053
262057
524202
262060
524210
262068
262069
262071
262075
262076
262081
262084
262087
262092
262094
262096
262104
262105
262107
524252
262113
262117
262118
262121
262124
262125
262128
262129
262132
262136
262137
262139
)


// ************************************************************************* //
